{"authorDailyContributionsMap":{"kararei":[{"date":"2025-03-05T00:00:00","commitResults":[{"hash":"41ae4c7473fd527637169642a866e6ef18f0ce9c","isMergeCommit":true,"messageTitle":"Merge pull request #1 from AY2425S2-CS2103-F09-1/switch-docs-to-markbind","messageBody":"Merge \u0027Switch docs to markbind\u0027 to master","fileTypesAndContributionMap":{}},{"hash":"cbbf7d1f41caf95501c9f32cf79f8b9796c6c9ab","isMergeCommit":false,"messageTitle":"Update config for MarkBind site","messageBody":"","fileTypesAndContributionMap":{"docs":{"insertions":1,"deletions":1}}}]},{"date":"2025-03-06T00:00:00","commitResults":[{"hash":"3a5799f7d7c576216596d409368a543b56eb6057","isMergeCommit":false,"messageTitle":"Edit AboutUs.md and kararei.md","messageBody":"","fileTypesAndContributionMap":{"docs":{"insertions":49,"deletions":45}}},{"hash":"5b2d26f1276894098d84e459f47b4377c2029e13","isMergeCommit":false,"messageTitle":"Remove johndoe.md","messageBody":"","fileTypesAndContributionMap":{"docs":{"insertions":0,"deletions":46}}},{"hash":"4a0a00a82eca2e289c5b555253b04fbe5a2c4add","isMergeCommit":true,"messageTitle":"Merge branch \u0027AY2425S2-CS2103-F09-1:master\u0027 into info-kara","messageBody":"","fileTypesAndContributionMap":{}},{"hash":"28c2491e0ed09ce18a0523f5e6f370c7f9b7fdfc","isMergeCommit":true,"messageTitle":"Merge pull request #8 from kararei/info-kara","messageBody":"Edit kararei AboutUs.md","fileTypesAndContributionMap":{}}]},{"date":"2025-03-13T00:00:00","commitResults":[{"hash":"e8d5eedefc236589fa5b5d6a92a9d0f75e7f0a61","isMergeCommit":false,"messageTitle":"Update remaining readme content page","messageBody":"","fileTypesAndContributionMap":{"docs":{"insertions":110,"deletions":4}}},{"hash":"a98018bb04a562e88925ea58fd10562c2cb42334","isMergeCommit":false,"messageTitle":"Add NFRs to Developer Guide","messageBody":"","fileTypesAndContributionMap":{"docs":{"insertions":10,"deletions":3}}},{"hash":"972a7c31e910e59cffaec9bb67d79854fa5a3c18","isMergeCommit":true,"messageTitle":"Merge pull request #46 from kararei/user-guide","messageBody":"Update remaining README content page","fileTypesAndContributionMap":{}},{"hash":"8701540f38967a2f581c87e6adb0c7631cada4bc","isMergeCommit":true,"messageTitle":"Merge pull request #47 from kararei/developer-guide","messageBody":"Update NFRs to DG","fileTypesAndContributionMap":{}},{"hash":"5aafe1605156e136d37a5ca8af59ca3eecb66afd","isMergeCommit":true,"messageTitle":"Merge pull request #42 from zyonwee/Add-Glossary","messageBody":"DeveloperGuide.md : Add Glossary Section","fileTypesAndContributionMap":{}},{"hash":"dbcbda33cf6c0ff74a188172e8bca86097e6a4d4","isMergeCommit":true,"messageTitle":"Merge pull request #45 from dexterleng/target-user","messageBody":"DeveloperGuide.md: Add target user and value proposition","fileTypesAndContributionMap":{}},{"hash":"27e4de4793ae5d331b9b299b1ebac74ea0ad43b3","isMergeCommit":true,"messageTitle":"Merge branch \u0027master\u0027 into Add-UseCase","messageBody":"","fileTypesAndContributionMap":{}},{"hash":"59e8052f36c3b47957d7955b44e05069a6a627cd","isMergeCommit":true,"messageTitle":"Merge pull request #44 from zyonwee/Add-UseCase","messageBody":"DeveloperGuide.md: Add Use Case","fileTypesAndContributionMap":{}}]},{"date":"2025-03-15T00:00:00","commitResults":[{"hash":"be5a18cbb1d4b9f3d0a5e2b6c829214d941681d5","isMergeCommit":false,"messageTitle":"Update Adwin\u0027s image link in AboutUs.md","messageBody":"","fileTypesAndContributionMap":{"docs":{"insertions":1,"deletions":1}}},{"hash":"70ce676bb2719b99c62b7c5a9642c276468f52df","isMergeCommit":true,"messageTitle":"Merge pull request #48 from kararei/info-kara","messageBody":"Update Adwin\u0027s image link in AboutUs.md","fileTypesAndContributionMap":{}}]},{"date":"2025-03-19T00:00:00","commitResults":[{"hash":"7300f1e95b873a1fd7d71335076271bfb455dffd","isMergeCommit":false,"messageTitle":"Refactor add to addContact","messageBody":"","fileTypesAndContributionMap":{"functional-code":{"insertions":170,"deletions":181},"other":{"insertions":198,"deletions":206},"docs":{"insertions":29,"deletions":29},"test-code":{"insertions":151,"deletions":161}}},{"hash":"75f9ee3b166d9d064dd4c3c35f7cebd45db4f05c","isMergeCommit":false,"messageTitle":"Update command word","messageBody":"","fileTypesAndContributionMap":{"functional-code":{"insertions":1,"deletions":1}}},{"hash":"4a106224b0d7d7ac5efafb61632b9bd163149185","isMergeCommit":false,"messageTitle":"Edit checkstyle","messageBody":"","fileTypesAndContributionMap":{"functional-code":{"insertions":24,"deletions":6}}},{"hash":"71ce5d533b029a73fbf2afd1dbda6c29cc3528c8","isMergeCommit":false,"messageTitle":"Edit more checkstyle","messageBody":"","fileTypesAndContributionMap":{"functional-code":{"insertions":9,"deletions":9}}},{"hash":"fd2219dee254925d8cdd3b5be04f533968d75352","isMergeCommit":false,"messageTitle":"Update hasContact method","messageBody":"","fileTypesAndContributionMap":{"test-code":{"insertions":3,"deletions":3}}},{"hash":"bd15f049711e5b55d3ed1c315f9ea1cf27370908","isMergeCommit":false,"messageTitle":"Edit even more checkstyle","messageBody":"","fileTypesAndContributionMap":{"test-code":{"insertions":22,"deletions":6}}},{"hash":"5658c324abe8b7b5ffe3ad61395fae6d3a84fd6f","isMergeCommit":false,"messageTitle":"Change import lexicographical order","messageBody":"","fileTypesAndContributionMap":{"test-code":{"insertions":1,"deletions":1}}},{"hash":"ed22afa61228d980e9a50b93dda2c93c567d3992","isMergeCommit":false,"messageTitle":"Update toStringMethod","messageBody":"","fileTypesAndContributionMap":{"functional-code":{"insertions":1,"deletions":1}}},{"hash":"84eec26922c45779e48b1ee5426189868b22d8d2","isMergeCommit":false,"messageTitle":"Edit help to command list output","messageBody":"","fileTypesAndContributionMap":{"functional-code":{"insertions":10,"deletions":1}}},{"hash":"82e7575087418b33bac6739ea49ada1a987b2921","isMergeCommit":true,"messageTitle":"Merge pull request #73 from kararei/add-contacts","messageBody":"Refactor add to addContact","fileTypesAndContributionMap":{}},{"hash":"1f3bb130dbf6d65f067350bf309faad1d594a320","isMergeCommit":true,"messageTitle":"Merge pull request #74 from kararei/command-list","messageBody":"Update \"help\" command","fileTypesAndContributionMap":{}}]},{"date":"2025-03-20T00:00:00","commitResults":[{"hash":"b47a81732e6f268038ada51b71b8dad0196eb6ff","isMergeCommit":false,"messageTitle":"Create listTrip command","messageBody":"","fileTypesAndContributionMap":{"functional-code":{"insertions":37,"deletions":0}}},{"hash":"386997457d9a2db6551779c306ccb7003539e86a","isMergeCommit":false,"messageTitle":"Edit Message Success literal","messageBody":"","fileTypesAndContributionMap":{"functional-code":{"insertions":1,"deletions":3}}},{"hash":"918fa9a9cf12cacf5576846367eaa1954dc37bb0","isMergeCommit":false,"messageTitle":"Remove unused imports","messageBody":"","fileTypesAndContributionMap":{"functional-code":{"insertions":0,"deletions":2}}},{"hash":"e4094ada12dd030cf1e162f3a874cab8ea5a23e6","isMergeCommit":false,"messageTitle":"Create integration test for listTrip","messageBody":"","fileTypesAndContributionMap":{"test-code":{"insertions":56,"deletions":0}}},{"hash":"77527c54e59b679c204a038ddd4cd39e20ad7ed2","isMergeCommit":false,"messageTitle":"List trips in Display Box","messageBody":"","fileTypesAndContributionMap":{"functional-code":{"insertions":27,"deletions":2},"test-code":{"insertions":36,"deletions":2}}},{"hash":"0f4f7629f326c35ea9aa68d3a75d9369bec4a687","isMergeCommit":false,"messageTitle":"Fix checkstyle","messageBody":"","fileTypesAndContributionMap":{"functional-code":{"insertions":11,"deletions":5},"test-code":{"insertions":7,"deletions":9}}},{"hash":"c1fbada8089f702a363eed2ccce12b32fd41176a","isMergeCommit":true,"messageTitle":"Merge pull request #84 from kararei/command-list","messageBody":"Add List Command","tags":["v1.3"],"fileTypesAndContributionMap":{}}]},{"date":"2025-03-27T00:00:00","commitResults":[{"hash":"4b2b09d403ed8e91dd244c8118027d52d383a9be","isMergeCommit":false,"messageTitle":"Add filtering of Trips by Date","messageBody":"","fileTypesAndContributionMap":{"functional-code":{"insertions":85,"deletions":16}}},{"hash":"b4244cd8d1124c8c8072919ecc4b09bb29cbd43d","isMergeCommit":true,"messageTitle":"Merge branch \u0027master\u0027 into command-list","messageBody":"Merge master into command-list branch for testing\n.\n","fileTypesAndContributionMap":{}},{"hash":"be3455dc7e7217e84c1b00fd787a4edd5c4f6ada","isMergeCommit":false,"messageTitle":"Fix checkstyle","messageBody":"","fileTypesAndContributionMap":{"functional-code":{"insertions":5,"deletions":5}}},{"hash":"abfe2fcf622dd802a0738834fc393d5c1f4afbd2","isMergeCommit":false,"messageTitle":"Remove previous original testcase","messageBody":"","fileTypesAndContributionMap":{"test-code":{"insertions":6,"deletions":2}}},{"hash":"e80e7e737582df5aa02cea31358c8c4cf7eb426f","isMergeCommit":true,"messageTitle":"Merge branch \u0027master\u0027 into command-list","messageBody":"","fileTypesAndContributionMap":{}},{"hash":"fc3a1227ed461235d8b26895727798b631c3e719","isMergeCommit":true,"messageTitle":"Merge pull request #115 from kararei/command-list","messageBody":"Add show trips by date parameter","fileTypesAndContributionMap":{}},{"hash":"06144265c621d4789d8d0b985f20b62b200c71e4","isMergeCommit":false,"messageTitle":"Add ListTripSequenceDiagram","messageBody":"","fileTypesAndContributionMap":{"docs":{"insertions":77,"deletions":0}}},{"hash":"d5dccd9e8b7ddae75eac95a7a43c49b0d71c5a1f","isMergeCommit":false,"messageTitle":"Add EOF newline","messageBody":"","fileTypesAndContributionMap":{"docs":{"insertions":0,"deletions":1}}},{"hash":"9df0ea37204f54c30b7c95893211fb539e843b5c","isMergeCommit":false,"messageTitle":"Remove \u0027destroy\u0027 from uml","messageBody":"","fileTypesAndContributionMap":{"docs":{"insertions":0,"deletions":3}}},{"hash":"025900f9d762318e69baf9aede2d89e4c3259099","isMergeCommit":true,"messageTitle":"Merge pull request #117 from kararei/uml-list-trips","messageBody":"Add ListTripSequenceDiagram","tags":["v1.4"],"fileTypesAndContributionMap":{}}]},{"date":"2025-04-02T00:00:00","commitResults":[{"hash":"7c79e2c1a2a3c7812869ea18ee97170752d024b0","isMergeCommit":false,"messageTitle":"Add test coverage for ListTrip by Date","messageBody":"","fileTypesAndContributionMap":{"test-code":{"insertions":25,"deletions":30}}}]},{"date":"2025-04-03T00:00:00","commitResults":[{"hash":"1113f76152a1fa89edf6e5c1b2ff1170b9222860","isMergeCommit":false,"messageTitle":"Fix command import order","messageBody":"","fileTypesAndContributionMap":{"test-code":{"insertions":1,"deletions":1}}},{"hash":"a553fff1b4b2e969109b383cd796acc193f5de2a","isMergeCommit":false,"messageTitle":"Fix Formatting for message usage example","messageBody":"","fileTypesAndContributionMap":{"functional-code":{"insertions":2,"deletions":2}}},{"hash":"25ca342b2814883b3a48d6cff25755e3c3e4f95a","isMergeCommit":false,"messageTitle":"Fix checkstyle","messageBody":"","fileTypesAndContributionMap":{"test-code":{"insertions":1,"deletions":1}}},{"hash":"fef17cb9262c91b42a6d26fb5731af7e4ab0c80a","isMergeCommit":false,"messageTitle":"Fix indentation","messageBody":"","fileTypesAndContributionMap":{"functional-code":{"insertions":1,"deletions":1}}},{"hash":"df961f0ea3b858b7ab6955bb4a73cb5e364ed5ba","isMergeCommit":false,"messageTitle":"Change \u0027Help\u0027 to \u0027User Guide\u0027","messageBody":"","fileTypesAndContributionMap":{"functional-code":{"insertions":3,"deletions":3}}},{"hash":"99d1a076a4f8c669d8583437ef78b390a3f57656","isMergeCommit":false,"messageTitle":"Fix command spelling error","messageBody":"","fileTypesAndContributionMap":{"functional-code":{"insertions":1,"deletions":1}}},{"hash":"d05dfcb9ff31b7d6e419fb1c935b5c64dfe3938f","isMergeCommit":true,"messageTitle":"Merge pull request #181 from kararei/command-list","messageBody":"Add test coverage for ListTrip by Date","fileTypesAndContributionMap":{}},{"hash":"53780813adb08e0f9861e790d5055fba8041395e","isMergeCommit":true,"messageTitle":"Merge pull request #182 from kararei/listTrip-bugs","messageBody":"Fix listTrip errorMessage","fileTypesAndContributionMap":{}},{"hash":"219ca24b9cd812ad2a6a58feb84c93a805febb59","isMergeCommit":true,"messageTitle":"Merge pull request #183 from kararei/help-command-bugs","messageBody":"Fix help command indentation ","fileTypesAndContributionMap":{}},{"hash":"4e635f548003dacbd12f16ec18bc24e67b17e38a","isMergeCommit":true,"messageTitle":"Merge pull request #184 from kararei/help-command-ui","messageBody":"Fix User Guide UI","fileTypesAndContributionMap":{}},{"hash":"ff85b79f9490a61610325e1e8e3254bfeaabb841","isMergeCommit":false,"messageTitle":"Fix phone number contraints error message","messageBody":"","fileTypesAndContributionMap":{"functional-code":{"insertions":3,"deletions":1}}},{"hash":"897e81c94487ac1732323c142d1b1bada7977caf","isMergeCommit":false,"messageTitle":"Limit phone number length","messageBody":"","fileTypesAndContributionMap":{"functional-code":{"insertions":1,"deletions":1}}},{"hash":"68546d9f753282ea343300ab08fe060d83849033","isMergeCommit":false,"messageTitle":"Add additional phone test coverage","messageBody":"","fileTypesAndContributionMap":{"functional-code":{"insertions":1,"deletions":1},"test-code":{"insertions":2,"deletions":1}}},{"hash":"e95e1bc0e2a14872e5ab9d11f8d8cd37592bff85","isMergeCommit":false,"messageTitle":"Improve error message","messageBody":"","fileTypesAndContributionMap":{"functional-code":{"insertions":1,"deletions":1}}},{"hash":"0969c0c3f456e19668affa0690df9fa65ac6ec0a","isMergeCommit":false,"messageTitle":"Fix phone test case","messageBody":"","fileTypesAndContributionMap":{"test-code":{"insertions":1,"deletions":1}}},{"hash":"b8d2ae1cc4702c81f167380ecf642441b26a0b01","isMergeCommit":false,"messageTitle":"Fix duplicate detection to be case-insensitive","messageBody":"","fileTypesAndContributionMap":{"functional-code":{"insertions":3,"deletions":1}}},{"hash":"2401e0cbbbe8363b569984aa3b124722af999a98","isMergeCommit":false,"messageTitle":"Fix contact test cases","messageBody":"","fileTypesAndContributionMap":{"functional-code":{"insertions":4,"deletions":2},"test-code":{"insertions":1,"deletions":1}}},{"hash":"7616b3dc07dc00348093f1fcf7c07dff92daac90","isMergeCommit":true,"messageTitle":"Merge branch \u0027master\u0027 into email-validation-bug","messageBody":"","fileTypesAndContributionMap":{}},{"hash":"127b9c54b8fa6ae00036a7d9d536e92e28835e8d","isMergeCommit":true,"messageTitle":"Merge branch \u0027master\u0027 into phone-number-bug","messageBody":"","fileTypesAndContributionMap":{}},{"hash":"5be1b2bd76a51b1c16d03996609580ef67bca516","isMergeCommit":true,"messageTitle":"Merge pull request #192 from kararei/phone-number-bug","messageBody":"Fix phone number related bugs","fileTypesAndContributionMap":{}},{"hash":"6831c7fa6889b3715f6765c512a6a4a8596f80b5","isMergeCommit":true,"messageTitle":"Merge branch \u0027master\u0027 into email-validation-bug","messageBody":"","fileTypesAndContributionMap":{}},{"hash":"310c2bd00b0bf96b686b2347c784cb4da7773479","isMergeCommit":true,"messageTitle":"Merge pull request #194 from kararei/email-validation-bug","messageBody":"Email validation bug","fileTypesAndContributionMap":{}}]},{"date":"2025-04-06T00:00:00","commitResults":[{"hash":"a11c08871ad61c6c9684407223d6a5f5b2a6b840","isMergeCommit":false,"messageTitle":"Add \u0027date can be from the past\u0027 line in UG","messageBody":"","fileTypesAndContributionMap":{"docs":{"insertions":9,"deletions":8}}},{"hash":"00b628883275d91109bfca8bf0cf85fb77df0329","isMergeCommit":false,"messageTitle":"Update user stories","messageBody":"","fileTypesAndContributionMap":{"docs":{"insertions":18,"deletions":22}}},{"hash":"030bfc7311a5bdcd14dd43a98ed9a8228fc6aafb","isMergeCommit":false,"messageTitle":"Add update trip information user story","messageBody":"","fileTypesAndContributionMap":{"docs":{"insertions":1,"deletions":0}}}]},{"date":"2025-04-07T00:00:00","commitResults":[{"hash":"5a2c5b450fe5fac937c88bc3dd497310b59efc1a","isMergeCommit":false,"messageTitle":"Update NFR and date format in guides","messageBody":"","fileTypesAndContributionMap":{"docs":{"insertions":3,"deletions":3}}},{"hash":"be6c4e5414edc08be1c2a425481ebc10474f4c9d","isMergeCommit":true,"messageTitle":"Merge branch \u0027master\u0027 into ped-bug-fixes","messageBody":"","fileTypesAndContributionMap":{}},{"hash":"da9350380fa059349e7f7d4d54b1f0d0a78330b7","isMergeCommit":true,"messageTitle":"Merge pull request #291 from kararei/ped-bug-fixes","messageBody":"Update UG and DG ped bug fixes","fileTypesAndContributionMap":{}},{"hash":"d58e3bfeb8f574e4aa4d5174664164d542ba4973","isMergeCommit":false,"messageTitle":"Fix indexing for negative numbers","messageBody":"","fileTypesAndContributionMap":{"functional-code":{"insertions":42,"deletions":2}}},{"hash":"a713b772d4f9a7daec8082993b50e49bc3b53bd9","isMergeCommit":false,"messageTitle":"Split Trip and Contact error message","messageBody":"","fileTypesAndContributionMap":{"functional-code":{"insertions":33,"deletions":14}}},{"hash":"17c980cbdd1e18ef16334e37de6c0746e005418b","isMergeCommit":false,"messageTitle":"Update test cases","messageBody":"","fileTypesAndContributionMap":{"functional-code":{"insertions":13,"deletions":17},"test-code":{"insertions":24,"deletions":18}}},{"hash":"a1b3a594feaab027d86c19a90fc06c08150a044b","isMergeCommit":true,"messageTitle":"Merge pull request #300 from kararei/indexing-error-messages","messageBody":"Fix indexing error messages","fileTypesAndContributionMap":{}}]},{"date":"2025-04-08T00:00:00","commitResults":[{"hash":"98809f05dd2c6c447e66ecb2290e2c15526cab18","isMergeCommit":false,"messageTitle":"Update case-sensitivity importance","messageBody":"","fileTypesAndContributionMap":{"docs":{"insertions":18,"deletions":9}}},{"hash":"b02b8099e76a7ae5baa56873589956f9ba83197c","isMergeCommit":false,"messageTitle":"Add use case on email format","messageBody":"","fileTypesAndContributionMap":{"docs":{"insertions":4,"deletions":1}}},{"hash":"b81070c1553cf14776582d0fdb96085478e7a82a","isMergeCommit":false,"messageTitle":"Update quick start guide","messageBody":"","fileTypesAndContributionMap":{"docs":{"insertions":12,"deletions":5}}},{"hash":"ae4175f46ae410bc48d10e8e2df5dcf049d248d8","isMergeCommit":false,"messageTitle":"Remove unused whitespace line\u0027","messageBody":"","fileTypesAndContributionMap":{"functional-code":{"insertions":0,"deletions":1}}},{"hash":"557af5a6a541a80dee4107ccff07226d7e0e70ea","isMergeCommit":true,"messageTitle":"Merge pull request #305 from kararei/user-guide-fixes","messageBody":"User guide fixes","fileTypesAndContributionMap":{}},{"hash":"841e571ee76cb8058cc81998bbc784fc9d86a060","isMergeCommit":false,"messageTitle":"Update clear command description","messageBody":"","fileTypesAndContributionMap":{"docs":{"insertions":9,"deletions":5}}},{"hash":"2c69bc40cda5344287631b413e9e33af5e99dea9","isMergeCommit":false,"messageTitle":"Add case-insensitivity planned enhancement","messageBody":"","fileTypesAndContributionMap":{"docs":{"insertions":20,"deletions":0}}},{"hash":"7d0fa35af9cd26fd7bea2b9be55ef39bb5bc1613","isMergeCommit":true,"messageTitle":"Merge branch \u0027master\u0027 into more-ug-fixes","messageBody":"","fileTypesAndContributionMap":{}},{"hash":"9e3fc05d938b771d19c86c90c7ad905bbb16c899","isMergeCommit":true,"messageTitle":"Merge pull request #309 from kararei/more-ug-fixes","messageBody":"Add planned enhancement and clear command","fileTypesAndContributionMap":{}},{"hash":"8c7f4cb0cd70b15db20a271447b73e72c8d40efc","isMergeCommit":false,"messageTitle":"Remove lines for feature freeze","messageBody":"","fileTypesAndContributionMap":{"functional-code":{"insertions":0,"deletions":9}}},{"hash":"a4c6d83e9aafbf55a1e26834f843f9d65a2d98fa","isMergeCommit":true,"messageTitle":"Merge pull request #314 from kararei/feature-freeze","messageBody":"Remove lines for feature freeze","fileTypesAndContributionMap":{}}]}],"SuspectBlue":[{"date":"2025-03-06T00:00:00","commitResults":[{"hash":"816af71631015f32881d83e832ce88f9a766ee0b","isMergeCommit":true,"messageTitle":"Merge pull request #10 from SuspectBlue/branch-add-info","messageBody":"Add jovan\u0027s photo","fileTypesAndContributionMap":{}},{"hash":"1c838be5b06b661c5b3cff7a10474d85f808f1ac","isMergeCommit":false,"messageTitle":"Update AboutUs.md","messageBody":"","fileTypesAndContributionMap":{"docs":{"insertions":9,"deletions":48}}},{"hash":"9563a462f508a2aa22c92c3a7d02724e4c07dfc6","isMergeCommit":false,"messageTitle":"Fix AboutUs.md","messageBody":"","fileTypesAndContributionMap":{"docs":{"insertions":1,"deletions":1}}},{"hash":"12bac9f46a9aa88e8ea377446c6285c2c2132c6c","isMergeCommit":true,"messageTitle":"Merge branch \u0027master\u0027 into branch-add-info","messageBody":"","fileTypesAndContributionMap":{}},{"hash":"037e3a7642947c8f325218442bb9f3f3ca2aa0e7","isMergeCommit":true,"messageTitle":"Merge pull request #16 from SuspectBlue/branch-add-info","messageBody":"Edit jovan\u0027s AboutUs.md","fileTypesAndContributionMap":{}}]},{"date":"2025-03-13T00:00:00","commitResults":[{"hash":"ca1317a824708b16eb9c7a857e410d5d4b772d80","isMergeCommit":false,"messageTitle":"Update build status badge","messageBody":"","fileTypesAndContributionMap":{"docs":{"insertions":5,"deletions":5}}},{"hash":"9af0b690cf2b5fb2b378451f2b086dd168dd2cdc","isMergeCommit":false,"messageTitle":"Add acknowledgement to AB3","messageBody":"","fileTypesAndContributionMap":{"docs":{"insertions":1,"deletions":0}}},{"hash":"b3db7ba385fbc7080244c2a17a65670c5165ad9f","isMergeCommit":true,"messageTitle":"Merge pull request #39 from SuspectBlue/update-build-status-badge","messageBody":"Update Build Status badge in Project Website","fileTypesAndContributionMap":{}},{"hash":"7f3a967ff06f86a43f2b4f7273bc33525e23434a","isMergeCommit":true,"messageTitle":"Merge pull request #40 from SuspectBlue/add-acknowledgement-source","messageBody":"Add Acknowledgement to Original Source","fileTypesAndContributionMap":{}},{"hash":"0b7e9cefe6c0249828dd84f542b31980172df427","isMergeCommit":false,"messageTitle":"Add user stories to developer guide","messageBody":"","fileTypesAndContributionMap":{"docs":{"insertions":21,"deletions":9}}},{"hash":"f2a9f3b69fdebb736fa0a129d49813e42e8a0983","isMergeCommit":false,"messageTitle":"Update README.md","messageBody":"","fileTypesAndContributionMap":{"docs":{"insertions":11,"deletions":11}}},{"hash":"6fa42d8df11277b55b7d7035ca82578f377b1bb7","isMergeCommit":true,"messageTitle":"Merge pull request #41 from SuspectBlue/add-user-stories","messageBody":"Add user stories to developer guide","fileTypesAndContributionMap":{}}]},{"date":"2025-03-18T00:00:00","commitResults":[{"hash":"ebf0cd89bdedc0195fb4d7ce746cd6d6962be5f0","isMergeCommit":false,"messageTitle":"Restrict tags to customer or service","messageBody":"","fileTypesAndContributionMap":{"functional-code":{"insertions":11,"deletions":11}}},{"hash":"0cc7a9b558ee9664e25d2b7d5f05339e497a1485","isMergeCommit":false,"messageTitle":"Fix testcases with tags","messageBody":"","fileTypesAndContributionMap":{"test-code":{"insertions":58,"deletions":58}}},{"hash":"16a4f661b6e6691a67b29d9c81006b330b7cac23","isMergeCommit":false,"messageTitle":"Fix testcases to follow checkstyle","messageBody":"","fileTypesAndContributionMap":{"test-code":{"insertions":8,"deletions":8}}},{"hash":"4f6e46d42a51d1a89460dd800d8039430087048b","isMergeCommit":false,"messageTitle":"Add coverage for sample data","messageBody":"","fileTypesAndContributionMap":{"functional-code":{"insertions":1,"deletions":1},"test-code":{"insertions":24,"deletions":0}}},{"hash":"8a23ef8f32a895254004e69c7f28695c632311bc","isMergeCommit":false,"messageTitle":"Fix checkstyle error","messageBody":"","fileTypesAndContributionMap":{"functional-code":{"insertions":2,"deletions":1}}},{"hash":"328f8979011b93cca7459c3c5595c1d9528d099d","isMergeCommit":true,"messageTitle":"Merge pull request #68 from SuspectBlue/restrict-add-tags","messageBody":"Restrict tags to customer or service","fileTypesAndContributionMap":{}}]},{"date":"2025-03-19T00:00:00","commitResults":[{"hash":"ab0e5082ce50500c7fa0afff93f375f8712db334","isMergeCommit":false,"messageTitle":"Add listContact command","messageBody":"","fileTypesAndContributionMap":{"functional-code":{"insertions":112,"deletions":0}}},{"hash":"df512f4d4f09fe0809083aa2cae9bcca1c18561b","isMergeCommit":false,"messageTitle":"Fix checkstyle errors for listContactCommand","messageBody":"","fileTypesAndContributionMap":{"functional-code":{"insertions":4,"deletions":4}}},{"hash":"9c628ae0e5c958b0b4b4d00432cf74a7b2641748","isMergeCommit":true,"messageTitle":"Merge remote-tracking branch \u0027origin\u0027 into list-contacts","messageBody":"","fileTypesAndContributionMap":{}},{"hash":"e1962af65cafab3b1bb2064b8bbc350501048727","isMergeCommit":false,"messageTitle":"Add tests for ListContactCommand","messageBody":"","fileTypesAndContributionMap":{"functional-code":{"insertions":15,"deletions":0},"test-code":{"insertions":124,"deletions":1}}},{"hash":"4d6556b907017a0bf92ad5be3b23148581498721","isMergeCommit":false,"messageTitle":"Update UserGuide.md for listContact Command","messageBody":"","fileTypesAndContributionMap":{"docs":{"insertions":9,"deletions":0}}},{"hash":"e3f5fc7aa2d6eebd360bb4d112e2cd20cec6c7ab","isMergeCommit":false,"messageTitle":"Improve clarity for tag specification","messageBody":"","fileTypesAndContributionMap":{"functional-code":{"insertions":1,"deletions":1}}},{"hash":"3721ed9db4656dfa0eb2b5483670cf1abfc43501","isMergeCommit":true,"messageTitle":"Merge pull request #77 from SuspectBlue/list-contacts","messageBody":"List contacts","fileTypesAndContributionMap":{}}]},{"date":"2025-03-24T00:00:00","commitResults":[{"hash":"1bdf8dd38146d9ad24847c21cfa6e311baa540e8","isMergeCommit":false,"messageTitle":"Change colour of tags based on type","messageBody":"","fileTypesAndContributionMap":{"functional-code":{"insertions":22,"deletions":1},"test-code":{"insertions":12,"deletions":0}}},{"hash":"3b0f6d27ad9f90e136cd42449dfe47032d4c7bd1","isMergeCommit":false,"messageTitle":"Add code coverage for person card","messageBody":"","fileTypesAndContributionMap":{"test-code":{"insertions":49,"deletions":0}}},{"hash":"6f0a92983ad41542e4ba6cf18c41fb9f3c709f86","isMergeCommit":false,"messageTitle":"Add extra testcases for person card","messageBody":"","fileTypesAndContributionMap":{"test-code":{"insertions":15,"deletions":0}}}]},{"date":"2025-03-25T00:00:00","commitResults":[{"hash":"dad23d7c4d3a7e5a1599e087a6f9ebaafa00c78e","isMergeCommit":true,"messageTitle":"Merge pull request #96 from SuspectBlue/change-tag-colour","messageBody":"Change colour of tags based on type","fileTypesAndContributionMap":{}},{"hash":"a0339def346f2c1bcc1e6af5cba4e277a3369893","isMergeCommit":false,"messageTitle":"Add trip card and panel UI","messageBody":"","fileTypesAndContributionMap":{"functional-code":{"insertions":190,"deletions":6}}},{"hash":"c3a4bfd10860b90b6c6275ae9f4b792900104618","isMergeCommit":false,"messageTitle":"Add trip card testcases","messageBody":"","fileTypesAndContributionMap":{"functional-code":{"insertions":43,"deletions":0},"test-code":{"insertions":94,"deletions":1}}},{"hash":"d2bdd428f2eb9c96c6ee3f1c5fcb3b4a0dcb3b4c","isMergeCommit":false,"messageTitle":"Remove trip card getters and testcases","messageBody":"","fileTypesAndContributionMap":{"functional-code":{"insertions":0,"deletions":43},"test-code":{"insertions":0,"deletions":62}}}]},{"date":"2025-03-26T00:00:00","commitResults":[{"hash":"3c10d4152abb946f23f0d439a06873dfbd4b32e8","isMergeCommit":true,"messageTitle":"Merge pull request #98 from SuspectBlue/add-trip-card-ui","messageBody":"Add Trip Card and Panel Ui","fileTypesAndContributionMap":{}}]},{"date":"2025-03-27T00:00:00","commitResults":[{"hash":"5afb7f015687764b459efe35ba3c25cd50edb810","isMergeCommit":false,"messageTitle":"Enable assertions in build.gradle","messageBody":"","fileTypesAndContributionMap":{"other":{"insertions":4,"deletions":0}}},{"hash":"a99e74fac908e442d4f3d579f702c5a1f6818832","isMergeCommit":true,"messageTitle":"Merge pull request #111 from SuspectBlue/enable-assertions","messageBody":"Enable assertions in build.gradle","fileTypesAndContributionMap":{}},{"hash":"c1f3bdb44024dfb2a4c5eadc1fdecee13c472bb8","isMergeCommit":false,"messageTitle":"Add listContact sequence diagram","messageBody":"","fileTypesAndContributionMap":{"docs":{"insertions":70,"deletions":0}}},{"hash":"234fa79fd183895905ebfcbfdac94c1a73d90661","isMergeCommit":false,"messageTitle":"Update function parameter","messageBody":"","fileTypesAndContributionMap":{"docs":{"insertions":1,"deletions":2}}},{"hash":"bb9732c51f5ebf7326b06a83a89477343baccb3b","isMergeCommit":true,"messageTitle":"Merge pull request #113 from SuspectBlue/list-contact-uml","messageBody":"Add listContact sequence diagram","fileTypesAndContributionMap":{}}]},{"date":"2025-04-02T00:00:00","commitResults":[{"hash":"d13b93acb293d8ee8c9faf5ad01757f0c9288047","isMergeCommit":false,"messageTitle":"Delete tagContact and addNote from README.md","messageBody":"","fileTypesAndContributionMap":{"docs":{"insertions":1,"deletions":22}}},{"hash":"9a160b6c7fc57e99b4f0ed635b89eb1bfc591a0e","isMergeCommit":false,"messageTitle":"Change contact to trip JavaDocs","messageBody":"","fileTypesAndContributionMap":{"functional-code":{"insertions":3,"deletions":3}}},{"hash":"d150e75692f8ba91d2bb1254528217cf1e3e0718","isMergeCommit":false,"messageTitle":"Fix indentation in add contact format message","messageBody":"","fileTypesAndContributionMap":{"functional-code":{"insertions":1,"deletions":1}}},{"hash":"3d217fab8fea64517d6b02ec0e7f054e547955e8","isMergeCommit":false,"messageTitle":"Remove old list command","messageBody":"","fileTypesAndContributionMap":{"functional-code":{"insertions":0,"deletions":28},"test-code":{"insertions":0,"deletions":54}}},{"hash":"ef53a92775b7ac723c9e15f9894a350b0d01f48d","isMergeCommit":false,"messageTitle":"Replace list command testcase","messageBody":"","fileTypesAndContributionMap":{"test-code":{"insertions":7,"deletions":0}}},{"hash":"4c78be23f0dfcdaa9f98a455b753d126dc8bc7e5","isMergeCommit":false,"messageTitle":"Add clear trips functionality to clear command","messageBody":"","fileTypesAndContributionMap":{"functional-code":{"insertions":4,"deletions":2},"test-code":{"insertions":2,"deletions":0}}},{"hash":"2501a7ca0903f42684a8a6b0fe0ea937d4fdefb7","isMergeCommit":false,"messageTitle":"Change edit command to editContact command","messageBody":"","fileTypesAndContributionMap":{"functional-code":{"insertions":3,"deletions":3},"other":{"insertions":62,"deletions":62},"docs":{"insertions":2,"deletions":2},"test-code":{"insertions":9,"deletions":9}}},{"hash":"0071cba9be6aca5d953953e60515a9253fb4c337","isMergeCommit":false,"messageTitle":"Fix checkstyles for editContact","messageBody":"","fileTypesAndContributionMap":{"functional-code":{"insertions":2,"deletions":1},"test-code":{"insertions":8,"deletions":4}}},{"hash":"6862a7e839dee839fba419da46f2969379a095de","isMergeCommit":true,"messageTitle":"Merge pull request #170 from SuspectBlue/edit-contact-bugs","messageBody":"Change edit command to editContact command","fileTypesAndContributionMap":{}},{"hash":"b6296b494d1a14cc828fff4d8f359da9f40821ce","isMergeCommit":false,"messageTitle":"Edit email and tag message constraints","messageBody":"","fileTypesAndContributionMap":{"functional-code":{"insertions":3,"deletions":1}}},{"hash":"cfa507fb07593f8062b367e31725cfa9199f1693","isMergeCommit":true,"messageTitle":"Merge pull request #165 from SuspectBlue/readme-bugs","messageBody":"Delete tagContact and addNote from README.md","fileTypesAndContributionMap":{}},{"hash":"dbd7724d903e3ddd8b5e0c27f77b4a213b8bcd20","isMergeCommit":true,"messageTitle":"Merge pull request #166 from SuspectBlue/edit-trip-bugs","messageBody":"Change contact to trip JavaDocs for EditTripCommand","fileTypesAndContributionMap":{}},{"hash":"754f0f4c26f9d72f090f09c001aa97ac6e202e15","isMergeCommit":true,"messageTitle":"Merge pull request #167 from SuspectBlue/add-contact-bugs","messageBody":"Fix indentation in add contact format message","fileTypesAndContributionMap":{}},{"hash":"bb30b548458da00050a048a7950d4aead28684c6","isMergeCommit":true,"messageTitle":"Merge pull request #168 from SuspectBlue/remove-list-command","messageBody":"Remove old list command","fileTypesAndContributionMap":{}},{"hash":"1c54db1dd170a02c840a255527480cfd73c680fd","isMergeCommit":true,"messageTitle":"Merge pull request #169 from SuspectBlue/clear-command-bugs","messageBody":"Add clear trips functionality to clear command","fileTypesAndContributionMap":{}},{"hash":"77e76fe3a85173885830e7e8b2d7446ae2b42bc8","isMergeCommit":true,"messageTitle":"Merge pull request #172 from SuspectBlue/message_bugs","messageBody":"Edit email and tag message constraints","fileTypesAndContributionMap":{}}]},{"date":"2025-04-03T00:00:00","commitResults":[{"hash":"41a6778184887f4c60eff3f45295a085dff03296","isMergeCommit":false,"messageTitle":"Update README.md","messageBody":"","fileTypesAndContributionMap":{"docs":{"insertions":2,"deletions":77}}},{"hash":"556b937b3f15adcb4e166c1837af178bb2b9da06","isMergeCommit":false,"messageTitle":"Update UG and DG","messageBody":"","fileTypesAndContributionMap":{"functional-code":{"insertions":1,"deletions":0},"docs":{"insertions":105,"deletions":123}}},{"hash":"6537842369c96790ded9c4d54adfa52bd02fe10f","isMergeCommit":false,"messageTitle":"Fix minor bug in UG","messageBody":"","fileTypesAndContributionMap":{"docs":{"insertions":2,"deletions":2}}},{"hash":"d9a30055b4ee496fe627f343453f33468c5bf69b","isMergeCommit":false,"messageTitle":"Minor edits to UG","messageBody":"","fileTypesAndContributionMap":{"docs":{"insertions":6,"deletions":6}}},{"hash":"95c82015c9de7c756eb4b5b4a5155ba6c48728f9","isMergeCommit":false,"messageTitle":"Edit UG with small tweaks","messageBody":"","fileTypesAndContributionMap":{"docs":{"insertions":1,"deletions":1}}},{"hash":"29a304ccef879e77b590bc8aa14f57b7e8ce29b7","isMergeCommit":false,"messageTitle":"Add assertions to list contact command","messageBody":"","fileTypesAndContributionMap":{"functional-code":{"insertions":6,"deletions":0}}},{"hash":"86b1998d7d1e4460b1fdbe829dbd1dd7f586c1fe","isMergeCommit":false,"messageTitle":"Remove unimplemented use cases","messageBody":"","fileTypesAndContributionMap":{"docs":{"insertions":0,"deletions":116}}},{"hash":"f4954f40749af2a898c24d78400cff44074176f6","isMergeCommit":false,"messageTitle":"Remove a assertion","messageBody":"","fileTypesAndContributionMap":{"functional-code":{"insertions":0,"deletions":1}}},{"hash":"fc3fd688165b08d005d1331424faa8ecfe0edd0e","isMergeCommit":true,"messageTitle":"Merge pull request #189 from SuspectBlue/update-guides","messageBody":"Update UG and DG","fileTypesAndContributionMap":{}},{"hash":"bee3095083897f133ebe17bcf0e385a58d22aa0a","isMergeCommit":false,"messageTitle":"Fix checkstyles for list contact command","messageBody":"","fileTypesAndContributionMap":{"functional-code":{"insertions":7,"deletions":0}}},{"hash":"49bb9d95be80600da99d87c393a13fd69d77424f","isMergeCommit":true,"messageTitle":"Merge pull request #188 from SuspectBlue/update-readme","messageBody":"Update README.md","fileTypesAndContributionMap":{}},{"hash":"05c6f23c9696ae02fcd7a5a24e8ba96f0ed1ecc6","isMergeCommit":true,"messageTitle":"Merge pull request #191 from SuspectBlue/add-assertions","messageBody":"Add assertions to list contact command","fileTypesAndContributionMap":{}},{"hash":"d896f31c57e37ad18cb95945bb031c358966b082","isMergeCommit":false,"messageTitle":"Update DG","messageBody":"","fileTypesAndContributionMap":{"docs":{"insertions":7,"deletions":7}}}]},{"date":"2025-04-06T00:00:00","commitResults":[{"hash":"839b08a8cbfe2844095e04f0eac4e1bee50d717e","isMergeCommit":false,"messageTitle":"Fix some bugs from PE-D","messageBody":"","fileTypesAndContributionMap":{"functional-code":{"insertions":11,"deletions":9},"docs":{"insertions":11,"deletions":15}}},{"hash":"5113d9af4272654cdacf0550ef394136ccfa7451","isMergeCommit":false,"messageTitle":"Add parameter table to UG","messageBody":"","fileTypesAndContributionMap":{"docs":{"insertions":29,"deletions":3}}},{"hash":"6413ba7839eae5b2c04358f9b95582ea6da07b7b","isMergeCommit":true,"messageTitle":"Merge pull request #288 from SuspectBlue/ped-bug-fix","messageBody":"Fix some bugs from PE-D","fileTypesAndContributionMap":{}},{"hash":"0e122595a7e7550d0af5cd5fea4420af8c8449b5","isMergeCommit":false,"messageTitle":"Fix error message for list and add contact","messageBody":"","fileTypesAndContributionMap":{"functional-code":{"insertions":8,"deletions":2}}},{"hash":"27e562d47a02b0790e94ab676b63bcd002bb7df2","isMergeCommit":false,"messageTitle":"Fix testcase error","messageBody":"","fileTypesAndContributionMap":{"test-code":{"insertions":1,"deletions":1}}},{"hash":"8e86677282014f119fb65fa02fb5d3c88102c095","isMergeCommit":false,"messageTitle":"Fix testcase checkstyles","messageBody":"","fileTypesAndContributionMap":{"test-code":{"insertions":2,"deletions":1}}}]},{"date":"2025-04-07T00:00:00","commitResults":[{"hash":"560459b60ba1c51b53ad20325a37c5a1cd0733d8","isMergeCommit":false,"messageTitle":"Update UG with unique fields","messageBody":"","fileTypesAndContributionMap":{"docs":{"insertions":9,"deletions":9}}},{"hash":"43e5c2e242503735d8978b2764edfaf26567b1c8","isMergeCommit":false,"messageTitle":"Update contacts sample data","messageBody":"","fileTypesAndContributionMap":{"functional-code":{"insertions":10,"deletions":9}}},{"hash":"a253211207ecb24eac1f68149fb9ae5cbc42de0b","isMergeCommit":true,"messageTitle":"Merge pull request #289 from SuspectBlue/ped-bug-fix","messageBody":"Bug Fixes for UG, addContact, listContact, unique parameters, sample data","fileTypesAndContributionMap":{}},{"hash":"92130573850b1d261c93717462e5c16229f7a8ef","isMergeCommit":false,"messageTitle":"Add annotated Ui and GUI details","messageBody":"","fileTypesAndContributionMap":{"docs":{"insertions":10,"deletions":0}}}]},{"date":"2025-04-08T00:00:00","commitResults":[{"hash":"7e93b505e631121f11ee5d2f2417fddf5ce71b8c","isMergeCommit":true,"messageTitle":"Merge pull request #301 from SuspectBlue/ped-bug-fix","messageBody":"Additional Ui and images bugfixes","fileTypesAndContributionMap":{}},{"hash":"46a117c2a6ade28c443d5b77ef9da95ccd44ec67","isMergeCommit":false,"messageTitle":"Update command summary in UG","messageBody":"","fileTypesAndContributionMap":{"functional-code":{"insertions":1,"deletions":1},"docs":{"insertions":7,"deletions":11}}},{"hash":"702a048f796dd7a21c87ee97038fc33194012a13","isMergeCommit":false,"messageTitle":"Fix DG bug","messageBody":"","fileTypesAndContributionMap":{"docs":{"insertions":1,"deletions":1}}},{"hash":"bee7b9f494466c23205b62f6a6beb2d99239d03b","isMergeCommit":false,"messageTitle":"Add edit trip and contact use cases in DG","messageBody":"","fileTypesAndContributionMap":{"functional-code":{"insertions":1,"deletions":1},"docs":{"insertions":59,"deletions":23}}},{"hash":"01441fe4518896a10e1df23e657ca7bd62b91e82","isMergeCommit":true,"messageTitle":"Merge branch \u0027master\u0027 into ped-bug-fix","messageBody":"","fileTypesAndContributionMap":{}},{"hash":"9bc56b6ab09d1e3043ae747ff28856af42f57a9d","isMergeCommit":true,"messageTitle":"Merge pull request #304 from SuspectBlue/ped-bug-fix","messageBody":"Update UG command summary and DG use cases","fileTypesAndContributionMap":{}},{"hash":"7dd96bf88006fb2660839d4c17a18e896f20489d","isMergeCommit":false,"messageTitle":"Update DG diagrams","messageBody":"","fileTypesAndContributionMap":{"docs":{"insertions":8,"deletions":8}}},{"hash":"7273f5558d1544a5e4d28935a6d5a5ce48755b35","isMergeCommit":false,"messageTitle":"Minor change","messageBody":"","fileTypesAndContributionMap":{"docs":{"insertions":1,"deletions":1}}},{"hash":"113c827da23105e93ce876e1001b36f65f912d0b","isMergeCommit":false,"messageTitle":"Update inconsistent command","messageBody":"","fileTypesAndContributionMap":{"docs":{"insertions":1,"deletions":1}}},{"hash":"e01baa1156aa537211cfe5e4e701bd3239e2e643","isMergeCommit":true,"messageTitle":"Merge pull request #306 from SuspectBlue/ped-bug-fix","messageBody":"Update DG diagrams","fileTypesAndContributionMap":{}},{"hash":"9568e8e80046499c8f8c753c7ddc3653becd9702","isMergeCommit":false,"messageTitle":"Update manual test case","messageBody":"","fileTypesAndContributionMap":{"docs":{"insertions":5,"deletions":5}}},{"hash":"3e5b73a58cd115f5191e8a161d64a1939c9b5029","isMergeCommit":true,"messageTitle":"Merge pull request #308 from SuspectBlue/ped-bug-fix","messageBody":"Update manual test case","fileTypesAndContributionMap":{}},{"hash":"d448c7b96908919c7748bd2807e28e90a6e95b1c","isMergeCommit":false,"messageTitle":"minor bug fix","messageBody":"","fileTypesAndContributionMap":{"docs":{"insertions":2,"deletions":2}}},{"hash":"070bca1b9d52ea8ba1af426dcd10ae770dbcbd8d","isMergeCommit":true,"messageTitle":"Merge pull request #310 from SuspectBlue/ped-bug-fix","messageBody":"minor bug fix","fileTypesAndContributionMap":{}},{"hash":"7ea96fb217ece4e14e015d08df0aa6b5bd31dd2f","isMergeCommit":false,"messageTitle":"Update parameters","messageBody":"","fileTypesAndContributionMap":{"docs":{"insertions":4,"deletions":4}}},{"hash":"afc67ee0e6efe556f05653a7c3ef233a8f4e476e","isMergeCommit":true,"messageTitle":"Merge pull request #311 from SuspectBlue/ped-bug-fix","messageBody":"Update parameters","fileTypesAndContributionMap":{}},{"hash":"dc0fe13b3dae4591435789d0edc3aea3f16c15c9","isMergeCommit":false,"messageTitle":"Small fix","messageBody":"","fileTypesAndContributionMap":{"docs":{"insertions":1,"deletions":1}}},{"hash":"50c9c18d0ae225ec9b097f6df39a873b17e166ee","isMergeCommit":true,"messageTitle":"Merge pull request #312 from SuspectBlue/ped-bug-fix","messageBody":"Small fix","fileTypesAndContributionMap":{}},{"hash":"763be44df40f49aefbe6ad1f74871a0679c07d4b","isMergeCommit":false,"messageTitle":"Update use cases","messageBody":"","fileTypesAndContributionMap":{"docs":{"insertions":10,"deletions":30}}},{"hash":"ea1d4dcf3282a30224a45490d6cb9d96fa54a41d","isMergeCommit":false,"messageTitle":"Minor edit to use case","messageBody":"","fileTypesAndContributionMap":{"docs":{"insertions":1,"deletions":1}}},{"hash":"283dde2b6ef6abe183a6e8f71e5751570e3a98fc","isMergeCommit":true,"messageTitle":"Merge pull request #313 from SuspectBlue/ped-bug-fix","messageBody":"Edit use cases","tags":["v1.6"],"fileTypesAndContributionMap":{}},{"hash":"dd818bcb7af58f27b079e70de7a612be11ba0d4d","isMergeCommit":false,"messageTitle":"Update Javadocs","messageBody":"","fileTypesAndContributionMap":{"functional-code":{"insertions":10,"deletions":1}}},{"hash":"fbdaac34c888bf9829bb0872c4c7782b257caf1a","isMergeCommit":true,"messageTitle":"Merge pull request #315 from SuspectBlue/javadoc-update","messageBody":"Update Javadocs","fileTypesAndContributionMap":{}}]}],"zyonwee":[{"date":"2025-03-06T00:00:00","commitResults":[{"hash":"902f9b455e74ad653137a135e00202a1c9c855a1","isMergeCommit":false,"messageTitle":"Edit zyonwee AboutUs.md","messageBody":"","fileTypesAndContributionMap":{"docs":{"insertions":14,"deletions":56}}},{"hash":"ff1ec99d947e97a8c77b00692d70d856295e01a2","isMergeCommit":false,"messageTitle":"Add new line","messageBody":"","fileTypesAndContributionMap":{"docs":{"insertions":2,"deletions":2}}},{"hash":"9bc414356cbdb4c8f39956474029f6b43b6c771d","isMergeCommit":true,"messageTitle":"Merge branch \u0027master\u0027 into Add-ZyonWee-AboutUs","messageBody":"","fileTypesAndContributionMap":{}},{"hash":"e0f5ace23c03b7238c0a81803be997561fc4405f","isMergeCommit":true,"messageTitle":"Merge pull request #26 from zyonwee/Add-ZyonWee-AboutUs","messageBody":"Edit zyonwee AboutUs.md","fileTypesAndContributionMap":{}}]},{"date":"2025-03-13T00:00:00","commitResults":[{"hash":"20f40cca5120b1d92652376565b9080df7aed1ec","isMergeCommit":false,"messageTitle":"DeveloperGuide.md : Add Glossary Section","messageBody":"","fileTypesAndContributionMap":{"docs":{"insertions":23,"deletions":0}}},{"hash":"0ac8ee1869794faa224e806df9644d5084bac344","isMergeCommit":false,"messageTitle":"Update DeveloperGuide.md","messageBody":"","fileTypesAndContributionMap":{"docs":{"insertions":26,"deletions":24}}},{"hash":"4b76e412356a4d85eacdacd37528adf9b2807de4","isMergeCommit":false,"messageTitle":"DeveloperGuide.md: Add Use Case","messageBody":"","fileTypesAndContributionMap":{"docs":{"insertions":256,"deletions":21}}}]},{"date":"2025-03-18T00:00:00","commitResults":[{"hash":"b869242c8ff5a9b5de74f4f4a3af789923842d3d","isMergeCommit":false,"messageTitle":"Rename Methods to Delete Contact","messageBody":"","fileTypesAndContributionMap":{"functional-code":{"insertions":5,"deletions":5},"test-code":{"insertions":3,"deletions":3}}},{"hash":"d5898885b565ece1e63563dd61fbc48a025f4458","isMergeCommit":true,"messageTitle":"Merge branch \u0027master\u0027 of https://github.com/zyonwee/tp into Update-deleteContact","messageBody":"# Conflicts:\n#\tsrc/test/java/seedu/address/logic/commands/DeleteCommandTest.java\n","fileTypesAndContributionMap":{}},{"hash":"eb5a6c7753290716d26be321a170a704205f2497","isMergeCommit":false,"messageTitle":"Rename to Delete Contact","messageBody":"","fileTypesAndContributionMap":{"functional-code":{"insertions":8,"deletions":8},"test-code":{"insertions":7,"deletions":15}}},{"hash":"103f4ff981b00301c05cacc350d9b134b23a635a","isMergeCommit":false,"messageTitle":"Rename String","messageBody":"","fileTypesAndContributionMap":{"functional-code":{"insertions":1,"deletions":1}}},{"hash":"30b09f7750625fc358c77d9d03274ffcd844d1c3","isMergeCommit":false,"messageTitle":"Rename to Delete Contact","messageBody":"","fileTypesAndContributionMap":{"functional-code":{"insertions":3,"deletions":12},"other":{"insertions":17,"deletions":17},"test-code":{"insertions":15,"deletions":22}}},{"hash":"52acd430bab5e0f4625006ce2e07efb9a5f4644c","isMergeCommit":false,"messageTitle":"Fix Check Styles","messageBody":"","fileTypesAndContributionMap":{"functional-code":{"insertions":11,"deletions":1}}},{"hash":"78579ddef5016a6a36a9bbe15f94ce98e5aeea40","isMergeCommit":false,"messageTitle":"Sort Check Styles","messageBody":"","fileTypesAndContributionMap":{"functional-code":{"insertions":4,"deletions":4}}},{"hash":"a1ed91e4b57e90ea25541e7646b3222cbfed7910","isMergeCommit":false,"messageTitle":"Fix Check Styles","messageBody":"","fileTypesAndContributionMap":{"functional-code":{"insertions":0,"deletions":1}}},{"hash":"ab51b052d6bf23b67840e8abedd93b7f721e1fb9","isMergeCommit":false,"messageTitle":"Fix Check Styles","messageBody":"","fileTypesAndContributionMap":{"test-code":{"insertions":11,"deletions":2}}},{"hash":"6b10bcac045d33257e6b9f11b198abb22bad5913","isMergeCommit":false,"messageTitle":"LogicManagerTest.java: Rename Delete","messageBody":"","fileTypesAndContributionMap":{"test-code":{"insertions":1,"deletions":1}}},{"hash":"07c57313684b305c74f0237e8b57b2f13bc303b4","isMergeCommit":true,"messageTitle":"Merge pull request #72 from zyonwee/Update-deleteContact","messageBody":"Rename \"Delete Person\" to \"Delete Contact\" for consistency","fileTypesAndContributionMap":{}}]},{"date":"2025-03-19T00:00:00","commitResults":[{"hash":"fb9aa7a25c9e24fd7b034ccbd30c63de37c82b4a","isMergeCommit":false,"messageTitle":"Add Delete Trip","messageBody":"","fileTypesAndContributionMap":{"functional-code":{"insertions":103,"deletions":10},"test-code":{"insertions":177,"deletions":1}}},{"hash":"37fda891f5938353bbea1d0f3fd71ada4607261e","isMergeCommit":true,"messageTitle":"Merge branch \u0027master\u0027 into Add-DeleteTrip","messageBody":"","fileTypesAndContributionMap":{}}]},{"date":"2025-03-20T00:00:00","commitResults":[{"hash":"2305f13d58271086d8cd2cde19e0f60fae216580","isMergeCommit":false,"messageTitle":"Enforce Check Style rules for code quality","messageBody":"","fileTypesAndContributionMap":{"test-code":{"insertions":7,"deletions":6}}},{"hash":"f8da9cf0dd2eaa9795e85dd29daff57a22afdd10","isMergeCommit":true,"messageTitle":"Merge branch \u0027Add-DeleteTrip\u0027 of https://github.com/zyonwee/tp into Add-DeleteTrip","messageBody":"","fileTypesAndContributionMap":{}},{"hash":"d8db72c7ae2d5b1430810f9af678e76aeb9ede25","isMergeCommit":false,"messageTitle":"Enforce Check style rules for code quality","messageBody":"","fileTypesAndContributionMap":{"functional-code":{"insertions":2,"deletions":2},"test-code":{"insertions":1,"deletions":1}}},{"hash":"e35d109fa8c381bdbb0232724851a9853f96a4d6","isMergeCommit":false,"messageTitle":"Enforce Check style rules for code quality","messageBody":"","fileTypesAndContributionMap":{"functional-code":{"insertions":15,"deletions":37}}},{"hash":"2596fa637cd0582f9c3e362bc1aab5aecdc71784","isMergeCommit":false,"messageTitle":"Enforce Check style rules for code quality","messageBody":"","fileTypesAndContributionMap":{"test-code":{"insertions":0,"deletions":1}}},{"hash":"b303ea27dc7fb60b60a14c5022f16bc87977a57a","isMergeCommit":false,"messageTitle":"Update Code Coverage","messageBody":"","fileTypesAndContributionMap":{"functional-code":{"insertions":36,"deletions":14}}},{"hash":"84aa6c2b931d70588c0cf90e9bbabc7eca26573a","isMergeCommit":true,"messageTitle":"Merge pull request #80 from zyonwee/Add-DeleteTrip","messageBody":"The application currently lacks the ability to delete trips, which limits \nuser flexibility in managing their travel plans.\n\nAdding this feature will allow users to remove trips they no longer need, \nimproving the application\u0027s usability.\n\nLet\u0027s,\n* Implement DeleteTripCommand to handle trip deletion logic\n* Add DeleteTripCommandParser to parse user input for trip deletion\n* Create DeleteTripCommandTest for unit and integration testing\n* Add showTripAtIndex() in CommandTestUtil to support testing\n* Include DeleteTripCommandParserTest for parser validation\n\nThis feature ensures users can manage trips effectively while maintaining \ndata integrity and consistency. The addition of comprehensive tests \nguarantees robustness and prevents regressions.","fileTypesAndContributionMap":{}}]},{"date":"2025-03-26T00:00:00","commitResults":[{"hash":"db024768c62ca64fd702b0b25c74f197b93688b4","isMergeCommit":false,"messageTitle":"Add UML Diagrams for Delete","messageBody":"","fileTypesAndContributionMap":{"docs":{"insertions":97,"deletions":0}}},{"hash":"38cc7582b91969ec91e9f4caea4acf3da77b112b","isMergeCommit":false,"messageTitle":"Add newline","messageBody":"","fileTypesAndContributionMap":{"docs":{"insertions":2,"deletions":2}}}]},{"date":"2025-03-27T00:00:00","commitResults":[{"hash":"ab32fb7c3a79904de7d7e9a16b8285a3df83a049","isMergeCommit":false,"messageTitle":"Rename DeleteCommand","messageBody":"","fileTypesAndContributionMap":{"docs":{"insertions":2,"deletions":2}}},{"hash":"f60019fdb39e3d3cef299bb30bc99b803f3c185c","isMergeCommit":false,"messageTitle":"Rename Validate Method","messageBody":"","fileTypesAndContributionMap":{"docs":{"insertions":2,"deletions":2}}},{"hash":"609ba43e0cf7dfcfea96c65f7ce4971918eb96a6","isMergeCommit":false,"messageTitle":"Remove Termination in PUML","messageBody":"","fileTypesAndContributionMap":{"docs":{"insertions":0,"deletions":1}}},{"hash":"e62b26c7d4adc24db6e08cf775b63c1d52156759","isMergeCommit":false,"messageTitle":"TripDate: Add assertions and enhance validation","messageBody":"The TripDate class currently validates dates but lacks internal\nconsistency checks. Some edge cases like year 10000 pass validation\nincorrectly.\n\nThese gaps could lead to subtle bugs when invalid dates slip through\nvalidation. We need stronger guarantees about date validity throughout\nthe object lifecycle.\n\nLet\u0027s:\n* Add runtime assertions for critical invariants\n* Enforce year range (1000-9999) strictly\n* Strengthen equals()/hashCode() contracts\n* Use STRICT resolver mode for date parsing\n\nThe changes improve reliability by:\n- Catching invalid states early via assertions\n- Documenting assumptions through runtime checks\n- Maintaining stricter date validation\n- Providing better test coverage\n\nAssertions are particularly valuable here because:\n1. Date validation is critical for trip functionality\n2. The checks document our assumptions clearly\n3. They help catch bugs during development\n4. They have no production performance impact\n\nUpdated tests now cover:\n- Year boundary cases (1000 and 9999)\n- Leap year validation\n- Strict date format requirements\n- Whitespace handling\n","fileTypesAndContributionMap":{"functional-code":{"insertions":18,"deletions":5},"test-code":{"insertions":40,"deletions":23}}},{"hash":"ef4286d4f831fa5c671aac8d5670f60b75b148ae","isMergeCommit":false,"messageTitle":"TripDate: Add logging for date validation","messageBody":"The TripDate class performs critical date validation but lacks visibility\ninto its operations during runtime. This makes debugging date-related\nissues difficult.\n\nLet\u0027s add comprehensive logging to:\n* Track date parsing attempts and outcomes\n* Log validation failures with details\n* Record object creation and comparisons\n* Maintain audit trail for date operations\n\nThe logging helps with:\n- Debugging date parsing issues\n- Monitoring validation behavior\n- Tracing object lifecycle\n- Maintaining operational visibility\n\nAdded logs use appropriate levels:\n- FINE for normal operational messages\n- FINEST for detailed tracing\n- WARNING for important error cases\n\nLog messages include relevant context while:\n- Avoiding sensitive data exposure\n- Maintaining readability\n- Following project logging standards\n","fileTypesAndContributionMap":{"functional-code":{"insertions":22,"deletions":3}}},{"hash":"f058a5195f23056697ba3009ca874742c1c7ea43","isMergeCommit":true,"messageTitle":"Merge pull request #101 from zyonwee/Add-UMLDiagrams","messageBody":"Add Sequence Diagrams for Delete Commands","fileTypesAndContributionMap":{}},{"hash":"d9dbb3f2d3b226f928ab6874a9a6374e24936d5d","isMergeCommit":true,"messageTitle":"Merge pull request #114 from zyonwee/Test-DateTime","messageBody":"TripDate: Add assertions and enhance validation","fileTypesAndContributionMap":{}}]},{"date":"2025-04-02T00:00:00","commitResults":[{"hash":"fc8cfe83a0ac6f4b2b2a667d8001fecf305ce22d","isMergeCommit":false,"messageTitle":"UserGuide.md: Update Delete Trip and Delete Contact","messageBody":"","fileTypesAndContributionMap":{"docs":{"insertions":20,"deletions":5}}},{"hash":"270d690817b7664ad814d895ef749feaa6602e0b","isMergeCommit":true,"messageTitle":"Merge pull request #149 from zyonwee/Update-UserGuide","messageBody":"UserGuide.md: Update Delete Trip and Delete Contact","fileTypesAndContributionMap":{}}]},{"date":"2025-04-03T00:00:00","commitResults":[{"hash":"b68e2f7a4ba9dfc15575b7b99a70c5a700ef31e0","isMergeCommit":false,"messageTitle":"Rename Address Book to Travel Hub","messageBody":"","fileTypesAndContributionMap":{"functional-code":{"insertions":2,"deletions":2},"other":{"insertions":1,"deletions":1}}},{"hash":"d8259865bc71e9936844a5f06e8c69a83a6a0989","isMergeCommit":false,"messageTitle":"Update Validation and Message for Phone Number Length","messageBody":"","fileTypesAndContributionMap":{"functional-code":{"insertions":3,"deletions":2}}},{"hash":"73ec966aab70cfb124819ec73ceaf121315e19e6","isMergeCommit":false,"messageTitle":"Rename to TravelHub","messageBody":"","fileTypesAndContributionMap":{"other":{"insertions":1,"deletions":1}}},{"hash":"716ce3f039307c6db585f682d89ffd44fdf6f221","isMergeCommit":true,"messageTitle":"Merge pull request #190 from zyonwee/Fix-Bugs","messageBody":"","fileTypesAndContributionMap":{}}]},{"date":"2025-04-07T00:00:00","commitResults":[{"hash":"10845d0bdc5a68d7d6e7eb9e530c5b56d65a7b1c","isMergeCommit":false,"messageTitle":"Add Remarks for Notes to be final Parameter for Add Contact and Trip","messageBody":"","fileTypesAndContributionMap":{"docs":{"insertions":11,"deletions":8}}},{"hash":"3d0ef1f49f64f0acba11311dbe62e7b384851e9d","isMergeCommit":false,"messageTitle":"Update DG to generalize delete use case","messageBody":"","fileTypesAndContributionMap":{"docs":{"insertions":12,"deletions":16}}},{"hash":"740f24aa35303ea51def0d2fa843b251c0acff9b","isMergeCommit":false,"messageTitle":"Rename AddressBook and Persons to ContactBook, Contacts respectively","messageBody":"","fileTypesAndContributionMap":{"docs":{"insertions":35,"deletions":35}}},{"hash":"7558a559b27a5a0e3bbd3736c51da141083019f3","isMergeCommit":false,"messageTitle":"Update DG 2c. #285","messageBody":"","fileTypesAndContributionMap":{"docs":{"insertions":0,"deletions":3}}},{"hash":"91766b344a8e55a4d5df92ba6b74f72bb050ddab","isMergeCommit":true,"messageTitle":"Merge pull request #296 from zyonwee/Fix-DG-Bugs","messageBody":"Fix DG \u0026 UG","fileTypesAndContributionMap":{}},{"hash":"ebe6e248fba800fb6e9e5d90b5a842c8cbda91e8","isMergeCommit":false,"messageTitle":"Fix Better phrasing \u0027target user\u0027 and \u0027value proposition\u0027 #267","messageBody":"","fileTypesAndContributionMap":{"docs":{"insertions":78,"deletions":13}}},{"hash":"04bcdea22e287f4f9507e2699386fd155d3b0435","isMergeCommit":false,"messageTitle":"Fix Add invalid date to trip #219 Valid Year 1950 to 2100 inclusive","messageBody":"","fileTypesAndContributionMap":{"functional-code":{"insertions":1,"deletions":1},"docs":{"insertions":2,"deletions":2},"test-code":{"insertions":4,"deletions":0}}},{"hash":"f3047a0d30f3a4769dcc6193ea7ec9f3bf2d23b1","isMergeCommit":false,"messageTitle":"Update Message Constraint","messageBody":"","fileTypesAndContributionMap":{"functional-code":{"insertions":1,"deletions":1},"test-code":{"insertions":1,"deletions":1}}},{"hash":"323a0e2040f5a378b27d8ab77bc354c1dbc6cfb4","isMergeCommit":false,"messageTitle":"Update Test Cases Dates","messageBody":"","fileTypesAndContributionMap":{"test-code":{"insertions":10,"deletions":10}}},{"hash":"928736dc615ccd02d994f50cfe8d5b923bd4da79","isMergeCommit":true,"messageTitle":"Merge branch \u0027master\u0027 of https://github.com/zyonwee/tp","messageBody":"# Conflicts:\n#\tdocs/DeveloperGuide.md\n#\tdocs/UserGuide.md\n","fileTypesAndContributionMap":{}},{"hash":"ddf28acda9303ce164afd742a895ac477a7ed9d3","isMergeCommit":false,"messageTitle":"Update Test Cases Date","messageBody":"","fileTypesAndContributionMap":{"functional-code":{"insertions":1,"deletions":1}}},{"hash":"53e9d766eac3dfed445932986a2b081a64faa427","isMergeCommit":true,"messageTitle":"Merge pull request #298 from zyonwee/Fix-DG-Bugs","messageBody":"Fix Better phrasing \u0027target user\u0027 and \u0027value proposition\u0027 #267","fileTypesAndContributionMap":{}}]},{"date":"2025-04-08T00:00:00","commitResults":[{"hash":"9ddd45ecc8d04c4c94caa9475a8b40b60872ae59","isMergeCommit":false,"messageTitle":"Add UG Images","messageBody":"","fileTypesAndContributionMap":{"docs":{"insertions":11,"deletions":0}}},{"hash":"7e545d4263643d4e7682e03e3dd7e7d8b8887626","isMergeCommit":true,"messageTitle":"Merge pull request #307 from zyonwee/Fix-DG-Bugs","messageBody":"Add UG Images","fileTypesAndContributionMap":{}}]}],"adwinang":[{"date":"2025-03-06T00:00:00","commitResults":[{"hash":"6d325fd0dc1489eaa4a17623be2522c8fb421655","isMergeCommit":false,"messageTitle":"feat: Add description of Adwin","messageBody":"","fileTypesAndContributionMap":{"docs":{"insertions":0,"deletions":0}}},{"hash":"147e5cfe05ac0420deae032d8553c99e2dd55e3f","isMergeCommit":false,"messageTitle":"feat: Add actual content about Adwin","messageBody":"","fileTypesAndContributionMap":{"docs":{"insertions":6,"deletions":0}}},{"hash":"1f563840957189c0a132a4b556b694c8cf995286","isMergeCommit":false,"messageTitle":"fix: Add newline to fix check error","messageBody":"","fileTypesAndContributionMap":{"docs":{"insertions":1,"deletions":1}}},{"hash":"dd175c3672339e145a4fbc10efd6cee8e2501fce","isMergeCommit":false,"messageTitle":"chore: Move Profile Markdown file to under docs/team/","messageBody":"","fileTypesAndContributionMap":{"docs":{"insertions":0,"deletions":0}}},{"hash":"c478ef2d9251770619e4dddc265b49b2bd3b6213","isMergeCommit":true,"messageTitle":"Merge pull request #6 from adwinang/add-angYongXiangAdwin-info","messageBody":"Add ang yong xiang adwin info","fileTypesAndContributionMap":{}},{"hash":"2dbeb6ca9f190b7d6ebdfaf619d1a2f7a30904ac","isMergeCommit":false,"messageTitle":"Update AboutUs.md","messageBody":"","fileTypesAndContributionMap":{"docs":{"insertions":3,"deletions":42}}},{"hash":"be23b62bb3c58d7ddee463e485794c961075c49c","isMergeCommit":false,"messageTitle":"Update angYongXiangAdwin.md","messageBody":"","fileTypesAndContributionMap":{"docs":{"insertions":1,"deletions":1}}},{"hash":"f05ffabb0d59746faa1abd263e071c34c719647c","isMergeCommit":true,"messageTitle":"Merge branch \u0027master\u0027 into info-adwin","messageBody":"","fileTypesAndContributionMap":{}},{"hash":"69809e996bac598573ae826949573c897236a062","isMergeCommit":true,"messageTitle":"Merge pull request #12 from adwinang/info-adwin","messageBody":"Edit Adwin\u0027s AboutUs.md","fileTypesAndContributionMap":{}}]},{"date":"2025-03-13T00:00:00","commitResults":[{"hash":"1253d5fa46f5ac1321728cd465b83050e5125427","isMergeCommit":true,"messageTitle":"Merge pull request #43 from SuspectBlue/update-docs","messageBody":"Update README.md","fileTypesAndContributionMap":{}}]},{"date":"2025-03-16T00:00:00","commitResults":[{"hash":"ae561ad368c2d47be0fdd111978f28ea9fed631c","isMergeCommit":false,"messageTitle":"Update Help URL","messageBody":"Change Help URL to the Team project URL\n","fileTypesAndContributionMap":{"functional-code":{"insertions":1,"deletions":1}}}]},{"date":"2025-03-17T00:00:00","commitResults":[{"hash":"7584ccb902033f217fd4d83bad0036bb953175e6","isMergeCommit":true,"messageTitle":"Merge pull request #52 from adwinang/update-help-url","messageBody":"Update Help URL","fileTypesAndContributionMap":{}}]},{"date":"2025-03-18T00:00:00","commitResults":[{"hash":"b0ba5b31f14f5c120af1c81216dff372098274f0","isMergeCommit":false,"messageTitle":"Fix typo in documentation","messageBody":"","fileTypesAndContributionMap":{"functional-code":{"insertions":1,"deletions":1}}},{"hash":"2a6d98e710d507be75564ead2f1e59fb85c4b452","isMergeCommit":false,"messageTitle":"Add TripBook functionality: Introduce TripBook, Model updates, and UserPrefs integration for trip management","messageBody":"","fileTypesAndContributionMap":{"functional-code":{"insertions":453,"deletions":25}}},{"hash":"5cedc69f782c7bd40ea04da9084e30686e52d531","isMergeCommit":false,"messageTitle":"Add test data for TripBook: Include JSON files for typical, invalid, and duplicate trips, along with utility classes for testing","messageBody":"","fileTypesAndContributionMap":{"test-code":{"insertions":242,"deletions":27}}},{"hash":"edeae31233c1622837b63d6f953fc6f87220f47e","isMergeCommit":false,"messageTitle":"Update documentation: Fix trailing whitespace warning","messageBody":"","fileTypesAndContributionMap":{"docs":{"insertions":4,"deletions":5}}},{"hash":"1f54dde160629fdba83aba35a070d30e42346d55","isMergeCommit":false,"messageTitle":"Add unit tests for Config, UserPrefs, and StringUtil: Enhance equality and hashCode tests, and improve StringUtil test cases for edge cases and special characters.","messageBody":"","fileTypesAndContributionMap":{"test-code":{"insertions":175,"deletions":43}}},{"hash":"9be59851b274a3dbcb56639330c4120cc66a8bea","isMergeCommit":false,"messageTitle":"Add validation tests for TripBook: Implement additional test cases to ensure trip data integrity and validation logic.","messageBody":"","fileTypesAndContributionMap":{"test-code":{"insertions":306,"deletions":0}}},{"hash":"7ae43b82ed2630c1e778ac625026a0e19a9beac8","isMergeCommit":true,"messageTitle":"Merge pull request #69 from adwinang/save-trips","messageBody":"Save trips","fileTypesAndContributionMap":{}},{"hash":"b886f7547b6a246fc99357ec7c362bf5c4b7da48","isMergeCommit":true,"messageTitle":"Merge pull request #71 from adwinang/bin-to-gitignore","messageBody":"Update .gitignore: Add rules to ignore all files in the bin directory","fileTypesAndContributionMap":{}}]},{"date":"2025-03-19T00:00:00","commitResults":[{"hash":"8b9d135711b02cbb905032ea387da0d0d5cb3462","isMergeCommit":false,"messageTitle":"Add TripBook functionality to the application","messageBody":"- Introduced TripBook storage and model components, including JsonAdaptedTrip, JsonSerializableTripBook, and JsonTripBookStorage.\n- Updated Storage and StorageManager to handle TripBook data.\n- Enhanced Logic and LogicManager to support TripBook operations.\n- Modified MainApp to initialize TripBook storage.\n- Updated TripDate to format date output correctly.\n","fileTypesAndContributionMap":{"functional-code":{"insertions":382,"deletions":6}}},{"hash":"e17ddd49b49cb854e2749c9c70c2757a6111acdb","isMergeCommit":false,"messageTitle":"Add test cases for TripBook functionality","messageBody":"- Introduced multiple test files for TripBook storage, including valid and invalid trip scenarios.\n- Implemented tests for JsonAdaptedTrip and JsonSerializableTripBook to ensure proper serialization and deserialization.\n- Updated LogicManagerTest and StorageManagerTest to integrate TripBook storage handling.\n- Added test data files for various trip scenarios to validate the functionality.\n","fileTypesAndContributionMap":{"test-code":{"insertions":314,"deletions":4}}},{"hash":"e5889bb31c85e4f63a57fd16f7715cad4a0595dd","isMergeCommit":true,"messageTitle":"Merge branch \u0027master\u0027 into #56-save-trips-to-disk","messageBody":"","fileTypesAndContributionMap":{}},{"hash":"970700dc6a25da734b8080043112267a2bba9446","isMergeCommit":false,"messageTitle":"Refactor Logic and storage components to use Contact model","messageBody":"- Updated Logic interface and LogicManager to return ObservableList\u003cContact\u003e instead of ObservableList\u003cPerson\u003e.\n- Changed imports in JsonAdaptedTrip and its test to reflect the use of Contact model instead of Person.\n","fileTypesAndContributionMap":{"functional-code":{"insertions":3,"deletions":7},"test-code":{"insertions":1,"deletions":1}}},{"hash":"26c8249b0615da9f1b781845dc229715eaf65757","isMergeCommit":false,"messageTitle":"Refactor JsonAdaptedTrip to utilize ParserUtil for parsing model components","messageBody":"- Replaced direct validation and instantiation of TripName, Accommodation, Itinerary, and TripDate with calls to ParserUtil for improved error handling and code clarity.\n- Enhanced exception handling to provide more informative error messages during the conversion to model type.\n","fileTypesAndContributionMap":{"functional-code":{"insertions":14,"deletions":19}}},{"hash":"654a719d6d4614fd7e4d24769bb050fedef90bfa","isMergeCommit":true,"messageTitle":"Merge pull request #75 from adwinang/#56-save-trips-to-disk","messageBody":"#56 save trips to disk","fileTypesAndContributionMap":{}},{"hash":"3bebb91ddd6087ac7b25d4ac581be3edb31cbd54","isMergeCommit":false,"messageTitle":"Fix LogicManager not saving TripBook data","messageBody":"","fileTypesAndContributionMap":{"functional-code":{"insertions":1,"deletions":0}}},{"hash":"2b568153603b5612ef57cc1e00886a15aadf9192","isMergeCommit":false,"messageTitle":"Enhance MainApp to initialize TripBook with improved data loading logic","messageBody":"- Added logic to read existing TripBook data and handle cases where the data file is missing or cannot be loaded.\n- Implemented logging to inform users about the creation of a new TripBook data file or issues with loading existing data.\n","fileTypesAndContributionMap":{"functional-code":{"insertions":17,"deletions":1}}},{"hash":"e299758a0e25118e3087b939216f10f207805758","isMergeCommit":false,"messageTitle":"Refactor data loading logic in MainApp and introduce DataLoadingUtil","messageBody":"- Moved address book and trip book loading logic from MainApp to a new utility class, DataLoadingUtil, for better separation of concerns, code clarity and ease of testability.\n- Enhanced error handling and logging during data loading processes.\n- Added unit tests for DataLoadingUtil to ensure correct functionality when loading data from storage.\n","fileTypesAndContributionMap":{"functional-code":{"insertions":64,"deletions":35},"test-code":{"insertions":119,"deletions":0}}},{"hash":"eb7c36d52d84eca7edc77c7a06e5d39f6d137d0d","isMergeCommit":false,"messageTitle":"Add more test case for better Code Coverage","messageBody":"","fileTypesAndContributionMap":{"test-code":{"insertions":86,"deletions":0}}},{"hash":"9464439165e76a03ac1f266be238ef8ae2912872","isMergeCommit":false,"messageTitle":"Refactor DataLoadingUtilTest to improve test clarity and accuracy","messageBody":"- Updated test cases to write invalid JSON directly using Files.write for consistency.\n- Renamed test method to reflect that an empty file returns an empty AddressBook instead of a sample.\n- Enhanced error handling in test cases for better reliability.\n","fileTypesAndContributionMap":{"test-code":{"insertions":9,"deletions":14}}},{"hash":"25959e7c59df21da3ba018a7ad0212ea91ceb9bf","isMergeCommit":true,"messageTitle":"Merge pull request #79 from adwinang/#78-fix-trips-disk","messageBody":"#78 fix trips disk","fileTypesAndContributionMap":{}}]},{"date":"2025-03-20T00:00:00","commitResults":[{"hash":"2993a2705751a17ad042d90ef490e52b5fcec23e","isMergeCommit":false,"messageTitle":"Add note feature to Trip management","messageBody":"- Introduced a new Note class to represent trip notes.\n- Updated AddTripCommand to include an optional note parameter.\n- Enhanced AddTripCommandParser to parse the note input.\n- Modified Trip class to store and retrieve the note.\n- Updated JsonAdaptedTrip for JSON serialization of trip notes.\n- Adjusted Messages class to display trip notes in the output.\n","fileTypesAndContributionMap":{"functional-code":{"insertions":162,"deletions":25}}},{"hash":"4d37f878b1dfef8639aaf9cce2cedd03bcc4f096","isMergeCommit":false,"messageTitle":"Add tests for trip note functionality","messageBody":"- Created MessagesTest to validate the formatting of trip details including notes.\n- Updated CommandTestUtil to include valid and invalid note descriptions.\n- Enhanced AddTripCommandParserTest to ensure correct parsing of trip notes.\n- Modified TripTest to verify note handling in trip equality and string representation.\n- Updated JsonAdaptedTripTest to test serialization and deserialization of trip notes.\n- Adjusted TypicalTrips to include sample trips with notes for testing.\n","fileTypesAndContributionMap":{"test-code":{"insertions":201,"deletions":42}}},{"hash":"c3e720763d41f6ff229abe364455adb2226e654b","isMergeCommit":false,"messageTitle":"Add unit tests for Note class functionality","messageBody":"- Implemented equals and hashCode tests to validate the behavior of the Note class.\n- Ensured correct handling of equality checks and hash code generation for notes with the same and different values.\n","fileTypesAndContributionMap":{"test-code":{"insertions":45,"deletions":0}}},{"hash":"8d2946d6ee79d546cb845e2b2f2a7efcbaba3eb3","isMergeCommit":false,"messageTitle":"Add note functionality to Contact management","messageBody":"- Introduced a new notes field in the Contact class to store additional information.\n- Updated AddContactCommand and EditCommand to handle notes input.\n- Enhanced command parsers to parse notes from user input.\n- Modified Messages class to display notes in contact details.\n- Updated UI components to show notes in the contact card.\n- Adjusted JSON serialization to include notes for contacts.\n","fileTypesAndContributionMap":{"functional-code":{"insertions":70,"deletions":15}}},{"hash":"33203f7eff2743374ac5e8904b6ab1739ac9fb78","isMergeCommit":false,"messageTitle":"Enhance Contact management with notes functionality","messageBody":"- Added a notes field to the Contact class for storing additional information.\n- Updated relevant commands and parsers to handle notes input and display.\n- Modified JSON serialization to include notes for contacts.\n- Enhanced unit tests to validate the integration of notes in various components.\n","fileTypesAndContributionMap":{"test-code":{"insertions":67,"deletions":23}}},{"hash":"05be213bea1b548d24d0eafa20694db22497cee7","isMergeCommit":true,"messageTitle":"Merge pull request #81 from adwinang/#76-add-notes-when-add-trip","messageBody":"#76 add notes when add trip","fileTypesAndContributionMap":{}},{"hash":"9e93c13cb7b210af492e2180c1213d846ead1e39","isMergeCommit":true,"messageTitle":"Merge pull request #83 from adwinang/#82-Add-Note-to-Contact","messageBody":"#82 add note to contact","fileTypesAndContributionMap":{}}]},{"date":"2025-03-26T00:00:00","commitResults":[{"hash":"9e5460bf27d39dfc16bee72e521a8393ec2fefff","isMergeCommit":false,"messageTitle":"Update README and Ui.png","messageBody":"","fileTypesAndContributionMap":{"docs":{"insertions":18,"deletions":15}}},{"hash":"0729ae258accc581c14477d39449a3e1969df31e","isMergeCommit":false,"messageTitle":"Ammend parameter requirements","messageBody":"","fileTypesAndContributionMap":{"docs":{"insertions":1,"deletions":1}}},{"hash":"24585b0b75c8bd69861231790b5d67eec99af215","isMergeCommit":false,"messageTitle":"Update class diagram to include Trip relations","messageBody":"","fileTypesAndContributionMap":{"docs":{"insertions":14,"deletions":0}}},{"hash":"d93c851f2105130b09273f3d64f492587e29bfea","isMergeCommit":false,"messageTitle":"Add sequence diagram for AddTrip command flow","messageBody":"","fileTypesAndContributionMap":{"docs":{"insertions":64,"deletions":0}}},{"hash":"4e55cf6e3d226c760f3bad1c6172c511aa9c4b21","isMergeCommit":false,"messageTitle":"Fix stylecheck error","messageBody":"","fileTypesAndContributionMap":{"docs":{"insertions":1,"deletions":1}}},{"hash":"a3aead4d173306fee76b641acae4dbc030a78568","isMergeCommit":false,"messageTitle":"Enhance logging in LogicManager, ModelManager, and MainWindow","messageBody":"Additional logging is for better traceability of operations and state changes\n","fileTypesAndContributionMap":{"functional-code":{"insertions":52,"deletions":5}}},{"hash":"185c3d7c6a0952f519497e411e8cfa50acb4f83c","isMergeCommit":false,"messageTitle":"Remove unnecessary whitespace in MainWindow.java","messageBody":"","fileTypesAndContributionMap":{"functional-code":{"insertions":1,"deletions":1}}},{"hash":"8446796881430576a2453a3e1df1d178025894d7","isMergeCommit":false,"messageTitle":"Add Javadoc for ModelManager","messageBody":"","fileTypesAndContributionMap":{"functional-code":{"insertions":3,"deletions":0}}}]},{"date":"2025-03-27T00:00:00","commitResults":[{"hash":"7b56f1dba6a3b8293b84628e3170e9a9eb0771b7","isMergeCommit":true,"messageTitle":"Merge pull request #100 from adwinang/#91-update-readme","messageBody":"Update README and Ui.png","fileTypesAndContributionMap":{}},{"hash":"cfd3e7e6986addd233dfe2c97f825e3092836fc9","isMergeCommit":false,"messageTitle":"Refactor AddTripParser to utilise ParserUtil","messageBody":"","fileTypesAndContributionMap":{"docs":{"insertions":30,"deletions":6}}},{"hash":"8a280b1fba014a3828b1c40e1cfff5a7c61923b1","isMergeCommit":true,"messageTitle":"Merge pull request #106 from adwinang/#103-Add-Trip-UML","messageBody":"#103 add trip uml","fileTypesAndContributionMap":{}},{"hash":"adfeb196f81b03d72e4650b1ca0ef97c21b5dd11","isMergeCommit":true,"messageTitle":"Merge pull request #108 from adwinang/#102-Add-Additional-Logging","messageBody":"#102 add additional logging","fileTypesAndContributionMap":{}},{"hash":"ae90105afded437b7eca18543e070bc9af31de10","isMergeCommit":true,"messageTitle":"Merge pull request #109 from dexterleng/edit-trip-uml","messageBody":"Add EditTripSequenceDiagram","fileTypesAndContributionMap":{}}]},{"date":"2025-04-02T00:00:00","commitResults":[{"hash":"e9a67e38303fc6e20c95a28bc45939679f999aff","isMergeCommit":false,"messageTitle":"Update UserGuide.md","messageBody":"Ensure that User Guide is in line with what is suppose to be appear on the App\n","fileTypesAndContributionMap":{"docs":{"insertions":84,"deletions":18}}},{"hash":"4f1b0cf68b56b6c9318855f8808a5cb4fe22368a","isMergeCommit":true,"messageTitle":"Merge branch \u0027master\u0027 into #119-UserGuide-Draft","messageBody":"","fileTypesAndContributionMap":{}},{"hash":"1719d8438357cb0bbe48f0005d991a9479114d09","isMergeCommit":true,"messageTitle":"Merge remote-tracking branch \u0027upstream/master\u0027 into #119-UserGuide-Draft","messageBody":"","fileTypesAndContributionMap":{}},{"hash":"17ad6a37517dd8b271171fc848451a7b0f9f400f","isMergeCommit":false,"messageTitle":"Fix UserGuide.md","messageBody":"","fileTypesAndContributionMap":{"docs":{"insertions":5,"deletions":18}}},{"hash":"9df38ae5a7c7194ff791cca518351ee70cfef6c8","isMergeCommit":true,"messageTitle":"Merge pull request #171 from adwinang/#119-UserGuide-Draft","messageBody":"Update UserGuide.md","fileTypesAndContributionMap":{}},{"hash":"9087fab66da4c623be3ca738e3f655b6674c475b","isMergeCommit":false,"messageTitle":"Refactor Note handling in trip commands and parser","messageBody":"Update test case as well\n","fileTypesAndContributionMap":{"functional-code":{"insertions":16,"deletions":27},"test-code":{"insertions":61,"deletions":40}}},{"hash":"52a3e41cd98650fe31c8c6639dcbe664fe5fb310","isMergeCommit":false,"messageTitle":"Edit doc for constructor","messageBody":"Closes #128\n","fileTypesAndContributionMap":{"functional-code":{"insertions":1,"deletions":1}}},{"hash":"e463c6d8ae4cba55ca6bb78206e80cd4f529b85c","isMergeCommit":false,"messageTitle":"Fix wrong comment","messageBody":"Close #128\n","fileTypesAndContributionMap":{"functional-code":{"insertions":1,"deletions":1}}},{"hash":"da1469c0de2c18c8c4b7b945c7f21901f692e213","isMergeCommit":true,"messageTitle":"Merge pull request #177 from adwinang/fix-editTrip-command","messageBody":"Allow empty notes when create trips or editing trips","fileTypesAndContributionMap":{}},{"hash":"9ab7f76780667ea4bc075673b942e62b8064ad18","isMergeCommit":false,"messageTitle":"Make customer optional for addTrip","messageBody":"","fileTypesAndContributionMap":{"functional-code":{"insertions":3,"deletions":2},"test-code":{"insertions":45,"deletions":13}}},{"hash":"c323000610a541407b8c82354973ec3e9109af67","isMergeCommit":false,"messageTitle":"Update documentation for optional customer","messageBody":"","fileTypesAndContributionMap":{"functional-code":{"insertions":5,"deletions":2},"docs":{"insertions":20,"deletions":16}}},{"hash":"d516b540c75b0e68c2cd743c571269ff4b7d950f","isMergeCommit":false,"messageTitle":"Update HelpCommand to not show help window","messageBody":"","fileTypesAndContributionMap":{"functional-code":{"insertions":1,"deletions":1},"test-code":{"insertions":1,"deletions":1}}},{"hash":"60e85c35a919d6bc1bed20843b11ca2ab0dda1fc","isMergeCommit":false,"messageTitle":"Mass refactoring of note","messageBody":"Rename all notes to note as well.\n","fileTypesAndContributionMap":{"functional-code":{"insertions":106,"deletions":43},"test-code":{"insertions":49,"deletions":42}}},{"hash":"d5a7df12f86cb389ec183f5b8448ddaa69bd3943","isMergeCommit":false,"messageTitle":"Add test case coverage for Note class","messageBody":"","fileTypesAndContributionMap":{"functional-code":{"insertions":18,"deletions":11},"test-code":{"insertions":83,"deletions":0}}}]},{"date":"2025-04-03T00:00:00","commitResults":[{"hash":"190d6536c4dcc3a686800c4db0a58b2e615b0633","isMergeCommit":true,"messageTitle":"Merge branch \u0027master\u0027 into 129-addtrip-should-allow-trips-to-be-created-without-customer","messageBody":"","fileTypesAndContributionMap":{}},{"hash":"b8a6bd552fcd26275b70e390ad92c6fdbabe1a65","isMergeCommit":true,"messageTitle":"Merge pull request #178 from adwinang/129-addtrip-should-allow-trips-to-be-created-without-customer","messageBody":"129 addtrip should allow trips to be created without customer","fileTypesAndContributionMap":{}},{"hash":"97632b9eb58afea15808f69bc1da9006e94c8a63","isMergeCommit":true,"messageTitle":"Merge pull request #179 from adwinang/master","messageBody":"Update HelpCommand to not show help window","fileTypesAndContributionMap":{}},{"hash":"c85c025810c9f444a71b7795977a8a90effc4663","isMergeCommit":true,"messageTitle":"Merge pull request #180 from adwinang/161-notes-in-contact-is-not-abstracted-out-like-the-rest-of-the-fields","messageBody":"Mass refactoring of note","fileTypesAndContributionMap":{}},{"hash":"c7e15008462bb117e6d32fc8d72a0bc077ec30eb","isMergeCommit":false,"messageTitle":"Update Help Command Output","messageBody":"","fileTypesAndContributionMap":{"functional-code":{"insertions":3,"deletions":3},"docs":{"insertions":11,"deletions":11}}},{"hash":"51d579d3fa41ccab0fd405a117e316355b48b772","isMergeCommit":true,"messageTitle":"Merge pull request #186 from adwinang/fix-help-typo","messageBody":"Update Help Command Output","fileTypesAndContributionMap":{}},{"hash":"199aadfd98c257000db97f42cd3bd4f6b329c631","isMergeCommit":false,"messageTitle":"Update trip uniqueness check to be case-insensitive","messageBody":"","fileTypesAndContributionMap":{"functional-code":{"insertions":3,"deletions":2},"test-code":{"insertions":2,"deletions":2}}},{"hash":"22678bcc89f07b79bea39376e07e9f3c7a32dd80","isMergeCommit":false,"messageTitle":"Fix style error","messageBody":"","fileTypesAndContributionMap":{"functional-code":{"insertions":1,"deletions":1}}},{"hash":"6a89b755116af5a3edbc34291260c50b6b234f7a","isMergeCommit":true,"messageTitle":"Merge pull request #195 from adwinang/153-trip-name-is-unique-and-case-insensitive","messageBody":"Update trip uniqueness check to be case-insensitive","tags":["v1.5"],"fileTypesAndContributionMap":{}},{"hash":"50f3029a0b407eb361ccc8f6cd97e34f5e0b4f35","isMergeCommit":true,"messageTitle":"Merge pull request #196 from SuspectBlue/update-guides","messageBody":"Update DG inconsistencies","fileTypesAndContributionMap":{}}]},{"date":"2025-04-07T00:00:00","commitResults":[{"hash":"e6f24a1d4cca00aadb5389bef11df77c7428c03f","isMergeCommit":false,"messageTitle":"Add Trip Management System to DG","messageBody":"","fileTypesAndContributionMap":{"docs":{"insertions":72,"deletions":67}}},{"hash":"46d1fd62834611f0fbb8fa715d682e82bd5617ae","isMergeCommit":false,"messageTitle":"Refactor Commands in UG and Help to Alphabetical","messageBody":"","fileTypesAndContributionMap":{"functional-code":{"insertions":5,"deletions":5},"docs":{"insertions":105,"deletions":104}}},{"hash":"0c0672ccfefe1c39fda5631588c4ba2af26ca210","isMergeCommit":false,"messageTitle":"Implement confirmation for ClearCommand","messageBody":"Modify MainWindow to display confirmation alerts and adjust related tests for new functionality.\n","fileTypesAndContributionMap":{"functional-code":{"insertions":94,"deletions":6},"test-code":{"insertions":46,"deletions":14}}},{"hash":"8adc8d4fc95d97a79f9a3c57fe4db25eea6670bf","isMergeCommit":true,"messageTitle":"Merge remote-tracking branch \u0027upstream/master\u0027 into 251-pe-dtester-c-dg-implemention-section-for-undofeature-are-not-used-in-the-product","messageBody":"","fileTypesAndContributionMap":{}},{"hash":"a3f85b1b79b8a355962503146e4b4b9f4cea4227","isMergeCommit":true,"messageTitle":"Merge remote-tracking branch \u0027upstream/master\u0027 into 249-pe-dtester-c-ug-help-command-displays-commands-that-are-not-formatted-in-the-same-way-as-user-guide-table-of-contentscommand-summary","messageBody":"","fileTypesAndContributionMap":{}},{"hash":"2b96e4fa88dfae06c77f628570d965617a1b6d1f","isMergeCommit":true,"messageTitle":"Merge pull request #293 from adwinang/251-pe-dtester-c-dg-implemention-section-for-undofeature-are-not-used-in-the-product","messageBody":"Add Trip Management System to DG","fileTypesAndContributionMap":{}},{"hash":"fa9e35d09b7a4db6a10da1e0140df3940bb1db49","isMergeCommit":true,"messageTitle":"Merge pull request #294 from adwinang/249-pe-dtester-c-ug-help-command-displays-commands-that-are-not-formatted-in-the-same-way-as-user-guide-table-of-contentscommand-summary","messageBody":"Refactor Commands in UG and Help to Alphabetical","fileTypesAndContributionMap":{}},{"hash":"5a5c3f7e5e94981cd60810c2ccb5465f27391257","isMergeCommit":false,"messageTitle":"Update DeveloperGuide and UserGuide","messageBody":"Clarify note parameter behavior and introduce planned enhancements for notes and trip end dates.\nAdjust requirements for notes to allow empty content and detailed parsing behavior for parameter prefixes within notes.\n","fileTypesAndContributionMap":{"docs":{"insertions":58,"deletions":5}}},{"hash":"a3224e49bbc5dd5d455824f2d2be08a3b9c71289","isMergeCommit":true,"messageTitle":"Merge pull request #302 from adwinang/283-pe-dtester-e-i-can-add-an-empty-note-to-contact","messageBody":"Update DeveloperGuide and UserGuide","fileTypesAndContributionMap":{}},{"hash":"c770be333ca64f855d623f7159af84f635293f9c","isMergeCommit":false,"messageTitle":"Add additional enhancement to DG","messageBody":"","fileTypesAndContributionMap":{"docs":{"insertions":32,"deletions":0}}},{"hash":"085989fb35e2dcf049943c68e76d64863d5d062f","isMergeCommit":true,"messageTitle":"Merge remote-tracking branch \u0027upstream/master\u0027 into 287-add-a-clear-confirmation-bottom-pop-up","messageBody":"","fileTypesAndContributionMap":{}},{"hash":"f6fc17def747782160fc3e96f71c35193fab076c","isMergeCommit":false,"messageTitle":"Disable showHelp for Help Command","messageBody":"","fileTypesAndContributionMap":{"functional-code":{"insertions":1,"deletions":1},"test-code":{"insertions":1,"deletions":1}}},{"hash":"655a24ef91ec41a2fc5390e43a1c12e89fb55a86","isMergeCommit":false,"messageTitle":"Add clear command confirmation details","messageBody":"","fileTypesAndContributionMap":{"docs":{"insertions":21,"deletions":0}}}]},{"date":"2025-04-08T00:00:00","commitResults":[{"hash":"9e01ca294b3eb5ffbeee091b640640b55009ded0","isMergeCommit":false,"messageTitle":"Add additional content on ignore additional text on help and clear","messageBody":"","fileTypesAndContributionMap":{"docs":{"insertions":10,"deletions":0}}},{"hash":"7b8f229e98a18b56aec350c2c5816f31d846349e","isMergeCommit":true,"messageTitle":"Merge pull request #303 from adwinang/232-pe-dtester-a-trip-is-not-connected-to-person","messageBody":"Add additional enhancement to DG","fileTypesAndContributionMap":{}},{"hash":"5aa2856c9897fa0cf3e248bb431c5634e6272052","isMergeCommit":true,"messageTitle":"Merge remote-tracking branch \u0027upstream/master\u0027 into 287-add-a-clear-confirmation-bottom-pop-up","messageBody":"","fileTypesAndContributionMap":{}},{"hash":"a2a87707459a52c9edaba85c32d6ea7b07cb9223","isMergeCommit":false,"messageTitle":"Remove unnecessary comments","messageBody":"","fileTypesAndContributionMap":{"functional-code":{"insertions":0,"deletions":4}}},{"hash":"0d34e05398c6a9fb08b262e9931a9808f6a86de0","isMergeCommit":true,"messageTitle":"Merge remote-tracking branch \u0027upstream/master\u0027 into 287-add-a-clear-confirmation-bottom-pop-up","messageBody":"","fileTypesAndContributionMap":{}},{"hash":"c8d80ac63f310991783628b0dc43a0e522839979","isMergeCommit":true,"messageTitle":"Merge pull request #297 from adwinang/287-add-a-clear-confirmation-bottom-pop-up","messageBody":"Implement confirmation for ClearCommand","fileTypesAndContributionMap":{}}]}],"dexterleng":[{"date":"2025-03-06T00:00:00","commitResults":[{"hash":"b6558d98bff260738ac208563ba660e5737a9dc5","isMergeCommit":false,"messageTitle":"Add Dexter to AboutUs.md and add dexterleng.md","messageBody":"","fileTypesAndContributionMap":{"docs":{"insertions":51,"deletions":47}}},{"hash":"198e8f888cf88187261899dcbada98d9c769e23f","isMergeCommit":false,"messageTitle":"Add newline to end of .md files","messageBody":"","fileTypesAndContributionMap":{"docs":{"insertions":2,"deletions":2}}},{"hash":"d7e73524f442bebb42a1af7446c392f76e114edf","isMergeCommit":true,"messageTitle":"Merge branch \u0027master\u0027 into info-dexterleng","messageBody":"","fileTypesAndContributionMap":{}},{"hash":"077744ccc3d95503be3e28e6e24de33d81dabee5","isMergeCommit":true,"messageTitle":"Merge pull request #25 from dexterleng/info-dexterleng","messageBody":"Edit Dexter\u0027s AboutUs.md ","fileTypesAndContributionMap":{}}]},{"date":"2025-03-13T00:00:00","commitResults":[{"hash":"6fa730e94a70203bcb1aa0b7720811b56c09e8df","isMergeCommit":false,"messageTitle":"DeveloperGuide.md: Add target user and value proposition","messageBody":"","fileTypesAndContributionMap":{"docs":{"insertions":21,"deletions":8}}}]},{"date":"2025-03-16T00:00:00","commitResults":[{"hash":"bb43a3a7d619ce0f68427a81727db9c9fba6a0fa","isMergeCommit":false,"messageTitle":"Create AddTripCommand, AddTripCommandParser, and Trip","messageBody":"","fileTypesAndContributionMap":{"functional-code":{"insertions":294,"deletions":1},"test-code":{"insertions":11,"deletions":0}}},{"hash":"0b9a119c79168579693f4379699fbe7e492d2d9a","isMergeCommit":false,"messageTitle":"add trip: parse and show error messages for trip fields","messageBody":"","fileTypesAndContributionMap":{"functional-code":{"insertions":341,"deletions":17}}},{"hash":"fd6e0ebd1d9ace990047871b34ed3596f4e39a99","isMergeCommit":false,"messageTitle":"Fix style","messageBody":"","fileTypesAndContributionMap":{"functional-code":{"insertions":23,"deletions":11}}},{"hash":"2bdf4bfca6dd4e2668e6f142b26120a1422e2ba6","isMergeCommit":false,"messageTitle":"add trip: add tests","messageBody":"","fileTypesAndContributionMap":{"test-code":{"insertions":155,"deletions":0}}},{"hash":"870cee8d9a9df30a83525c3ded830d7de00a1b71","isMergeCommit":false,"messageTitle":"Fix style","messageBody":"","fileTypesAndContributionMap":{"test-code":{"insertions":13,"deletions":0}}},{"hash":"148fe71e1159b40166e4cb3632c3465e0356d571","isMergeCommit":false,"messageTitle":"add trip: more tests","messageBody":"","fileTypesAndContributionMap":{"test-code":{"insertions":84,"deletions":0}}},{"hash":"820d89597cc8ce32f35e82d766b47e0e51f2c352","isMergeCommit":false,"messageTitle":"add trip: add TripTest","messageBody":"","fileTypesAndContributionMap":{"test-code":{"insertions":120,"deletions":0}}},{"hash":"d32f4d95c6e318ccbe97b626d230b35ac5500fa6","isMergeCommit":false,"messageTitle":"add trip: more test","messageBody":"","fileTypesAndContributionMap":{"functional-code":{"insertions":2,"deletions":2},"test-code":{"insertions":106,"deletions":0}}},{"hash":"982cb9edb22fff2aa06e4ddadcf4614228c2dae1","isMergeCommit":false,"messageTitle":"add trip: more test","messageBody":"","fileTypesAndContributionMap":{"test-code":{"insertions":60,"deletions":0}}},{"hash":"de487e784d7ea25fb9991be363d602e6d1e3a9b8","isMergeCommit":false,"messageTitle":"add trip: more test","messageBody":"","fileTypesAndContributionMap":{"test-code":{"insertions":221,"deletions":0}}}]},{"date":"2025-03-17T00:00:00","commitResults":[{"hash":"187703239daa752a68e4da1fdbd54530727f2aa9","isMergeCommit":true,"messageTitle":"Merge pull request #49 from dexterleng/add-trip","messageBody":"Add Trip: parse input and perform validation","fileTypesAndContributionMap":{}}]},{"date":"2025-03-25T00:00:00","commitResults":[{"hash":"b1c0c51225178d0247667a3bbd4a49a04f7e010d","isMergeCommit":false,"messageTitle":"Add edit trip command","messageBody":"","fileTypesAndContributionMap":{"functional-code":{"insertions":346,"deletions":1}}},{"hash":"f5046379b3e52f0caab3ec7bc22f39e9394e07f3","isMergeCommit":false,"messageTitle":"Fix styles","messageBody":"","fileTypesAndContributionMap":{"functional-code":{"insertions":9,"deletions":5}}},{"hash":"ff43a0f1ac814c56a4948ac798b4625182f7ae79","isMergeCommit":false,"messageTitle":"Add EditTripCommandParserTest","messageBody":"","fileTypesAndContributionMap":{"functional-code":{"insertions":27,"deletions":10},"test-code":{"insertions":308,"deletions":0}}},{"hash":"8738ac613a42c6a4a9468173d69c2a6f8245478f","isMergeCommit":false,"messageTitle":"Fix styles","messageBody":"","fileTypesAndContributionMap":{"test-code":{"insertions":19,"deletions":25}}},{"hash":"33ada273f4469df0320b9560f6737c1a3a5e4bb1","isMergeCommit":false,"messageTitle":"Add EditTripCommandTest","messageBody":"","fileTypesAndContributionMap":{"test-code":{"insertions":205,"deletions":0}}},{"hash":"c6d77173ddfa31db6c30e1983f9ec46b9f71690f","isMergeCommit":true,"messageTitle":"Merge pull request #97 from dexterleng/edit-trip","messageBody":"Add edit trip command","fileTypesAndContributionMap":{}}]},{"date":"2025-03-27T00:00:00","commitResults":[{"hash":"fec4fbdc3320d764dae376e6b9bf1502155adf7f","isMergeCommit":false,"messageTitle":"Add EditTripSequenceDiagram","messageBody":"","fileTypesAndContributionMap":{"docs":{"insertions":91,"deletions":0}}}]},{"date":"2025-04-02T00:00:00","commitResults":[{"hash":"cd83992101dd34b5b9ccb298d916ae5899c2f34b","isMergeCommit":false,"messageTitle":"Fix listTrip\u0027s error message formatting","messageBody":"","fileTypesAndContributionMap":{"functional-code":{"insertions":2,"deletions":2}}},{"hash":"a177a347031896539f89b143c5b891590fbe9324","isMergeCommit":false,"messageTitle":"Contact: trim internal spaces when parsing and checking for duplicates","messageBody":"","fileTypesAndContributionMap":{"functional-code":{"insertions":4,"deletions":2}}},{"hash":"9b86c639b8e13c1e36c3ccec31b058265d6da0f7","isMergeCommit":true,"messageTitle":"Merge pull request #174 from dexterleng/trim-contact-names","messageBody":"Contact: trim internal spaces when parsing and checking for duplicates","fileTypesAndContributionMap":{}},{"hash":"30ecce61cceb51f9df88c8c518e8c241ae2d8377","isMergeCommit":true,"messageTitle":"Merge pull request #173 from dexterleng/listtrip-error-formatting","messageBody":"Fix listTrip\u0027s error message formatting","fileTypesAndContributionMap":{}},{"hash":"5c46292ea77db25b715fb72913f11e7b72b436e4","isMergeCommit":false,"messageTitle":"Name: allow Unicode letters, digits, and common name punctuation","messageBody":"","fileTypesAndContributionMap":{"functional-code":{"insertions":8,"deletions":9},"test-code":{"insertions":13,"deletions":4}}},{"hash":"d49e6cdb607ca58fc747e7d8ac2ca684899e2515","isMergeCommit":false,"messageTitle":"Fix minor issues in user guide","messageBody":"","fileTypesAndContributionMap":{"docs":{"insertions":3,"deletions":3}}},{"hash":"054fb888afc4d30fc43045ad9ec6c0ac86651d85","isMergeCommit":true,"messageTitle":"Merge pull request #176 from dexterleng/user-guide-fix","messageBody":"Fix minor issues in user guide","fileTypesAndContributionMap":{}},{"hash":"74c817bc76be7d431e32f96b96bf955f27d807ae","isMergeCommit":true,"messageTitle":"Merge pull request #175 from dexterleng/relax-name-validation","messageBody":"Name: allow Unicode letters, digits, and common name punctuation","fileTypesAndContributionMap":{}}]},{"date":"2025-04-03T00:00:00","commitResults":[{"hash":"13920150de7f280c76a55144ca3cb5835cbd95d5","isMergeCommit":false,"messageTitle":"Use email instead of name to identify Contact","messageBody":"","fileTypesAndContributionMap":{"functional-code":{"insertions":2,"deletions":2},"test-code":{"insertions":6,"deletions":11}}},{"hash":"6f168b8daf7a9ff8363bd89da4399ba3e27359b5","isMergeCommit":true,"messageTitle":"Merge pull request #187 from dexterleng/unique-contact-email","messageBody":"Use email instead of name to identify Contact","fileTypesAndContributionMap":{}}]},{"date":"2025-04-07T00:00:00","commitResults":[{"hash":"3838676e68ece875f29d13a26f17757a67954d5b","isMergeCommit":false,"messageTitle":"ListTrip: show helpful message when no trips are found","messageBody":"","fileTypesAndContributionMap":{"functional-code":{"insertions":12,"deletions":14},"test-code":{"insertions":15,"deletions":3}}},{"hash":"583a4d9f4abd9af5abdd6df714165a4fa74d46de","isMergeCommit":false,"messageTitle":"Find: Show \u0027No matching names found!\u0027 when there are no matches","messageBody":"","fileTypesAndContributionMap":{"functional-code":{"insertions":12,"deletions":14},"test-code":{"insertions":2,"deletions":1}}},{"hash":"dbcdc583e0b6aa5e42accb0745cff1508ff2e0ea","isMergeCommit":true,"messageTitle":"Merge pull request #292 from dexterleng/find-zero-results-msg","messageBody":"Find: Show \u0027No matching names found!\u0027 when there are no matches","fileTypesAndContributionMap":{}},{"hash":"27188b1bca9dadfcb602d52f8bba9719640f1cb1","isMergeCommit":true,"messageTitle":"Merge pull request #290 from dexterleng/no-trips-message","messageBody":"ListTrip: show helpful message when no trips are found","fileTypesAndContributionMap":{}},{"hash":"4f0e01876805feeafbbdc9ac7f986ff03a1398c7","isMergeCommit":false,"messageTitle":"Add a sample trip","messageBody":"","fileTypesAndContributionMap":{"functional-code":{"insertions":28,"deletions":1}}},{"hash":"f6ac594083037fa476b8c0471728eae8b1093858","isMergeCommit":false,"messageTitle":"Fix ambiguous import","messageBody":"","fileTypesAndContributionMap":{"functional-code":{"insertions":2,"deletions":3},"test-code":{"insertions":1,"deletions":1}}},{"hash":"f15b2db47faec65bc08717a64a3fa567fb8ced31","isMergeCommit":true,"messageTitle":"Merge pull request #299 from dexterleng/add-sample-trip","messageBody":"Add a sample trip","fileTypesAndContributionMap":{}}]}]},"authorFileTypeContributionMap":{"kararei":{"docs":224,"functional-code":456,"test-code":372},"SuspectBlue":{"docs":257,"functional-code":418,"test-code":349,"other":4},"zyonwee":{"docs":320,"functional-code":111,"test-code":254,"other":1},"adwinang":{"docs":380,"functional-code":1286,"test-code":1699},"dexterleng":{"docs":149,"functional-code":951,"test-code":1248}},"authorContributionVariance":{"kararei":32870.46,"SuspectBlue":12177.702,"zyonwee":6293.9014,"adwinang":80405.555,"dexterleng":61956.07},"authorDisplayNameMap":{"kararei":"CS2103-F09-1 KARA..ANGE","SuspectBlue":"CS2103-F09-1 JOVA..IHAO","zyonwee":"CS2103-F09-1 ZYON.. WEI","adwinang":"CS2103-F09-1 ANG ..DWIN","dexterleng":"CS2103-F09-1 DEXT.. HAO"}}
