{"authorDailyContributionsMap":{"LonelyFort":[{"date":"2025-02-21","commitResults":[{"hash":"7b557cf1856dcf5b4c2b91bd230189792efdb8df","isMergeCommit":false,"messageTitle":"Update README.md","messageBody":"","fileTypesAndContributionMap":{"docs":{"insertions":2,"deletions":0}}},{"hash":"485934508b642cb54104aa5dfff33928e80d53fd","isMergeCommit":false,"messageTitle":"Update README.md","messageBody":"","fileTypesAndContributionMap":{"docs":{"insertions":2,"deletions":0}}}]},{"date":"2025-03-01","commitResults":[{"hash":"319cf998c647fd5b0ffcc7a4ce22818e7dcac9e9","isMergeCommit":false,"messageTitle":"update AboutUs.md","messageBody":"","fileTypesAndContributionMap":{"docs":{"insertions":2,"deletions":2}}},{"hash":"0594e1d2802a4b3ea5c40950547b44788f2fb044","isMergeCommit":true,"messageTitle":"Merge pull request #23 from SAN-MUYUN/branch-AboutUs","messageBody":"Update AboutUs for Muyun.","fileTypesAndContributionMap":{}},{"hash":"8de76393d8804818666c3c2e9f5fc935ac9ae4e4","isMergeCommit":false,"messageTitle":"update aboutus.md for jeff\u0027s name","messageBody":"","fileTypesAndContributionMap":{"docs":{"insertions":1,"deletions":1}}},{"hash":"bb26831f81fa7d7df6509517d98d4dd19c3c0509","isMergeCommit":false,"messageTitle":"Remove Jean Doe from AboutUs.md","messageBody":"","fileTypesAndContributionMap":{"docs":{"insertions":0,"deletions":10}}}]},{"date":"2025-03-03","commitResults":[{"hash":"696b5a095ca8463a034ef03ba1da5cf1dded7893","isMergeCommit":true,"messageTitle":"Merge pull request #32 from SAN-MUYUN/branch-UpdateResponsibility","messageBody":"Update reponsibility in AboutUs","fileTypesAndContributionMap":{}}]},{"date":"2025-03-05","commitResults":[{"hash":"6b2ecf3f0128ec6feceef6575986b6dd86f0dc3e","isMergeCommit":false,"messageTitle":"update README.md to match AcademySource","messageBody":"","fileTypesAndContributionMap":{"docs":{"insertions":17,"deletions":13}}},{"hash":"f6019a141a95cf3cbbca33d98d30a12f143f3c20","isMergeCommit":false,"messageTitle":"update README.md","messageBody":"","fileTypesAndContributionMap":{"docs":{"insertions":5,"deletions":0}}},{"hash":"71ce08a390dae8e83e888a27b80b7cb0c38e64bb","isMergeCommit":false,"messageTitle":"update site wide settings for AcademySource","messageBody":"","fileTypesAndContributionMap":{"other":{"insertions":2,"deletions":2}}}]},{"date":"2025-03-06","commitResults":[{"hash":"f3b62b063a42a8ee0c0de0c67387a0d5f1c02311","isMergeCommit":true,"messageTitle":"Merge pull request #42 from SAN-MUYUN/branch-NFR","messageBody":"Update NFR and glossary for DG","fileTypesAndContributionMap":{}}]},{"date":"2025-03-15","commitResults":[{"hash":"42b0a043f4e69fc2b8b97d74f462ef16cfabf80d","isMergeCommit":false,"messageTitle":"progress on changing UI for AcademySource","messageBody":"","fileTypesAndContributionMap":{"functional-code":{"insertions":104,"deletions":30},"other":{"insertions":109,"deletions":167}}}]},{"date":"2025-03-16","commitResults":[{"hash":"9944ade72d693106a28315c4e36b246631ccdc25","isMergeCommit":false,"messageTitle":"finish changes for UI in AcademySource","messageBody":"","fileTypesAndContributionMap":{"functional-code":{"insertions":41,"deletions":27}}},{"hash":"99b389bc626ab8c7c9cf9c9a52d3227ace3c6f82","isMergeCommit":false,"messageTitle":"update personListPanel to pass checkstyle","messageBody":"","fileTypesAndContributionMap":{"functional-code":{"insertions":0,"deletions":3}}},{"hash":"31d6657d0e673e311aadd618e7dcfa2ba70be092","isMergeCommit":true,"messageTitle":"Merge branch \u0027master\u0027 into change-UI-for-academySource","messageBody":"","fileTypesAndContributionMap":{}},{"hash":"13ba885c974b48ae025db2acdc6ffa6a630206c8","isMergeCommit":true,"messageTitle":"Merge pull request #54 from darrenchooji/branch-find","messageBody":"Add find by phone number function","fileTypesAndContributionMap":{}},{"hash":"5f15180bbb203c3827705abb16ec44ca95d51170","isMergeCommit":false,"messageTitle":"fix checkstyle issues and update sample data","messageBody":"","fileTypesAndContributionMap":{"functional-code":{"insertions":9,"deletions":7}}},{"hash":"99848a1626baac50b59c7be1ff6992a2b888955a","isMergeCommit":false,"messageTitle":"fix checkstyle issue in UserGuide","messageBody":"","fileTypesAndContributionMap":{"docs":{"insertions":9,"deletions":9}}},{"hash":"2f5b81c2cf9e9d4dafc597f331ceacab610f078c","isMergeCommit":false,"messageTitle":"fix checkstyle for developer guide","messageBody":"","fileTypesAndContributionMap":{"docs":{"insertions":2,"deletions":2}}},{"hash":"2d5d4a4672c253fa3f640c8314b757f00a5abfd2","isMergeCommit":false,"messageTitle":"fix checkstyle for dev guide","messageBody":"","fileTypesAndContributionMap":{"docs":{"insertions":2,"deletions":2}}},{"hash":"76ab4a648e7ee71be604af19aa0bd9350c026b46","isMergeCommit":false,"messageTitle":"fix checkstyle for developer guide","messageBody":"","fileTypesAndContributionMap":{"docs":{"insertions":1,"deletions":1}}},{"hash":"feee6632c7924de3e0b7682cc8312d9cb9b7d189","isMergeCommit":false,"messageTitle":"make git ignore trailing white spaces in md files","messageBody":"","fileTypesAndContributionMap":{"docs":{"insertions":2,"deletions":4}}},{"hash":"8468102f2449c60dd129063d97f07162f5596ec7","isMergeCommit":false,"messageTitle":"fix checkstyle issues","messageBody":"","fileTypesAndContributionMap":{"docs":{"insertions":3,"deletions":3}}},{"hash":"7afe187de4498b463368f9b4ec9b728b44850f79","isMergeCommit":false,"messageTitle":"fix checkstyle","messageBody":"","fileTypesAndContributionMap":{"docs":{"insertions":1,"deletions":1}}},{"hash":"3329b3cf5744275b1384e13ad2f4c2548b74e77a","isMergeCommit":false,"messageTitle":"fix checkstyle issue","messageBody":"","fileTypesAndContributionMap":{"functional-code":{"insertions":2,"deletions":2},"docs":{"insertions":2,"deletions":2}}}]},{"date":"2025-03-18","commitResults":[{"hash":"45a5f46bf1433e6427523f5c8f9117de17e71b28","isMergeCommit":false,"messageTitle":"fix array out of bound bug for contacts with missing tags","messageBody":"","fileTypesAndContributionMap":{"functional-code":{"insertions":36,"deletions":12}}},{"hash":"be67e1788f39d742a9fdad331781031cdae6faa8","isMergeCommit":false,"messageTitle":"improve AcademySource GUI","messageBody":"","fileTypesAndContributionMap":{"functional-code":{"insertions":294,"deletions":54},"other":{"insertions":7,"deletions":6}}},{"hash":"05762baaa75943ad54ec66683a53f6b7357e64c0","isMergeCommit":false,"messageTitle":"update ModuleRegistryTest.java","messageBody":"","fileTypesAndContributionMap":{"test-code":{"insertions":15,"deletions":0}}},{"hash":"bc61f45937da57bbba528df74ea1920730097873","isMergeCommit":false,"messageTitle":"fix some GUI bug","messageBody":"","fileTypesAndContributionMap":{"functional-code":{"insertions":17,"deletions":4}}},{"hash":"1ec02d2568c94dd8924af3671184efceb137246d","isMergeCommit":false,"messageTitle":"fix code readability","messageBody":"","fileTypesAndContributionMap":{"functional-code":{"insertions":1,"deletions":3}}}]},{"date":"2025-03-19","commitResults":[{"hash":"5c91f396c83214bf217812332d01a10307cedd98","isMergeCommit":true,"messageTitle":"Merge branch \u0027change-UI-for-academySource\u0027 into improve-UI","messageBody":"","fileTypesAndContributionMap":{}},{"hash":"09661bc4ff458499f0cfca26a940e4a2cfc59bbe","isMergeCommit":false,"messageTitle":"implement folder button functionality","messageBody":"","fileTypesAndContributionMap":{"functional-code":{"insertions":57,"deletions":18},"other":{"insertions":3,"deletions":1}}},{"hash":"c1fdbedab0e7bc9fd6890190a6097417d58a3354","isMergeCommit":false,"messageTitle":"fix checkstyle issues","messageBody":"","fileTypesAndContributionMap":{"functional-code":{"insertions":14,"deletions":12},"other":{"insertions":2,"deletions":2}}},{"hash":"c26e215f4124f5ddf4c89d5e576e7af07a131ea7","isMergeCommit":true,"messageTitle":"Merge pull request #64 from wallacepck/cmd-nav","messageBody":"Cmd nav","fileTypesAndContributionMap":{}},{"hash":"e77e7778c32e495396d86d15aba5458f28c8cfb3","isMergeCommit":true,"messageTitle":"Merge branch \u0027improve-UI\u0027 into improve-UI-2","messageBody":"","fileTypesAndContributionMap":{}},{"hash":"b6604c27d0f3fdd868206d32a2c2f63f57e3a0bf","isMergeCommit":false,"messageTitle":"fix small bug in sidebar","messageBody":"","fileTypesAndContributionMap":{"functional-code":{"insertions":0,"deletions":1}}}]},{"date":"2025-03-25","commitResults":[{"hash":"9dd935f0a4f44bb14fe9929b0b5380434027d955","isMergeCommit":false,"messageTitle":"Fix module tab not updating bug","messageBody":"","fileTypesAndContributionMap":{"functional-code":{"insertions":82,"deletions":35}}},{"hash":"1e3ea4da4458ae1c3cb8b324fde0c478be912ff4","isMergeCommit":false,"messageTitle":"Fix some javadoc issue","messageBody":"","fileTypesAndContributionMap":{"functional-code":{"insertions":5,"deletions":2}}}]},{"date":"2025-03-26","commitResults":[{"hash":"4ec763966815810a46abdfebf6feacb5162ca4e1","isMergeCommit":false,"messageTitle":"Fix abstraction issue","messageBody":"","fileTypesAndContributionMap":{"functional-code":{"insertions":20,"deletions":15},"other":{"insertions":1,"deletions":3}}},{"hash":"ace75bdc83aa90f8f0713a5c8f506aea3f651c12","isMergeCommit":false,"messageTitle":"Add javadocs to new interface and rename some stuff","messageBody":"","fileTypesAndContributionMap":{"functional-code":{"insertions":15,"deletions":6},"other":{"insertions":1,"deletions":1}}}]},{"date":"2025-03-27","commitResults":[{"hash":"d10d6833a3ce3d431c2acd024a1651adc8d3f87f","isMergeCommit":false,"messageTitle":"Fix module folder affected by filter bug and add some features in sidebar","messageBody":"","fileTypesAndContributionMap":{"functional-code":{"insertions":27,"deletions":9},"other":{"insertions":7,"deletions":3},"test-code":{"insertions":9,"deletions":0}}},{"hash":"6addb72321cafbfbe6f8211120fa94a82b1344c3","isMergeCommit":true,"messageTitle":"Merge pull request #75 from wallacepck/separate-role","messageBody":"Separate Role from Tag","fileTypesAndContributionMap":{}},{"hash":"9a4b656071121db0c898c8471c8de124f75a976d","isMergeCommit":true,"messageTitle":"Merge branch \u0027master\u0027 into update-module-after-command","messageBody":"","fileTypesAndContributionMap":{}},{"hash":"88f55e7142144dbb576e8266a7201878649e80e1","isMergeCommit":true,"messageTitle":"Merge branch \u0027master\u0027 into update-module-after-command","messageBody":"","fileTypesAndContributionMap":{}},{"hash":"00c24aa25eae2ab38a23050681e7e57253700b0c","isMergeCommit":false,"messageTitle":"Update SampleDataUtil.java","messageBody":"","fileTypesAndContributionMap":{"functional-code":{"insertions":6,"deletions":6}}},{"hash":"2b24b63f5ba554b690c9fa30c1980375075a325e","isMergeCommit":true,"messageTitle":"Merge pull request #78 from LonelyFort/update-module-after-command","messageBody":"Fix module tab not updating bug","tags":["v1.4"],"fileTypesAndContributionMap":{}},{"hash":"eb3e3359c592d8f8a89bac2c69f55de5b0e37aad","isMergeCommit":false,"messageTitle":"Update SampleDataUtil.java","messageBody":"","fileTypesAndContributionMap":{"functional-code":{"insertions":2,"deletions":2}}},{"hash":"68443f72741e856fd2a979c8d494f9aa03260322","isMergeCommit":true,"messageTitle":"Merge pull request #85 from LonelyFort/Fix-SampleDataUtil-Names","messageBody":"Update SampleDataUtil.java","fileTypesAndContributionMap":{}},{"hash":"663a1ff7bf10d78d9bb36cc223c2852eb58db6c2","isMergeCommit":false,"messageTitle":"Change test data","messageBody":"","fileTypesAndContributionMap":{"test-code":{"insertions":1,"deletions":1}}},{"hash":"a94ec88b87511ac9b9369ca54b31dab656ae81e3","isMergeCommit":true,"messageTitle":"Merge pull request #88 from TeaMakesMePee/update-puml","messageBody":"Update PUML and enable assertions in build.gradle","fileTypesAndContributionMap":{}}]},{"date":"2025-03-28","commitResults":[{"hash":"f62c97c7ffa9a583aa0e67b70e7fdf08f860d7bd","isMergeCommit":false,"messageTitle":"Update UserGuide.md","messageBody":"","fileTypesAndContributionMap":{"docs":{"insertions":22,"deletions":0}}},{"hash":"3b5485e0625db5a8d6904d2710db31bb75948ac1","isMergeCommit":true,"messageTitle":"Merge branch \u0027AY2425S2-CS2103T-T17-4:master\u0027 into add-GUI-guide-to-user-gide","messageBody":"","fileTypesAndContributionMap":{}},{"hash":"6379598540ea93e9f91c1151a205fe7859b2de82","isMergeCommit":true,"messageTitle":"Merge pull request #95 from wallacepck/ug-seq-pics","messageBody":"Update UG with cmd illustrations, Remove tag from UI msg","fileTypesAndContributionMap":{}},{"hash":"78715235cc4f803f0fac7cb35eebe724ddadcdc9","isMergeCommit":true,"messageTitle":"Merge pull request #97 from SAN-MUYUN/branch-updateUG","messageBody":"Branch update UG","fileTypesAndContributionMap":{}},{"hash":"4b7cbaec2ba9085dd87e0647e97eb70b8285ed25","isMergeCommit":false,"messageTitle":"Update UserGuide.md","messageBody":"","fileTypesAndContributionMap":{"docs":{"insertions":34,"deletions":0}}},{"hash":"2c6eac71edec81d01f24bcdb344b01a6540f1dfd","isMergeCommit":true,"messageTitle":"Merge pull request #100 from SAN-MUYUN/branch-updateUG","messageBody":"Remove duplicate list instruction","fileTypesAndContributionMap":{}}]},{"date":"2025-03-29","commitResults":[{"hash":"cc389194e0322cc777f98fb6c3ff5dcc39912b6e","isMergeCommit":false,"messageTitle":"Update UiClassDiagram.puml","messageBody":"","fileTypesAndContributionMap":{"docs":{"insertions":8,"deletions":0}}}]},{"date":"2025-03-30","commitResults":[{"hash":"469ec8d324b1f035130f996de6e6620f6f8352ad","isMergeCommit":true,"messageTitle":"Merge pull request #107 from darrenchooji/branch-uml","messageBody":"Add FindSequenceDiagram and DeveloperGuide.md","fileTypesAndContributionMap":{}},{"hash":"dc6edb6362637faf3bc4819105fa1370162d2b21","isMergeCommit":true,"messageTitle":"Merge pull request #103 from wallacepck/dg-model","messageBody":"Update model in developer guide","fileTypesAndContributionMap":{}}]},{"date":"2025-03-31","commitResults":[{"hash":"c4026a827b6c9e5bdd4dc29b6cf8c9fb8f3db289","isMergeCommit":false,"messageTitle":"Add empty list display and empty folder display for AcademySource","messageBody":"","fileTypesAndContributionMap":{"functional-code":{"insertions":80,"deletions":10}}},{"hash":"bc27fc2807bd451433512f9dfe2828a782f22f6b","isMergeCommit":false,"messageTitle":"Fix flicker on selection bug","messageBody":"","fileTypesAndContributionMap":{"functional-code":{"insertions":14,"deletions":10}}},{"hash":"afe61d4f48fb530d00c0c537872402cb8c30bbb7","isMergeCommit":false,"messageTitle":"Update PersonListPanel.java","messageBody":"","fileTypesAndContributionMap":{"functional-code":{"insertions":2,"deletions":0}}}]},{"date":"2025-04-01","commitResults":[{"hash":"b1a49b80e62516bede59137c08ed20f76084f7fd","isMergeCommit":false,"messageTitle":"Add javadoc to new methods","messageBody":"","fileTypesAndContributionMap":{"functional-code":{"insertions":83,"deletions":10}}},{"hash":"d71d91ae5733be515e0eaf6af724a42ee424f5d2","isMergeCommit":true,"messageTitle":"Merge branch \u0027empty-list-display-and-favourite-file\u0027 into fix-ui-codebase","messageBody":"","fileTypesAndContributionMap":{}},{"hash":"8aadfa9c36ca58f918b841d24d49691f48e8786d","isMergeCommit":true,"messageTitle":"Merge branch \u0027AY2425S2-CS2103T-T17-4:master\u0027 into fix-ui-codebase","messageBody":"","fileTypesAndContributionMap":{}},{"hash":"5a1c7d2ef7dcb9fd1d8b586be59c1ac425881afc","isMergeCommit":false,"messageTitle":"Clean up codebase for Ui","messageBody":"","fileTypesAndContributionMap":{"functional-code":{"insertions":28,"deletions":67},"other":{"insertions":13,"deletions":3}}},{"hash":"d93fe26b7b832ce0817fa2a97c3c2c0911f9e8c4","isMergeCommit":false,"messageTitle":"Update UiClassDiagram.puml","messageBody":"","fileTypesAndContributionMap":{"docs":{"insertions":16,"deletions":9}}}]},{"date":"2025-04-02","commitResults":[{"hash":"c2272c9e528390ae7b02616e207505fec7fe1cd3","isMergeCommit":true,"messageTitle":"Merge pull request #115 from wallacepck/cmd-erase-fix","messageBody":"Fix Cmd nav bug, improve userguide","fileTypesAndContributionMap":{}},{"hash":"2940a59a08a05934ca3051e636e0f0230377f6c6","isMergeCommit":false,"messageTitle":"Fix sidebar button bug","messageBody":"","fileTypesAndContributionMap":{"functional-code":{"insertions":14,"deletions":9}}},{"hash":"44d5a9865e1ab0800ff2494ece1650afe030ccef","isMergeCommit":false,"messageTitle":"Fix scrollbar regression bug in contact list","messageBody":"","fileTypesAndContributionMap":{"functional-code":{"insertions":10,"deletions":16}}},{"hash":"193a4a535c94632f166f6be77b1d0a532b2dec1b","isMergeCommit":true,"messageTitle":"Merge pull request #111 from wallacepck/remove-tag","messageBody":"Remove tag from AcademySource.","fileTypesAndContributionMap":{}},{"hash":"db0e5eff7afbd61a3048b9f4037b12d4f7f9c21c","isMergeCommit":true,"messageTitle":"Merge branch \u0027master\u0027 into empty-list-display-and-favourite-file","messageBody":"","fileTypesAndContributionMap":{}},{"hash":"2a725944154c49aabd8d6423d6bfcc12ea5d0f90","isMergeCommit":false,"messageTitle":"Add accepted module codes table","messageBody":"","fileTypesAndContributionMap":{"docs":{"insertions":17,"deletions":1}}},{"hash":"e2743795d623072e956a5520fb8f2c927506f796","isMergeCommit":true,"messageTitle":"Merge branch \u0027AY2425S2-CS2103T-T17-4:master\u0027 into update-module-ug","messageBody":"","fileTypesAndContributionMap":{}},{"hash":"b5b5d4648a9bc971db7bcd103d5ec02f01b3e70b","isMergeCommit":true,"messageTitle":"Merge pull request #118 from LonelyFort/empty-list-display","messageBody":"Create an empty display for modules tab and contacts tab and add favourite file","fileTypesAndContributionMap":{}},{"hash":"a20899e0601942fd6ff4302479b735ee3a5d78df","isMergeCommit":true,"messageTitle":"Merge pull request #141 from LonelyFort/update-module-ug","messageBody":"Update module ug","fileTypesAndContributionMap":{}},{"hash":"4ba70c425510c028de9c793806f98b7eec5eb17b","isMergeCommit":true,"messageTitle":"Merge branch \u0027master\u0027 into fix-ui-codebase","messageBody":"","fileTypesAndContributionMap":{}},{"hash":"7770362df35317d32aff44f9eb662ab41e271286","isMergeCommit":false,"messageTitle":"Update UserGuide.md","messageBody":"","fileTypesAndContributionMap":{"docs":{"insertions":0,"deletions":1}}},{"hash":"b5b8a809ef046536d9f7906426c2586ccb15025c","isMergeCommit":true,"messageTitle":"Merge branch \u0027master\u0027 into fix-ui-codebase","messageBody":"","fileTypesAndContributionMap":{}},{"hash":"1f3ad2e74de781a21982f559b47bc87660c334fb","isMergeCommit":false,"messageTitle":"Update UserGuide.md","messageBody":"","fileTypesAndContributionMap":{"docs":{"insertions":2,"deletions":1}}},{"hash":"a1f21bd633524d800e5e360e071b6cd2b2454fa1","isMergeCommit":false,"messageTitle":"Update UserGuide.md","messageBody":"","fileTypesAndContributionMap":{"docs":{"insertions":2,"deletions":2}}},{"hash":"2e9df2fa5d45da1b80636cda1783f5a75b27e776","isMergeCommit":true,"messageTitle":"Merge pull request #142 from LonelyFort/update-module-ug","messageBody":"Fix UG rendering bug","fileTypesAndContributionMap":{}},{"hash":"0407ed2fd7713265eb57b189f4ced337bdf34879","isMergeCommit":false,"messageTitle":"Update UserGuide.md","messageBody":"","fileTypesAndContributionMap":{"docs":{"insertions":2,"deletions":2}}},{"hash":"09083be364ea0b120c09a746b3f2568e02adc084","isMergeCommit":true,"messageTitle":"Merge branch \u0027AY2425S2-CS2103T-T17-4:master\u0027 into update-module-ug","messageBody":"","fileTypesAndContributionMap":{}},{"hash":"d45ec36f11aa7450f9e08f4d91eac6b2e6465bba","isMergeCommit":true,"messageTitle":"Merge pull request #143 from LonelyFort/update-module-ug","messageBody":"Fix some small issue in wording in UG","fileTypesAndContributionMap":{}}]}],"darrenchooji":[{"date":"2025-03-01","commitResults":[{"hash":"97b4bb1cc078348bd0166e8656a72ce5083f963f","isMergeCommit":false,"messageTitle":"Update AboutUs.md","messageBody":"","fileTypesAndContributionMap":{"docs":{"insertions":5,"deletions":6}}},{"hash":"ee58c8cd9c6bd4c2722fc6bc9e725712d64da1bd","isMergeCommit":false,"messageTitle":"Update AboutUs.md","messageBody":"","fileTypesAndContributionMap":{"docs":{"insertions":10,"deletions":9}}},{"hash":"c7b3ff05943abae36a018fb58c4b2a85b886ffcf","isMergeCommit":true,"messageTitle":"Merge pull request #24 from wallacepck/aboutus","messageBody":"Add Wallace\u0027s info to AboutUs","fileTypesAndContributionMap":{}},{"hash":"6a3f6965fa45c4f55cadd64995a38c1d80aa09c3","isMergeCommit":true,"messageTitle":"Merge pull request #21 from TeaMakesMePee/about-us","messageBody":"Update Faizal\u0027s AboutUs","fileTypesAndContributionMap":{}}]},{"date":"2025-03-05","commitResults":[{"hash":"7835b47d88bebd590caadaad04f034c37f45aa59","isMergeCommit":true,"messageTitle":"Merge branch \u0027branch-AboutUs\u0027","messageBody":"","fileTypesAndContributionMap":{}},{"hash":"bbd90d564135580d6e997992b802437ff6be2990","isMergeCommit":true,"messageTitle":"Merge remote-tracking branch \u0027origin/master\u0027","messageBody":"","fileTypesAndContributionMap":{}}]},{"date":"2025-03-06","commitResults":[{"hash":"032fcfc2ce38bedaa0461b2f632f4cb0330239e9","isMergeCommit":false,"messageTitle":"Update DeveloperGuide.md","messageBody":"Added targer user profile, value proposition, and user stories.\n","fileTypesAndContributionMap":{"docs":{"insertions":26,"deletions":12}}},{"hash":"19ca993360411a76e5b2f4e50a3d59d03db33675","isMergeCommit":false,"messageTitle":"Update DeveloperGuide.md","messageBody":"Added 4 use cases.\n","fileTypesAndContributionMap":{"docs":{"insertions":52,"deletions":9}}},{"hash":"01fca0d48e61f2646d141eabe59dedfee399586a","isMergeCommit":true,"messageTitle":"Merge pull request #36 from LonelyFort/update-README.md","messageBody":"Update readme.md as part of Week 7 tp task part 2 section A","fileTypesAndContributionMap":{}},{"hash":"0edcc96afa32224db590a3e5598b4f6e379ef472","isMergeCommit":true,"messageTitle":"Merge pull request #37 from LonelyFort/update-site-wide-settings","messageBody":"update site wide settings for AcademySource","fileTypesAndContributionMap":{}}]},{"date":"2025-03-15","commitResults":[{"hash":"ad8707b02d519856cd1d48c10ad75ad28c17a51b","isMergeCommit":true,"messageTitle":"Merge pull request #53 from SAN-MUYUN/branch-Add-Module","messageBody":"Fix checkstyle problems","fileTypesAndContributionMap":{}}]},{"date":"2025-03-16","commitResults":[{"hash":"6e4bb4f982d5a13ecf71edd51c96b1c3b6f143bd","isMergeCommit":false,"messageTitle":"Update AddressBookParserTest.java, FindCommand.java, FindCommandParser.java, FindCommandParserTest.java, PersonContainsKeywordsPredicate.java.","messageBody":"Find function can be done by phone or name. Added the necessary prefixes to facilitate the find function.\n","fileTypesAndContributionMap":{"functional-code":{"insertions":107,"deletions":12},"test-code":{"insertions":46,"deletions":19}}},{"hash":"7616cbfc308145e860f1ab548e32f977eacd7a6a","isMergeCommit":false,"messageTitle":"Update FindCommandParser.java and FindCommandParserTest.java","messageBody":"","fileTypesAndContributionMap":{"functional-code":{"insertions":11,"deletions":20},"test-code":{"insertions":61,"deletions":6}}},{"hash":"e8f97acb80c570671a6576f332d970a2e7340ef7","isMergeCommit":true,"messageTitle":"Merge pull request #56 from SAN-MUYUN/branch-Add-Module","messageBody":"Change Module display format","fileTypesAndContributionMap":{}},{"hash":"4650c23a01bad53632fdec9f4a5e272893a63d21","isMergeCommit":false,"messageTitle":"Update AddressBookParser.java and FindCommandParser.java.","messageBody":"Change find function prefixes to align with the other commands. Updated the corresponding test cases as well.\n","fileTypesAndContributionMap":{"functional-code":{"insertions":5,"deletions":5},"test-code":{"insertions":15,"deletions":25}}},{"hash":"818f3c7b5e9c3ec6dfa1e8cb7bc9b2f0f3da91ec","isMergeCommit":false,"messageTitle":"Update FindCommandParserTest.java.","messageBody":"","fileTypesAndContributionMap":{"test-code":{"insertions":10,"deletions":1}}},{"hash":"6a365d6e5174ffa818fe58632d007b39f80b4a60","isMergeCommit":true,"messageTitle":"Merge pull request #57 from LonelyFort/change-UI-for-academySource","messageBody":"Change UI for academy source","fileTypesAndContributionMap":{}}]},{"date":"2025-03-17","commitResults":[{"hash":"accc050d5c048e73066cd3402bf3a52ed5ee7bca","isMergeCommit":false,"messageTitle":"Delete NameContainsKeywordsPredicate.","messageBody":"Replaced with PersonContainsKeywordsPredicate.\n","fileTypesAndContributionMap":{"functional-code":{"insertions":0,"deletions":44},"test-code":{"insertions":6,"deletions":89}}},{"hash":"bfaeed2be7f266ed6be63b78b24f5a6b4944951b","isMergeCommit":false,"messageTitle":"Update FindCommand, FindCommandParser, and PersonContainsKeywordsPredicate.","messageBody":"Restrict number of prefixes in find command to one.\n","fileTypesAndContributionMap":{"functional-code":{"insertions":74,"deletions":29},"test-code":{"insertions":1,"deletions":0}}},{"hash":"f9a5a35d46db0c57ab5ff8362c12083e85a568f1","isMergeCommit":false,"messageTitle":"Update PersonContainsKeywordsPredicate.java","messageBody":"Allow for partial search for name and modules.\n","fileTypesAndContributionMap":{"functional-code":{"insertions":22,"deletions":8}}},{"hash":"9f85135403acecc93d273a224b228cc084b27055","isMergeCommit":false,"messageTitle":"Add PersonContainsKeywordsPredicateTest.java.","messageBody":"","fileTypesAndContributionMap":{"functional-code":{"insertions":0,"deletions":1},"test-code":{"insertions":114,"deletions":0}}},{"hash":"27a1cfba3fcd3ebc55bbad4283c092a602eea9bf","isMergeCommit":false,"messageTitle":"Update FindCommandParserTest.java","messageBody":"Added more test cases.\n","fileTypesAndContributionMap":{"test-code":{"insertions":37,"deletions":2}}}]},{"date":"2025-03-18","commitResults":[{"hash":"a2bb6c9f6fbf5e3b11ade3e8921667bea15307a4","isMergeCommit":false,"messageTitle":"Update FindCommandParserTest, FindCommandTest, TypicalPersons, and PersonContainsKeywordsPredicateTest","messageBody":"","fileTypesAndContributionMap":{"test-code":{"insertions":82,"deletions":25}}},{"hash":"deb534ad41a7082272230372f1666c2c8081cdda","isMergeCommit":false,"messageTitle":"Update FindCommandParser","messageBody":"Fixed invalid prefixes bug.\n","fileTypesAndContributionMap":{"functional-code":{"insertions":13,"deletions":3}}},{"hash":"6551aadfff6215ae6b2a357b03a4da4f07546b0c","isMergeCommit":false,"messageTitle":"Update FindCommandParserTest","messageBody":"Added more test cases to test for invalid prefixes.\n","fileTypesAndContributionMap":{"test-code":{"insertions":11,"deletions":2}}}]},{"date":"2025-03-20","commitResults":[{"hash":"8b3614085a3579dd90a5ff935861e293e31f1c0d","isMergeCommit":true,"messageTitle":"Merge pull request #68 from LonelyFort/improve-UI-2","messageBody":"Improve UI (Re-Reopened PR)","tags":["v1.3"],"fileTypesAndContributionMap":{}}]},{"date":"2025-03-25","commitResults":[{"hash":"ada35506853671ac81a959aaf24887ff5312ea3e","isMergeCommit":false,"messageTitle":"FindCommandParser.java: Parses multiple valid prefixes PersonContainsKeywordsPredicate.java: Conducts search for multiple valid prefixes MainWindow.java: Refactored to ensure no issues with displaying modules Test classes: Refactored to ensure existing tests have no issues being executed","messageBody":"","fileTypesAndContributionMap":{"functional-code":{"insertions":71,"deletions":80},"test-code":{"insertions":140,"deletions":78}}}]},{"date":"2025-03-26","commitResults":[{"hash":"1251cceba6e3b055bf12cc24f089dd35a910ff0f","isMergeCommit":false,"messageTitle":"FindCommandParser.java: Added parsing and input validation for favourites. FindCommand.java: Added find by favourites PersonContainsKeywordsPredicate.java: Updated to include ability to search by favourites. Test classes: Added test classes to include testing for find by favourites.","messageBody":"","fileTypesAndContributionMap":{"functional-code":{"insertions":56,"deletions":31},"test-code":{"insertions":146,"deletions":2}}},{"hash":"e495f8ae08f6bec9aa13f7e89d34d5903036f211","isMergeCommit":false,"messageTitle":"Updated FindCommandParser.java","messageBody":"","fileTypesAndContributionMap":{"functional-code":{"insertions":4,"deletions":0}}}]},{"date":"2025-03-27","commitResults":[{"hash":"e12a0723cf1149afcc36086f9158c867aefc85e4","isMergeCommit":false,"messageTitle":"Updated UserGuide.md","messageBody":"","fileTypesAndContributionMap":{"docs":{"insertions":45,"deletions":13}}},{"hash":"e495135eb5440f22e7489e71bd7c98b8f0fe6018","isMergeCommit":true,"messageTitle":"Merge branch \u0027master\u0027 into branch-1.4-ug","messageBody":"","fileTypesAndContributionMap":{}},{"hash":"02f2123c9f81906c36bb646487c69c02a11f31bc","isMergeCommit":false,"messageTitle":"Updated FindCommandParser.java","messageBody":"","fileTypesAndContributionMap":{"functional-code":{"insertions":1,"deletions":0}}},{"hash":"401d5d0ffb983a175856eca72f4f3ce44f4644b4","isMergeCommit":true,"messageTitle":"Merge pull request #82 from SAN-MUYUN/branch-MassDelete","messageBody":"Implement mass delete","fileTypesAndContributionMap":{}},{"hash":"e9af24f2a65d84ded5caa00d385c2df9e0213049","isMergeCommit":true,"messageTitle":"Merge branch \u0027master\u0027 into branch-1.4-find","messageBody":"","fileTypesAndContributionMap":{}},{"hash":"f67cb744cfaba1b1c3328fd685e6c7487cbda3c1","isMergeCommit":false,"messageTitle":"Update PersonBuilder.java","messageBody":"","fileTypesAndContributionMap":{"test-code":{"insertions":1,"deletions":1}}}]},{"date":"2025-03-28","commitResults":[{"hash":"bb803efde57003cfa6ce7d56a98481723404b195","isMergeCommit":false,"messageTitle":"Update UserGuide.md","messageBody":"","fileTypesAndContributionMap":{"docs":{"insertions":1,"deletions":0}}},{"hash":"d4ff2368b57fc4514e6c838df80baefa2bee50da","isMergeCommit":false,"messageTitle":"Updated UserGuide.md","messageBody":"","fileTypesAndContributionMap":{"docs":{"insertions":17,"deletions":7}}},{"hash":"5ded484c5602ae5a5f7518a75a2b57d291719f9a","isMergeCommit":true,"messageTitle":"Merge pull request #92 from TeaMakesMePee/update-user-guide","messageBody":"Update user guide","fileTypesAndContributionMap":{}},{"hash":"90415c128f27382ce625d61d05d6827077286eb4","isMergeCommit":false,"messageTitle":"Update UserGuide.md","messageBody":"","fileTypesAndContributionMap":{"docs":{"insertions":1,"deletions":0}}},{"hash":"ce7d645520c593e6e8010e391df04f366c5c0ba5","isMergeCommit":true,"messageTitle":"Merge branch \u0027master\u0027 into branch-updateUG","messageBody":"","fileTypesAndContributionMap":{}},{"hash":"1562ccb94e087ca571b69d8d34a02808fc86ac11","isMergeCommit":true,"messageTitle":"Merge pull request #94 from SAN-MUYUN/branch-updateUG","messageBody":"Add table of content and navigation links","fileTypesAndContributionMap":{}},{"hash":"663dab953111ee08b7d4c118bda207a874e01493","isMergeCommit":true,"messageTitle":"Merge branch \u0027master\u0027 into ug-seq-pics","messageBody":"","fileTypesAndContributionMap":{}},{"hash":"30cfe29a6f7a907625a41283b2cd16d302e32de4","isMergeCommit":true,"messageTitle":"Merge pull request #96 from LonelyFort/add-GUI-guide-to-user-gide","messageBody":"Add GUI guide to user guide","fileTypesAndContributionMap":{}},{"hash":"83d3ef09ada07b502a1f0cce7601a6cdde81cff1","isMergeCommit":true,"messageTitle":"Merge pull request #98 from LonelyFort/improve-ug","messageBody":"Update UserGuide.md","fileTypesAndContributionMap":{}},{"hash":"038f71c090489c610b854bebdf0708a8cfc117d5","isMergeCommit":true,"messageTitle":"Merge pull request #99 from SAN-MUYUN/branch-updateUG","messageBody":"Add back to top button for all features","fileTypesAndContributionMap":{}}]},{"date":"2025-03-29","commitResults":[{"hash":"d831ad7df116bd5cf7e4624a43ed5f9d2e3616ee","isMergeCommit":true,"messageTitle":"Merge pull request #102 from LonelyFort/update-dg-diagram","messageBody":"Update UiClassDiagram.puml","fileTypesAndContributionMap":{}},{"hash":"b54acc93ad93af0236e3aa52500b77f8550e936b","isMergeCommit":true,"messageTitle":"Merge pull request #104 from SAN-MUYUN/branch-UML","messageBody":"Fix UG minor bugs","fileTypesAndContributionMap":{}}]},{"date":"2025-03-30","commitResults":[{"hash":"f39156e5480695cf26db36f49fa39e9a8bb2d50d","isMergeCommit":false,"messageTitle":"Add FindSequenceDiagram and DeveloperGuide.md","messageBody":"","fileTypesAndContributionMap":{"docs":{"insertions":73,"deletions":0}}}]},{"date":"2025-03-31","commitResults":[{"hash":"871a0af1b518224f41e32f7de084d0cc07108b1e","isMergeCommit":false,"messageTitle":"Main classes: Added find by role capability. Test classes: Added test cases for find by role and favourite.","messageBody":"","fileTypesAndContributionMap":{"functional-code":{"insertions":82,"deletions":39},"test-code":{"insertions":131,"deletions":42}}},{"hash":"9d56425440109480f75ad325040317c7c7ab267b","isMergeCommit":false,"messageTitle":"Main classes: Changed prefix for module to \u0027/mm\u0027. Test classes: Updated test cases for the new prefix.","messageBody":"","fileTypesAndContributionMap":{"functional-code":{"insertions":4,"deletions":4},"test-code":{"insertions":7,"deletions":5}}},{"hash":"c969a33475f9ba45e59cc3d4863ff7f2ffee5842","isMergeCommit":false,"messageTitle":"Update FindCommand.java","messageBody":"","fileTypesAndContributionMap":{"functional-code":{"insertions":1,"deletions":1}}},{"hash":"04b509acdcb414ce6b19b173d97f450c7e91ff72","isMergeCommit":false,"messageTitle":"Main classes: Improved code quality by integrating the use of ArgumentMultimap. Test classes: Altered test cases to cater to the change.","messageBody":"","fileTypesAndContributionMap":{"functional-code":{"insertions":67,"deletions":77},"test-code":{"insertions":33,"deletions":35}}}]},{"date":"2025-04-01","commitResults":[{"hash":"76ca80151494e589caeb56bcc27ede71b5739307","isMergeCommit":false,"messageTitle":"FindCommandParser.java: Improve code quality PersonContainsKeywordsPredicateTest.java: Improved code quality.","messageBody":"","fileTypesAndContributionMap":{"functional-code":{"insertions":25,"deletions":16},"test-code":{"insertions":3,"deletions":4}}},{"hash":"332dd1091b1acfcd7d9b489c866520f2b7b148d6","isMergeCommit":false,"messageTitle":"FindCommandParser.java: Improve code quality PersonContainsKeywordsPredicateTest.java: Improved code quality.","messageBody":"","fileTypesAndContributionMap":{"functional-code":{"insertions":1,"deletions":1},"test-code":{"insertions":4,"deletions":1}}},{"hash":"63f4640183fb645cdd8f642c1ae3babaacfb4707","isMergeCommit":true,"messageTitle":"Merge pull request #116 from SAN-MUYUN/branch-Telegram","messageBody":"Implement Add telegram feature. Make module compulsory in AddCommand","fileTypesAndContributionMap":{}},{"hash":"d57f4ad36e30d992408fd0fdb1dd6de7ba2bfa7a","isMergeCommit":true,"messageTitle":"Merge branch \u0027master\u0027 into branch-1.5-find","messageBody":"","fileTypesAndContributionMap":{}},{"hash":"961e498ce2f6424a63107546810beb9b5100de54","isMergeCommit":false,"messageTitle":"Main classes: Added find by Telegram and improved keyword validations. Test classes: Added test cases for the added features.","messageBody":"","fileTypesAndContributionMap":{"functional-code":{"insertions":72,"deletions":17},"test-code":{"insertions":117,"deletions":22}}},{"hash":"30245d3fd02c4e0380aba0262fb8dd6fa737b217","isMergeCommit":false,"messageTitle":"Update UserGuide.md","messageBody":"Added more prefixes to the syntax table and refined the details for the find command.\n","fileTypesAndContributionMap":{"docs":{"insertions":58,"deletions":35}}},{"hash":"196ba71ef43d962dbb94b3e574ef97cef86693f4","isMergeCommit":false,"messageTitle":"Update DeveloperGuide.md and FindSequenceDiagram.puml.","messageBody":"","fileTypesAndContributionMap":{"docs":{"insertions":8,"deletions":6}}}]},{"date":"2025-04-02","commitResults":[{"hash":"2da43eb03f3af54022437323f75382b141088d2f","isMergeCommit":false,"messageTitle":"Update UserGuide.md","messageBody":"","fileTypesAndContributionMap":{"docs":{"insertions":9,"deletions":9}}},{"hash":"3663ac0622107d857e5011cf01edc7d2e7618fad","isMergeCommit":true,"messageTitle":"Merge branch \u0027master\u0027 into branch-1.5-find","messageBody":"","fileTypesAndContributionMap":{}}]},{"date":"2025-04-03","commitResults":[{"hash":"769fb4974cc861c17c7ce0320145a6e0e64ae759","isMergeCommit":true,"messageTitle":"Merge pull request #139 from SAN-MUYUN/branch-Telegram-edit","messageBody":"Allow editing of telegram","fileTypesAndContributionMap":{}}]}],"SAN-MUYUN":[{"date":"2025-03-01","commitResults":[{"hash":"508b0075e2f8c6ec80cec5ea2776fa95be1dcd31","isMergeCommit":false,"messageTitle":"Update AboutUs","messageBody":"","fileTypesAndContributionMap":{"docs":{"insertions":4,"deletions":4}}},{"hash":"924243c11231badc0f9acb6eb92daac21e6ae41c","isMergeCommit":false,"messageTitle":"Update portfolio","messageBody":"","fileTypesAndContributionMap":{"docs":{"insertions":1,"deletions":1}}},{"hash":"5169360e92d96d506d001254a01176f985f62aed","isMergeCommit":true,"messageTitle":"Merge pull request #26 from LonelyFort/branch-merge-conflict","messageBody":"update AboutUs.md for Jeff","fileTypesAndContributionMap":{}},{"hash":"79fa01c03e7b1bd6e4eddc86b4620ab7765a1e0a","isMergeCommit":true,"messageTitle":"Merge pull request #27 from LonelyFort/branch-merge-conflict","messageBody":"update aboutus.md for jeff\u0027s name","fileTypesAndContributionMap":{}}]},{"date":"2025-03-03","commitResults":[{"hash":"29d2c73182e7dd0e7f6881546bb79d37181eef9b","isMergeCommit":false,"messageTitle":"Update reponsibility in AboutUs","messageBody":"","fileTypesAndContributionMap":{"docs":{"insertions":1,"deletions":1}}}]},{"date":"2025-03-06","commitResults":[{"hash":"bde2fa80a64de1270d311e54d0a23b7bb179b4b7","isMergeCommit":true,"messageTitle":"Merge pull request #39 from darrenchooji/branch-DG","messageBody":"Update DeveloperGuide.md","fileTypesAndContributionMap":{}},{"hash":"edaab5a835bbdcfc0920955cd96f7e0cd45c1443","isMergeCommit":false,"messageTitle":"Update NFR and glossary for DG","messageBody":"","fileTypesAndContributionMap":{"docs":{"insertions":14,"deletions":4}}},{"hash":"d55e829724cd4322fbbca22275e031d54a30b32a","isMergeCommit":false,"messageTitle":"Update Non-functional requirements","messageBody":"","fileTypesAndContributionMap":{"docs":{"insertions":1,"deletions":1}}}]},{"date":"2025-03-14","commitResults":[{"hash":"c5ba61fb2e61d5ab495078dd4eccb2fa297a0da7","isMergeCommit":true,"messageTitle":"Merge pull request #52 from TeaMakesMePee/faizal-module","messageBody":"Add module assignment feature to Person","fileTypesAndContributionMap":{}},{"hash":"c54809a404f16ce8678efb4f98cfc81c1b3b9cf3","isMergeCommit":true,"messageTitle":"Merge branch \u0027master\u0027 into add-role","messageBody":"","fileTypesAndContributionMap":{}},{"hash":"5c2191f11c05134096caab1acce4561422de4e1a","isMergeCommit":true,"messageTitle":"Merge pull request #50 from wallacepck/add-role","messageBody":"Add Role class that inherits from Tag","fileTypesAndContributionMap":{}},{"hash":"2e4789f6b680f4dcb011f2d98761dceb6ec68a2f","isMergeCommit":false,"messageTitle":"Fix checkstyle problems","messageBody":"","fileTypesAndContributionMap":{"functional-code":{"insertions":2,"deletions":1},"docs":{"insertions":29,"deletions":29}}}]},{"date":"2025-03-15","commitResults":[{"hash":"d1e0eca1a0f3b299f29e1bc4d20d5fe9da71b316","isMergeCommit":false,"messageTitle":"Integrate module to allow AcademySource to compile","messageBody":"","fileTypesAndContributionMap":{"functional-code":{"insertions":28,"deletions":21}}},{"hash":"8510ce705b20d37d1fcd51a067010795d142bb74","isMergeCommit":false,"messageTitle":"Fix checkstyle issues","messageBody":"","fileTypesAndContributionMap":{"functional-code":{"insertions":31,"deletions":22}}},{"hash":"588df094e733a3fec1f7d9d0ac957b14fc189117","isMergeCommit":false,"messageTitle":"Fix checkstyle warnings","messageBody":"","fileTypesAndContributionMap":{"functional-code":{"insertions":12,"deletions":11},"docs":{"insertions":3,"deletions":3},"test-code":{"insertions":5,"deletions":1}}}]},{"date":"2025-03-16","commitResults":[{"hash":"ce71bf6dbb79cec308153a878229994546545108","isMergeCommit":false,"messageTitle":"Add functionality for add and edit modules","messageBody":"","fileTypesAndContributionMap":{"functional-code":{"insertions":66,"deletions":9},"test-code":{"insertions":35,"deletions":12}}},{"hash":"f842e2fe1e6f6fc8072154a2b46d4cf7956cd89a","isMergeCommit":false,"messageTitle":"Change modules display format","messageBody":"","fileTypesAndContributionMap":{"functional-code":{"insertions":13,"deletions":20}}},{"hash":"128341f375876a976ff2573c359c3979a384c7e6","isMergeCommit":false,"messageTitle":"Fix test cases","messageBody":"","fileTypesAndContributionMap":{"test-code":{"insertions":35,"deletions":22}}},{"hash":"18061914540efa28a7533bb20cbb4c06cf8f57c5","isMergeCommit":false,"messageTitle":"Fix checkstyle","messageBody":"","fileTypesAndContributionMap":{"test-code":{"insertions":12,"deletions":8}}}]},{"date":"2025-03-18","commitResults":[{"hash":"55945f1e70f5935ce3c46f021760be286fb21b6a","isMergeCommit":true,"messageTitle":"Merge pull request #62 from darrenchooji/branch-find-1.3","messageBody":"Find function preliminaries for 1.3","fileTypesAndContributionMap":{}},{"hash":"2ec929818b1cc4b660873b3df8da955dff02366d","isMergeCommit":false,"messageTitle":"Implement favourite features","messageBody":"","fileTypesAndContributionMap":{"functional-code":{"insertions":174,"deletions":4},"test-code":{"insertions":132,"deletions":14}}}]},{"date":"2025-03-19","commitResults":[{"hash":"3c113c9da9f5cf147899b401642bfd7928ad5b1d","isMergeCommit":false,"messageTitle":"Add test cases and fix checkstyle","messageBody":"","fileTypesAndContributionMap":{"test-code":{"insertions":29,"deletions":18}}},{"hash":"214654840a3785105297d6f33d69cad3aaefa012","isMergeCommit":true,"messageTitle":"Merge branch \u0027master\u0027 into branch-Add-Favourite","messageBody":"","fileTypesAndContributionMap":{}},{"hash":"f49c98f70caa86772f390d0620ee79de1650bd57","isMergeCommit":false,"messageTitle":"Update documentation in Person.java","messageBody":"","fileTypesAndContributionMap":{"functional-code":{"insertions":4,"deletions":0}}},{"hash":"fb9c302ac4ce18eefc31748d38960c50763ecee5","isMergeCommit":true,"messageTitle":"Merge pull request #66 from SAN-MUYUN/branch-Add-Favourite","messageBody":"Branch add favourite","fileTypesAndContributionMap":{}},{"hash":"2a9029a7905bbaf10459682194c3ab9e713252a5","isMergeCommit":false,"messageTitle":"Update user guide","messageBody":"","fileTypesAndContributionMap":{"docs":{"insertions":16,"deletions":0}}}]},{"date":"2025-03-26","commitResults":[{"hash":"a62405bbdabf276a79b63d068746b795719f8c8c","isMergeCommit":false,"messageTitle":"Implement mass delete","messageBody":"","fileTypesAndContributionMap":{"functional-code":{"insertions":47,"deletions":16},"test-code":{"insertions":25,"deletions":13}}},{"hash":"c8a535d19e5b5c03c9aa5a771be3e7b8ebecc087","isMergeCommit":false,"messageTitle":"Update UG command instruction table","messageBody":"","fileTypesAndContributionMap":{"docs":{"insertions":17,"deletions":13}}},{"hash":"69b9d473e2b6192dc72adad2f8c7785ee6fbb82b","isMergeCommit":true,"messageTitle":"Merge pull request #80 from wallacepck/role-userdoc","messageBody":"Edit userguide to include role format","fileTypesAndContributionMap":{}},{"hash":"c7f8d95e76c7d9295666d80f01e688dcb3eec3fd","isMergeCommit":true,"messageTitle":"Merge pull request #83 from TeaMakesMePee/update-user-guide","messageBody":"Update user guide excluding segments from \u0027Features\u0027 onwards","fileTypesAndContributionMap":{}}]},{"date":"2025-03-27","commitResults":[{"hash":"a22c8c7d14f3a3371e2a31faf5dcc7c838e9e4b0","isMergeCommit":false,"messageTitle":"Fix checkstyle errors","messageBody":"","fileTypesAndContributionMap":{"functional-code":{"insertions":7,"deletions":2},"test-code":{"insertions":7,"deletions":6}}},{"hash":"0940e6b62d9e05d2880ae66ba9e0ad43ebb91ba3","isMergeCommit":false,"messageTitle":"Fix checkstyleMain errors","messageBody":"","fileTypesAndContributionMap":{"functional-code":{"insertions":15,"deletions":12}}}]},{"date":"2025-03-28","commitResults":[{"hash":"c5bcc4e0a56d4740ecdc0dd5592295683564f5b4","isMergeCommit":false,"messageTitle":"Add table of content","messageBody":"","fileTypesAndContributionMap":{"other":{"insertions":4,"deletions":0},"docs":{"insertions":25,"deletions":1}}},{"hash":"8031e8e434a4818097bbb57b6dcac033635bcb77","isMergeCommit":true,"messageTitle":"Merge branch \u0027master\u0027 of https://github.com/SAN-MUYUN/tp into branch-updateUG","messageBody":"","fileTypesAndContributionMap":{}},{"hash":"9414c22274f65121b277d36c8ee0916c557871b2","isMergeCommit":false,"messageTitle":"Add table of content and navigation links","messageBody":"","fileTypesAndContributionMap":{"docs":{"insertions":17,"deletions":6}}},{"hash":"817880cee7559a497b8e9457ea6e0d087ed50e11","isMergeCommit":false,"messageTitle":"Update build.gradle","messageBody":"","fileTypesAndContributionMap":{"other":{"insertions":0,"deletions":4}}},{"hash":"5734754cd3804608ec62715795e60587761d329c","isMergeCommit":false,"messageTitle":"update user guide","messageBody":"","fileTypesAndContributionMap":{"docs":{"insertions":1,"deletions":0}}},{"hash":"524b93b6af934f56e19f18d1e6a1929d967685c1","isMergeCommit":true,"messageTitle":"Merge branch \u0027branch-updateUG\u0027 of https://github.com/SAN-MUYUN/tp into branch-updateUG","messageBody":"","fileTypesAndContributionMap":{}},{"hash":"f9a1f185fc706b1cb4ffb1e5468c1bae9bd160ef","isMergeCommit":false,"messageTitle":"test html","messageBody":"","fileTypesAndContributionMap":{"docs":{"insertions":8,"deletions":8}}},{"hash":"75de0b81edf198c67c6efc8b57b9a96b1d4f007f","isMergeCommit":false,"messageTitle":"Fix UG bugs","messageBody":"","fileTypesAndContributionMap":{"docs":{"insertions":11,"deletions":12}}},{"hash":"c3430013361f63b8d7e4cb4845c7e7286eb33a10","isMergeCommit":false,"messageTitle":"Fix UG display issue","messageBody":"","fileTypesAndContributionMap":{"docs":{"insertions":10,"deletions":9}}},{"hash":"389bb6de918335f05fe9d1c43c6930c6d2270e33","isMergeCommit":true,"messageTitle":"Merge branch \u0027master\u0027 of https://github.com/SAN-MUYUN/tp into branch-updateUG","messageBody":"","fileTypesAndContributionMap":{}},{"hash":"63ae662e52a81d7ff9caee908b5c3ba7d71008a4","isMergeCommit":false,"messageTitle":"Update UG","messageBody":"","fileTypesAndContributionMap":{"docs":{"insertions":1,"deletions":0}}},{"hash":"20af362118e189fa5f6f0bdf5f8c2b81123b289d","isMergeCommit":false,"messageTitle":"Add back to top button for all features","messageBody":"","fileTypesAndContributionMap":{"docs":{"insertions":23,"deletions":12}}},{"hash":"47939e7833adc37c5e943034fe99e5a42e924cbf","isMergeCommit":false,"messageTitle":"Remove duplicate list instruction","messageBody":"","fileTypesAndContributionMap":{"docs":{"insertions":9,"deletions":15}}}]},{"date":"2025-03-29","commitResults":[{"hash":"753b873e2914f9f3e4636b69428512e2d2d06235","isMergeCommit":false,"messageTitle":"Fix mass delete bug","messageBody":"","fileTypesAndContributionMap":{"functional-code":{"insertions":5,"deletions":4},"test-code":{"insertions":37,"deletions":0}}},{"hash":"6a9b8f4b0b01092d540e2a54aec056fa5b92cf27","isMergeCommit":false,"messageTitle":"Fix UG minor bugs","messageBody":"","fileTypesAndContributionMap":{"docs":{"insertions":2,"deletions":2}}}]},{"date":"2025-04-01","commitResults":[{"hash":"a1cd36b69c84edfbe30446c438358ab422105efd","isMergeCommit":false,"messageTitle":"Implement Add telegram feature. Make module compulsory in AddCommand","messageBody":"","fileTypesAndContributionMap":{"functional-code":{"insertions":185,"deletions":24},"test-code":{"insertions":121,"deletions":27}}},{"hash":"0e703a39043dbc2dd9ff7f1099dc99171d784a1f","isMergeCommit":false,"messageTitle":"Remove println","messageBody":"","fileTypesAndContributionMap":{"functional-code":{"insertions":0,"deletions":1}}},{"hash":"ec100782e6839ce3884dae24097970b76c5fc43f","isMergeCommit":false,"messageTitle":"Add javadoc","messageBody":"","fileTypesAndContributionMap":{"test-code":{"insertions":3,"deletions":0}}},{"hash":"73829678c7340dcd720044f249bf9380f46773e2","isMergeCommit":true,"messageTitle":"Merge pull request #113 from darrenchooji/branch-1.5-find","messageBody":"Branch 1.5 find","fileTypesAndContributionMap":{}}]},{"date":"2025-04-02","commitResults":[{"hash":"5b9cf3d8591146f54309f4464d8ed1422439768c","isMergeCommit":false,"messageTitle":"Allow editing of telegram","messageBody":"","fileTypesAndContributionMap":{"functional-code":{"insertions":57,"deletions":4},"test-code":{"insertions":18,"deletions":3}}},{"hash":"a6c949fbb99887d4b79724bec5800647f231db24","isMergeCommit":true,"messageTitle":"Merge pull request #121 from darrenchooji/branch-1.5-find","messageBody":"Find by Telegram and keyword validations","fileTypesAndContributionMap":{}},{"hash":"41f80111928043acdb3b988e0838be6025481573","isMergeCommit":false,"messageTitle":"Add test cases for edit command","messageBody":"","fileTypesAndContributionMap":{"functional-code":{"insertions":0,"deletions":1},"test-code":{"insertions":77,"deletions":3}}},{"hash":"54d43623072f9c77445c2dbb466abf3fa8d0f80f","isMergeCommit":true,"messageTitle":"Merge pull request #120 from LonelyFort/fix-ui-codebase","messageBody":"Fix UI codebase","fileTypesAndContributionMap":{}},{"hash":"bab79c22c3cf734f6c20dd7836b0059d8d73163e","isMergeCommit":true,"messageTitle":"resolved conflict","messageBody":"","fileTypesAndContributionMap":{}},{"hash":"466ba9f0bcebbac82477d2f1f8e619a3cf101a8e","isMergeCommit":false,"messageTitle":"Resolve minor issues during merge","messageBody":"","fileTypesAndContributionMap":{"test-code":{"insertions":2,"deletions":2}}}]}],"TeaMakesMePee":[{"date":"2025-03-01","commitResults":[{"hash":"a3357fc42eef88832bc19fccd4adb6352b78e38c","isMergeCommit":false,"messageTitle":"Update AboutUs.md","messageBody":"","fileTypesAndContributionMap":{"docs":{"insertions":6,"deletions":6}}}]},{"date":"2025-03-06","commitResults":[{"hash":"a8ad801ee060494b1362e59b1f071b813cbd86a0","isMergeCommit":true,"messageTitle":"Merge remote-tracking branch \u0027upstream/master\u0027","messageBody":"","fileTypesAndContributionMap":{}},{"hash":"fe47b3ae651c5e7c478fd7a2241c020b965a3c05","isMergeCommit":true,"messageTitle":"Merge branch \u0027AY2425S2-CS2103T-T17-4:master\u0027 into master","messageBody":"","fileTypesAndContributionMap":{}}]},{"date":"2025-03-12","commitResults":[{"hash":"56f9d08b1ee28ea29c5a1eef1e37dc7eb9c10f1b","isMergeCommit":true,"messageTitle":"Merge branch \u0027AY2425S2-CS2103T-T17-4:master\u0027 into master","messageBody":"","fileTypesAndContributionMap":{}},{"hash":"589f1fb6ef3a628d11a373379fa6fea6a6956c19","isMergeCommit":false,"messageTitle":"Add module assignment feature to Person","messageBody":"Introduced the ability to assign a single module to a Person using the\nnew `AddModuleCommand`. The command follows the syntax:\n`module \u003cindex of person\u003e m/\u003cmodule code\u003e`.\n\nKey changes:\n- Added `Module` class to represent individual modules.\n- Created `ModuleRegistry` enum to store predefined modules.\n- Implemented `AddModuleCommand` to handle module assignment.\n- Developed `AddModuleCommandParser` to parse user input.\n- Updated `Person` class to include a `Module` field.\n\nThis implementation ensures that each Person can only have **one** module at a time.\nFuture updates may extend support for multiple modules if needed.\n","fileTypesAndContributionMap":{"functional-code":{"insertions":185,"deletions":1}}}]},{"date":"2025-03-13","commitResults":[{"hash":"d1d0edd1b1739a39d3311e46aa53a6811887105b","isMergeCommit":false,"messageTitle":"Fix java code style","messageBody":"","fileTypesAndContributionMap":{"functional-code":{"insertions":93,"deletions":14}}}]},{"date":"2025-03-14","commitResults":[{"hash":"c540170ba0c94fde3f2feed97d9e7d904129d849","isMergeCommit":false,"messageTitle":"Remove AddModuleCommand","messageBody":"Further changes:\n* Add command now accepts m/\u003cmodule_code\u003e .\n* Edit command slightly touched, needs to be completed.\n* AddCommandParser handles the set of modules.\n* ParserUtil now parses modules.\n* Person class now has Set\u003cModules\u003e field.\n","fileTypesAndContributionMap":{"functional-code":{"insertions":76,"deletions":164}}},{"hash":"8075985913e860454311c08da83e3d31cf136aa1","isMergeCommit":false,"messageTitle":"Update ModuleRegistry","messageBody":"Module class is now completely private. Can only instantiate within ModuleRegistry enum.\n\n* Deleted old Module class\n* Deleted old unnecessary module package\n* Added test cases\n* Overall cleaner code\n","fileTypesAndContributionMap":{"functional-code":{"insertions":5,"deletions":56},"other":{"insertions":37,"deletions":3},"test-code":{"insertions":158,"deletions":0}}},{"hash":"43977ac98701508aa27b4d18a0141d739cac6726","isMergeCommit":false,"messageTitle":"Fix test cases","messageBody":"","fileTypesAndContributionMap":{"test-code":{"insertions":4,"deletions":5}}},{"hash":"cceef892b08c92c2e8d2cf306d5330faaa89574d","isMergeCommit":false,"messageTitle":"Remove import line","messageBody":"","fileTypesAndContributionMap":{"test-code":{"insertions":0,"deletions":1}}}]},{"date":"2025-03-17","commitResults":[{"hash":"640428bc01c8e32b940fe3cdf38023006c14ef32","isMergeCommit":true,"messageTitle":"Merge branch \u0027AY2425S2-CS2103T-T17-4:master\u0027 into master","messageBody":"","fileTypesAndContributionMap":{}}]},{"date":"2025-03-18","commitResults":[{"hash":"1eae2cf0ad3a941d5d9b76a2e7c69fc297a30922","isMergeCommit":false,"messageTitle":"Remove address class","messageBody":"","fileTypesAndContributionMap":{"functional-code":{"insertions":13,"deletions":155},"docs":{"insertions":13,"deletions":16},"test-code":{"insertions":58,"deletions":249}}},{"hash":"e745dab0c1c171f435ec9902bc6cc778364b8372","isMergeCommit":false,"messageTitle":"Update NameContainsKeywordsPredicateTest.java","messageBody":"","fileTypesAndContributionMap":{"test-code":{"insertions":1,"deletions":1}}},{"hash":"101d44853f01a280627801c877f863de8a6b7039","isMergeCommit":true,"messageTitle":"Merge branch \u0027master\u0027 into delete-address-command","messageBody":"","fileTypesAndContributionMap":{}},{"hash":"31a4753366ab63d27a3e5e6f4d56c33315cff3ff","isMergeCommit":false,"messageTitle":"Merge branch \u0027delete-address-command\u0027 of https://github.com/TeaMakesMePee/tp into delete-address-command","messageBody":"","fileTypesAndContributionMap":{"test-code":{"insertions":1,"deletions":0}}},{"hash":"fbfbc5a69dee5ca06bd3253dcf783f8ed90b6f3d","isMergeCommit":false,"messageTitle":"Update PersonContainsKeywordsPredicateTest.java","messageBody":"","fileTypesAndContributionMap":{"test-code":{"insertions":0,"deletions":1}}},{"hash":"c268d7bdfeaf3a05b8fa13c470480023c86da0fc","isMergeCommit":true,"messageTitle":"Merge pull request #63 from TeaMakesMePee/delete-address-command","messageBody":"delete address class and make sure AB3 works","fileTypesAndContributionMap":{}},{"hash":"e6c0f3552af576c0bdec315c0e9a73f2aab3674d","isMergeCommit":true,"messageTitle":"Merge branch \u0027AY2425S2-CS2103T-T17-4:master\u0027 into master","messageBody":"","fileTypesAndContributionMap":{}}]},{"date":"2025-03-20","commitResults":[{"hash":"e80abd4497b4ecabc801c537567793eb82fa47ba","isMergeCommit":true,"messageTitle":"Merge pull request #69 from SAN-MUYUN/master","messageBody":"Update user guide","fileTypesAndContributionMap":{}},{"hash":"e01355b93ffdad74c3037435f00944bf9fe4c802","isMergeCommit":true,"messageTitle":"Merge branch \u0027AY2425S2-CS2103T-T17-4:master\u0027 into master","messageBody":"","fileTypesAndContributionMap":{}}]},{"date":"2025-03-26","commitResults":[{"hash":"a2cc842613b00bfa04b02c757245f82c058de05a","isMergeCommit":false,"messageTitle":"Update user guide","messageBody":"Refined intro and quick start guide.\nNeed to modify features segment.\n","fileTypesAndContributionMap":{"docs":{"insertions":75,"deletions":21}}},{"hash":"80b23a4496f3ec41adc2e735a7841a676c1eb7fb","isMergeCommit":false,"messageTitle":"Update UserGuide.md","messageBody":"","fileTypesAndContributionMap":{"docs":{"insertions":2,"deletions":1}}}]},{"date":"2025-03-27","commitResults":[{"hash":"053877a0928bd66e7cb1fedef89c60ad01c27257","isMergeCommit":true,"messageTitle":"Merge pull request #84 from darrenchooji/branch-1.4-ug","messageBody":"Updated UserGuide.md","fileTypesAndContributionMap":{}},{"hash":"b1c7f0ac2112d6101d08f8c7f11a38173db45505","isMergeCommit":true,"messageTitle":"Merge branch \u0027master\u0027 into branch-Update-UG","messageBody":"","fileTypesAndContributionMap":{}},{"hash":"61d1811e741218635bee27ccf1f413a2cbd248f1","isMergeCommit":false,"messageTitle":"Update UserGuide.md","messageBody":"","fileTypesAndContributionMap":{"docs":{"insertions":8,"deletions":8}}},{"hash":"6cc9eaa56901c55f0a077813911528e118e81d20","isMergeCommit":true,"messageTitle":"Merge pull request #81 from SAN-MUYUN/branch-Update-UG","messageBody":"Update UG command instruction table","fileTypesAndContributionMap":{}},{"hash":"7d8779c3fe7d1908f7f5e8cba5fc8b35d85fcb06","isMergeCommit":true,"messageTitle":"Merge branch \u0027AY2425S2-CS2103T-T17-4:master\u0027 into master","messageBody":"","fileTypesAndContributionMap":{}},{"hash":"1bfeec12091e6c004b07d39523b80d09465c785d","isMergeCommit":false,"messageTitle":"Update UserGuide.md","messageBody":"","fileTypesAndContributionMap":{"docs":{"insertions":2,"deletions":2}}},{"hash":"55da0dfd9017fbe42c4e40506db5f350f6f9b812","isMergeCommit":true,"messageTitle":"Merge branch \u0027AY2425S2-CS2103T-T17-4:master\u0027 into master","messageBody":"","fileTypesAndContributionMap":{}},{"hash":"ecdf07c391a06c495822adce9b4059d44ac95d4a","isMergeCommit":true,"messageTitle":"Merge branch \u0027master\u0027 into update-user-guide","messageBody":"","fileTypesAndContributionMap":{}},{"hash":"b0e5be4db4e118d4411cdd9861672c52ddeed5ff","isMergeCommit":false,"messageTitle":"Update UserGuide.md","messageBody":"","fileTypesAndContributionMap":{"docs":{"insertions":4,"deletions":4}}},{"hash":"2e49764fc0ad160bf137754a779a1cdf26cb20af","isMergeCommit":false,"messageTitle":"Update PUML","messageBody":"","fileTypesAndContributionMap":{"docs":{"insertions":4,"deletions":1}}},{"hash":"ed390b5d1ad45b7cbdb33a669936715bd2cfa5ce","isMergeCommit":true,"messageTitle":"Merge pull request #87 from LonelyFort/change-addressbookfilepath-in-typicaluserpref","messageBody":"Update TypicalUserPref.json","fileTypesAndContributionMap":{}},{"hash":"9d0a618a52fe8bae93cf69205f1bb41c9d4bddcb","isMergeCommit":false,"messageTitle":"Update build.gradle","messageBody":"","fileTypesAndContributionMap":{"other":{"insertions":4,"deletions":0}}},{"hash":"057791ae5a365655a1b43cc430ec94a926ca090f","isMergeCommit":false,"messageTitle":"Update member pictures","messageBody":"","fileTypesAndContributionMap":{"docs":{"insertions":1,"deletions":1}}},{"hash":"271ce87c3c9c323059f56a90107ea4c4c8bfe302","isMergeCommit":true,"messageTitle":"Merge branch \u0027AY2425S2-CS2103T-T17-4:master\u0027 into master","messageBody":"","fileTypesAndContributionMap":{}},{"hash":"cb48f870ea6ccb30538a1c1da4f3bc4680fc9744","isMergeCommit":true,"messageTitle":"Merge branch \u0027master\u0027 into update-user-guide","messageBody":"","fileTypesAndContributionMap":{}},{"hash":"d1d7061deb46ed4ba32456d1a1aed896a01aa652","isMergeCommit":true,"messageTitle":"Merge pull request #86 from TeaMakesMePee/update-user-guide","messageBody":"Update user guide","fileTypesAndContributionMap":{}},{"hash":"e93849a4b62dff267f72348e5083cd683bc91268","isMergeCommit":false,"messageTitle":"Update photo name","messageBody":"","fileTypesAndContributionMap":{"docs":{"insertions":1,"deletions":1}}},{"hash":"1cdcb8e779dda0da7bbadfe43ad6d17e59c233f3","isMergeCommit":true,"messageTitle":"Merge branch \u0027master\u0027 into update-user-guide","messageBody":"","fileTypesAndContributionMap":{}},{"hash":"709636efac0f1d057d41e8e21d7171b947a4f142","isMergeCommit":true,"messageTitle":"Merge pull request #89 from TeaMakesMePee/update-user-guide","messageBody":"Update photo name","fileTypesAndContributionMap":{}}]},{"date":"2025-03-28","commitResults":[{"hash":"14e05e69df9d44d2666229c6682e21acce8dcc06","isMergeCommit":false,"messageTitle":"Update UG","messageBody":"","fileTypesAndContributionMap":{"docs":{"insertions":39,"deletions":26}}},{"hash":"af72f245d701240272e5ea16049146d264ea9d22","isMergeCommit":false,"messageTitle":"Update UserGuide.md","messageBody":"","fileTypesAndContributionMap":{"docs":{"insertions":0,"deletions":2}}},{"hash":"bbbabd914e7ff35f184d8b88c8b4f8f4ff18b443","isMergeCommit":true,"messageTitle":"Merge branch \u0027master\u0027 into branch-UG-2101","messageBody":"","fileTypesAndContributionMap":{}},{"hash":"e0a3d240ea133a9544f44afe603d93da16c6a3b0","isMergeCommit":true,"messageTitle":"Merge pull request #90 from darrenchooji/branch-UG-2101","messageBody":"Updated UserGuide.md","fileTypesAndContributionMap":{}},{"hash":"1f0da677a6021da14aca372ed0f01bfc991ce1a0","isMergeCommit":false,"messageTitle":"Update UserGuide.md","messageBody":"","fileTypesAndContributionMap":{"docs":{"insertions":6,"deletions":6}}},{"hash":"9668c2cf3e050ee5d18d262fcafc0c8cb8c3a48a","isMergeCommit":true,"messageTitle":"Merge pull request #93 from TeaMakesMePee/update-user-guide","messageBody":"Update UserGuide.md","fileTypesAndContributionMap":{}}]}],"wallacepck":[{"date":"2025-03-01","commitResults":[{"hash":"35a2055cf5afffed879ecd9e4f511767a19b7d33","isMergeCommit":false,"messageTitle":"Add wallace info to AboutUs","messageBody":"","fileTypesAndContributionMap":{"docs":{"insertions":11,"deletions":0}}},{"hash":"cfe61ed0328b1daa666fe70f65d153f0fb5b9bca","isMergeCommit":true,"messageTitle":"Merge pull request #25 from darrenchooji/branch-AboutUs","messageBody":"Update darrenchooji AboutUs","fileTypesAndContributionMap":{}},{"hash":"ff42efe381b8804b9b171e4bfb6bd59a5e922eea","isMergeCommit":false,"messageTitle":"Change portfolio link, Fix trailing whitespace","messageBody":"","fileTypesAndContributionMap":{"docs":{"insertions":1,"deletions":2}}},{"hash":"26743073a735c10aa147c5b46a1d6032c15cd309","isMergeCommit":false,"messageTitle":"Revert \"Merge pull request #24 from wallacepck/aboutus\"","messageBody":"This reverts commit c7b3ff05943abae36a018fb58c4b2a85b886ffcf, reversing\nchanges made to 0594e1d2802a4b3ea5c40950547b44788f2fb044.\n","fileTypesAndContributionMap":{"docs":{"insertions":0,"deletions":10}}},{"hash":"1fecc2341c4dfd69396e9ae900dde614604b0924","isMergeCommit":false,"messageTitle":"Add Wallace\u0027s info to AboutUs","messageBody":"","fileTypesAndContributionMap":{"docs":{"insertions":10,"deletions":0}}}]},{"date":"2025-03-12","commitResults":[{"hash":"b557537d9d82557f1640ae715bf7cb680d6158cb","isMergeCommit":false,"messageTitle":"Add Role class with command parameter syntax","messageBody":"","fileTypesAndContributionMap":{"functional-code":{"insertions":24,"deletions":1}}},{"hash":"babcfb31441bc1013be2aaba31d0aa4538cfd1ff","isMergeCommit":false,"messageTitle":"Add command parsing for Role","messageBody":"","fileTypesAndContributionMap":{"functional-code":{"insertions":35,"deletions":2}}}]},{"date":"2025-03-13","commitResults":[{"hash":"51ea81ed5c7019c4e3550610bb68c8c725b9a3af","isMergeCommit":false,"messageTitle":"Allow jackson to differentiate Role and Tag","messageBody":"","fileTypesAndContributionMap":{"functional-code":{"insertions":49,"deletions":11}}},{"hash":"f3ffe8e8f292d13eccdc8f45cd960a22c4d42e0f","isMergeCommit":false,"messageTitle":"Fix format in AddCommand help string","messageBody":"","fileTypesAndContributionMap":{"functional-code":{"insertions":1,"deletions":1}}},{"hash":"6a41af2b73e631d4a1ed95769d634905a6dadf31","isMergeCommit":false,"messageTitle":"Fix code style Issues","messageBody":"","fileTypesAndContributionMap":{"functional-code":{"insertions":2,"deletions":3}}},{"hash":"5b94025e4a92ab1b4c2777037a43e0e8e92f2439","isMergeCommit":false,"messageTitle":"Add tests for Role","messageBody":"","fileTypesAndContributionMap":{"test-code":{"insertions":95,"deletions":0}}}]},{"date":"2025-03-18","commitResults":[{"hash":"1863b36de6c6084ee67e80d2ed0e59baf1b7391c","isMergeCommit":false,"messageTitle":"Add command history, navigation via arrow keys","messageBody":"","fileTypesAndContributionMap":{"functional-code":{"insertions":137,"deletions":2}}},{"hash":"729758e1f50de91ed62dbcee5d0d04af06e796a5","isMergeCommit":false,"messageTitle":"Fix wrong description in javadoc","messageBody":"","fileTypesAndContributionMap":{"functional-code":{"insertions":1,"deletions":2}}},{"hash":"f90f779e17ef362dbea488b387c0e41e90a99da1","isMergeCommit":false,"messageTitle":"Fix style issues","messageBody":"","fileTypesAndContributionMap":{"functional-code":{"insertions":18,"deletions":16}}},{"hash":"b9d5a1a7a35b6d751ee7e0e92564d7ffe8f75cfc","isMergeCommit":false,"messageTitle":"Add tests for InputHistory, Fix navigation logic","messageBody":"","fileTypesAndContributionMap":{"functional-code":{"insertions":10,"deletions":2},"test-code":{"insertions":51,"deletions":0}}},{"hash":"acadafb83f01d4231e7e7f7993a7b2169aa7dcb4","isMergeCommit":false,"messageTitle":"Improve testcases","messageBody":"","fileTypesAndContributionMap":{"test-code":{"insertions":14,"deletions":0}}}]},{"date":"2025-03-19","commitResults":[{"hash":"21d9dfabe37fbca299dd8ed047195a7526579b6a","isMergeCommit":false,"messageTitle":"Move HistoryNavigator to own file, improve functionality and tests","messageBody":"","fileTypesAndContributionMap":{"functional-code":{"insertions":42,"deletions":26},"test-code":{"insertions":5,"deletions":3}}}]},{"date":"2025-03-24","commitResults":[{"hash":"e4882dec82df7ed9f55b229ee4f27b0929178fa5","isMergeCommit":false,"messageTitle":"Revert Role deltas on Tag related code","messageBody":"","fileTypesAndContributionMap":{"functional-code":{"insertions":12,"deletions":48},"test-code":{"insertions":1,"deletions":103}}},{"hash":"98d1723aba7d9dfd63a2e4651034259d41a75b4b","isMergeCommit":false,"messageTitle":"Add Person Role field, adapted tests and serialization","messageBody":"","fileTypesAndContributionMap":{"functional-code":{"insertions":106,"deletions":56},"test-code":{"insertions":70,"deletions":22}}},{"hash":"4699d163708f8e5e3c04e2c9638835451f22525e","isMergeCommit":false,"messageTitle":"Reintegrate Role with UI, Add unit tests for Role","messageBody":"","fileTypesAndContributionMap":{"functional-code":{"insertions":22,"deletions":30},"test-code":{"insertions":24,"deletions":11}}},{"hash":"bce683fd6d5479bc5aaf6a0b8e1e6dceadd2ccbd","isMergeCommit":false,"messageTitle":"Fix parser not mandating role","messageBody":"","fileTypesAndContributionMap":{"functional-code":{"insertions":3,"deletions":3}}},{"hash":"ee185d7ee7aa27163f0d81131e049ac54fe09ded","isMergeCommit":false,"messageTitle":"Fix AddCommandParser duplicate check; AddCommandParser tests","messageBody":"","fileTypesAndContributionMap":{"functional-code":{"insertions":1,"deletions":1},"test-code":{"insertions":34,"deletions":16}}},{"hash":"af3769ef7a9234e0c8951c2bf3cbfb5326d0bab2","isMergeCommit":false,"messageTitle":"Fix style issues","messageBody":"","fileTypesAndContributionMap":{"functional-code":{"insertions":14,"deletions":16},"test-code":{"insertions":1,"deletions":1}}},{"hash":"bea76a4df8445e7624c73fd61c19f154e22c44b0","isMergeCommit":false,"messageTitle":"Add tests for Role Json serialization","messageBody":"","fileTypesAndContributionMap":{"test-code":{"insertions":17,"deletions":0}}}]},{"date":"2025-03-26","commitResults":[{"hash":"dcd9e116783fb22eca082024aaae030c038b2369","isMergeCommit":false,"messageTitle":"Relax capitalisation on Role input, Increase test path coverage","messageBody":"","fileTypesAndContributionMap":{"functional-code":{"insertions":3,"deletions":2},"test-code":{"insertions":20,"deletions":4}}},{"hash":"1dd4ab2e91990aaf85cbc12adb3e09a6280cc727","isMergeCommit":false,"messageTitle":"Edit userguide to include role format","messageBody":"","fileTypesAndContributionMap":{"docs":{"insertions":15,"deletions":12}}}]},{"date":"2025-03-27","commitResults":[{"hash":"0576863452d029c218a78ca001411cfd83659674","isMergeCommit":true,"messageTitle":"Merge pull request #79 from darrenchooji/branch-1.4-find","messageBody":"Branch 1.4 find","fileTypesAndContributionMap":{}}]},{"date":"2025-03-28","commitResults":[{"hash":"d2eba13b74b3e61664121bde39fcbfebb5b68f07","isMergeCommit":false,"messageTitle":"Update UG with cmd illustrations, remove tag from ui msg","messageBody":"","fileTypesAndContributionMap":{"functional-code":{"insertions":1,"deletions":3},"docs":{"insertions":32,"deletions":2}}},{"hash":"499ecff9a5cca06f84fdd87682e03505f400c820","isMergeCommit":true,"messageTitle":"Merge branch \u0027master\u0027 into ug-seq-pics","messageBody":"","fileTypesAndContributionMap":{}},{"hash":"7eefcc23a55bea326c0c465d062bd89683ff62ec","isMergeCommit":false,"messageTitle":"Remove image, resize image","messageBody":"","fileTypesAndContributionMap":{"docs":{"insertions":1,"deletions":3}}}]},{"date":"2025-03-29","commitResults":[{"hash":"ba8a3129c5defcbdd242e57c59d7a5131fd27a3f","isMergeCommit":false,"messageTitle":"Update model in developer guide","messageBody":"","fileTypesAndContributionMap":{"docs":{"insertions":3,"deletions":0}}}]},{"date":"2025-03-31","commitResults":[{"hash":"d709009ddc80f554f3480fd03c4b1fb73e8eff09","isMergeCommit":false,"messageTitle":"Remove tag from functional code, UI and tests","messageBody":"","fileTypesAndContributionMap":{"functional-code":{"insertions":36,"deletions":272},"test-code":{"insertions":41,"deletions":248}}},{"hash":"d666f87d13d3659fdaa253a5f430d8c024bd37e4","isMergeCommit":false,"messageTitle":"Remove tag from DG, UG","messageBody":"","fileTypesAndContributionMap":{"functional-code":{"insertions":1,"deletions":1},"docs":{"insertions":21,"deletions":53}}},{"hash":"459b563d033be3f667a148cfce00e51fa2ecfaf6","isMergeCommit":false,"messageTitle":"Fix style issues, remove tag references in test constants","messageBody":"","fileTypesAndContributionMap":{"test-code":{"insertions":14,"deletions":22}}},{"hash":"a1ee5321df70917ddf038b61f0bb890644f6f271","isMergeCommit":false,"messageTitle":"Remove references to tag prefix","messageBody":"","fileTypesAndContributionMap":{"functional-code":{"insertions":1,"deletions":1},"docs":{"insertions":1,"deletions":1}}},{"hash":"aa02c5187060bce963ea03e64a1d457d21e776dd","isMergeCommit":true,"messageTitle":"Merge branch \u0027master\u0027 into remove-tag","messageBody":"","fileTypesAndContributionMap":{}},{"hash":"fb16a12efd9d341b17e4ab4a2de3304f9d1a7b90","isMergeCommit":false,"messageTitle":"Fix cmd history not storing user input, refactor","messageBody":"","fileTypesAndContributionMap":{"functional-code":{"insertions":156,"deletions":92},"test-code":{"insertions":98,"deletions":21}}},{"hash":"19c57c7e6f95067dfb74fa02849ff78ecf151e72","isMergeCommit":false,"messageTitle":"Improve UG for cmd nav","messageBody":"","fileTypesAndContributionMap":{"docs":{"insertions":23,"deletions":0}}},{"hash":"37f4dc0d5b529b332e4af0b023f9c17eb4e8217b","isMergeCommit":false,"messageTitle":"Make use of key clearer","messageBody":"","fileTypesAndContributionMap":{"docs":{"insertions":1,"deletions":1}}},{"hash":"93f173f5eaff8a1d02012377912e1fa22f44f298","isMergeCommit":true,"messageTitle":"Merge pull request #101 from SAN-MUYUN/branch-MassDeleteBug","messageBody":"Fix mass delete bug","fileTypesAndContributionMap":{}}]},{"date":"2025-04-02","commitResults":[{"hash":"812adc20f67321ffb5f435e63d483f8d0d5be026","isMergeCommit":true,"messageTitle":"Merge branch \u0027master\u0027 into remove-tag","messageBody":"# Conflicts:\n#\tsrc/main/java/seedu/address/logic/commands/AddCommand.java\n#\tsrc/main/java/seedu/address/logic/commands/EditCommand.java\n#\tsrc/main/java/seedu/address/logic/parser/AddCommandParser.java\n#\tsrc/main/java/seedu/address/logic/parser/CliSyntax.java\n#\tsrc/main/java/seedu/address/logic/parser/ParserUtil.java\n#\tsrc/main/java/seedu/address/model/person/Person.java\n#\tsrc/main/java/seedu/address/model/util/SampleDataUtil.java\n#\tsrc/main/java/seedu/address/storage/JsonAdaptedPerson.java\n#\tsrc/test/java/seedu/address/logic/LogicManagerTest.java\n#\tsrc/test/java/seedu/address/logic/commands/CommandTestUtil.java\n#\tsrc/test/java/seedu/address/logic/parser/AddCommandParserTest.java\n#\tsrc/test/java/seedu/address/model/person/PersonTest.java\n#\tsrc/test/java/seedu/address/storage/JsonAdaptedPersonTest.java\n#\tsrc/test/java/seedu/address/testutil/PersonBuilder.java\n#\tsrc/test/java/seedu/address/testutil/PersonUtil.java\n#\tsrc/test/java/seedu/address/testutil/TypicalPersons.java\n","fileTypesAndContributionMap":{}}]}]},"authorFileTypeContributionMap":{"LonelyFort":{"docs":106,"functional-code":738,"test-code":25,"other":4},"darrenchooji":{"docs":232,"functional-code":296,"test-code":719},"SAN-MUYUN":{"docs":121,"functional-code":460,"test-code":398},"TeaMakesMePee":{"docs":108,"functional-code":147,"test-code":149,"other":2},"wallacepck":{"docs":67,"functional-code":373,"test-code":291}},"authorContributionVariance":{"LonelyFort":9885.914,"darrenchooji":18684.977,"SAN-MUYUN":7654.7246,"TeaMakesMePee":12488.497,"wallacepck":37233.14},"authorDisplayNameMap":{"LonelyFort":"CS2103T-T17-4 LIU ..-WEI","darrenchooji":"CS2103T-T17-4 CHOO..RREN","SAN-MUYUN":"CS2103T-T17-4 SAN ..UYUN","TeaMakesMePee":"CS2103T-T17-4 MOHA..DEEN","wallacepck":"CS2103T-T17-4 WALL.. YEE"}}
