{"authorDailyContributionsMap":{"Mil-leon":[{"date":"2025-02-21","commitResults":[{"hash":"8fa7aee96b3a91d4884fade168c3086255c22ae2","isMergeCommit":false,"messageTitle":"Trivial change to test for Codecov","messageBody":"","fileTypesAndContributionMap":{"docs":{"insertions":1,"deletions":1}}},{"hash":"988ef529479cbaab8c2c6b016c824fa1576f5c0b","isMergeCommit":false,"messageTitle":"Update README.md","messageBody":"Add codecov tag into the readme","fileTypesAndContributionMap":{"docs":{"insertions":1,"deletions":0}}}]},{"date":"2025-02-23","commitResults":[{"hash":"144a8f49f2644ec61722ecb9cb4636d0dd4d80a5","isMergeCommit":false,"messageTitle":"Add Remark Command","messageBody":"","fileTypesAndContributionMap":{"functional-code":{"insertions":198,"deletions":35},"test-code":{"insertions":210,"deletions":17}}},{"hash":"fa7556132bed186fd1f29babea79dfa86d3fac94","isMergeCommit":true,"messageTitle":"Merge branch \u0027tutorial-adding-command\u0027","messageBody":"","fileTypesAndContributionMap":{}}]},{"date":"2025-03-04","commitResults":[{"hash":"7c70793abcb3012c00d9d3f4467520fb2eee1bcd","isMergeCommit":false,"messageTitle":"Revert \"Add Remark Command\"","messageBody":"This reverts commit 144a8f49f2644ec61722ecb9cb4636d0dd4d80a5.\n","fileTypesAndContributionMap":{"functional-code":{"insertions":35,"deletions":198},"test-code":{"insertions":17,"deletions":210}}}]},{"date":"2025-03-05","commitResults":[{"hash":"e2c7b95238ca00c0041c35d25a95be1b8bbb369f","isMergeCommit":false,"messageTitle":"Add AboutUse details","messageBody":"","fileTypesAndContributionMap":{"docs":{"insertions":0,"deletions":0}}},{"hash":"12d168cd1edae6bd84b20d467819d41183c1fbbd","isMergeCommit":false,"messageTitle":"Add AboutUs Details","messageBody":"","fileTypesAndContributionMap":{"docs":{"insertions":4,"deletions":4}}},{"hash":"301a2f1a9fbca6cb47a5ac54e011f097a1f60b6a","isMergeCommit":true,"messageTitle":"Merge pull request #30 from mihirniyogi/update-readme","messageBody":"Update README page","fileTypesAndContributionMap":{}},{"hash":"4aa2258abb09b0e322c2a62603c8704348b62d40","isMergeCommit":false,"messageTitle":"Add use case descriptions","messageBody":"","fileTypesAndContributionMap":{"docs":{"insertions":66,"deletions":9}}}]},{"date":"2025-03-13","commitResults":[{"hash":"92ddcf217926ce62a844a91f499ad60ef870178c","isMergeCommit":false,"messageTitle":"Add AddPastryCommand Class to command folder","messageBody":"","fileTypesAndContributionMap":{"functional-code":{"insertions":75,"deletions":0}}},{"hash":"9e471372ca1c38d8186017b18163b46333470764","isMergeCommit":false,"messageTitle":"Add Pastry parser class","messageBody":"","fileTypesAndContributionMap":{"functional-code":{"insertions":87,"deletions":1}}},{"hash":"e74051bf96dbcb474173232a25487f6e65253f9f","isMergeCommit":false,"messageTitle":"Change to display price after adding pastry","messageBody":"","fileTypesAndContributionMap":{"functional-code":{"insertions":3,"deletions":3}}},{"hash":"79c0e285a8e0e575fd49a868accff23a02ac1384","isMergeCommit":false,"messageTitle":"Reject duplicate pastries","messageBody":"","fileTypesAndContributionMap":{"functional-code":{"insertions":15,"deletions":7}}}]},{"date":"2025-03-14","commitResults":[{"hash":"896624b734194c1ccf1128a8d9816ac2e6df0ad9","isMergeCommit":false,"messageTitle":"Fix checkStyle errors","messageBody":"","fileTypesAndContributionMap":{"functional-code":{"insertions":6,"deletions":7}}},{"hash":"ce95ebb02b6f99b9ee1a2e59e7584101c3059b14","isMergeCommit":false,"messageTitle":"Arrange imports","messageBody":"","fileTypesAndContributionMap":{"functional-code":{"insertions":4,"deletions":1}}},{"hash":"f7d687feace6c9cfb4aa79439d8bf929e462fb1f","isMergeCommit":false,"messageTitle":"Fix Checkstyle","messageBody":"","fileTypesAndContributionMap":{"functional-code":{"insertions":0,"deletions":2}}},{"hash":"ab3bd8e335ff1032c159f9ed122745802d4656df","isMergeCommit":true,"messageTitle":"Merge branch \u0027add-new-pastries\u0027","messageBody":"","fileTypesAndContributionMap":{}},{"hash":"5258d9e29427ad810a7e22977f884e659369a903","isMergeCommit":false,"messageTitle":"Add prefix pastry and price","messageBody":"","fileTypesAndContributionMap":{"functional-code":{"insertions":2,"deletions":1}}}]},{"date":"2025-03-15","commitResults":[{"hash":"85c21d74316d712abf3ee407770cdb3a1df6edca","isMergeCommit":true,"messageTitle":"Merge pull request #54 from Mil-leon/add-new-pastries","messageBody":"Add new pastries","fileTypesAndContributionMap":{}}]},{"date":"2025-03-16","commitResults":[{"hash":"674068fc158df8c5fad2007645dbfe04ca4f7ec3","isMergeCommit":false,"messageTitle":"Add pastry test and pastry builder","messageBody":"","fileTypesAndContributionMap":{"test-code":{"insertions":292,"deletions":0}}}]},{"date":"2025-03-17","commitResults":[{"hash":"e454454ddac0b7e9b3875a35e37ba56c8db6214a","isMergeCommit":true,"messageTitle":"Merge pull request #69 from Emmanuel2001/delete-client-and-pastry-test-cases","messageBody":"Add more test cases for delete","fileTypesAndContributionMap":{}}]},{"date":"2025-03-26","commitResults":[{"hash":"ee691430580694bec45ca6a5814fa20d4fe01a88","isMergeCommit":false,"messageTitle":"Add changes to the Storage Section of the User Guide","messageBody":"","fileTypesAndContributionMap":{"docs":{"insertions":15,"deletions":2}}},{"hash":"98c532d54edf1c307f7697d8a36d4e78cb62311b","isMergeCommit":false,"messageTitle":"Add \u0027add client\u0027 and \u0027add pastry\u0027 commands in the UG","messageBody":"","fileTypesAndContributionMap":{"docs":{"insertions":57,"deletions":7}}},{"hash":"ddc1da389478bca3adb019e25f24c6f727f76bed","isMergeCommit":true,"messageTitle":"Merge pull request #96 from Mil-leon/add-command-user-guide","messageBody":"Add \u0027add client\u0027 and \u0027add pastry\u0027 commands in the UG","fileTypesAndContributionMap":{}},{"hash":"afc3bc3565c6029c86a0dda06ebdc9bf9ee06a13","isMergeCommit":true,"messageTitle":"Merge pull request #94 from Mil-leon/add-storage-user-guide","messageBody":"Add changes to the Storage Section of the User Guide","fileTypesAndContributionMap":{}},{"hash":"999c5d6188db76fd14969740ba62fecebacf27d1","isMergeCommit":true,"messageTitle":"Merge pull request #99 from Emmanuel2001/update-ug-command-section","messageBody":"Update UG command section","fileTypesAndContributionMap":{}}]}],"cyhni":[{"date":"2025-03-04","commitResults":[{"hash":"d65334129a155e6d1fd2ab6a5f5b125dcf9308d8","isMergeCommit":false,"messageTitle":"Update AboutUs.md and added personal cyhni.md","messageBody":"","fileTypesAndContributionMap":{"docs":{"insertions":26,"deletions":6}}}]},{"date":"2025-03-05","commitResults":[{"hash":"3fa7b6c7e39a6279c964618aecd0e82d545cc6b1","isMergeCommit":false,"messageTitle":"Update the DG with user stories","messageBody":"","fileTypesAndContributionMap":{"docs":{"insertions":18,"deletions":11}}},{"hash":"e09c19e8046759d6cdf2cc34d5dda2a5347ecc57","isMergeCommit":true,"messageTitle":"Merge pull request #32 from mogmyij/update-dev-guide-nfr","messageBody":"Update Non-functional requirements","fileTypesAndContributionMap":{}},{"hash":"875f4df227fbed9da2ba3345463bb1b835ca5658","isMergeCommit":true,"messageTitle":"Merge pull request #34 from Emmanuel2001/update-dg-glossary","messageBody":"update glossary in developerguide.md","fileTypesAndContributionMap":{}}]},{"date":"2025-03-12","commitResults":[{"hash":"1fad322931427b2e2aa2aaa000345a4cd8462ebe","isMergeCommit":true,"messageTitle":"Merge pull request #45 from mogmyij/change-package-and-class-names","messageBody":"Change package name from seedu to powerbake","fileTypesAndContributionMap":{}}]},{"date":"2025-03-14","commitResults":[{"hash":"6dd37c59142dea7a80f20bbb62bdae7ed63eff26","isMergeCommit":false,"messageTitle":"Change prefix to match feature spec","messageBody":"","fileTypesAndContributionMap":{"functional-code":{"insertions":20,"deletions":20},"test-code":{"insertions":12,"deletions":12}}},{"hash":"b7f69ecddfa0193f8278ee555129a3d731ea4f28","isMergeCommit":false,"messageTitle":"Update AddCommandParserTest to fix checkstyle error","messageBody":"","fileTypesAndContributionMap":{"test-code":{"insertions":2,"deletions":1}}},{"hash":"4893e7551ea15fff92f1e53a969c6ca3fbe0b716","isMergeCommit":false,"messageTitle":"Remove trimming of user command to make sure prefix works","messageBody":"","fileTypesAndContributionMap":{"functional-code":{"insertions":1,"deletions":1},"test-code":{"insertions":1,"deletions":0}}}]},{"date":"2025-03-15","commitResults":[{"hash":"8081fb09481b7319ce873b7b5ba64c9051a49ed1","isMergeCommit":true,"messageTitle":"Merge pull request #56 from mihirniyogi/view-ui-and-command","messageBody":"Add \"view\" command to view client and pastries","fileTypesAndContributionMap":{}},{"hash":"b3a41126ccfd148286116804d1082d8d085a988e","isMergeCommit":false,"messageTitle":"Combine add commands into one to be able to choose pastry and client","messageBody":"","fileTypesAndContributionMap":{"functional-code":{"insertions":185,"deletions":127},"other":{"insertions":18,"deletions":17},"test-code":{"insertions":27,"deletions":37}}},{"hash":"7785fca09ea5c6835cd04257c8a5b60a9fc7d940","isMergeCommit":true,"messageTitle":"Merge pull request #59 from Emmanuel2001/delete-client-and-pastry","messageBody":"Add delete function to pastry, client and modify test cases","fileTypesAndContributionMap":{}}]},{"date":"2025-03-19","commitResults":[{"hash":"ba4be552bf9b2e7956b15b158da272b6a38fd7e8","isMergeCommit":false,"messageTitle":"Add AddPastryCommandIntegrationTest","messageBody":"","fileTypesAndContributionMap":{"test-code":{"insertions":49,"deletions":1}}},{"hash":"b83df596bea328613c589f7e6c4238b33242b9d8","isMergeCommit":false,"messageTitle":"Abstract AddClientCommandParserTest and add AddPastryCommandParserTest","messageBody":"","fileTypesAndContributionMap":{"functional-code":{"insertions":0,"deletions":2},"test-code":{"insertions":307,"deletions":165}}}]},{"date":"2025-03-20","commitResults":[{"hash":"6461d814d576967d7e15a5635de7b973b72f12af","isMergeCommit":false,"messageTitle":"Update jar build name to powerbake.jar from addressbook.jar","messageBody":"","fileTypesAndContributionMap":{"other":{"insertions":1,"deletions":1}}}]},{"date":"2025-03-26","commitResults":[{"hash":"16d45d2e29cc42236ddbb98cf42868dbc7a2f38a","isMergeCommit":false,"messageTitle":"Update UG with introduction and navigation guide. Also updated home page.","messageBody":"","fileTypesAndContributionMap":{"docs":{"insertions":190,"deletions":12}}},{"hash":"6713d46b6a0a8e500e9df5aa3f7799c6a470933c","isMergeCommit":false,"messageTitle":"Revert package-lock.json","messageBody":"","fileTypesAndContributionMap":{"docs":{"insertions":190,"deletions":12}}},{"hash":"6f81b4c02db158e394044177896b9ca5c8b4181e","isMergeCommit":true,"messageTitle":"Merge pull request #95 from cyhni/update-UG-intro-and-nav","messageBody":"Update UG with introduction and navigation guide. ","fileTypesAndContributionMap":{}},{"hash":"db2cdf14ca7b7a87df0ecd0e4b2b537a755675db","isMergeCommit":false,"messageTitle":"Update UG and DG glossary","messageBody":"","fileTypesAndContributionMap":{"docs":{"insertions":31,"deletions":13}}},{"hash":"02c5321326f045be04e5fb4bf67ff1e6335e79d0","isMergeCommit":true,"messageTitle":"Merge pull request #92 from mihirniyogi/view-order-ui","messageBody":"Add \"view order\" UI","fileTypesAndContributionMap":{}}]}],"mihirniyogi":[{"date":"2025-02-22","commitResults":[{"hash":"c772ba8d1d51af96f2260ef38caefcb7f6f80f9c","isMergeCommit":true,"messageTitle":"Merge pull request #1 from AY2425S2-CS2103T-F13-2/switch-docs-to-markbind","messageBody":"Merge switch-docs-to-markbind branch","fileTypesAndContributionMap":{}},{"hash":"ae2fe7c0fab1fc1af4054f619998bf2f2aafcf76","isMergeCommit":false,"messageTitle":"Change AB3 labels to PowerBake labels","messageBody":"","fileTypesAndContributionMap":{"docs":{"insertions":1,"deletions":1}}}]},{"date":"2025-03-04","commitResults":[{"hash":"7f30493749b8474ea3ab6b3c114a8b9529ccd458","isMergeCommit":false,"messageTitle":"Add about us details for mihir","messageBody":"","fileTypesAndContributionMap":{"docs":{"insertions":14,"deletions":13}}},{"hash":"2eae78f68206a04bbc5f6c5c296713ffe1ad4eaf","isMergeCommit":false,"messageTitle":"Do minor changes","messageBody":"","fileTypesAndContributionMap":{"docs":{"insertions":9,"deletions":9}}},{"hash":"cf7a88cdde30c13f4fc33c24d48df5b8354f2955","isMergeCommit":false,"messageTitle":"Add more details to portfolio md page","messageBody":"","fileTypesAndContributionMap":{"docs":{"insertions":6,"deletions":1}}}]},{"date":"2025-03-05","commitResults":[{"hash":"eee43ae352e48e063636903dc32cafbc31cd5b60","isMergeCommit":false,"messageTitle":"Update GitHub Actions and codecov badge link","messageBody":"","fileTypesAndContributionMap":{"docs":{"insertions":2,"deletions":2}}},{"hash":"7921d603ed34699bcae1ca0c968fbc54e174cb50","isMergeCommit":false,"messageTitle":"Update rest of README to match our app","messageBody":"","fileTypesAndContributionMap":{"docs":{"insertions":8,"deletions":9}}}]},{"date":"2025-03-12","commitResults":[{"hash":"d8cde5cd08ee65a1a298b50c6ef171da794f5ee5","isMergeCommit":false,"messageTitle":"Add Pastry class and its properties to model package","messageBody":"","fileTypesAndContributionMap":{"functional-code":{"insertions":409,"deletions":0}}},{"hash":"616d43aa4b380b2d5cda2ba8be87aecbb475edbb","isMergeCommit":false,"messageTitle":"Add Pastry methods to Model and Fix tests","messageBody":"","fileTypesAndContributionMap":{"functional-code":{"insertions":147,"deletions":4},"test-code":{"insertions":38,"deletions":0}}},{"hash":"21af57f035180613ebf56c2c44ef6f054fa2f12f","isMergeCommit":false,"messageTitle":"Add Pastry methods to logic package","messageBody":"","fileTypesAndContributionMap":{"functional-code":{"insertions":25,"deletions":0}}},{"hash":"5a87e8422d8a1d5aee8eb04ca26c1767a7eed9df","isMergeCommit":false,"messageTitle":"Add Pastry to Storage and Fix tests","messageBody":"","fileTypesAndContributionMap":{"functional-code":{"insertions":76,"deletions":2},"test-code":{"insertions":1,"deletions":1}}},{"hash":"c95bf3be4fdd475a9d151784499b324afef487f3","isMergeCommit":false,"messageTitle":"Add sample data for pastries","messageBody":"","fileTypesAndContributionMap":{"functional-code":{"insertions":13,"deletions":0}}}]},{"date":"2025-03-14","commitResults":[{"hash":"df0f789220b6d0e81c2e594b752b315dd7437b49","isMergeCommit":true,"messageTitle":"Merge pull request #50 from cyhni/add-command-for-clients","messageBody":"Change prefix to match feature spec","fileTypesAndContributionMap":{}},{"hash":"a208432f14beefb24d38a6c2a06a851e70795a82","isMergeCommit":false,"messageTitle":"Add TabPane to switch between client and pastry view","messageBody":"","fileTypesAndContributionMap":{"functional-code":{"insertions":28,"deletions":6}}},{"hash":"812a53596b74ef03a60af72082f9c870ecb46129","isMergeCommit":false,"messageTitle":"Add css to style tabs","messageBody":"","fileTypesAndContributionMap":{"functional-code":{"insertions":21,"deletions":5}}},{"hash":"9a44b2de56ff692ec0382b5fd613067901d72845","isMergeCommit":false,"messageTitle":"Show pastry list in tab","messageBody":"","fileTypesAndContributionMap":{"functional-code":{"insertions":152,"deletions":7}}},{"hash":"10d897fef3320474d50408223d208ba79bc25d40","isMergeCommit":false,"messageTitle":"Change command name: \u0027list\u0027 to \u0027view\u0027 (no arguments yet)","messageBody":"","fileTypesAndContributionMap":{"functional-code":{"insertions":4,"deletions":3},"other":{"insertions":6,"deletions":6},"test-code":{"insertions":7,"deletions":7}}}]},{"date":"2025-03-15","commitResults":[{"hash":"221b3e9d359c04ded11713d33018ed36a60b291e","isMergeCommit":false,"messageTitle":"Modify view command to allow \u0027view client\u0027 and \u0027view pastry\u0027","messageBody":"","fileTypesAndContributionMap":{"functional-code":{"insertions":85,"deletions":6}}},{"hash":"929adb8b7d4c2f35ec1b7a59988d6033f948c8bf","isMergeCommit":false,"messageTitle":"Modify and add tests for new view command","messageBody":"","fileTypesAndContributionMap":{"test-code":{"insertions":80,"deletions":10}}},{"hash":"b8c1ddccb74872c470c3923a8f6801be1fdedbac","isMergeCommit":false,"messageTitle":"Enable switch tabs when user types view client or view pastry","messageBody":"","fileTypesAndContributionMap":{"functional-code":{"insertions":17,"deletions":2}}},{"hash":"08d97b46caefe9f44f992f5d58daf59b575ef39e","isMergeCommit":false,"messageTitle":"Fix checkstyle issues","messageBody":"","fileTypesAndContributionMap":{"functional-code":{"insertions":7,"deletions":7}}},{"hash":"65e15e5528ff6021d776ca7f9f7928a5635e67d0","isMergeCommit":false,"messageTitle":"Add tests for equals() and toString() methods","messageBody":"","fileTypesAndContributionMap":{"test-code":{"insertions":38,"deletions":0}}}]},{"date":"2025-03-16","commitResults":[{"hash":"35a8c85240f6a9c878e074309b07417145e9b2ee","isMergeCommit":true,"messageTitle":"Merge pull request #65 from mogmyij/local-storage","messageBody":"Add Json test files for Pastries and improves test files for local storage","fileTypesAndContributionMap":{}},{"hash":"e2ed9327f8723365e9edc64fb3029b5437472359","isMergeCommit":false,"messageTitle":"Add tests for pastry/Name.java","messageBody":"","fileTypesAndContributionMap":{"test-code":{"insertions":60,"deletions":0}}}]},{"date":"2025-03-17","commitResults":[{"hash":"e60825d15d3a25d2c2b72558bafea1b7b71069d1","isMergeCommit":true,"messageTitle":"Merge branch \u0027master\u0027 into add-model-pastry-tests","messageBody":"","fileTypesAndContributionMap":{}},{"hash":"e27d9020c9c2317f16b9b8ad5b6853d47825b6d4","isMergeCommit":false,"messageTitle":"Add tests for pastry/Price.java","messageBody":"","fileTypesAndContributionMap":{"test-code":{"insertions":64,"deletions":0}}},{"hash":"6cc44eeca348c0926ca36f05933b2c33ae7e908c","isMergeCommit":false,"messageTitle":"Add tests for pastry/Pastry.java","messageBody":"","fileTypesAndContributionMap":{"test-code":{"insertions":80,"deletions":0}}},{"hash":"29ccd68a1fb023314c73b0fb810272e3295bcf6c","isMergeCommit":false,"messageTitle":"Change references to pastries from \u0027TypicalPersons\u0027 to \u0027TypicalPastries\u0027","messageBody":"","fileTypesAndContributionMap":{"test-code":{"insertions":5,"deletions":5}}},{"hash":"95622eadbe9150f4216f18f636894b4c7e93b18f","isMergeCommit":false,"messageTitle":"Add tests for pastry/UniquePastryList.java","messageBody":"","fileTypesAndContributionMap":{"test-code":{"insertions":195,"deletions":0}}},{"hash":"7c11121c76b81f557b19ef5473d24f9de38941c5","isMergeCommit":false,"messageTitle":"Add tests for pastry/NameContains... class","messageBody":"","fileTypesAndContributionMap":{"test-code":{"insertions":84,"deletions":0}}},{"hash":"6b10698f5a50740274817d99646f54a2871d6914","isMergeCommit":false,"messageTitle":"Improve tests for UniquePersonList.java","messageBody":"","fileTypesAndContributionMap":{"test-code":{"insertions":19,"deletions":0}}},{"hash":"33a88cdd0ad1a40737f20660e69deea8e3a80b62","isMergeCommit":false,"messageTitle":"Fix checkstyle issues","messageBody":"","fileTypesAndContributionMap":{"test-code":{"insertions":22,"deletions":19}}},{"hash":"c7e9b4baf800e18554941e757e5453b0ed82dc2b","isMergeCommit":false,"messageTitle":"Delete redundant methods due to TypicalPastries file handling it","messageBody":"","fileTypesAndContributionMap":{"test-code":{"insertions":0,"deletions":29}}}]},{"date":"2025-03-19","commitResults":[{"hash":"b9e929a39d8b199a50006d3e5cb224ca55cb2dac","isMergeCommit":true,"messageTitle":"Merge pull request #70 from cyhni/abstract-addClient-tests","messageBody":"Abstract add client tests","fileTypesAndContributionMap":{}}]},{"date":"2025-03-20","commitResults":[{"hash":"3f2a596a30d71eac9b8bae7ecbf149b97f58e582","isMergeCommit":false,"messageTitle":"Change window title to \u0027Powerbake\u0027","messageBody":"","fileTypesAndContributionMap":{"functional-code":{"insertions":1,"deletions":1}}},{"hash":"f461bc302a4b1625e0ca70b9274ebc5ac62bf3ba","isMergeCommit":true,"messageTitle":"Merge pull request #76 from cyhni/update-jar-name","messageBody":"Update jar build name to powerbake.jar from addressbook.jar","tags":["v1.3"],"fileTypesAndContributionMap":{}}]},{"date":"2025-03-24","commitResults":[{"hash":"2b73bbbf4e82fc1b7c3866c76eceb618d906e27d","isMergeCommit":false,"messageTitle":"Add Orders tab","messageBody":"","fileTypesAndContributionMap":{"functional-code":{"insertions":51,"deletions":0}}},{"hash":"7d9b8dcd7d70881e0f6f56f8773ef870f2623c3c","isMergeCommit":false,"messageTitle":"Remove redundant flowpane","messageBody":"","fileTypesAndContributionMap":{"functional-code":{"insertions":1,"deletions":2}}}]},{"date":"2025-03-25","commitResults":[{"hash":"c8e997df8840ccbadef890310fc6f65ef44ab525","isMergeCommit":true,"messageTitle":"Merge pull request #83 from mogmyij/order-model","messageBody":"Add Order model","fileTypesAndContributionMap":{}},{"hash":"99437c12adf03e47d1f6a83bdc910f5a6d943a76","isMergeCommit":true,"messageTitle":"Merge branch \u0027master\u0027 into view-order-ui","messageBody":"","fileTypesAndContributionMap":{}},{"hash":"34fbb778305b09dfeee7f0c99145e2727566309d","isMergeCommit":false,"messageTitle":"Add sample data for orders to populate","messageBody":"","fileTypesAndContributionMap":{"functional-code":{"insertions":90,"deletions":21}}},{"hash":"4f8ddd01caabf1badb27622d52e6e8787927153a","isMergeCommit":false,"messageTitle":"Add ability to fetch filtered orders (necessary for ui)","messageBody":"","fileTypesAndContributionMap":{"functional-code":{"insertions":30,"deletions":0}}},{"hash":"d56f402cfcd251ee72f0a3acb8b7f3c9ba7ed271","isMergeCommit":false,"messageTitle":"Fix tests to match previous commit changes","messageBody":"","fileTypesAndContributionMap":{"test-code":{"insertions":11,"deletions":0}}},{"hash":"eecd9b6039b85709ca2496a49dc1f4a1d88f07e2","isMergeCommit":false,"messageTitle":"Add ui to view list of orders","messageBody":"","fileTypesAndContributionMap":{"functional-code":{"insertions":216,"deletions":30}}},{"hash":"10b3324e75a23ee1c139d8e3fbca255febf2c5ff","isMergeCommit":false,"messageTitle":"Refactor: organise files into packages within ui","messageBody":"","fileTypesAndContributionMap":{"functional-code":{"insertions":1,"deletions":0},"other":{"insertions":34,"deletions":11}}},{"hash":"b3e401d0627a1e07a22e35bf8026c1ed1ad4f284","isMergeCommit":false,"messageTitle":"Fix checkstyle issues","messageBody":"","fileTypesAndContributionMap":{"functional-code":{"insertions":20,"deletions":17}}},{"hash":"f34f991956f7754a9940ea87f9a61f561d5c21a4","isMergeCommit":false,"messageTitle":"Add ability to view selected order","messageBody":"","fileTypesAndContributionMap":{"functional-code":{"insertions":217,"deletions":1},"other":{"insertions":23,"deletions":8}}},{"hash":"15023245ef017a00ad1dd26418ba85e61c1ca776","isMergeCommit":false,"messageTitle":"Fix checkstyle issues","messageBody":"","fileTypesAndContributionMap":{"functional-code":{"insertions":7,"deletions":7},"docs":{"insertions":1,"deletions":1}}},{"hash":"4b99aca5b98b8319f68d7bff5cef732311515206","isMergeCommit":false,"messageTitle":"Fix checkstyle issues 2","messageBody":"","fileTypesAndContributionMap":{"functional-code":{"insertions":2,"deletions":2}}}]}],"mogmyij":[{"date":"2025-03-04","commitResults":[{"hash":"042466515bb5932273790e5751390d232bbd7998","isMergeCommit":false,"messageTitle":"Add AboutUs details for Hong Yi","messageBody":"","fileTypesAndContributionMap":{"docs":{"insertions":15,"deletions":4}}}]},{"date":"2025-03-05","commitResults":[{"hash":"4c51f27fc58a59cbba1dc5e978fb41f95a4bce09","isMergeCommit":true,"messageTitle":"Merge pull request #25 from Mil-leon/add-md-details","messageBody":"Add Noel\u0027s AboutUs details","fileTypesAndContributionMap":{}},{"hash":"c34e61480dd4c2740902a72f1071360837a9f4aa","isMergeCommit":true,"messageTitle":"Merge pull request #21 from Emmanuel2001/add-emmanuel-aboutus","messageBody":"add personal emmanuel2001.md and update AboutUs.md","fileTypesAndContributionMap":{}},{"hash":"2d8a9e2a56995e3c9a666bf39fed5fe3b11c0769","isMergeCommit":true,"messageTitle":"Merge pull request #20 from mogmyij/update-AboutUs","messageBody":"Add Hong Yi AboutUs details","fileTypesAndContributionMap":{}},{"hash":"230f8e58efc796d551f21d7829e103b5c41e65d1","isMergeCommit":true,"messageTitle":"Merge pull request #18 from cyhni/update-aboutus","messageBody":"Update Nigel AboutUs.md details","fileTypesAndContributionMap":{}},{"hash":"70337b7702f0ddc10458cdc32c988f67b905cf5b","isMergeCommit":true,"messageTitle":"Merge pull request #16 from mihirniyogi/add-mihir-aboutus","messageBody":"Add Mihir About Us Details","fileTypesAndContributionMap":{}},{"hash":"557b5b3ee1c7f0f1d99c55dbf8666fa34076c2dd","isMergeCommit":false,"messageTitle":"Update Non-functional requirements","messageBody":"","fileTypesAndContributionMap":{"docs":{"insertions":9,"deletions":3}}},{"hash":"7e43d2a71a2f3c04ac29b362202d4ee9a2beb75d","isMergeCommit":true,"messageTitle":"Merge pull request #31 from cyhni/update-the-DG-user-stories","messageBody":"Update the DG with user stories","fileTypesAndContributionMap":{}}]},{"date":"2025-03-12","commitResults":[{"hash":"2d42d1cdf2d1daba140bd8222857379103795338","isMergeCommit":false,"messageTitle":"Change package name from seedu to powerbake","messageBody":"","fileTypesAndContributionMap":{"other":{"insertions":770,"deletions":770},"test-code":{"insertions":2,"deletions":2}}}]},{"date":"2025-03-13","commitResults":[{"hash":"e8cbe87aeaf04067e4c977e8d840e65a1b32f93e","isMergeCommit":true,"messageTitle":"Merge pull request #47 from mihirniyogi/add-pastry-client-objects","messageBody":"Add pastry to model, logic, storage.","fileTypesAndContributionMap":{}}]},{"date":"2025-03-15","commitResults":[{"hash":"312ef7893afdc37d72a3130dd39f5e01467567ca","isMergeCommit":true,"messageTitle":"Merge pull request #58 from cyhni/combine-add-pastry-and-client","messageBody":"Combine add commands into one to be able to choose pastry and client","fileTypesAndContributionMap":{}},{"hash":"abe1e5bb5f145298aed1be6bd4ba48d42f8b40a7","isMergeCommit":false,"messageTitle":"Add TypicalAddressBook and TypicalPastries To facilitate the creation of stadard AddressBook objects that now also contain pastries.","messageBody":"","fileTypesAndContributionMap":{"test-code":{"insertions":69,"deletions":11}}}]},{"date":"2025-03-16","commitResults":[{"hash":"c19e872740db8fef388184a1cadad4d1b67eab43","isMergeCommit":false,"messageTitle":"Add tests for JsonAdaptedPastries \u0026 seperate Pastry tests","messageBody":"","fileTypesAndContributionMap":{"test-code":{"insertions":89,"deletions":0}}},{"hash":"acea1737a0b2c89f0093c1fe9795dd772a4e8583","isMergeCommit":false,"messageTitle":"Fix style issues","messageBody":"","fileTypesAndContributionMap":{"test-code":{"insertions":5,"deletions":8}}},{"hash":"7af0f89c9ef5c4261b96c725e04a1b7ff8055027","isMergeCommit":false,"messageTitle":"Fix lexograpical import issues","messageBody":"","fileTypesAndContributionMap":{"test-code":{"insertions":7,"deletions":7}}}]},{"date":"2025-03-17","commitResults":[{"hash":"3d8e2433e018055649ee0b779484ba1e67b82847","isMergeCommit":true,"messageTitle":"Merge pull request #67 from mihirniyogi/add-model-pastry-tests","messageBody":"Create tests for pastry model to increase code coverage","fileTypesAndContributionMap":{}}]},{"date":"2025-03-20","commitResults":[{"hash":"31f699c857f5d07b79d23ddf9980b4f27f5679c9","isMergeCommit":true,"messageTitle":"Merge pull request #75 from mihirniyogi/change-window-title","messageBody":"Change window title","fileTypesAndContributionMap":{}}]},{"date":"2025-03-24","commitResults":[{"hash":"7b0f6e5f70e481c5695c568a3162ea270b9d5f53","isMergeCommit":false,"messageTitle":"Add Order model","messageBody":"","fileTypesAndContributionMap":{"functional-code":{"insertions":522,"deletions":2},"test-code":{"insertions":12,"deletions":1}}}]},{"date":"2025-03-25","commitResults":[{"hash":"b8f7aba89596f5f1e70d6f2f42c14896d55fa6e3","isMergeCommit":false,"messageTitle":"Add OrderTest.java \u0026 fix typo","messageBody":"","fileTypesAndContributionMap":{"functional-code":{"insertions":2,"deletions":2},"test-code":{"insertions":210,"deletions":0}}},{"hash":"78bedfaa2115129f22fd8e362e3298c928c95bb0","isMergeCommit":false,"messageTitle":"Add OrderIdTest.java","messageBody":"","fileTypesAndContributionMap":{"functional-code":{"insertions":7,"deletions":0},"test-code":{"insertions":141,"deletions":0}}},{"hash":"d81d0ac1ddd5ba51191bd46bade09a0cb0a502ad","isMergeCommit":false,"messageTitle":"Add tests for Order helper classes","messageBody":"","fileTypesAndContributionMap":{"functional-code":{"insertions":3,"deletions":0},"test-code":{"insertions":417,"deletions":0}}},{"hash":"e71278802ec7217751aef2d3b0a29b7c295b2774","isMergeCommit":false,"messageTitle":"Fix checkstyle issues","messageBody":"","fileTypesAndContributionMap":{"test-code":{"insertions":5,"deletions":5}}},{"hash":"66ad7c6dcf80964dd09660a00f92ca05e3b3ac3f","isMergeCommit":false,"messageTitle":"Edited AddressBookTest.java to add more tests","messageBody":"","fileTypesAndContributionMap":{"functional-code":{"insertions":2,"deletions":2},"test-code":{"insertions":178,"deletions":0}}},{"hash":"14a126e110dfc802610486cbe99e4bad9f125d8e","isMergeCommit":false,"messageTitle":"Add local storage for Order class","messageBody":"","fileTypesAndContributionMap":{"functional-code":{"insertions":213,"deletions":9}}},{"hash":"eb77e7ab198720d90e024eac948087d435bab70a","isMergeCommit":false,"messageTitle":"Add tests for Order local storage","messageBody":"","fileTypesAndContributionMap":{"functional-code":{"insertions":5,"deletions":6},"test-code":{"insertions":333,"deletions":0}}},{"hash":"e439333f9980e9e98409c69558849fedc1177c33","isMergeCommit":true,"messageTitle":"Merge pull request #84 from Emmanuel2001/add-edit-pastry","messageBody":"Add edit pastry command and modify test cases for edit client and pastry","fileTypesAndContributionMap":{}}]},{"date":"2025-03-26","commitResults":[{"hash":"f64456f45f9597832fe2920ffc5b803934a204e5","isMergeCommit":false,"messageTitle":"Add Getting Started to the UG","messageBody":"","fileTypesAndContributionMap":{"docs":{"insertions":107,"deletions":16}}},{"hash":"8beb1f348e05e5acb004d72b713730f8bff36f41","isMergeCommit":false,"messageTitle":"Fix formmating issues","messageBody":"","fileTypesAndContributionMap":{"docs":{"insertions":4,"deletions":2}}},{"hash":"2c3002b0e1dd7556f4af8d9abe0dd61cc2cc0be9","isMergeCommit":false,"messageTitle":"Fix checkstyle errors","messageBody":"","fileTypesAndContributionMap":{"docs":{"insertions":5,"deletions":5}}},{"hash":"5b04feaa965bbe19f86ee44ecfc675dc3b768738","isMergeCommit":true,"messageTitle":"Merge branch \u0027master\u0027 into UG-getting-started","messageBody":"","fileTypesAndContributionMap":{}},{"hash":"870e69e83ec5ed63e46e61321da15b4a3a7f5742","isMergeCommit":true,"messageTitle":"Merge pull request #93 from mogmyij/UG-getting-started","messageBody":"Add Getting Started to the UG","fileTypesAndContributionMap":{}},{"hash":"5247440233b664009db3b7b5e914e6558d371d5a","isMergeCommit":true,"messageTitle":"Merge pull request #101 from cyhni/update-ug-glossary","messageBody":"Update UG and DG glossary","fileTypesAndContributionMap":{}}]}],"Emmanuel2001":[{"date":"2025-03-04","commitResults":[{"hash":"754780806ee1af74341bea61d125acdb4239b7df","isMergeCommit":false,"messageTitle":"add personal emmanuel2001.md and update AboutUs.md","messageBody":"","fileTypesAndContributionMap":{"docs":{"insertions":24,"deletions":4}}},{"hash":"1354137e0c836267f922673ab9f8f0edfb944354","isMergeCommit":false,"messageTitle":"update newline at eof","messageBody":"","fileTypesAndContributionMap":{"docs":{"insertions":2,"deletions":1}}}]},{"date":"2025-03-05","commitResults":[{"hash":"b98969ec9995f465dba3ae5f176f00f6d2801f19","isMergeCommit":false,"messageTitle":"update newline at eof","messageBody":"","fileTypesAndContributionMap":{"docs":{"insertions":0,"deletions":1}}},{"hash":"2b4e70c78ecf87d799a7fe46a1879940b3600f8f","isMergeCommit":false,"messageTitle":"update glossary in developerguide.md","messageBody":"","fileTypesAndContributionMap":{"docs":{"insertions":9,"deletions":2}}},{"hash":"806dd0d97c31b502699c2ae28cc9d718a66ade4c","isMergeCommit":true,"messageTitle":"Merge pull request #33 from Mil-leon/add-use-cases","messageBody":"Update the DG: use cases","fileTypesAndContributionMap":{}}]},{"date":"2025-03-15","commitResults":[{"hash":"4bcda26f9f1b4b9f0c16825cca50ed4a7fc21019","isMergeCommit":false,"messageTitle":"Add delete function to pastry and modify delete to accommodate for both cilent and pastry","messageBody":"","fileTypesAndContributionMap":{"functional-code":{"insertions":156,"deletions":18},"test-code":{"insertions":117,"deletions":55}}},{"hash":"3a189b4800a768007f3d60113d7bf4331d52cefb","isMergeCommit":false,"messageTitle":"Fix small changes to price.java","messageBody":"","fileTypesAndContributionMap":{"functional-code":{"insertions":1,"deletions":3}}}]},{"date":"2025-03-16","commitResults":[{"hash":"f8abd11f7a269a6db08cee20763b5d676681ab7a","isMergeCommit":true,"messageTitle":"Merge pull request #66 from Mil-leon/create-add-pastry-test","messageBody":"Add Pastry test and Pastry Builder","fileTypesAndContributionMap":{}}]},{"date":"2025-03-17","commitResults":[{"hash":"c8b7b137b20068070d845877f707fb7e04573cea","isMergeCommit":false,"messageTitle":"Add more test cases for delete","messageBody":"","fileTypesAndContributionMap":{"test-code":{"insertions":257,"deletions":16}}},{"hash":"1fe8e878bc5b915f47126c6b9396aa0fe8810542","isMergeCommit":false,"messageTitle":"Add more coverage for delete","messageBody":"","fileTypesAndContributionMap":{"functional-code":{"insertions":0,"deletions":13},"test-code":{"insertions":79,"deletions":0}}},{"hash":"344e70762a33f006be4e713a137e2ca5e1c5c694","isMergeCommit":false,"messageTitle":"Add complete test coverage for delete command","messageBody":"","fileTypesAndContributionMap":{"functional-code":{"insertions":13,"deletions":0},"test-code":{"insertions":13,"deletions":0}}},{"hash":"8a8b4a52a23f0841a2810d62ac90f906766d0567","isMergeCommit":false,"messageTitle":"Modify changes on code","messageBody":"","fileTypesAndContributionMap":{"test-code":{"insertions":2,"deletions":2}}}]},{"date":"2025-03-25","commitResults":[{"hash":"a69e09e73972db4f46f8abf005d68f32bab14b20","isMergeCommit":false,"messageTitle":"Add edit pastry command and modify test cases for edit client and pastry","messageBody":"","fileTypesAndContributionMap":{"functional-code":{"insertions":268,"deletions":65},"test-code":{"insertions":128,"deletions":112}}},{"hash":"5b4a55aa4b3da472f315b23bd13e058c5185bc9d","isMergeCommit":true,"messageTitle":"Merge remote-tracking branch \u0027origin/master\u0027 into add-edit-pastry","messageBody":"","fileTypesAndContributionMap":{}},{"hash":"b66474fe1f8ddf4f85b42ad0ae04d401267be657","isMergeCommit":false,"messageTitle":"Add more test cases to pastry and modify code to suit coding standard","messageBody":"","fileTypesAndContributionMap":{"functional-code":{"insertions":2,"deletions":2},"test-code":{"insertions":387,"deletions":66}}}]},{"date":"2025-03-26","commitResults":[{"hash":"4e831244321b0e4ae2276e0afc935f70ebc26839","isMergeCommit":false,"messageTitle":"Add UG commands section","messageBody":"","fileTypesAndContributionMap":{"docs":{"insertions":133,"deletions":75}}},{"hash":"41d2239a9b331a41271b2605ffa22aff3940680a","isMergeCommit":true,"messageTitle":"Merge branch \u0027master\u0027 into add-ug-commands-section","messageBody":"","fileTypesAndContributionMap":{}},{"hash":"6ccd9fd2e09cddedb03af0ef50bb8deffd71d048","isMergeCommit":true,"messageTitle":"Merge pull request #97 from Emmanuel2001/add-ug-commands-section","messageBody":"Add UG commands section","fileTypesAndContributionMap":{}},{"hash":"aafb964722022904becc1194de709d3e807488f7","isMergeCommit":false,"messageTitle":"Update UG command section","messageBody":"","fileTypesAndContributionMap":{"docs":{"insertions":62,"deletions":6}}},{"hash":"f83118489b52075f140c4360fc58f19124635bc2","isMergeCommit":true,"messageTitle":"Merge pull request #86 from mogmyij/order-local-storage","messageBody":"Order local storage","fileTypesAndContributionMap":{}}]}]},"authorFileTypeContributionMap":{"Mil-leon":{"docs":126,"functional-code":160,"test-code":291},"cyhni":{"docs":263,"functional-code":124,"test-code":273,"other":1},"mihirniyogi":{"docs":22,"functional-code":1571,"test-code":676},"mogmyij":{"docs":115,"functional-code":1032,"test-code":1820,"other":1},"Emmanuel2001":{"docs":156,"functional-code":432,"test-code":892}},"authorContributionVariance":{"Mil-leon":14244.006,"cyhni":17158.068,"mihirniyogi":37429.32,"mogmyij":135766.27,"Emmanuel2001":37874.715},"authorDisplayNameMap":{"Mil-leon":"CS2103T-F13-2 NOEL.. LIM","cyhni":"CS2103T-F13-2 CHAN..IGEL","mihirniyogi":"CS2103T-F13-2 PUTR..YOGI","mogmyij":"CS2103T-F13-2 FOON..G YI","Emmanuel2001":"CS2103T-F13-2 EMMA..HONG"}}
