{"authorDailyContributionsMap":{"teesha902":[{"date":"2025-02-23","commitResults":[{"hash":"481775290c79f48e764c085c0dbcaeaf692a0356","isMergeCommit":true,"messageTitle":"Merge branch \u0027master\u0027 of github.com:AY2425S2-CS2103-F10-2/tp","messageBody":"* \u0027master\u0027 of github.com:AY2425S2-CS2103-F10-2/tp:\n  Update AboutUs.md with Fabian\u0027s information\n  Add Fabian\u0027s photo\n  Fix missing image in AboutUs by renaming the image\n  Update DeveloperGuide\n  Update the AboutUs page\n","fileTypesAndContributionMap":{}},{"hash":"a00e3d464ed4d88db1ffbb31d7e6746692a28f3b","isMergeCommit":false,"messageTitle":"Update AboutUs.md for Teesha\u0027s details","messageBody":"","fileTypesAndContributionMap":{"docs":{"insertions":4,"deletions":4}}}]},{"date":"2025-02-26","commitResults":[{"hash":"792d21a171b68c4eb99b106213be3c7d876d950b","isMergeCommit":true,"messageTitle":"Merge pull request #32 from FabianHeng/branch-ReadMe","messageBody":"Update README.md","fileTypesAndContributionMap":{}},{"hash":"2e92a658614bc54cc532d47faf989be00073cd84","isMergeCommit":true,"messageTitle":"Merge pull request #31 from FabianHeng/branch-AboutUs","messageBody":"Add team files","fileTypesAndContributionMap":{}},{"hash":"b0c83fd93fccaf039550044c2ef52f6dc0ed42f0","isMergeCommit":false,"messageTitle":"Remove filler from AboutUs","messageBody":"","fileTypesAndContributionMap":{"docs":{"insertions":1,"deletions":11}}},{"hash":"a4ed7be75213921d485a3b9c8bb85b25cb245d5d","isMergeCommit":true,"messageTitle":"Merge branch \u0027teesha-AboutMe-page\u0027","messageBody":"* teesha-AboutMe-page:\n  Reapply \"Update Ui image\"\n  Revert \"Update Ui image\"\n  Update Ui image\n  Remove filler from AboutUs\n  Update file names\n  Add more details about NightlyAffair\n  Rename file\n  Add readme about NightlyAffair\n  Add photo of NightlyAffair\n  Update AboutUs.md for Teesha\u0027s details\n  Correct naming for Teesha\u0027s photo\n  Add Teesha\u0027s photo\n","fileTypesAndContributionMap":{}},{"hash":"c6933cde33d713f5a878ac0cd4d2fa52be9ab041","isMergeCommit":true,"messageTitle":"Merge branch \u0027master\u0027 of github.com:AY2425S2-CS2103-F10-2/tp","messageBody":"* \u0027master\u0027 of github.com:AY2425S2-CS2103-F10-2/tp:\n  Update README.md to match project specifications\n  Add team md files and fix AboutUs.md to display properly\n  Add fabianheng.md and delete default user John Doe\n\n# Conflicts:\n#\tdocs/images/Ui.png\n","fileTypesAndContributionMap":{}}]},{"date":"2025-03-01","commitResults":[{"hash":"ec38bc07db1c51aa8418f025c0d34ed4112b01cf","isMergeCommit":false,"messageTitle":"Update markbind configs","messageBody":"","fileTypesAndContributionMap":{"docs":{"insertions":2,"deletions":2}}}]},{"date":"2025-03-02","commitResults":[{"hash":"467693db15c4f8ec97a949792439b82b9ed370ae","isMergeCommit":false,"messageTitle":"Update index.md with ClientNest description","messageBody":"","fileTypesAndContributionMap":{"docs":{"insertions":6,"deletions":6}}}]},{"date":"2025-03-03","commitResults":[{"hash":"7175eb077f405e7937e1be4779a89c8e1977d467","isMergeCommit":false,"messageTitle":"Add Birthday field including changes to AddCommand, EditCommand and Storage and Person tests","messageBody":"","fileTypesAndContributionMap":{"functional-code":{"insertions":139,"deletions":13},"test-code":{"insertions":76,"deletions":22}}},{"hash":"5d29764cab6b3f249a524526bb2aae752ba64ea3","isMergeCommit":false,"messageTitle":"Add tests and fix Chesckstyle issues","messageBody":"","fileTypesAndContributionMap":{"functional-code":{"insertions":32,"deletions":12},"test-code":{"insertions":95,"deletions":40}}}]},{"date":"2025-03-06","commitResults":[{"hash":"977a178726b95d4383ab8f2946f9ee24e47074a0","isMergeCommit":false,"messageTitle":"Fix some test cases","messageBody":"","fileTypesAndContributionMap":{"test-code":{"insertions":5,"deletions":4}}},{"hash":"356e0de7213f6a5b4c662fb52317b3e3c24127f6","isMergeCommit":false,"messageTitle":"Fix test case issues","messageBody":"","fileTypesAndContributionMap":{"functional-code":{"insertions":1,"deletions":0},"test-code":{"insertions":9,"deletions":4}}}]},{"date":"2025-03-11","commitResults":[{"hash":"92eb74306aa8298a5750b9c0bd466d2d95df04eb","isMergeCommit":true,"messageTitle":"Merge pull request #51 from NightlyAffair/U-ConvertPremiumToList","messageBody":"Convert Premium Integer to Array of [String,Integer] ","fileTypesAndContributionMap":{}},{"hash":"d8d12c877fda6dbee8feae0c4f3a59360521918b","isMergeCommit":true,"messageTitle":"Merge remote-tracking branch \u0027origin/master\u0027 into branch-add-birthday-field","messageBody":"# Conflicts:\n#\tsrc/main/java/seedu/address/logic/commands/EditCommand.java\n#\tsrc/main/java/seedu/address/logic/parser/AddCommandParser.java\n#\tsrc/main/java/seedu/address/model/person/Person.java\n#\tsrc/main/java/seedu/address/model/util/SampleDataUtil.java\n#\tsrc/main/java/seedu/address/storage/JsonAdaptedPerson.java\n#\tsrc/test/data/JsonAddressBookStorageTest/invalidAndValidPersonAddressBook.json\n#\tsrc/test/data/JsonAddressBookStorageTest/invalidPersonAddressBook.json\n#\tsrc/test/data/JsonSerializableAddressBookTest/duplicatePersonAddressBook.json\n#\tsrc/test/data/JsonSerializableAddressBookTest/typicalPersonsAddressBook.json\n#\tsrc/test/java/seedu/address/logic/commands/CommandTestUtil.java\n#\tsrc/test/java/seedu/address/model/person/PersonTest.java\n#\tsrc/test/java/seedu/address/storage/JsonAdaptedPersonTest.java\n#\tsrc/test/java/seedu/address/testutil/PersonBuilder.java\n#\tsrc/test/java/seedu/address/testutil/PersonUtil.java\n#\tsrc/test/java/seedu/address/testutil/TypicalPersons.java\n","fileTypesAndContributionMap":{}},{"hash":"35e16b3a0894efd85f1a8160f751396e69371aff","isMergeCommit":false,"messageTitle":"Fix tests and checkstyle","messageBody":"","fileTypesAndContributionMap":{"functional-code":{"insertions":7,"deletions":4},"test-code":{"insertions":8,"deletions":9}}}]},{"date":"2025-03-18","commitResults":[{"hash":"20ffee21527c475ac40523922491f1cee73ebe40","isMergeCommit":true,"messageTitle":"Merge pull request #65 from FabianHeng/branch-help-ui-redesign","messageBody":"Redesign Help UI box to display a list of commands","fileTypesAndContributionMap":{}}]},{"date":"2025-03-19","commitResults":[{"hash":"2c110e030ade7b63b9fef550226f518d630d0567","isMergeCommit":true,"messageTitle":"Merge pull request #71 from NightlyAffair/U-MakePremiumOptional","messageBody":"Made premium optional in addCommand","fileTypesAndContributionMap":{}},{"hash":"e6dbf984f6fed490b2a134b944c875e247e2c6c0","isMergeCommit":true,"messageTitle":"Merge pull request #70 from NightlyAffair/A-ErrorMessage","messageBody":"Add premium to error message in editCommand","fileTypesAndContributionMap":{}},{"hash":"83d8e1b17fe8826b8039c1034c3a31c850e05621","isMergeCommit":false,"messageTitle":"Update UserGuide","messageBody":"","fileTypesAndContributionMap":{"docs":{"insertions":34,"deletions":41}}}]},{"date":"2025-03-22","commitResults":[{"hash":"79f0d292847d87f06c7413d0bb5c113e3de65c8b","isMergeCommit":false,"messageTitle":"Update UserGuide.md (minor)","messageBody":"","fileTypesAndContributionMap":{"docs":{"insertions":1,"deletions":5}}}]},{"date":"2025-03-24","commitResults":[{"hash":"f4b0b53ce26dce079584787d22ab953a7efa81b4","isMergeCommit":true,"messageTitle":"Merge pull request #77 from leedeen01/branch-Policy","messageBody":"Add, find and display of policy","fileTypesAndContributionMap":{}},{"hash":"b8001573e2684646e88ea85e09311259962b9528","isMergeCommit":false,"messageTitle":"Add upcoming birthday panel on right of GUI","messageBody":"","fileTypesAndContributionMap":{"functional-code":{"insertions":169,"deletions":6}}},{"hash":"a83bcc4521332bae32bf2afc5e248da4fb57d75a","isMergeCommit":false,"messageTitle":"Add functionality to panel. Entries are now visible and updated with commands","messageBody":"","fileTypesAndContributionMap":{"functional-code":{"insertions":147,"deletions":40}}},{"hash":"5a7a83d10922b8608089932f903fadcca76cb024","isMergeCommit":false,"messageTitle":"Fix aesthetics","messageBody":"","fileTypesAndContributionMap":{"functional-code":{"insertions":6,"deletions":6}}},{"hash":"5c3c9f2be25ee71f0cca45bdc6bd1ef4f0926284","isMergeCommit":false,"messageTitle":"Sort upcoming birthdays in chronological order and add countdown to days till Birthday","messageBody":"","fileTypesAndContributionMap":{"functional-code":{"insertions":50,"deletions":4}}}]},{"date":"2025-03-25","commitResults":[{"hash":"a2411988729c39aaf2c96740c50eb27176da00d5","isMergeCommit":true,"messageTitle":"Merge branch \u0027master\u0027 into branch-upcoming-birthdays-display","messageBody":"* master:\n  Add test for Policy\n  Add test for Policy\n  Add test for Policy\n  Fix trailing whitespace error\n  Add test file for Policy\n  Remove trailing whitespaces\n  Remove white trailing space\n  Add test for Policy\n  Add test files for Policy\n  Implement Logic and Storage for premium\n  Create model for premium\n\n# Conflicts:\n#\tsrc/main/java/seedu/address/model/Model.java\n#\tsrc/main/java/seedu/address/model/ModelManager.java\n#\tsrc/main/resources/view/MainWindow.fxml\n","fileTypesAndContributionMap":{}},{"hash":"d9a8379c9ac2248e084e8d4bee9235fef6983a5a","isMergeCommit":true,"messageTitle":"Merge branch \u0027master\u0027 of github.com:AY2425S2-CS2103-F10-2/tp into branch-upcoming-birthdays-display","messageBody":"* \u0027master\u0027 of github.com:AY2425S2-CS2103-F10-2/tp:\n  Implement edit policy\n  Set addToHistory() function to private\n  Add command history functionality\n  Add command history functionality\n  Add CommandBoxTest.java\n","fileTypesAndContributionMap":{}},{"hash":"1423e0391052b51a218feb6b5a63cecb27d21b0d","isMergeCommit":false,"messageTitle":"Fix checkstyle issues","messageBody":"","fileTypesAndContributionMap":{"functional-code":{"insertions":33,"deletions":10},"test-code":{"insertions":20,"deletions":0}}},{"hash":"19da72e7405e716485d07c267aee5d5422867759","isMergeCommit":false,"messageTitle":"Add tests for Birthday","messageBody":"","fileTypesAndContributionMap":{"test-code":{"insertions":47,"deletions":2}}}]},{"date":"2025-03-27","commitResults":[{"hash":"f75f93055f385fb1a22148a17bf8d28073a4899e","isMergeCommit":false,"messageTitle":"Add tests for more complete coverage","messageBody":"","fileTypesAndContributionMap":{"test-code":{"insertions":83,"deletions":0}}}]},{"date":"2025-03-28","commitResults":[{"hash":"5f6a057d89db80be6c128bd07b714bcc372c55b8","isMergeCommit":false,"messageTitle":"Added Model diagrams including new fields for Person and the new PolicyBook structure","messageBody":"","fileTypesAndContributionMap":{"docs":{"insertions":7,"deletions":2}}},{"hash":"1fd5454ecad2bb6762e6824ff1a5d9b2c2f82ead","isMergeCommit":false,"messageTitle":"Delete unnecessary files","messageBody":"","fileTypesAndContributionMap":{"functional-code":{"insertions":0,"deletions":83}}},{"hash":"2afe9503cfe76662c59659899a5e6e60f2c6dd6d","isMergeCommit":true,"messageTitle":"Merge pull request #120 from FabianHeng/branch-uml","messageBody":"Update UI UML Diagram","fileTypesAndContributionMap":{}}]},{"date":"2025-03-29","commitResults":[{"hash":"f464a8c4c3754d04192baa92b475e4612df5c1f8","isMergeCommit":true,"messageTitle":"Merge pull request #122 from leedeen01/branch-EnableAssertion","messageBody":"Enable assertion","fileTypesAndContributionMap":{}},{"hash":"15af939b43ea971d638b10c804df3c6671ba22e4","isMergeCommit":false,"messageTitle":"Generate models as puml and then png","messageBody":"","fileTypesAndContributionMap":{"docs":{"insertions":39,"deletions":23}}},{"hash":"5c5173ff3acd1d562b764cfbb8c5fbd9792c9221","isMergeCommit":true,"messageTitle":"Merge branch \u0027master\u0027 into branch-teesha-UML-diagram","messageBody":"* master:\n  Update DeveloperGuide\n  Fix text wrapping for long user profile names\n  Remove unused imports\n  Remove unused variables\n  Fix UserProfilePanel UI to update only when ProfileCommand is called\n  Enable assertion\n  Remove extra BirthdayPanel class\n  Delete unnecessary files\n  Update UI UML Diagram to match UpcomingBirthdaysPanel instead of BirthdayPanel\n  Update UI UML Diagram\n  Edit version number to v1.4.0\n  Update DevelopGuide\n  Update DeveloperGuide with new Storage diagram\n  Remove test files that create extra JSON files\n  Add clientnest logo for help page\n  Remove trailing whitespace error\n  Fix EOF error\n  Add test for delete policy\n  Fix birthday panel width\n  Add delete policy command and parser\n\n# Conflicts:\n#\tdocs/DeveloperGuide.md\n","fileTypesAndContributionMap":{}},{"hash":"8ab86d2bf34395e0e97a04c5d837547e45c988bc","isMergeCommit":true,"messageTitle":"Merge pull request #136 from leedeen01/branch_UpdateUML","messageBody":"Update DeveloperGuide","fileTypesAndContributionMap":{}},{"hash":"4bd93cfc457dbbc9478182342f6911964c245dc5","isMergeCommit":true,"messageTitle":"Merge pull request #145 from NightlyAffair/U-ModelClassUMLDiagram","messageBody":"Update Model Class UML Diagram","fileTypesAndContributionMap":{}}]},{"date":"2025-03-31","commitResults":[{"hash":"e11aeef9fe05028d84f44a366142ee00eaf355d3","isMergeCommit":false,"messageTitle":"Add ip project files","messageBody":"","fileTypesAndContributionMap":{"functional-code":{"insertions":1793,"deletions":1},"test-code":{"insertions":748,"deletions":0}}},{"hash":"729a56ea247bcc8fab539decc11b8821188c8826","isMergeCommit":false,"messageTitle":"Fix all package names and imports. Delete tests for now","messageBody":"","fileTypesAndContributionMap":{"functional-code":{"insertions":92,"deletions":103},"other":{"insertions":87,"deletions":86},"test-code":{"insertions":0,"deletions":748}}},{"hash":"0201fae7cc024a9042fc84a67d0eb1afdd8abfce","isMergeCommit":false,"messageTitle":"Add pop up functionality for task list","messageBody":"","fileTypesAndContributionMap":{"functional-code":{"insertions":85,"deletions":21},"other":{"insertions":21,"deletions":23}}},{"hash":"4a4697b2100441a1f8f0d84d64e49f08f202786e","isMergeCommit":false,"messageTitle":"Fix functionality of task list app","messageBody":"","fileTypesAndContributionMap":{"functional-code":{"insertions":65,"deletions":38}}},{"hash":"b50b0db43dd4d9ca45d63dfcc45899d6350dafec","isMergeCommit":false,"messageTitle":"Update UI to match rest of the app","messageBody":"","fileTypesAndContributionMap":{"functional-code":{"insertions":21,"deletions":12}}}]},{"date":"2025-04-01","commitResults":[{"hash":"1b0ef3e69df1bf87cb9d9b844c74dd6e185cdfb7","isMergeCommit":false,"messageTitle":"Tweak GUI to include ClientNest logo","messageBody":"","fileTypesAndContributionMap":{"functional-code":{"insertions":11,"deletions":10}}}]},{"date":"2025-04-02","commitResults":[{"hash":"435cd61ce936cae8e30b9b00af36bd1bd4e09f8f","isMergeCommit":false,"messageTitle":"Add test files from ip. Change application name from TaskList (since this class exists) to Task Manager","messageBody":"","fileTypesAndContributionMap":{"functional-code":{"insertions":19,"deletions":19},"other":{"insertions":1,"deletions":1},"test-code":{"insertions":771,"deletions":0}}},{"hash":"6dd4f284c894f8786a0455d48e15842873c80411","isMergeCommit":false,"messageTitle":"Add and adjust previous tasks written from ip","messageBody":"","fileTypesAndContributionMap":{"functional-code":{"insertions":97,"deletions":97},"other":{"insertions":24,"deletions":24},"test-code":{"insertions":185,"deletions":182}}},{"hash":"33234d41948cbdfbf3c18b905e1d418e69862de9","isMergeCommit":false,"messageTitle":"Edit to try and fix app closing issue","messageBody":"","fileTypesAndContributionMap":{"functional-code":{"insertions":9,"deletions":33},"other":{"insertions":44,"deletions":39}}},{"hash":"93408d48bd6203edf144d63f513df5bdd3e0916b","isMergeCommit":false,"messageTitle":"Fix issue of exit command closing whole app","messageBody":"","fileTypesAndContributionMap":{"functional-code":{"insertions":1,"deletions":9}}},{"hash":"5d764631ccc8814bfc93004e0b6f971d7c44df68","isMergeCommit":false,"messageTitle":"Add tests for TaskManager","messageBody":"","fileTypesAndContributionMap":{"test-code":{"insertions":36,"deletions":0}}},{"hash":"517f4bbdd95c5c868fbcf201a6eaf9fd2e7fff46","isMergeCommit":false,"messageTitle":"Add test cases","messageBody":"","fileTypesAndContributionMap":{"test-code":{"insertions":158,"deletions":0}}}]},{"date":"2025-04-03","commitResults":[{"hash":"3281d7e66aa03030623682cde449f56ea392cb0e","isMergeCommit":true,"messageTitle":"Merge pull request #171 from FabianHeng/branch-ui-refresh","messageBody":"Update UI design for task list","fileTypesAndContributionMap":{}},{"hash":"4061cea022f7e2635660931a444e725f499d682d","isMergeCommit":false,"messageTitle":"Add class diagram for TaskManager","messageBody":"","fileTypesAndContributionMap":{"docs":{"insertions":68,"deletions":3}}},{"hash":"7114b797ebca07864eb89f6d2f27eb32e7334702","isMergeCommit":false,"messageTitle":"Update UG to include information about TaskManager","messageBody":"","fileTypesAndContributionMap":{"docs":{"insertions":30,"deletions":4}}},{"hash":"54e4a8b7e7a5b9fee7e470338af0cac779efdc6b","isMergeCommit":false,"messageTitle":"Update UserGuide and add dedicated one for TaskManager","messageBody":"","fileTypesAndContributionMap":{"docs":{"insertions":173,"deletions":9}}},{"hash":"9facc05126e411587f89447b09594f3b49b555e0","isMergeCommit":false,"messageTitle":"Minor","messageBody":"","fileTypesAndContributionMap":{"docs":{"insertions":1,"deletions":0}}},{"hash":"8b46b3850a979f013329457dd44e0f8467ac449b","isMergeCommit":false,"messageTitle":"Minor","messageBody":"","fileTypesAndContributionMap":{"docs":{"insertions":15,"deletions":15}}},{"hash":"7d25ac3f2e698d5045277ebf9cd09e80663f7152","isMergeCommit":false,"messageTitle":"Fix minor checkstyle issues","messageBody":"","fileTypesAndContributionMap":{"docs":{"insertions":6,"deletions":6}}},{"hash":"d95cef5bb7e79b1e66744bc6b0fafa1972264c7d","isMergeCommit":true,"messageTitle":"Merge branch \u0027master\u0027 into update-UG/DG","messageBody":"* master:\n  Change default user profile values\n  Update UG to include profile feature\n  Update images to match current product\n  Update guest information\n\n# Conflicts:\n#\tdocs/UserGuide.md\n#\tdocs/images/helpMessage.png\n","fileTypesAndContributionMap":{}}]},{"date":"2025-04-05","commitResults":[{"hash":"36c2fce7e268f638105ac29917e54c16253649eb","isMergeCommit":true,"messageTitle":"Merge pull request #232 from FabianHeng/branch-bug-fix","messageBody":"Fix bugs discovered by PE-D","fileTypesAndContributionMap":{}}]},{"date":"2025-04-06","commitResults":[{"hash":"f8f314a85f674164615ddbde01569fb0a16a3fe8","isMergeCommit":false,"messageTitle":"Fix issue about accepting invalid birthdays, e.g. year 0001. Now, update to only accepting years after 1900.","messageBody":"","fileTypesAndContributionMap":{"functional-code":{"insertions":6,"deletions":2},"test-code":{"insertions":5,"deletions":2}}},{"hash":"e3011f2437328276eefc644c8b9f176fc33a7709","isMergeCommit":false,"messageTitle":"Fix issue with task manager printing incorrect error for \u0027agenda\u0027 command","messageBody":"","fileTypesAndContributionMap":{"functional-code":{"insertions":39,"deletions":43},"test-code":{"insertions":3,"deletions":2}}},{"hash":"f3deb9bee196c59cfc0475b77110b166a90d5c86","isMergeCommit":false,"messageTitle":"Update UG to reflect changes in field validation, etc","messageBody":"","fileTypesAndContributionMap":{"docs":{"insertions":102,"deletions":63}}}]},{"date":"2025-04-07","commitResults":[{"hash":"85f5c5a4f418d3655c92e7a1bb08977d9d476b7f","isMergeCommit":true,"messageTitle":"Merge pull request #249 from NightlyAffair/U-FixPRCommandIssues","messageBody":"Fix premium command issues","fileTypesAndContributionMap":{}},{"hash":"b64c864fa17ceb21bafe75e1661a989b79cfb3f1","isMergeCommit":true,"messageTitle":"Merge pull request #248 from leedeen01/branch-DryPE","messageBody":"Add Planned Enhancement into DG","fileTypesAndContributionMap":{}}]}],"FabianHeng":[{"date":"2025-02-22","commitResults":[{"hash":"11ef089e6ab9c69f5512cfef74635829619df4b4","isMergeCommit":true,"messageTitle":"Merge pull request #7 from leedeen01/branch-DeveloperGuide","messageBody":"Add NFRs and Glossary in Developer Guide","fileTypesAndContributionMap":{}},{"hash":"49550f35bf3512189b5db7b524000d93ac3e3110","isMergeCommit":false,"messageTitle":"Update AboutUs.md with Fabian\u0027s information","messageBody":"","fileTypesAndContributionMap":{"docs":{"insertions":5,"deletions":5}}},{"hash":"b10933efd99977b2abff9dec8ed661d8ecfa8997","isMergeCommit":true,"messageTitle":"Merge branch \u0027branch-AboutUs\u0027","messageBody":"","fileTypesAndContributionMap":{}}]},{"date":"2025-02-25","commitResults":[{"hash":"c2f16fd457a2f42f3d3d1275130e6403a3791159","isMergeCommit":true,"messageTitle":"Merge pull request #26 from AY2425S2-CS2103-F10-2/teesha-AboutMe-page","messageBody":"Update AboutUs.md -Teesha","fileTypesAndContributionMap":{}},{"hash":"4002866fff7af791fd94a067b084cac1f3d5b398","isMergeCommit":true,"messageTitle":"Merge pull request #28 from NightlyAffair/A-Photo","messageBody":"Add photo of NightlyAffair","fileTypesAndContributionMap":{}},{"hash":"52bd8c43c315881cafd3ef24c5a41b1c2077038e","isMergeCommit":true,"messageTitle":"Merge pull request #30 from NightlyAffair/A-AboutMe","messageBody":"Add about NightlyAffair","fileTypesAndContributionMap":{}},{"hash":"e82629735d0d71f53a46daf37d645038c77dbdea","isMergeCommit":true,"messageTitle":"Merge branch \u0027AY2425S2-CS2103-F10-2:master\u0027 into master","messageBody":"","fileTypesAndContributionMap":{}},{"hash":"6d980cdd72f85944d176201b029a0984ea299f38","isMergeCommit":false,"messageTitle":"Add fabianheng.md and delete default user John Doe","messageBody":"","fileTypesAndContributionMap":{"docs":{"insertions":46,"deletions":10}}},{"hash":"a3896b36aed656d62d5ba5916bec7fe1985c9786","isMergeCommit":false,"messageTitle":"Add team md files and fix AboutUs.md to display properly","messageBody":"","fileTypesAndContributionMap":{"docs":{"insertions":49,"deletions":3}}},{"hash":"128077e02eaaf46e382eed775f4e46268d3abe30","isMergeCommit":false,"messageTitle":"Update README.md to match project specifications","messageBody":"","fileTypesAndContributionMap":{"docs":{"insertions":40,"deletions":11}}}]},{"date":"2025-02-27","commitResults":[{"hash":"787f3ccea15394701be8b587bbf6a41a5a9ea956","isMergeCommit":true,"messageTitle":"Merge pull request #33 from NightlyAffair/A-DeveloperGuide","messageBody":"Update DG with target user profile, value proposition, user stories and use cases","fileTypesAndContributionMap":{}}]},{"date":"2025-03-06","commitResults":[{"hash":"315e136f89b84d44c14a3dc06994ef96bf05302c","isMergeCommit":true,"messageTitle":"Merge pull request #47 from NightlyAffair/A-AddPremiumField","messageBody":"Add premium field","fileTypesAndContributionMap":{}}]},{"date":"2025-03-07","commitResults":[{"hash":"afdba80ae9dd956fe93be2525c8be8a70bc87b48","isMergeCommit":true,"messageTitle":"Merge branch \u0027master\u0027 into branch-add-birthday-field","messageBody":"","fileTypesAndContributionMap":{}},{"hash":"acad7a82cf6ce2976aa1de92da3735f4306fdc77","isMergeCommit":false,"messageTitle":"Update AddCommandParserTest.java","messageBody":"","fileTypesAndContributionMap":{"test-code":{"insertions":4,"deletions":5}}},{"hash":"29a485e9bf99634701ebd20056f51834f88f8c48","isMergeCommit":false,"messageTitle":"Fix whitespace error for AddCommandParserTest.java","messageBody":"","fileTypesAndContributionMap":{"test-code":{"insertions":3,"deletions":3}}},{"hash":"f374268b48897795f04afc42ce1c7d9a605db4c7","isMergeCommit":false,"messageTitle":"Fix EditCommand.java merge errors","messageBody":"","fileTypesAndContributionMap":{"functional-code":{"insertions":1,"deletions":0}}}]},{"date":"2025-03-13","commitResults":[{"hash":"1676246ab097be77fe464caf4c581e9fb8216886","isMergeCommit":true,"messageTitle":"Merge pull request #52 from leedeen01/branch-DisplayPremium","messageBody":"Display premium bought field in client overview","fileTypesAndContributionMap":{}},{"hash":"f68ad1c2610e74dfe97838bd1db38e95d622df0a","isMergeCommit":true,"messageTitle":"Merge branch \u0027master\u0027 into branch-add-birthday-field","messageBody":"","fileTypesAndContributionMap":{}},{"hash":"8a705d3e3712ff61576538f6ed2086fab6d75506","isMergeCommit":false,"messageTitle":"Update AddCommand.java","messageBody":"","fileTypesAndContributionMap":{"functional-code":{"insertions":1,"deletions":3}}},{"hash":"8accc2f7bc8894f09412132b9ec1e25ad18ddd09","isMergeCommit":true,"messageTitle":"Merge pull request #45 from teesha902/branch-add-birthday-field","messageBody":"Add Birthday field including changes to AddCommand, EditCommand and S…","fileTypesAndContributionMap":{}},{"hash":"79b99a2e569d9878d9dd964503209cc8946e3244","isMergeCommit":false,"messageTitle":"Display birthday field on UI","messageBody":"","fileTypesAndContributionMap":{"functional-code":{"insertions":4,"deletions":0}}},{"hash":"488f9761b62e48bc79f93a58f34700cdb39d1f5c","isMergeCommit":false,"messageTitle":"Fix assertion errors","messageBody":"","fileTypesAndContributionMap":{"test-code":{"insertions":5,"deletions":3}}},{"hash":"929b24621d2455585886baf1efb792f08ea8ff45","isMergeCommit":false,"messageTitle":"Fix checkstyle issues","messageBody":"","fileTypesAndContributionMap":{"test-code":{"insertions":3,"deletions":3}}},{"hash":"aa1028ba723c52080ab833b5ce4aefe7d5913d79","isMergeCommit":false,"messageTitle":"Fix test issues","messageBody":"","fileTypesAndContributionMap":{"functional-code":{"insertions":4,"deletions":3}}},{"hash":"25af08fe48c7f2cf8dffd44a37c62ff3d0d93f13","isMergeCommit":false,"messageTitle":"Change message instruction to match output","messageBody":"","fileTypesAndContributionMap":{"test-code":{"insertions":6,"deletions":5}}},{"hash":"2418441682c6679a8fed0e22e4ec9588672e7475","isMergeCommit":false,"messageTitle":"Add test cases for JsonAdaptedPerson.java","messageBody":"","fileTypesAndContributionMap":{"test-code":{"insertions":35,"deletions":8}}},{"hash":"da12351d5df516a05631ecb30be289081c911e6d","isMergeCommit":false,"messageTitle":"Add BirthdayTest.java","messageBody":"","fileTypesAndContributionMap":{"test-code":{"insertions":4,"deletions":0}}},{"hash":"7eae7a84ea115723434d778215307212ad4eb17a","isMergeCommit":false,"messageTitle":"Create test cases for Birthday field","messageBody":"","fileTypesAndContributionMap":{"test-code":{"insertions":51,"deletions":0}}},{"hash":"0bac3074c798f847c08a4ea955a3ed543b07b077","isMergeCommit":false,"messageTitle":"Fix codecov error","messageBody":"","fileTypesAndContributionMap":{"functional-code":{"insertions":1,"deletions":1}}}]},{"date":"2025-03-15","commitResults":[{"hash":"0c01f37efed5fcb9bddc690ed98a68f7397ba5bb","isMergeCommit":true,"messageTitle":"Merge pull request #64 from leedeen01/branch-UiCustomization","messageBody":"Update Ui and DeveloperGuide","fileTypesAndContributionMap":{}},{"hash":"86b0e2d00777f04d5d53998bf1374e5c60ec169b","isMergeCommit":false,"messageTitle":"Add styling for Help UI Box","messageBody":"","fileTypesAndContributionMap":{"functional-code":{"insertions":49,"deletions":16}}},{"hash":"557351bf3290719395e3ed47c7959c40c4ab781c","isMergeCommit":false,"messageTitle":"Add table view for commands","messageBody":"","fileTypesAndContributionMap":{"functional-code":{"insertions":58,"deletions":2}}},{"hash":"db13edadc26ee5c173d2b892fe5d2a99a950d0e3","isMergeCommit":false,"messageTitle":"Remove $ from add command MESSAGE_USAGE","messageBody":"","fileTypesAndContributionMap":{"functional-code":{"insertions":1,"deletions":1}}}]},{"date":"2025-03-16","commitResults":[{"hash":"7daec2b07d92c78288fd4439d8fd844a038fcdc2","isMergeCommit":false,"messageTitle":"Fix checkstyle issues","messageBody":"","fileTypesAndContributionMap":{"functional-code":{"insertions":37,"deletions":38}}},{"hash":"08cdeda86be9e680930000c14eecd14f2e0742f4","isMergeCommit":false,"messageTitle":"Fix test errors for AddCommandTest.java","messageBody":"","fileTypesAndContributionMap":{"test-code":{"insertions":1,"deletions":1}}}]},{"date":"2025-03-20","commitResults":[{"hash":"d3e5161c3e5ac07a66018c06ec16bb3523850fa4","isMergeCommit":false,"messageTitle":"Add support for resizing Help UI box","messageBody":"","fileTypesAndContributionMap":{"functional-code":{"insertions":23,"deletions":20}}},{"hash":"f2d51f9e936115d46138d3560b74446ab6385c95","isMergeCommit":true,"messageTitle":"Merge pull request #76 from NightlyAffair/U-TestInputs","messageBody":"Test all inputs and ensure expected output","fileTypesAndContributionMap":{}}]},{"date":"2025-03-21","commitResults":[{"hash":"b035d8ba806097f23c146c171bb8c1a1f3ea9df7","isMergeCommit":false,"messageTitle":"Fix Help UI window bugs","messageBody":"","fileTypesAndContributionMap":{"functional-code":{"insertions":13,"deletions":5}}}]},{"date":"2025-03-24","commitResults":[{"hash":"da9be4412e6a6302e99a40aab1657939ba94e991","isMergeCommit":false,"messageTitle":"Add CommandBoxTest.java","messageBody":"","fileTypesAndContributionMap":{"test-code":{"insertions":4,"deletions":0}}},{"hash":"97e65dde65f0c2d466b4f74b6d653480b833f27f","isMergeCommit":false,"messageTitle":"Add command history functionality","messageBody":"","fileTypesAndContributionMap":{"functional-code":{"insertions":51,"deletions":6},"test-code":{"insertions":0,"deletions":4}}},{"hash":"0c9494469f186e26464d08a8771162c4b296ff9b","isMergeCommit":false,"messageTitle":"Add command history functionality","messageBody":"","fileTypesAndContributionMap":{"functional-code":{"insertions":2,"deletions":3}}},{"hash":"707b01e7a638fccd56f789da2d62b50c7dc414ac","isMergeCommit":false,"messageTitle":"Set addToHistory() function to private","messageBody":"","fileTypesAndContributionMap":{"functional-code":{"insertions":1,"deletions":1}}},{"hash":"23c5f0167f56a33414d48a1760cf445c7e9986c9","isMergeCommit":true,"messageTitle":"Merge pull request #91 from leedeen01/branch-Policy","messageBody":"Implement edit policy","fileTypesAndContributionMap":{}}]},{"date":"2025-03-25","commitResults":[{"hash":"4f80ec9c5ebb3efd7a018029e8935af133babc8c","isMergeCommit":false,"messageTitle":"Fix Help UI box size","messageBody":"","fileTypesAndContributionMap":{"functional-code":{"insertions":6,"deletions":18},"test-code":{"insertions":2,"deletions":2}}}]},{"date":"2025-03-27","commitResults":[{"hash":"24e1c21a25842ffda9750ca78cdd66ef30a35c54","isMergeCommit":false,"messageTitle":"Add new profile feature","messageBody":"","fileTypesAndContributionMap":{"functional-code":{"insertions":803,"deletions":24},"test-code":{"insertions":8,"deletions":0}}},{"hash":"98be1312a4a623db6e39e9d032556fd7fab10cc4","isMergeCommit":false,"messageTitle":"Add test cases for UserProfile.java","messageBody":"","fileTypesAndContributionMap":{"test-code":{"insertions":411,"deletions":33}}},{"hash":"1ef2079549e8a078db144b2f314e7a3f5b215bd0","isMergeCommit":false,"messageTitle":"Fix styling issues for profile name","messageBody":"","fileTypesAndContributionMap":{"functional-code":{"insertions":1,"deletions":1}}},{"hash":"cec4bced867336cefe1642d4a8893f9cd2c2ba76","isMergeCommit":true,"messageTitle":"Merge branch \u0027master\u0027 into branch-profile","messageBody":"","fileTypesAndContributionMap":{}},{"hash":"5371793faadfe07a5114f85864f4b87cb90f2595","isMergeCommit":false,"messageTitle":"Remove trailing whitespace from MainWindow.java","messageBody":"","fileTypesAndContributionMap":{"functional-code":{"insertions":1,"deletions":1}}},{"hash":"6b88b7708d015d4e9b282d21de6c543272dfb60a","isMergeCommit":false,"messageTitle":"Add new line at EOF for DarkTheme.css","messageBody":"","fileTypesAndContributionMap":{"functional-code":{"insertions":1,"deletions":1}}},{"hash":"08f9cb0a427a40ee9976fcf2a5c9ef58b546ef0c","isMergeCommit":false,"messageTitle":"Update AddCommandTest.java","messageBody":"","fileTypesAndContributionMap":{"test-code":{"insertions":1,"deletions":1}}},{"hash":"15bff5c41436c8dd37187657a2c602c4c5f76607","isMergeCommit":false,"messageTitle":"Add more test cases for Profile Feature","messageBody":"","fileTypesAndContributionMap":{"test-code":{"insertions":138,"deletions":0}}},{"hash":"a2339b00384b6ad7a92d297945a9ed62b4a0cd6f","isMergeCommit":false,"messageTitle":"Add more test cases for profile feature","messageBody":"","fileTypesAndContributionMap":{"test-code":{"insertions":68,"deletions":0}}},{"hash":"391727b9d133984c475559c42a1084e275887a77","isMergeCommit":false,"messageTitle":"Remove unnecessary functions in ModelManager.java","messageBody":"","fileTypesAndContributionMap":{"functional-code":{"insertions":0,"deletions":26},"test-code":{"insertions":0,"deletions":36}}},{"hash":"dd5ec1e2716f9fb87676a5ad36e969c053ff282d","isMergeCommit":false,"messageTitle":"Add new commands in help UI window","messageBody":"","fileTypesAndContributionMap":{"functional-code":{"insertions":14,"deletions":2}}},{"hash":"4e57818f3280c82ff3f823b53b3e906e0d0f218f","isMergeCommit":false,"messageTitle":"Add more test cases for StorageManager.java","messageBody":"","fileTypesAndContributionMap":{"test-code":{"insertions":14,"deletions":0}}},{"hash":"3cf10a1c2ff9f5a2ced2ad4c22268f9abf65200d","isMergeCommit":true,"messageTitle":"Merge pull request #100 from NightlyAffair/U-PremiumEditing","messageBody":"Add support for robust editing of premium","fileTypesAndContributionMap":{}},{"hash":"a86c24c5bdff9ce0726cebd21f3609558602ff93","isMergeCommit":false,"messageTitle":"Remove test files that create extra JSON files","messageBody":"","fileTypesAndContributionMap":{"test-code":{"insertions":17,"deletions":24}}},{"hash":"859e6cc4f602d88bba6a2c415c95dd8f5e6d8f48","isMergeCommit":true,"messageTitle":"Merge branch \u0027master\u0027 of https://github.com/FabianHeng/tp into branch-profile","messageBody":"","fileTypesAndContributionMap":{}}]},{"date":"2025-03-28","commitResults":[{"hash":"f9d917dde9dd78f21a3768fed5b3cdea0e749006","isMergeCommit":true,"messageTitle":"Merge pull request #116 from leedeen01/branch-DeveloperGuide","messageBody":"Update developer guide","tags":["v1.4"],"fileTypesAndContributionMap":{}},{"hash":"54406c731785108e8d529dbf9ecb1193b47c6c50","isMergeCommit":false,"messageTitle":"Edit version number to v1.4.0","messageBody":"","fileTypesAndContributionMap":{"functional-code":{"insertions":1,"deletions":1}}},{"hash":"bf25d7a1968c692ccb87f22f7daf06963536bef5","isMergeCommit":true,"messageTitle":"Merge pull request #111 from leedeen01/branch-Policy","messageBody":"Create command for delete policy","fileTypesAndContributionMap":{}},{"hash":"59e24cc761029e582d49ba57a265ec2ccf36b87c","isMergeCommit":true,"messageTitle":"Merge pull request #117 from FabianHeng/master","messageBody":"Edit version number to v1.4.0","fileTypesAndContributionMap":{}},{"hash":"22418e153f757189b389285b2086ced90e126c3c","isMergeCommit":false,"messageTitle":"Update UI UML Diagram","messageBody":"","fileTypesAndContributionMap":{"docs":{"insertions":24,"deletions":4}}},{"hash":"75a4cc0df70568b1eeb38c9a8a88f312bb853aa5","isMergeCommit":false,"messageTitle":"Update UI UML Diagram to match UpcomingBirthdaysPanel instead of BirthdayPanel","messageBody":"","fileTypesAndContributionMap":{"docs":{"insertions":6,"deletions":6}}},{"hash":"886f0ce3e2fa952d1feda34568842368c1081564","isMergeCommit":false,"messageTitle":"Remove extra BirthdayPanel class","messageBody":"","fileTypesAndContributionMap":{"docs":{"insertions":0,"deletions":1}}},{"hash":"a85831822a8d5bfc9ca81280fe2a280bc51b83fc","isMergeCommit":true,"messageTitle":"Merge pull request #119 from teesha902/branch-upcoming-birthdays-display","messageBody":"Delete unnecessary files","fileTypesAndContributionMap":{}}]},{"date":"2025-03-29","commitResults":[{"hash":"9631dabaf6f8b9f6e0f0af66cca14315d34b366e","isMergeCommit":false,"messageTitle":"Fix UserProfilePanel UI to update only when ProfileCommand is called","messageBody":"","fileTypesAndContributionMap":{"functional-code":{"insertions":12,"deletions":40}}},{"hash":"d4967b127c3755e9a7f91287fcdac0ff65a1c8d3","isMergeCommit":false,"messageTitle":"Remove unused variables","messageBody":"","fileTypesAndContributionMap":{"functional-code":{"insertions":0,"deletions":2}}},{"hash":"c584d1ddae2f2f96fde40fa4a64ac0452efed428","isMergeCommit":false,"messageTitle":"Remove unused imports","messageBody":"","fileTypesAndContributionMap":{"functional-code":{"insertions":0,"deletions":9}}},{"hash":"bd3f7ac1c3eeff531e8ecf58ad88984bc59a2b85","isMergeCommit":false,"messageTitle":"Fix text wrapping for long user profile names","messageBody":"","fileTypesAndContributionMap":{"functional-code":{"insertions":11,"deletions":1}}},{"hash":"1de406f60938f564eea6c7f3886472c878df8d61","isMergeCommit":false,"messageTitle":"Add UML Diagram as image","messageBody":"","fileTypesAndContributionMap":{"docs":{"insertions":1,"deletions":1}}},{"hash":"bbf76e3b2fa32159f15ad79065afd9cab5efad38","isMergeCommit":true,"messageTitle":"Merge pull request #124 from leedeen01/branch-DeveloperGuide","messageBody":"Update DeveloperGuide","fileTypesAndContributionMap":{}},{"hash":"c17d8c7431641bc7fdfe8fed00e721bdadd5964a","isMergeCommit":true,"messageTitle":"Merge pull request #128 from teesha902/branch-teesha-UML-diagram","messageBody":"Generate models as puml, convert to png and add to DG","fileTypesAndContributionMap":{}},{"hash":"8cebf1f5ee01613dfd2df3deca9d743eb6dc840f","isMergeCommit":false,"messageTitle":"Convert PUML files to PNG and update DG to match","messageBody":"","fileTypesAndContributionMap":{"docs":{"insertions":16,"deletions":16}}}]},{"date":"2025-03-30","commitResults":[{"hash":"c6509670a70bdbc962c0fb5f01425abd019297c9","isMergeCommit":false,"messageTitle":"Update UI look","messageBody":"","fileTypesAndContributionMap":{"functional-code":{"insertions":843,"deletions":425}}},{"hash":"7c99ad582db3f7626161d674e1438ef03d474e63","isMergeCommit":false,"messageTitle":"Fix EOF erros and trailing whitespaces","messageBody":"","fileTypesAndContributionMap":{"functional-code":{"insertions":1,"deletions":1},"docs":{"insertions":1,"deletions":1}}}]},{"date":"2025-04-01","commitResults":[{"hash":"d8e16cc05f7cc786d30099ae6775d58589d7a8e2","isMergeCommit":true,"messageTitle":"Merge pull request #163 from leedeen01/branch_AlphaTest","messageBody":"Fix alpha-testing bug","fileTypesAndContributionMap":{}},{"hash":"4028da57cb9ba2db8de5abd2fe009437a9e14d04","isMergeCommit":true,"messageTitle":"Merge pull request #164 from teesha902/branch-tasklist-feature","messageBody":"Integrate ip as tasklist feature","fileTypesAndContributionMap":{}},{"hash":"a9b763f5d2d10074f5d3465b5e7ce59bc0886981","isMergeCommit":false,"messageTitle":"Add Delete Policy in Help window","messageBody":"","fileTypesAndContributionMap":{"functional-code":{"insertions":4,"deletions":2}}},{"hash":"c551dc51400829259cebe321b545eb13d5c4fbda","isMergeCommit":true,"messageTitle":"Merge pull request #165 from FabianHeng/master","messageBody":"Add Delete Policy in Help window","fileTypesAndContributionMap":{}}]},{"date":"2025-04-02","commitResults":[{"hash":"d5c8c2a19eae532d7f5c05a3bfe25173806c213e","isMergeCommit":false,"messageTitle":"Update UI design for task list","messageBody":"","fileTypesAndContributionMap":{"functional-code":{"insertions":36,"deletions":4}}}]},{"date":"2025-04-03","commitResults":[{"hash":"9a9ab6edc3948bec5c3d84dca99b48792626837d","isMergeCommit":true,"messageTitle":"Merge pull request #172 from teesha902/branch-tasklist-feature","messageBody":"Add test coverage for tasklist feature","fileTypesAndContributionMap":{}},{"hash":"28680d532e2e8b0b005b5ab4d79588984bdc1813","isMergeCommit":true,"messageTitle":"Fix merge errors and position CommandBox below","messageBody":"","fileTypesAndContributionMap":{}},{"hash":"0239c1cac968f83514accbeb7c48e9d3e138b29b","isMergeCommit":false,"messageTitle":"Update guest information","messageBody":"","fileTypesAndContributionMap":{"functional-code":{"insertions":3,"deletions":3}}},{"hash":"8cb2ad15692bafc42c550d6948276ad5904a66f7","isMergeCommit":false,"messageTitle":"Update UG to include profile feature","messageBody":"","fileTypesAndContributionMap":{"docs":{"insertions":32,"deletions":2}}},{"hash":"8ff6c4f97a51325b1690a7e9d8f8e0e13f77fb32","isMergeCommit":false,"messageTitle":"Change default user profile values","messageBody":"","fileTypesAndContributionMap":{"test-code":{"insertions":5,"deletions":5}}},{"hash":"91afcf84fa10982a779863ce9694f766a4054ed8","isMergeCommit":false,"messageTitle":"Fix UI styling issues","messageBody":"","fileTypesAndContributionMap":{"functional-code":{"insertions":34,"deletions":3}}},{"hash":"26084f5b99c32d50ce1e3c5b9d30211ba7fcbb2f","isMergeCommit":false,"messageTitle":"Fix UI styling issues","messageBody":"","fileTypesAndContributionMap":{"functional-code":{"insertions":77,"deletions":16}}},{"hash":"bfb56fcab0bec3b558d5d317bf5c80cf89a268a3","isMergeCommit":true,"messageTitle":"Merge pull request #175 from teesha902/update-UG/DG","messageBody":"Update UG and DG for TaskManager","fileTypesAndContributionMap":{}},{"hash":"92d7a5bd9d704c173ddee204236aa4c3c10d01dc","isMergeCommit":true,"messageTitle":"Merge pull request #179 from leedeen01/branch-UserGuide","messageBody":"Update user guide","fileTypesAndContributionMap":{}},{"hash":"d0f46198522a859e172b6ae31a2c8c372dfe4b57","isMergeCommit":false,"messageTitle":"Add Known Issue for long input string in UG","messageBody":"","fileTypesAndContributionMap":{"docs":{"insertions":1,"deletions":1}}},{"hash":"c364877b27f37cfba923d99f07bf2941a9f0387e","isMergeCommit":true,"messageTitle":"Merge pull request #173 from NightlyAffair/U-EditprCommand","messageBody":"Fix editpr command","fileTypesAndContributionMap":{}},{"hash":"1759c22d31478b45ddb453f552241940c5243e1f","isMergeCommit":false,"messageTitle":"Update Help page to include Add and Delete PR commands","messageBody":"","fileTypesAndContributionMap":{"functional-code":{"insertions":7,"deletions":3}}},{"hash":"ee5a28ed4fb20ddcabe6578440a2f8d5e3a579b6","isMergeCommit":true,"messageTitle":"Merge pull request #183 from NightlyAffair/U-DGUG","messageBody":"Updated DG and UG","fileTypesAndContributionMap":{}},{"hash":"5fc0b2054e3189a37612d2edc063edf17e0c6fef","isMergeCommit":false,"messageTitle":"Update UG for profile command","messageBody":"","fileTypesAndContributionMap":{"docs":{"insertions":1,"deletions":0}}}]},{"date":"2025-04-04","commitResults":[{"hash":"eac7a1aeaf450eaf77b00e67c3178df14d8a492d","isMergeCommit":false,"messageTitle":"Update UG for profile command","messageBody":"","fileTypesAndContributionMap":{"docs":{"insertions":1,"deletions":1}}},{"hash":"01f50ae834f01ae6383f6d10b26a52edc8891ad7","isMergeCommit":true,"messageTitle":"Merge pull request #188 from FabianHeng/master","messageBody":"Update UG for profile command","fileTypesAndContributionMap":{}}]},{"date":"2025-04-05","commitResults":[{"hash":"9ffb63d2fecf0340b0678b1a9f593a60f5b30d3f","isMergeCommit":false,"messageTitle":"Fix table column resizing for Premiums List","messageBody":"","fileTypesAndContributionMap":{"functional-code":{"insertions":2,"deletions":0}}},{"hash":"cfd82a9687d5920d4224f6c404b153a6d5c97fcb","isMergeCommit":false,"messageTitle":"Fix UI issue for policy panel","messageBody":"","fileTypesAndContributionMap":{"functional-code":{"insertions":3,"deletions":3}}},{"hash":"34082ceee57c0d639db352caabe703277d1ab388","isMergeCommit":false,"messageTitle":"Fix UI extending out of screen for certain devices","messageBody":"","fileTypesAndContributionMap":{"functional-code":{"insertions":1,"deletions":1}}},{"hash":"084643b6b3494ceb300b26827e86f616564f1583","isMergeCommit":false,"messageTitle":"Fix UG error for Profile Section","messageBody":"","fileTypesAndContributionMap":{"docs":{"insertions":1,"deletions":1}}},{"hash":"787d906ce5a56d9b8e0d94c259929fc8a2d94849","isMergeCommit":false,"messageTitle":"Fix command history to display blank when clicking the down arrow","messageBody":"","fileTypesAndContributionMap":{"functional-code":{"insertions":8,"deletions":4}}},{"hash":"34a248655c6324fcece3730d2adfd257666c2d19","isMergeCommit":false,"messageTitle":"Add character limits for Name, Phone, and Email fields","messageBody":"","fileTypesAndContributionMap":{"functional-code":{"insertions":20,"deletions":14},"test-code":{"insertions":3,"deletions":3}}},{"hash":"db655e01c53446ef9839da7a9181b6bbb291b6d4","isMergeCommit":false,"messageTitle":"Fix bug where user cannot add two of the same client names with different attributes","messageBody":"","fileTypesAndContributionMap":{"functional-code":{"insertions":6,"deletions":2},"test-code":{"insertions":9,"deletions":6}}},{"hash":"ff134a38d43bf6b60b5718a13a0e86ed36afad3a","isMergeCommit":false,"messageTitle":"Fix issue of having multiple clients having same name with different casing","messageBody":"","fileTypesAndContributionMap":{"functional-code":{"insertions":3,"deletions":3},"test-code":{"insertions":2,"deletions":2}}},{"hash":"dde038dcf3002b5ffd456d09e881873489a07a42","isMergeCommit":false,"messageTitle":"Add test cases for different Email case and Birthday","messageBody":"","fileTypesAndContributionMap":{"test-code":{"insertions":6,"deletions":1}}},{"hash":"8ff50728ee7c6a1c0418d27f680e5ab0fcd752b4","isMergeCommit":false,"messageTitle":"Update Help link to match current UG link","messageBody":"","fileTypesAndContributionMap":{"functional-code":{"insertions":1,"deletions":1}}},{"hash":"09deebba0dd3941da10541efb1579bb29c78258f","isMergeCommit":true,"messageTitle":"Merge pull request #231 from leedeen01/branch-DryPE","messageBody":"Fix Issues found during dry run PE","fileTypesAndContributionMap":{}}]},{"date":"2025-04-06","commitResults":[{"hash":"d2423f19ec96853baf6bff008e72aedeeb861730","isMergeCommit":true,"messageTitle":"Merge pull request #234 from teesha902/PE-D-issues","messageBody":"PE-Dry run issues","fileTypesAndContributionMap":{}},{"hash":"5eb60f7828cbfba45f8ad77555476fd2f26e91cf","isMergeCommit":false,"messageTitle":"Add default values for address and policy book","messageBody":"","fileTypesAndContributionMap":{"functional-code":{"insertions":183,"deletions":2},"test-code":{"insertions":9,"deletions":7}}},{"hash":"d20912c3c39cb7f64f7a2a7a0a17c77905a43df3","isMergeCommit":false,"messageTitle":"Add test cases for default book creations","messageBody":"","fileTypesAndContributionMap":{"functional-code":{"insertions":8,"deletions":6},"test-code":{"insertions":93,"deletions":1}}},{"hash":"bde1e6c5d3048c76c8cebed11e6e8f8fb9ce5597","isMergeCommit":true,"messageTitle":"Merge pull request #238 from FabianHeng/branch-bug-fix","messageBody":"Add test cases for default book creations","fileTypesAndContributionMap":{}},{"hash":"cc878a6ffed76e1f4f6234547b0688dfba94e852","isMergeCommit":true,"messageTitle":"Merge pull request #236 from leedeen01/branch-DryPE","messageBody":"Set limit on the inputs of policy","fileTypesAndContributionMap":{}},{"hash":"109100fddb464a42e3346290f2e1d0213cb3658c","isMergeCommit":false,"messageTitle":"Update UG to include known issues for UI display","messageBody":"","fileTypesAndContributionMap":{"docs":{"insertions":8,"deletions":4}}},{"hash":"327a64d1eae7a7c6071c6dede40fbd21286038b8","isMergeCommit":false,"messageTitle":"Add wrap text for better readability","messageBody":"","fileTypesAndContributionMap":{"functional-code":{"insertions":29,"deletions":19}}},{"hash":"c50c3ac4a49b2e7d06d6bfab38a7683f8ba75e10","isMergeCommit":false,"messageTitle":"Update AboutUs page","messageBody":"","fileTypesAndContributionMap":{"docs":{"insertions":55,"deletions":27}}},{"hash":"1015a2195762ca74f86fd1472b785abf6f7cd704","isMergeCommit":true,"messageTitle":"Merge pull request #240 from FabianHeng/branch-user-guide","messageBody":"Update User Guide and fix UI styling issues","fileTypesAndContributionMap":{}},{"hash":"3cf06071a2ff257e8a6736b480fcc462a5f81cde","isMergeCommit":false,"messageTitle":"Update AboutUs page","messageBody":"","fileTypesAndContributionMap":{"docs":{"insertions":0,"deletions":19}}},{"hash":"acff7d723e3c9fcca6120a4266104f91cd37a5b5","isMergeCommit":true,"messageTitle":"Merge pull request #241 from FabianHeng/branch-user-guide","messageBody":"Update AboutUs page","fileTypesAndContributionMap":{}},{"hash":"806976dc2bbb657afc1a4844f0fa39efabf5cba0","isMergeCommit":false,"messageTitle":"Update product website","messageBody":"","fileTypesAndContributionMap":{"docs":{"insertions":35,"deletions":53}}},{"hash":"c6c0893fa8562c242f870a4005421ba2608ee660","isMergeCommit":true,"messageTitle":"Merge pull request #242 from FabianHeng/branch-user-guide","messageBody":"Update product website","fileTypesAndContributionMap":{}},{"hash":"7112764cf878a829867d55f8a3a27d9b44a6b65e","isMergeCommit":false,"messageTitle":"Fix product website bugs","messageBody":"","fileTypesAndContributionMap":{"docs":{"insertions":2,"deletions":4}}},{"hash":"0fdc68c6fcd69c3c91867f34f1dc955051b20f75","isMergeCommit":true,"messageTitle":"Merge pull request #243 from FabianHeng/branch-user-guide","messageBody":"Fix product website bugs","fileTypesAndContributionMap":{}},{"hash":"f12527c7ee69b09d900b16175f255e1309343e93","isMergeCommit":false,"messageTitle":"Add ClientNest Heading","messageBody":"","fileTypesAndContributionMap":{"docs":{"insertions":2,"deletions":0}}},{"hash":"9000aa47d8474ed33dd95fcee83a7d5c2313182f","isMergeCommit":true,"messageTitle":"Merge pull request #244 from FabianHeng/branch-user-guide","messageBody":"Add ClientNest Heading","fileTypesAndContributionMap":{}},{"hash":"b7c36a744036a39b387f58e638e69933d6a4e2b2","isMergeCommit":false,"messageTitle":"Update index.md","messageBody":"","fileTypesAndContributionMap":{"docs":{"insertions":1,"deletions":1}}},{"hash":"506af4564b5999d162f405021469dad301f03b2e","isMergeCommit":false,"messageTitle":"Update index.md","messageBody":"","fileTypesAndContributionMap":{"docs":{"insertions":0,"deletions":2}}},{"hash":"4231b0f86e9651ebac81f4751f45ef5e67c18845","isMergeCommit":true,"messageTitle":"Merge branch \u0027master\u0027 of https://github.com/FabianHeng/tp into branch-user-guide","messageBody":"","fileTypesAndContributionMap":{}},{"hash":"a11d4a759b0e8e902d900e51eaebec3bd33749ba","isMergeCommit":true,"messageTitle":"Merge branch \u0027master\u0027 of https://github.com/FabianHeng/tp into branch-user-guide","messageBody":"","fileTypesAndContributionMap":{}},{"hash":"4df2a892c6aa1d71373348469ff70a44640749cd","isMergeCommit":false,"messageTitle":"Update team portfolio page","messageBody":"","fileTypesAndContributionMap":{"docs":{"insertions":33,"deletions":29}}},{"hash":"785ebb7425103a94e0d01f8f78ff38574d425754","isMergeCommit":false,"messageTitle":"Update team portfolio page","messageBody":"","fileTypesAndContributionMap":{"docs":{"insertions":2,"deletions":2}}}]}],"NightlyAffair":[{"date":"2025-02-25","commitResults":[{"hash":"a5b7e6b007dc0f4bdc5b96e5fe7e910e50214ac7","isMergeCommit":false,"messageTitle":"Add readme about NightlyAffair","messageBody":"","fileTypesAndContributionMap":{"docs":{"insertions":4,"deletions":4}}},{"hash":"0a33d1096c304c614023637b847f944a2180fd3b","isMergeCommit":false,"messageTitle":"Add more details about NightlyAffair","messageBody":"","fileTypesAndContributionMap":{"docs":{"insertions":1,"deletions":1}}},{"hash":"e1b95b403b4c69dca2ebd86a33e32cc70c4b98f3","isMergeCommit":false,"messageTitle":"Update file names","messageBody":"","fileTypesAndContributionMap":{"docs":{"insertions":1,"deletions":1}}},{"hash":"08fbeb8a47a0a232e7951982c41509f7ee17404b","isMergeCommit":true,"messageTitle":"Merge pull request #24 from AY2425S2-CS2103-F10-2/teesha-photo","messageBody":"Teesha photo","fileTypesAndContributionMap":{}}]},{"date":"2025-02-26","commitResults":[{"hash":"0371702a4f566cf2ef32b2d8a15f1fcd2f8e093d","isMergeCommit":false,"messageTitle":"Update DG with arget user profile, value proposition, user stories and use cases","messageBody":"","fileTypesAndContributionMap":{"docs":{"insertions":117,"deletions":28}}},{"hash":"80086820888791872e90c229984b5f6f84c1c2f4","isMergeCommit":true,"messageTitle":"Merge branch \u0027master\u0027 into A-DeveloperGuide","messageBody":"","fileTypesAndContributionMap":{}}]},{"date":"2025-03-01","commitResults":[{"hash":"4e017e9bdf0d659562e2d6975cc2364f0c353b8d","isMergeCommit":true,"messageTitle":"Merge pull request #42 from teesha902/branch-setup-Markbind","messageBody":"Update markbind configs","fileTypesAndContributionMap":{}}]},{"date":"2025-03-05","commitResults":[{"hash":"32fa57a11d57d5e73b1b38154cbc2aef7463a18e","isMergeCommit":false,"messageTitle":"Create class required for Premium field in person","messageBody":"Added the following code:\n1. Added Premium class\n2. Added support for Premum in SampleDataUtil class\n3. Added PremiumTest\n","fileTypesAndContributionMap":{"functional-code":{"insertions":95,"deletions":8},"test-code":{"insertions":56,"deletions":0}}},{"hash":"d1467ba3280d2863c5182683c9cdb1317a46e632","isMergeCommit":false,"messageTitle":"Add more support and tests for Premium field","messageBody":"","fileTypesAndContributionMap":{"functional-code":{"insertions":81,"deletions":39},"test-code":{"insertions":57,"deletions":51}}},{"hash":"6a2bd484d857052fb4549d56367cf28308653732","isMergeCommit":false,"messageTitle":"Pass tests 1/2","messageBody":"","fileTypesAndContributionMap":{"functional-code":{"insertions":4,"deletions":3},"test-code":{"insertions":59,"deletions":68}}},{"hash":"c6b4327ede770ed3a6a5dfd371a47d5cc5aae448","isMergeCommit":false,"messageTitle":"All tests passed and full support added for premium field in backend","messageBody":"","fileTypesAndContributionMap":{"functional-code":{"insertions":11,"deletions":9},"test-code":{"insertions":3,"deletions":2}}},{"hash":"da0bf597737d8ddaabded26dec082004141cf64f","isMergeCommit":false,"messageTitle":"Fixed all checkstyle issues","messageBody":"","fileTypesAndContributionMap":{"functional-code":{"insertions":37,"deletions":7}}}]},{"date":"2025-03-06","commitResults":[{"hash":"43cd8f12b7bde8b4d8fb5d54b25afdbe701f9b12","isMergeCommit":false,"messageTitle":"Updated checkstyle for tests","messageBody":"","fileTypesAndContributionMap":{"test-code":{"insertions":141,"deletions":32}}},{"hash":"9cf8a4ac657a3d22ad7e4a619cc2e20706394ad7","isMergeCommit":false,"messageTitle":"Add tests to pasas codecov coverage","messageBody":"","fileTypesAndContributionMap":{"test-code":{"insertions":29,"deletions":0}}},{"hash":"9b02a89cc0550e648be9ce950c84e04537a0b619","isMergeCommit":false,"messageTitle":"Added coverage for premium field","messageBody":"","fileTypesAndContributionMap":{"functional-code":{"insertions":2,"deletions":2},"test-code":{"insertions":3,"deletions":2}}}]},{"date":"2025-03-10","commitResults":[{"hash":"54798a9ccd737a537539facab385666286f8e53e","isMergeCommit":false,"messageTitle":"Add a class called PremiumList that now contains the Premiums which now contain both name and amount","messageBody":"","fileTypesAndContributionMap":{"functional-code":{"insertions":153,"deletions":106},"other":{"insertions":15,"deletions":15},"docs":{"insertions":1,"deletions":1},"test-code":{"insertions":17,"deletions":24}}}]},{"date":"2025-03-11","commitResults":[{"hash":"e66b2a82f50d919daa193b52fb6a8d5716e4bf39","isMergeCommit":false,"messageTitle":"Converted Integer to a premium and added all support","messageBody":"","fileTypesAndContributionMap":{"functional-code":{"insertions":409,"deletions":61},"other":{"insertions":20,"deletions":17},"test-code":{"insertions":107,"deletions":55}}},{"hash":"8f7988f3055d4c414aee4937c9fedee528b41a44","isMergeCommit":false,"messageTitle":"Update checkstyleTest","messageBody":"","fileTypesAndContributionMap":{"test-code":{"insertions":39,"deletions":6}}},{"hash":"b82a4b18ccb77cc2eaa8266acb236b225a16ac9c","isMergeCommit":false,"messageTitle":"Add coverage for premiumList","messageBody":"","fileTypesAndContributionMap":{"test-code":{"insertions":314,"deletions":0}}},{"hash":"07cbb869868a6c36d67e69ad6d7427f6ff619b1f","isMergeCommit":false,"messageTitle":"Fix checkstyle issues","messageBody":"","fileTypesAndContributionMap":{"functional-code":{"insertions":1,"deletions":3},"test-code":{"insertions":4,"deletions":5}}}]},{"date":"2025-03-13","commitResults":[{"hash":"4ae5ead9b8a3bc9e601f4f0190259f9134242beb","isMergeCommit":true,"messageTitle":"Merge pull request #54 from FabianHeng/branch-display-birthday","messageBody":"Display birthday field in Client Overview","fileTypesAndContributionMap":{}}]},{"date":"2025-03-18","commitResults":[{"hash":"4c69649d83041671b9553efbe14caf8d8c588ca5","isMergeCommit":true,"messageTitle":"Merge pull request #67 from leedeen01/branch-UiCustomization","messageBody":"Fix premium input bug","fileTypesAndContributionMap":{}},{"hash":"3c00244c64b2999ba4cee06a9cb7bd43e0ccad80","isMergeCommit":false,"messageTitle":"Add premium to error messages in edit command","messageBody":"","fileTypesAndContributionMap":{"functional-code":{"insertions":2,"deletions":0}}},{"hash":"26bf6742a0489fbc7bee9bd2af8bdecf09f440fd","isMergeCommit":false,"messageTitle":"Add premium to error messages in edit command","messageBody":"","fileTypesAndContributionMap":{"functional-code":{"insertions":1,"deletions":1}}},{"hash":"8e68e6a13784f417f17a0b467b96f6da6717e840","isMergeCommit":false,"messageTitle":"Remove Prmium as a required Prefix","messageBody":"","fileTypesAndContributionMap":{"functional-code":{"insertions":1,"deletions":1}}}]},{"date":"2025-03-19","commitResults":[{"hash":"a4412bdde705b7f14ad11d70400eb7185e01410e","isMergeCommit":false,"messageTitle":"Made Premium an optional field in addCommand","messageBody":"","fileTypesAndContributionMap":{"functional-code":{"insertions":19,"deletions":1},"test-code":{"insertions":19,"deletions":20}}}]},{"date":"2025-03-20","commitResults":[{"hash":"9662b5dea033bc537c716f0f63b4c1f1dd790abd","isMergeCommit":false,"messageTitle":"Fix premium not working in edit command","messageBody":"","fileTypesAndContributionMap":{"functional-code":{"insertions":3,"deletions":2},"test-code":{"insertions":7,"deletions":21}}},{"hash":"0dc1b4bdea650151b68f62f6e56e7768dffe4f5a","isMergeCommit":false,"messageTitle":"Fix checkstyle test errors","messageBody":"","fileTypesAndContributionMap":{"test-code":{"insertions":23,"deletions":1}}},{"hash":"641f5dc0701885f7800703f3ad3012e6c29f4903","isMergeCommit":true,"messageTitle":"Merge pull request #75 from FabianHeng/branch-help-ui-redesign","messageBody":"Add support for resizing Help UI box","fileTypesAndContributionMap":{}}]},{"date":"2025-03-26","commitResults":[{"hash":"6798d800561449a81fcf25e6a57edd98b285f525","isMergeCommit":false,"messageTitle":"Fixed checking for premium list being empty as premium list can be optionally empty","messageBody":"","fileTypesAndContributionMap":{"functional-code":{"insertions":0,"deletions":5}}},{"hash":"4ca08eea10380309e8bf87765dbeeb83ee1c0170","isMergeCommit":false,"messageTitle":"Removed irrelevant tests","messageBody":"","fileTypesAndContributionMap":{"test-code":{"insertions":0,"deletions":8}}},{"hash":"79a03e25d70d715e2b4fdb738806dbc54c76b261","isMergeCommit":false,"messageTitle":"Fix checkstyle test","messageBody":"","fileTypesAndContributionMap":{"test-code":{"insertions":0,"deletions":1}}}]},{"date":"2025-03-27","commitResults":[{"hash":"8f04645ff728fd7de97c661b1a1ef8ebf57ebf56","isMergeCommit":false,"messageTitle":"Add EditPremiumCommand","messageBody":"","fileTypesAndContributionMap":{"functional-code":{"insertions":263,"deletions":0}}},{"hash":"ecfb608e2442d9c751088775903ac1d8c2ae21a4","isMergeCommit":false,"messageTitle":"Add EditPremiumCommandParser and pass checkstyleMain","messageBody":"","fileTypesAndContributionMap":{"functional-code":{"insertions":82,"deletions":5}}},{"hash":"2d6a95c38579c086e0800df704a1d8bd291b3ad6","isMergeCommit":false,"messageTitle":"Added Coverage and fixes all checkstyle","messageBody":"","fileTypesAndContributionMap":{"functional-code":{"insertions":39,"deletions":23},"test-code":{"insertions":312,"deletions":0}}},{"hash":"b39f8a1011a147c1dc026aa255ac00be57c84c61","isMergeCommit":false,"messageTitle":"Removed uneccessary lines of code","messageBody":"","fileTypesAndContributionMap":{"functional-code":{"insertions":0,"deletions":20}}},{"hash":"23841432dbba2085660af130f9e8feb8d27e1439","isMergeCommit":false,"messageTitle":"Updated PremiumList tests","messageBody":"","fileTypesAndContributionMap":{"test-code":{"insertions":34,"deletions":0}}},{"hash":"05bbfeba949ccf0cbd5aa441af40a17374ce0a7e","isMergeCommit":false,"messageTitle":"Add coverage for ClientNestParser","messageBody":"","fileTypesAndContributionMap":{"test-code":{"insertions":6,"deletions":0}}},{"hash":"9cccc5ba2dd2ac7da0ab3ac7fe6e26ba10b24561","isMergeCommit":false,"messageTitle":"Fix checkstyle errors","messageBody":"","fileTypesAndContributionMap":{"test-code":{"insertions":2,"deletions":1}}},{"hash":"15c818aa1e904cce3d1a44ac29139762382b4ee9","isMergeCommit":false,"messageTitle":"Fix checkstyle errors","messageBody":"","fileTypesAndContributionMap":{"test-code":{"insertions":2,"deletions":2}}},{"hash":"d2528f8c6695acfbfa3b8b909a57ee1529437e5c","isMergeCommit":false,"messageTitle":"Edit typo in usage","messageBody":"","fileTypesAndContributionMap":{"functional-code":{"insertions":1,"deletions":1}}},{"hash":"aaafdf2e186367f04e81180057b7b3202c7ba495","isMergeCommit":true,"messageTitle":"Merge pull request #92 from teesha902/branch-upcoming-birthdays-display","messageBody":"Branch upcoming birthdays display panel","fileTypesAndContributionMap":{}},{"hash":"83ea1f920a914ba65bf88816832a371f244a8655","isMergeCommit":true,"messageTitle":"Merge pull request #106 from FabianHeng/branch-help-ui-redesign","messageBody":"Add new commands in help UI window","fileTypesAndContributionMap":{}},{"hash":"90d55d12ad7d701a70d04179912dd28ce53d9a03","isMergeCommit":true,"messageTitle":"Merge branch \u0027master\u0027 into branch-profile","messageBody":"","fileTypesAndContributionMap":{}},{"hash":"fd76bea9953e5cf46cef54f3d2010df878fe4574","isMergeCommit":true,"messageTitle":"Merge pull request #105 from FabianHeng/branch-profile","messageBody":"Add user profile feature","fileTypesAndContributionMap":{}},{"hash":"2716a8ed0608c4066d0faf3731186fce6640a61a","isMergeCommit":false,"messageTitle":"Fix EditPremiumCommandTest not working after merge","messageBody":"","fileTypesAndContributionMap":{"test-code":{"insertions":6,"deletions":3}}}]},{"date":"2025-03-29","commitResults":[{"hash":"ee7b807ebb7c3faba66156a6d4b4f63a376afc03","isMergeCommit":false,"messageTitle":"Update Model Class UML Diagram","messageBody":"","fileTypesAndContributionMap":{"docs":{"insertions":7,"deletions":1}}},{"hash":"b7cf440fdbc776b924bea20ef7b2182d33815ade","isMergeCommit":false,"messageTitle":"Fix Checkstyle Issue","messageBody":"","fileTypesAndContributionMap":{"docs":{"insertions":1,"deletions":1}}},{"hash":"5bbdf9f97c49d1f8195b6c3080cc6222130193df","isMergeCommit":true,"messageTitle":"Merge pull request #149 from leedeen01/branch_UpdateUML","messageBody":"Update uml diagram size","fileTypesAndContributionMap":{}}]},{"date":"2025-03-30","commitResults":[{"hash":"de634849ed1790c2cd81cad31847c9468f41679d","isMergeCommit":false,"messageTitle":"First abstraction of add command from edit command for premium","messageBody":"","fileTypesAndContributionMap":{"functional-code":{"insertions":159,"deletions":6}}}]},{"date":"2025-04-01","commitResults":[{"hash":"68c3b74858142a132c171914ff200706c1c7a323","isMergeCommit":false,"messageTitle":"Fix EditPremiumCommand to only edit commands and not add","messageBody":"","fileTypesAndContributionMap":{"functional-code":{"insertions":37,"deletions":116},"test-code":{"insertions":1,"deletions":24}}},{"hash":"7d7cb5c1b25673d9b8adfa0482106287ef1e3d36","isMergeCommit":false,"messageTitle":"Added AddPremiumCommand","messageBody":"","fileTypesAndContributionMap":{"functional-code":{"insertions":67,"deletions":13}}},{"hash":"8aab30c452d58864d65ac74fbb91b3b5a30e4435","isMergeCommit":false,"messageTitle":"Fix bugs related to messages shown","messageBody":"","fileTypesAndContributionMap":{"functional-code":{"insertions":10,"deletions":14},"other":{"insertions":2,"deletions":3},"test-code":{"insertions":5,"deletions":11}}},{"hash":"255a2adeb7eb9e9dbd3a2f73feb17fd45969ed46","isMergeCommit":false,"messageTitle":"Add javadocs","messageBody":"","fileTypesAndContributionMap":{"functional-code":{"insertions":48,"deletions":5}}},{"hash":"e9cafe03b7261b285084952ef43d5a659154506e","isMergeCommit":false,"messageTitle":"Add DeletePremiumCommand","messageBody":"","fileTypesAndContributionMap":{"functional-code":{"insertions":100,"deletions":0},"test-code":{"insertions":364,"deletions":0}}},{"hash":"4ec7ea6aafd50de24889d660f6a0f0f632843b85","isMergeCommit":false,"messageTitle":"Add javadocs to deleteprcomamnds","messageBody":"","fileTypesAndContributionMap":{"functional-code":{"insertions":52,"deletions":4}}}]},{"date":"2025-04-02","commitResults":[{"hash":"15f60cda44f735f8e58211236bfd57c1df55119f","isMergeCommit":false,"messageTitle":"Adjusted deletepr command to delete by name","messageBody":"","fileTypesAndContributionMap":{"functional-code":{"insertions":82,"deletions":22},"other":{"insertions":0,"deletions":0},"test-code":{"insertions":207,"deletions":2}}},{"hash":"434eca5ce90fab245645352bc3968525d586775c","isMergeCommit":false,"messageTitle":"Added tests for deletepr command","messageBody":"","fileTypesAndContributionMap":{"functional-code":{"insertions":4,"deletions":2},"test-code":{"insertions":180,"deletions":30}}}]},{"date":"2025-04-03","commitResults":[{"hash":"177946eb2ed9a525c705ebc1736739675830c900","isMergeCommit":false,"messageTitle":"Pass all tests","messageBody":"","fileTypesAndContributionMap":{"functional-code":{"insertions":109,"deletions":35},"test-code":{"insertions":91,"deletions":65}}},{"hash":"20d2c1b9a56ebb806b9fd8e15ff0c645a77f7366","isMergeCommit":false,"messageTitle":"Update tests","messageBody":"","fileTypesAndContributionMap":{"test-code":{"insertions":0,"deletions":32}}},{"hash":"3b9ca6694d143f6a4e1c4e5f4cc040b2e026a6ad","isMergeCommit":false,"messageTitle":"Commands without coverage","messageBody":"","fileTypesAndContributionMap":{"test-code":{"insertions":0,"deletions":273}}},{"hash":"1cb80244d6b152a333a8afe77281e22ad8f1e150","isMergeCommit":false,"messageTitle":"Updated DG and UG","messageBody":"","fileTypesAndContributionMap":{"docs":{"insertions":283,"deletions":28}}},{"hash":"0964001b194e94146dbb50f172dfc7cfb0b4e558","isMergeCommit":false,"messageTitle":"Add EOF","messageBody":"","fileTypesAndContributionMap":{"docs":{"insertions":2,"deletions":2}}},{"hash":"13fd0987821a7d36599fd8fc49febffc933f599b","isMergeCommit":true,"messageTitle":"Merge pull request #180 from FabianHeng/branch-ui-refresh","messageBody":"Fix UI styling issues","fileTypesAndContributionMap":{}},{"hash":"806586dfce680ba34317c747aa5dec1b5cbbc8f0","isMergeCommit":true,"messageTitle":"Merge pull request #184 from FabianHeng/master","messageBody":"Update Help page to include Add and Delete PR commands","fileTypesAndContributionMap":{}},{"hash":"82372e9030fd0cc3194febae7ba3f159397dbf9e","isMergeCommit":false,"messageTitle":"Update DeveloperGuide.md","messageBody":"","fileTypesAndContributionMap":{"docs":{"insertions":1,"deletions":1}}},{"hash":"b702ec75595a4d02ba3ffb74c37db828b03dac3b","isMergeCommit":false,"messageTitle":"Update DeveloperGuide.md","messageBody":"","fileTypesAndContributionMap":{"docs":{"insertions":1,"deletions":1}}},{"hash":"11e19b6e3932bf6c45bd931b672f4e353680b52b","isMergeCommit":false,"messageTitle":"Update DeveloperGuide.md","messageBody":"","fileTypesAndContributionMap":{"docs":{"insertions":2,"deletions":2}}}]},{"date":"2025-04-04","commitResults":[{"hash":"17aedd00f73340f1532c3946315d9a75f6d9941c","isMergeCommit":true,"messageTitle":"Merge pull request #186 from FabianHeng/master","messageBody":"Update UG for profile command","fileTypesAndContributionMap":{}},{"hash":"87702fbc6c3df0e64b1fb763494d667ed283ec2e","isMergeCommit":false,"messageTitle":"Update version number","messageBody":"","fileTypesAndContributionMap":{"functional-code":{"insertions":1,"deletions":1}}},{"hash":"db2b34a0c45adcd0f282eb666de524246a1b6c29","isMergeCommit":true,"messageTitle":"Merge pull request #189 from NightlyAffair/U-Version","messageBody":"Update version number","fileTypesAndContributionMap":{}},{"hash":"d2484a665a10558bb1a2f495e1c8917cfae31f5e","isMergeCommit":true,"messageTitle":"Merge pull request #190 from NightlyAffair/U-img","messageBody":"Add images for release notes","tags":["v1.5"],"fileTypesAndContributionMap":{}},{"hash":"af0f80b727f551b33032736e59b0a2f46c0d1a5c","isMergeCommit":false,"messageTitle":"Update DeveloperGuide.md","messageBody":"","fileTypesAndContributionMap":{"docs":{"insertions":1,"deletions":1}}}]},{"date":"2025-04-07","commitResults":[{"hash":"71283d3cb18fedd2633154d17a11f3ba5e1ca97c","isMergeCommit":false,"messageTitle":"Fix #226","messageBody":"","fileTypesAndContributionMap":{"functional-code":{"insertions":9,"deletions":1}}},{"hash":"b12acfa61a45e9ce1624789838271be69dc0c675","isMergeCommit":false,"messageTitle":"Fix bug","messageBody":"","fileTypesAndContributionMap":{"functional-code":{"insertions":1,"deletions":1}}},{"hash":"9d26914244747de2b961327baeb0b0d4371544e7","isMergeCommit":false,"messageTitle":"Invalid command handling","messageBody":"","fileTypesAndContributionMap":{"functional-code":{"insertions":8,"deletions":4}}},{"hash":"9a47e7e4586d3dbd64de469b28aded312ad3569a","isMergeCommit":false,"messageTitle":"Fix tests","messageBody":"","fileTypesAndContributionMap":{"functional-code":{"insertions":1,"deletions":1},"test-code":{"insertions":1,"deletions":1}}},{"hash":"799facf43152c3ce907728e5dc6c9a19ed25a356","isMergeCommit":false,"messageTitle":"Add Coverage","messageBody":"","fileTypesAndContributionMap":{"functional-code":{"insertions":0,"deletions":1},"test-code":{"insertions":26,"deletions":0}}},{"hash":"4864d1f61002d95f35df1b5023d288530d2f2477","isMergeCommit":false,"messageTitle":"Add Coverage","messageBody":"","fileTypesAndContributionMap":{"test-code":{"insertions":20,"deletions":2}}}]}],"leedeen01":[{"date":"2025-02-22","commitResults":[{"hash":"b5e56735ca1aaa52d2b7d6da2e41e55f71b06ef5","isMergeCommit":false,"messageTitle":"Update the AboutUs page","messageBody":"","fileTypesAndContributionMap":{"docs":{"insertions":49,"deletions":3}}},{"hash":"c89d90ac6d0ad4f78aefa09f41330877bc1c200e","isMergeCommit":false,"messageTitle":"Update DeveloperGuide","messageBody":"- Write Non-Functional Requirements (NFRs) for developer guide\n- Write Glossary for developer guide\n","fileTypesAndContributionMap":{"docs":{"insertions":16,"deletions":6}}},{"hash":"6c268e18428e350126dd566fcde2a6247a5cbbe0","isMergeCommit":true,"messageTitle":"Merge pull request #11 from leedeen01/branch-AboutUs","messageBody":"Fix missing photo for De En ","fileTypesAndContributionMap":{}},{"hash":"38f31eaa6e786a00e71d0670ae663807e7131257","isMergeCommit":true,"messageTitle":"Merge pull request #13 from FabianHeng/branch-AboutUs","messageBody":"Add Fabian\u0027s details","fileTypesAndContributionMap":{}}]},{"date":"2025-03-03","commitResults":[{"hash":"a144baf3106c41cd44c54f1c7aa8b92bc83de91a","isMergeCommit":true,"messageTitle":"Merge pull request #44 from teesha902/branch-setup-Markbind","messageBody":"Update index.md with ClientNest description","fileTypesAndContributionMap":{}}]},{"date":"2025-03-11","commitResults":[{"hash":"f6032b4569bcf19eac6dbbbd0a59f4b695cfae00","isMergeCommit":false,"messageTitle":"Display PremiumList","messageBody":"","fileTypesAndContributionMap":{"functional-code":{"insertions":20,"deletions":3}}},{"hash":"d9f02f31d162efbdd8523e1ab2fc2812884d6634","isMergeCommit":false,"messageTitle":"Update error message for add command","messageBody":"","fileTypesAndContributionMap":{"functional-code":{"insertions":6,"deletions":4}}},{"hash":"ea307b14bbb98902a4e87cd64517ab941aec1de5","isMergeCommit":false,"messageTitle":"Fix checkstyle","messageBody":"","fileTypesAndContributionMap":{"functional-code":{"insertions":1,"deletions":2},"other":{"insertions":2,"deletions":6}}},{"hash":"7d04deb52a9aaa4088d505745d229cd6a99118f7","isMergeCommit":false,"messageTitle":"Fix checkstyle","messageBody":"","fileTypesAndContributionMap":{"other":{"insertions":2,"deletions":2},"docs":{"insertions":2,"deletions":2}}},{"hash":"97580dc58b8ad6fcafd5e81e86f17ea05ab0de73","isMergeCommit":false,"messageTitle":"Suppress checkstyle warnings for test","messageBody":"","fileTypesAndContributionMap":{"functional-code":{"insertions":5,"deletions":0},"other":{"insertions":4,"deletions":0}}},{"hash":"d98928e7f004f4689535bd1e015b89dc65565373","isMergeCommit":false,"messageTitle":"Add test file","messageBody":"","fileTypesAndContributionMap":{"functional-code":{"insertions":0,"deletions":1},"test-code":{"insertions":36,"deletions":1}}},{"hash":"1ee63a96f6aad10bfac3ac58cbf236ee961b00be","isMergeCommit":false,"messageTitle":"Add more test","messageBody":"","fileTypesAndContributionMap":{"functional-code":{"insertions":3,"deletions":3},"other":{"insertions":1,"deletions":1}}},{"hash":"fdf63a6742e61283aeed69cc4e9ee3cbf207a3df","isMergeCommit":false,"messageTitle":"Fix previous bug","messageBody":"","fileTypesAndContributionMap":{"other":{"insertions":1,"deletions":1}}},{"hash":"483168c768f3e008bf5945037bdde36842f14969","isMergeCommit":false,"messageTitle":"Fix previous bug","messageBody":"","fileTypesAndContributionMap":{"functional-code":{"insertions":2,"deletions":1},"other":{"insertions":1,"deletions":1}}},{"hash":"81686b0f7d9f546e30fa772c5c630d2cfbfbb4af","isMergeCommit":false,"messageTitle":"Fix bug","messageBody":"","fileTypesAndContributionMap":{"other":{"insertions":1,"deletions":1}}},{"hash":"9f33a5bbbee3c0591b457365cf5817ac445404d9","isMergeCommit":false,"messageTitle":"Update premium to be comparable","messageBody":"","fileTypesAndContributionMap":{"functional-code":{"insertions":13,"deletions":1},"test-code":{"insertions":35,"deletions":0}}},{"hash":"c8391a5d9d58603ec189d1ca0fb112ea7bf2c09f","isMergeCommit":false,"messageTitle":"Sort PremiumList before display","messageBody":"","fileTypesAndContributionMap":{"functional-code":{"insertions":1,"deletions":1}}}]},{"date":"2025-03-15","commitResults":[{"hash":"2023fbd38e4f57ba4a467ad727053f5aa639091e","isMergeCommit":false,"messageTitle":"Changed title to ClientNest","messageBody":"","fileTypesAndContributionMap":{"functional-code":{"insertions":1,"deletions":1},"test-code":{"insertions":0,"deletions":0}}},{"hash":"6e6a51f79c100fcf0a0de2bb740ac67704203615","isMergeCommit":false,"messageTitle":"Remove test for GUI","messageBody":"","fileTypesAndContributionMap":{"test-code":{"insertions":0,"deletions":0}}},{"hash":"43d278979bbb7a5cecf252090b06c7faed96a756","isMergeCommit":false,"messageTitle":"Update DeveloperGuide","messageBody":"","fileTypesAndContributionMap":{"functional-code":{"insertions":2,"deletions":2},"other":{"insertions":1,"deletions":1},"docs":{"insertions":38,"deletions":20},"test-code":{"insertions":1,"deletions":1}}}]},{"date":"2025-03-17","commitResults":[{"hash":"b75b654fc706bef3aa43fd1ef7df030a4def2ab6","isMergeCommit":false,"messageTitle":"Fix premium input bug","messageBody":"","fileTypesAndContributionMap":{"functional-code":{"insertions":4,"deletions":3}}},{"hash":"25a9bfbdfca5e6be1071553f35672a3a9c1ab806","isMergeCommit":false,"messageTitle":"Improve sample input for add command","messageBody":"","fileTypesAndContributionMap":{"functional-code":{"insertions":1,"deletions":1}}}]},{"date":"2025-03-18","commitResults":[{"hash":"44082de1367e7ff3f765c5bd3e2cca9ed556f621","isMergeCommit":false,"messageTitle":"Create model for premium","messageBody":"","fileTypesAndContributionMap":{"functional-code":{"insertions":515,"deletions":1}}},{"hash":"266e2155dd95de8622ab2a686cced15aed083988","isMergeCommit":false,"messageTitle":"Implement Logic and Storage for premium","messageBody":"","fileTypesAndContributionMap":{"functional-code":{"insertions":953,"deletions":35},"other":{"insertions":10,"deletions":4}}}]},{"date":"2025-03-19","commitResults":[{"hash":"67f089e3a512f09229fc36d7fc91ed350512e750","isMergeCommit":true,"messageTitle":"Merge pull request #72 from teesha902/branch-update-UG","messageBody":"Update UserGuide","fileTypesAndContributionMap":{}},{"hash":"2d0177dfdbfb80e1cab360df295b8f678282fffd","isMergeCommit":false,"messageTitle":"Add test files for Policy","messageBody":"","fileTypesAndContributionMap":{"functional-code":{"insertions":656,"deletions":651},"other":{"insertions":127,"deletions":127},"test-code":{"insertions":391,"deletions":48}}},{"hash":"3fc88205a57199167d5abad49a9e29724b96e976","isMergeCommit":false,"messageTitle":"Add test for Policy","messageBody":"","fileTypesAndContributionMap":{"functional-code":{"insertions":46,"deletions":3},"test-code":{"insertions":492,"deletions":0}}}]},{"date":"2025-03-20","commitResults":[{"hash":"b90ff5017759aba6b8c20e824dfafb8f60f1d4c1","isMergeCommit":false,"messageTitle":"Remove white trailing space","messageBody":"","fileTypesAndContributionMap":{"functional-code":{"insertions":4,"deletions":4},"docs":{"insertions":1,"deletions":1}}},{"hash":"f752e3b18182e9339c18dfc5a445965bff893be0","isMergeCommit":false,"messageTitle":"Remove trailing whitespaces","messageBody":"","fileTypesAndContributionMap":{"functional-code":{"insertions":3,"deletions":3}}},{"hash":"109ba29974e470b52908cfda312600982cb2abc6","isMergeCommit":false,"messageTitle":"Add test file for Policy","messageBody":"","fileTypesAndContributionMap":{"functional-code":{"insertions":389,"deletions":10},"test-code":{"insertions":128,"deletions":2}}},{"hash":"c3c5c1e3e0a206f2ac84f973fb8ce41b5c60de73","isMergeCommit":true,"messageTitle":"Merge remote-tracking branch \u0027upstream/master\u0027 into branch-Policy","messageBody":"","fileTypesAndContributionMap":{}},{"hash":"610e0b0fd755c03dd6f15a689d9ebf53faa259fc","isMergeCommit":false,"messageTitle":"Fix trailing whitespace error","messageBody":"","fileTypesAndContributionMap":{"functional-code":{"insertions":2,"deletions":2}}}]},{"date":"2025-03-21","commitResults":[{"hash":"7098d8c05fc87ae980be9bb723805cc167c22005","isMergeCommit":true,"messageTitle":"Merge pull request #80 from FabianHeng/branch-help-ui-redesign","messageBody":"Fix Help UI window bugs","fileTypesAndContributionMap":{}}]},{"date":"2025-03-24","commitResults":[{"hash":"b1d770f9959e8f0eb619a0003cb4de6841bd4a3b","isMergeCommit":true,"messageTitle":"Merge branch \u0027master\u0027 into branch-Policy","messageBody":"","fileTypesAndContributionMap":{}},{"hash":"8d28e0b3c4e86f1bebfaf17df3d2025d3a6b9ced","isMergeCommit":false,"messageTitle":"Add test for Policy","messageBody":"","fileTypesAndContributionMap":{"test-code":{"insertions":445,"deletions":1}}},{"hash":"085d685f69de5093c0d14ad6d48a192ec3a58644","isMergeCommit":false,"messageTitle":"Add test for Policy","messageBody":"","fileTypesAndContributionMap":{"test-code":{"insertions":329,"deletions":0}}},{"hash":"90027817984707ab28f17487f8ee04be32cae4ea","isMergeCommit":false,"messageTitle":"Add test for Policy","messageBody":"","fileTypesAndContributionMap":{"test-code":{"insertions":187,"deletions":9}}},{"hash":"f8b7b7902da46653455a9483f810956bfefc3171","isMergeCommit":true,"messageTitle":"Merge pull request #87 from FabianHeng/branch-command-history","messageBody":"Add Command History","fileTypesAndContributionMap":{}},{"hash":"f2bb906f3d86c91f6c00519a88f6bddf56d16ba2","isMergeCommit":false,"messageTitle":"Implement edit policy","messageBody":"","fileTypesAndContributionMap":{"functional-code":{"insertions":281,"deletions":7},"test-code":{"insertions":436,"deletions":4}}}]},{"date":"2025-03-27","commitResults":[{"hash":"1e9c42e4097f91dcf76fd2325d06b601c8aaea2d","isMergeCommit":true,"messageTitle":"Merge pull request #99 from NightlyAffair/U-AddressBookPremium","messageBody":"Fixed address book not loading when premium empty","fileTypesAndContributionMap":{}},{"hash":"0f4e24992efbe13aa33d621c64eafcd3f813fa56","isMergeCommit":true,"messageTitle":"Merge pull request #98 from FabianHeng/branch-help-ui-redesign","messageBody":"Fix Help UI box size","fileTypesAndContributionMap":{}},{"hash":"548cbef21487dd1837962d9e9175d5e4a904dd9b","isMergeCommit":true,"messageTitle":"Merge pull request #110 from NightlyAffair/U-FixEditPremiumCommandTest","messageBody":"Fix EditPremiumCommandTest not working after merge","fileTypesAndContributionMap":{}},{"hash":"61ada2a426a0e36045b772c942b601f05908620a","isMergeCommit":false,"messageTitle":"Update DeveloperGuide.md","messageBody":"","fileTypesAndContributionMap":{"docs":{"insertions":19,"deletions":19}}},{"hash":"49f8707361c0832e939f67c05abbefdc5166ed34","isMergeCommit":false,"messageTitle":"Add delete policy command and parser","messageBody":"","fileTypesAndContributionMap":{"functional-code":{"insertions":101,"deletions":1}}},{"hash":"f4ad96454ebe0d1bf10fd89ff3114c12db72076d","isMergeCommit":true,"messageTitle":"Merge branch \u0027master\u0027 into branch-Policy","messageBody":"","fileTypesAndContributionMap":{}},{"hash":"2078d2e9827feda3caadc287dbb6dc7df75e4939","isMergeCommit":false,"messageTitle":"Fix birthday panel width","messageBody":"","fileTypesAndContributionMap":{"functional-code":{"insertions":13,"deletions":3}}},{"hash":"b88434a4e1736ad0e680259e03f5d1cf1f1bc68d","isMergeCommit":false,"messageTitle":"Add test for delete policy","messageBody":"","fileTypesAndContributionMap":{"test-code":{"insertions":120,"deletions":0}}},{"hash":"00a14ec810810ea9c79b1b041412ec69eaa61ae8","isMergeCommit":false,"messageTitle":"Fix EOF error","messageBody":"","fileTypesAndContributionMap":{"test-code":{"insertions":1,"deletions":1}}},{"hash":"7c870fb9042406d6ae35f716350df925b3bf662a","isMergeCommit":false,"messageTitle":"Remove trailing whitespace error","messageBody":"","fileTypesAndContributionMap":{"test-code":{"insertions":1,"deletions":1}}},{"hash":"08a9c68edd476e9e03b214324724a0f704c30f47","isMergeCommit":false,"messageTitle":"Add clientnest logo for help page","messageBody":"","fileTypesAndContributionMap":{"functional-code":{"insertions":1,"deletions":1}}},{"hash":"73a2330142985bfcca74bb8b631639250987141a","isMergeCommit":true,"messageTitle":"Merge pull request #112 from FabianHeng/branch-profile","messageBody":"Fix tests that creates extra files in data folder","fileTypesAndContributionMap":{}}]},{"date":"2025-03-28","commitResults":[{"hash":"b1803928dfb6db7b3b242ecae38feda547480b4b","isMergeCommit":true,"messageTitle":"Merge pull request #114 from teesha902/branch-teesha-UML-diagram","messageBody":"Add Model diagrams including new fields for Person and the new Poli…","fileTypesAndContributionMap":{}},{"hash":"09e51bf2fc0e1d77677e68e8485808836280b9d4","isMergeCommit":false,"messageTitle":"Update DeveloperGuide with new Storage diagram","messageBody":"","fileTypesAndContributionMap":{"docs":{"insertions":3,"deletions":3}}},{"hash":"771f889c00c845ebd1cbe40b96749ee0add68b64","isMergeCommit":false,"messageTitle":"Update DevelopGuide","messageBody":"","fileTypesAndContributionMap":{"docs":{"insertions":2,"deletions":2}}}]},{"date":"2025-03-29","commitResults":[{"hash":"74f11091fec6eeeb400ecca43852974870df62cd","isMergeCommit":false,"messageTitle":"Enable assertion","messageBody":"","fileTypesAndContributionMap":{"other":{"insertions":4,"deletions":0}}},{"hash":"b781b57b6602699c4a2fa779a08e7a797a77d1da","isMergeCommit":false,"messageTitle":"Update DeveloperGuide","messageBody":"","fileTypesAndContributionMap":{"docs":{"insertions":27,"deletions":1}}},{"hash":"3a21e843e3c7093f53dd06769a1487c32c8051f4","isMergeCommit":true,"messageTitle":"Merge pull request #123 from FabianHeng/branch-profile","messageBody":"Fix ProfileCommand and UserProfilePanel updating bug","fileTypesAndContributionMap":{}},{"hash":"bd6ff78551dcd2494ca14a00b822aa9c830d860c","isMergeCommit":true,"messageTitle":"Merge pull request #126 from FabianHeng/branch-uml","messageBody":"Add UML Diagram as image","fileTypesAndContributionMap":{}},{"hash":"eb6284daf38969a2e204f566206c2f97c2e44015","isMergeCommit":false,"messageTitle":"Update DeveloperGuide","messageBody":"","fileTypesAndContributionMap":{"other":{"insertions":794,"deletions":0},"docs":{"insertions":1,"deletions":1}}},{"hash":"d095b3f619c21034b424e09468d95019ed49cf0d","isMergeCommit":false,"messageTitle":"Remove bin files","messageBody":"","fileTypesAndContributionMap":{"other":{"insertions":0,"deletions":794}}},{"hash":"abf079ad2e334d9a3cb03b88e01e3e0caf275a5e","isMergeCommit":true,"messageTitle":"Merge pull request #137 from FabianHeng/branch-uml","messageBody":"Convert PUML files to PNG and update DG to match","fileTypesAndContributionMap":{}},{"hash":"17dbf2732e1929a1fa8075f387ff4417d3855060","isMergeCommit":false,"messageTitle":"Update DeveloperGuide","messageBody":"","fileTypesAndContributionMap":{"other":{"insertions":794,"deletions":0},"docs":{"insertions":1,"deletions":1}}},{"hash":"76a56618e53904cd5814962838a5f524fc9edba6","isMergeCommit":false,"messageTitle":"Remove bin","messageBody":"","fileTypesAndContributionMap":{"other":{"insertions":0,"deletions":794}}}]},{"date":"2025-03-31","commitResults":[{"hash":"345de842705482d4a40446ddc7779c9c2ba9813b","isMergeCommit":true,"messageTitle":"Merge pull request #154 from FabianHeng/branch-ui-refresh","messageBody":"Update and refresh the UI","fileTypesAndContributionMap":{}}]},{"date":"2025-04-01","commitResults":[{"hash":"63a799bb4effa2bf814f220f6bafe216e25663ed","isMergeCommit":false,"messageTitle":"Fix alpha-testing bug","messageBody":"","fileTypesAndContributionMap":{"functional-code":{"insertions":57,"deletions":25},"test-code":{"insertions":0,"deletions":4}}}]},{"date":"2025-04-03","commitResults":[{"hash":"ffd031cbc97608cb6f70da47cea5458c27ba32c2","isMergeCommit":true,"messageTitle":"Merge pull request #176 from FabianHeng/branch-profile","messageBody":"Update User Guide to include User Profile Feature","fileTypesAndContributionMap":{}},{"hash":"080e3362a412956d9342e8d6d7a6449363784c12","isMergeCommit":false,"messageTitle":"Update UserGuide","messageBody":"","fileTypesAndContributionMap":{"functional-code":{"insertions":2,"deletions":11},"other":{"insertions":1216,"deletions":0},"docs":{"insertions":76,"deletions":8}}},{"hash":"cdb7042329821860d9a2812cacd0bbb7e732f5d8","isMergeCommit":false,"messageTitle":"Remove bin","messageBody":"","fileTypesAndContributionMap":{"other":{"insertions":0,"deletions":1216}}}]},{"date":"2025-04-05","commitResults":[{"hash":"c0b8a1c544cb837444d5b0a968e732f466e44ec7","isMergeCommit":false,"messageTitle":"Fix issues raised in dry run PE","messageBody":"","fileTypesAndContributionMap":{"functional-code":{"insertions":1,"deletions":1},"other":{"insertions":1373,"deletions":0},"docs":{"insertions":43,"deletions":41}}},{"hash":"d2c02c3b72ab77f4c7f1705b0a82954bf3ee0b17","isMergeCommit":false,"messageTitle":"Remove bin","messageBody":"","fileTypesAndContributionMap":{"other":{"insertions":0,"deletions":1373}}}]},{"date":"2025-04-06","commitResults":[{"hash":"8a53b67c399cd61522b23cc7dad3aef721fce9ab","isMergeCommit":false,"messageTitle":"Prevent \" \" as input for address in add command","messageBody":"","fileTypesAndContributionMap":{"functional-code":{"insertions":4,"deletions":2},"other":{"insertions":1373,"deletions":0}}},{"hash":"eb2e96ca40743b2b27e7298905f361aac03a0a5a","isMergeCommit":false,"messageTitle":"Remove bin","messageBody":"","fileTypesAndContributionMap":{"other":{"insertions":0,"deletions":1373}}},{"hash":"12a1d8925631064e74c91ff7f30e1aef544f55dc","isMergeCommit":false,"messageTitle":"Set limit on the inputs of policy","messageBody":"","fileTypesAndContributionMap":{"functional-code":{"insertions":10,"deletions":6},"docs":{"insertions":18,"deletions":19}}},{"hash":"047f9aafc108337fd67e5b84b2769bd8bf16f182","isMergeCommit":true,"messageTitle":"Merge branch \u0027master\u0027 into branch-DryPE","messageBody":"","fileTypesAndContributionMap":{}},{"hash":"85ab674c156611e6dfa37a360f4a54e30acc6f68","isMergeCommit":false,"messageTitle":"Delete bin","messageBody":"","fileTypesAndContributionMap":{"other":{"insertions":0,"deletions":1373}}},{"hash":"2dba6e70b6ee68a003a355df7cb9eee4c84fb973","isMergeCommit":false,"messageTitle":"Fix failing tests","messageBody":"","fileTypesAndContributionMap":{"functional-code":{"insertions":1,"deletions":1},"docs":{"insertions":4,"deletions":3},"test-code":{"insertions":1,"deletions":3}}},{"hash":"9ea703a69eba1fd955792d5f90087bcc6fd52045","isMergeCommit":true,"messageTitle":"Merge pull request #235 from FabianHeng/branch-bug-fix","messageBody":"Add default values for address and policy book","fileTypesAndContributionMap":{}},{"hash":"53248ca2870a6aafd16c9e5531fcfd9b7d9173ec","isMergeCommit":true,"messageTitle":"Merge pull request #245 from FabianHeng/branch-user-guide","messageBody":"Update team portfolio pages","fileTypesAndContributionMap":{}}]},{"date":"2025-04-07","commitResults":[{"hash":"90de31c9e11c549296a1312e19af66f94579a916","isMergeCommit":false,"messageTitle":"Add Planned Enhancement into DG","messageBody":"","fileTypesAndContributionMap":{"docs":{"insertions":20,"deletions":3}}},{"hash":"ad12f2189c1e3ad82d1495eb2dec480c122da12b","isMergeCommit":false,"messageTitle":"Update portfolio page","messageBody":"","fileTypesAndContributionMap":{"docs":{"insertions":6,"deletions":10}}}]}]},"authorFileTypeContributionMap":{"teesha902":{"docs":410,"functional-code":2247,"test-code":1240,"other":580},"FabianHeng":{"docs":219,"functional-code":1994,"test-code":850},"NightlyAffair":{"docs":366,"functional-code":1352,"test-code":1372},"leedeen01":{"docs":207,"functional-code":2325,"test-code":2539,"other":3}},"authorContributionVariance":{"teesha902":389503.8,"FabianHeng":93928.65,"NightlyAffair":75076.72,"leedeen01":996637.6},"authorDisplayNameMap":{"teesha902":"CS2103-F10-2 ATRE..ASAK","FabianHeng":"CS2103-F10-2 HENG..BIAN","NightlyAffair":"CS2103-F10-2 NITH..HNAN","leedeen01":"CS2103-F10-2 LEE ..E EN"}}
