{"authorDailyContributionsMap":{"teesha902":[{"date":"2025-02-23","commitResults":[{"hash":"481775290c79f48e764c085c0dbcaeaf692a0356","isMergeCommit":true,"messageTitle":"Merge branch \u0027master\u0027 of github.com:AY2425S2-CS2103-F10-2/tp","messageBody":"* \u0027master\u0027 of github.com:AY2425S2-CS2103-F10-2/tp:\n  Update AboutUs.md with Fabian\u0027s information\n  Add Fabian\u0027s photo\n  Fix missing image in AboutUs by renaming the image\n  Update DeveloperGuide\n  Update the AboutUs page\n","fileTypesAndContributionMap":{}},{"hash":"a00e3d464ed4d88db1ffbb31d7e6746692a28f3b","isMergeCommit":false,"messageTitle":"Update AboutUs.md for Teesha\u0027s details","messageBody":"","fileTypesAndContributionMap":{"docs":{"insertions":4,"deletions":4}}}]},{"date":"2025-02-26","commitResults":[{"hash":"792d21a171b68c4eb99b106213be3c7d876d950b","isMergeCommit":true,"messageTitle":"Merge pull request #32 from FabianHeng/branch-ReadMe","messageBody":"Update README.md","fileTypesAndContributionMap":{}},{"hash":"2e92a658614bc54cc532d47faf989be00073cd84","isMergeCommit":true,"messageTitle":"Merge pull request #31 from FabianHeng/branch-AboutUs","messageBody":"Add team files","fileTypesAndContributionMap":{}},{"hash":"b0c83fd93fccaf039550044c2ef52f6dc0ed42f0","isMergeCommit":false,"messageTitle":"Remove filler from AboutUs","messageBody":"","fileTypesAndContributionMap":{"docs":{"insertions":1,"deletions":11}}},{"hash":"a4ed7be75213921d485a3b9c8bb85b25cb245d5d","isMergeCommit":true,"messageTitle":"Merge branch \u0027teesha-AboutMe-page\u0027","messageBody":"* teesha-AboutMe-page:\n  Reapply \"Update Ui image\"\n  Revert \"Update Ui image\"\n  Update Ui image\n  Remove filler from AboutUs\n  Update file names\n  Add more details about NightlyAffair\n  Rename file\n  Add readme about NightlyAffair\n  Add photo of NightlyAffair\n  Update AboutUs.md for Teesha\u0027s details\n  Correct naming for Teesha\u0027s photo\n  Add Teesha\u0027s photo\n","fileTypesAndContributionMap":{}},{"hash":"c6933cde33d713f5a878ac0cd4d2fa52be9ab041","isMergeCommit":true,"messageTitle":"Merge branch \u0027master\u0027 of github.com:AY2425S2-CS2103-F10-2/tp","messageBody":"* \u0027master\u0027 of github.com:AY2425S2-CS2103-F10-2/tp:\n  Update README.md to match project specifications\n  Add team md files and fix AboutUs.md to display properly\n  Add fabianheng.md and delete default user John Doe\n\n# Conflicts:\n#\tdocs/images/Ui.png\n","fileTypesAndContributionMap":{}}]},{"date":"2025-03-01","commitResults":[{"hash":"ec38bc07db1c51aa8418f025c0d34ed4112b01cf","isMergeCommit":false,"messageTitle":"Update markbind configs","messageBody":"","fileTypesAndContributionMap":{"docs":{"insertions":2,"deletions":2}}}]},{"date":"2025-03-02","commitResults":[{"hash":"467693db15c4f8ec97a949792439b82b9ed370ae","isMergeCommit":false,"messageTitle":"Update index.md with ClientNest description","messageBody":"","fileTypesAndContributionMap":{"docs":{"insertions":6,"deletions":6}}}]},{"date":"2025-03-03","commitResults":[{"hash":"7175eb077f405e7937e1be4779a89c8e1977d467","isMergeCommit":false,"messageTitle":"Add Birthday field including changes to AddCommand, EditCommand and Storage and Person tests","messageBody":"","fileTypesAndContributionMap":{"functional-code":{"insertions":139,"deletions":13},"test-code":{"insertions":76,"deletions":22}}},{"hash":"5d29764cab6b3f249a524526bb2aae752ba64ea3","isMergeCommit":false,"messageTitle":"Add tests and fix Chesckstyle issues","messageBody":"","fileTypesAndContributionMap":{"functional-code":{"insertions":32,"deletions":12},"test-code":{"insertions":95,"deletions":40}}}]},{"date":"2025-03-06","commitResults":[{"hash":"977a178726b95d4383ab8f2946f9ee24e47074a0","isMergeCommit":false,"messageTitle":"Fix some test cases","messageBody":"","fileTypesAndContributionMap":{"test-code":{"insertions":5,"deletions":4}}},{"hash":"356e0de7213f6a5b4c662fb52317b3e3c24127f6","isMergeCommit":false,"messageTitle":"Fix test case issues","messageBody":"","fileTypesAndContributionMap":{"functional-code":{"insertions":1,"deletions":0},"test-code":{"insertions":9,"deletions":4}}}]},{"date":"2025-03-11","commitResults":[{"hash":"92eb74306aa8298a5750b9c0bd466d2d95df04eb","isMergeCommit":true,"messageTitle":"Merge pull request #51 from NightlyAffair/U-ConvertPremiumToList","messageBody":"Convert Premium Integer to Array of [String,Integer] ","fileTypesAndContributionMap":{}},{"hash":"d8d12c877fda6dbee8feae0c4f3a59360521918b","isMergeCommit":true,"messageTitle":"Merge remote-tracking branch \u0027origin/master\u0027 into branch-add-birthday-field","messageBody":"# Conflicts:\n#\tsrc/main/java/seedu/address/logic/commands/EditCommand.java\n#\tsrc/main/java/seedu/address/logic/parser/AddCommandParser.java\n#\tsrc/main/java/seedu/address/model/person/Person.java\n#\tsrc/main/java/seedu/address/model/util/SampleDataUtil.java\n#\tsrc/main/java/seedu/address/storage/JsonAdaptedPerson.java\n#\tsrc/test/data/JsonAddressBookStorageTest/invalidAndValidPersonAddressBook.json\n#\tsrc/test/data/JsonAddressBookStorageTest/invalidPersonAddressBook.json\n#\tsrc/test/data/JsonSerializableAddressBookTest/duplicatePersonAddressBook.json\n#\tsrc/test/data/JsonSerializableAddressBookTest/typicalPersonsAddressBook.json\n#\tsrc/test/java/seedu/address/logic/commands/CommandTestUtil.java\n#\tsrc/test/java/seedu/address/model/person/PersonTest.java\n#\tsrc/test/java/seedu/address/storage/JsonAdaptedPersonTest.java\n#\tsrc/test/java/seedu/address/testutil/PersonBuilder.java\n#\tsrc/test/java/seedu/address/testutil/PersonUtil.java\n#\tsrc/test/java/seedu/address/testutil/TypicalPersons.java\n","fileTypesAndContributionMap":{}},{"hash":"35e16b3a0894efd85f1a8160f751396e69371aff","isMergeCommit":false,"messageTitle":"Fix tests and checkstyle","messageBody":"","fileTypesAndContributionMap":{"functional-code":{"insertions":7,"deletions":4},"test-code":{"insertions":8,"deletions":9}}}]},{"date":"2025-03-18","commitResults":[{"hash":"20ffee21527c475ac40523922491f1cee73ebe40","isMergeCommit":true,"messageTitle":"Merge pull request #65 from FabianHeng/branch-help-ui-redesign","messageBody":"Redesign Help UI box to display a list of commands","fileTypesAndContributionMap":{}}]},{"date":"2025-03-19","commitResults":[{"hash":"2c110e030ade7b63b9fef550226f518d630d0567","isMergeCommit":true,"messageTitle":"Merge pull request #71 from NightlyAffair/U-MakePremiumOptional","messageBody":"Made premium optional in addCommand","fileTypesAndContributionMap":{}},{"hash":"e6dbf984f6fed490b2a134b944c875e247e2c6c0","isMergeCommit":true,"messageTitle":"Merge pull request #70 from NightlyAffair/A-ErrorMessage","messageBody":"Add premium to error message in editCommand","fileTypesAndContributionMap":{}},{"hash":"83d8e1b17fe8826b8039c1034c3a31c850e05621","isMergeCommit":false,"messageTitle":"Update UserGuide","messageBody":"","fileTypesAndContributionMap":{"docs":{"insertions":34,"deletions":41}}}]},{"date":"2025-03-22","commitResults":[{"hash":"79f0d292847d87f06c7413d0bb5c113e3de65c8b","isMergeCommit":false,"messageTitle":"Update UserGuide.md (minor)","messageBody":"","fileTypesAndContributionMap":{"docs":{"insertions":1,"deletions":5}}}]},{"date":"2025-03-24","commitResults":[{"hash":"f4b0b53ce26dce079584787d22ab953a7efa81b4","isMergeCommit":true,"messageTitle":"Merge pull request #77 from leedeen01/branch-Policy","messageBody":"Add, find and display of policy","fileTypesAndContributionMap":{}},{"hash":"b8001573e2684646e88ea85e09311259962b9528","isMergeCommit":false,"messageTitle":"Add upcoming birthday panel on right of GUI","messageBody":"","fileTypesAndContributionMap":{"functional-code":{"insertions":169,"deletions":6}}},{"hash":"a83bcc4521332bae32bf2afc5e248da4fb57d75a","isMergeCommit":false,"messageTitle":"Add functionality to panel. Entries are now visible and updated with commands","messageBody":"","fileTypesAndContributionMap":{"functional-code":{"insertions":147,"deletions":40}}},{"hash":"5a7a83d10922b8608089932f903fadcca76cb024","isMergeCommit":false,"messageTitle":"Fix aesthetics","messageBody":"","fileTypesAndContributionMap":{"functional-code":{"insertions":6,"deletions":6}}},{"hash":"5c3c9f2be25ee71f0cca45bdc6bd1ef4f0926284","isMergeCommit":false,"messageTitle":"Sort upcoming birthdays in chronological order and add countdown to days till Birthday","messageBody":"","fileTypesAndContributionMap":{"functional-code":{"insertions":50,"deletions":4}}}]},{"date":"2025-03-25","commitResults":[{"hash":"a2411988729c39aaf2c96740c50eb27176da00d5","isMergeCommit":true,"messageTitle":"Merge branch \u0027master\u0027 into branch-upcoming-birthdays-display","messageBody":"* master:\n  Add test for Policy\n  Add test for Policy\n  Add test for Policy\n  Fix trailing whitespace error\n  Add test file for Policy\n  Remove trailing whitespaces\n  Remove white trailing space\n  Add test for Policy\n  Add test files for Policy\n  Implement Logic and Storage for premium\n  Create model for premium\n\n# Conflicts:\n#\tsrc/main/java/seedu/address/model/Model.java\n#\tsrc/main/java/seedu/address/model/ModelManager.java\n#\tsrc/main/resources/view/MainWindow.fxml\n","fileTypesAndContributionMap":{}},{"hash":"d9a8379c9ac2248e084e8d4bee9235fef6983a5a","isMergeCommit":true,"messageTitle":"Merge branch \u0027master\u0027 of github.com:AY2425S2-CS2103-F10-2/tp into branch-upcoming-birthdays-display","messageBody":"* \u0027master\u0027 of github.com:AY2425S2-CS2103-F10-2/tp:\n  Implement edit policy\n  Set addToHistory() function to private\n  Add command history functionality\n  Add command history functionality\n  Add CommandBoxTest.java\n","fileTypesAndContributionMap":{}},{"hash":"1423e0391052b51a218feb6b5a63cecb27d21b0d","isMergeCommit":false,"messageTitle":"Fix checkstyle issues","messageBody":"","fileTypesAndContributionMap":{"functional-code":{"insertions":33,"deletions":10},"test-code":{"insertions":20,"deletions":0}}},{"hash":"19da72e7405e716485d07c267aee5d5422867759","isMergeCommit":false,"messageTitle":"Add tests for Birthday","messageBody":"","fileTypesAndContributionMap":{"test-code":{"insertions":47,"deletions":2}}}]},{"date":"2025-03-27","commitResults":[{"hash":"f75f93055f385fb1a22148a17bf8d28073a4899e","isMergeCommit":false,"messageTitle":"Add tests for more complete coverage","messageBody":"","fileTypesAndContributionMap":{"test-code":{"insertions":83,"deletions":0}}}]}],"FabianHeng":[{"date":"2025-02-22","commitResults":[{"hash":"11ef089e6ab9c69f5512cfef74635829619df4b4","isMergeCommit":true,"messageTitle":"Merge pull request #7 from leedeen01/branch-DeveloperGuide","messageBody":"Add NFRs and Glossary in Developer Guide","fileTypesAndContributionMap":{}},{"hash":"49550f35bf3512189b5db7b524000d93ac3e3110","isMergeCommit":false,"messageTitle":"Update AboutUs.md with Fabian\u0027s information","messageBody":"","fileTypesAndContributionMap":{"docs":{"insertions":5,"deletions":5}}},{"hash":"b10933efd99977b2abff9dec8ed661d8ecfa8997","isMergeCommit":true,"messageTitle":"Merge branch \u0027branch-AboutUs\u0027","messageBody":"","fileTypesAndContributionMap":{}}]},{"date":"2025-02-25","commitResults":[{"hash":"c2f16fd457a2f42f3d3d1275130e6403a3791159","isMergeCommit":true,"messageTitle":"Merge pull request #26 from AY2425S2-CS2103-F10-2/teesha-AboutMe-page","messageBody":"Update AboutUs.md -Teesha","fileTypesAndContributionMap":{}},{"hash":"4002866fff7af791fd94a067b084cac1f3d5b398","isMergeCommit":true,"messageTitle":"Merge pull request #28 from NightlyAffair/A-Photo","messageBody":"Add photo of NightlyAffair","fileTypesAndContributionMap":{}},{"hash":"52bd8c43c315881cafd3ef24c5a41b1c2077038e","isMergeCommit":true,"messageTitle":"Merge pull request #30 from NightlyAffair/A-AboutMe","messageBody":"Add about NightlyAffair","fileTypesAndContributionMap":{}},{"hash":"e82629735d0d71f53a46daf37d645038c77dbdea","isMergeCommit":true,"messageTitle":"Merge branch \u0027AY2425S2-CS2103-F10-2:master\u0027 into master","messageBody":"","fileTypesAndContributionMap":{}},{"hash":"6d980cdd72f85944d176201b029a0984ea299f38","isMergeCommit":false,"messageTitle":"Add fabianheng.md and delete default user John Doe","messageBody":"","fileTypesAndContributionMap":{"docs":{"insertions":46,"deletions":10}}},{"hash":"a3896b36aed656d62d5ba5916bec7fe1985c9786","isMergeCommit":false,"messageTitle":"Add team md files and fix AboutUs.md to display properly","messageBody":"","fileTypesAndContributionMap":{"docs":{"insertions":49,"deletions":3}}},{"hash":"128077e02eaaf46e382eed775f4e46268d3abe30","isMergeCommit":false,"messageTitle":"Update README.md to match project specifications","messageBody":"","fileTypesAndContributionMap":{"docs":{"insertions":40,"deletions":11}}}]},{"date":"2025-02-27","commitResults":[{"hash":"787f3ccea15394701be8b587bbf6a41a5a9ea956","isMergeCommit":true,"messageTitle":"Merge pull request #33 from NightlyAffair/A-DeveloperGuide","messageBody":"Update DG with target user profile, value proposition, user stories and use cases","fileTypesAndContributionMap":{}}]},{"date":"2025-03-06","commitResults":[{"hash":"315e136f89b84d44c14a3dc06994ef96bf05302c","isMergeCommit":true,"messageTitle":"Merge pull request #47 from NightlyAffair/A-AddPremiumField","messageBody":"Add premium field","fileTypesAndContributionMap":{}}]},{"date":"2025-03-07","commitResults":[{"hash":"afdba80ae9dd956fe93be2525c8be8a70bc87b48","isMergeCommit":true,"messageTitle":"Merge branch \u0027master\u0027 into branch-add-birthday-field","messageBody":"","fileTypesAndContributionMap":{}},{"hash":"acad7a82cf6ce2976aa1de92da3735f4306fdc77","isMergeCommit":false,"messageTitle":"Update AddCommandParserTest.java","messageBody":"","fileTypesAndContributionMap":{"test-code":{"insertions":4,"deletions":5}}},{"hash":"29a485e9bf99634701ebd20056f51834f88f8c48","isMergeCommit":false,"messageTitle":"Fix whitespace error for AddCommandParserTest.java","messageBody":"","fileTypesAndContributionMap":{"test-code":{"insertions":3,"deletions":3}}},{"hash":"f374268b48897795f04afc42ce1c7d9a605db4c7","isMergeCommit":false,"messageTitle":"Fix EditCommand.java merge errors","messageBody":"","fileTypesAndContributionMap":{"functional-code":{"insertions":1,"deletions":0}}}]},{"date":"2025-03-13","commitResults":[{"hash":"1676246ab097be77fe464caf4c581e9fb8216886","isMergeCommit":true,"messageTitle":"Merge pull request #52 from leedeen01/branch-DisplayPremium","messageBody":"Display premium bought field in client overview","fileTypesAndContributionMap":{}},{"hash":"f68ad1c2610e74dfe97838bd1db38e95d622df0a","isMergeCommit":true,"messageTitle":"Merge branch \u0027master\u0027 into branch-add-birthday-field","messageBody":"","fileTypesAndContributionMap":{}},{"hash":"8a705d3e3712ff61576538f6ed2086fab6d75506","isMergeCommit":false,"messageTitle":"Update AddCommand.java","messageBody":"","fileTypesAndContributionMap":{"functional-code":{"insertions":1,"deletions":3}}},{"hash":"8accc2f7bc8894f09412132b9ec1e25ad18ddd09","isMergeCommit":true,"messageTitle":"Merge pull request #45 from teesha902/branch-add-birthday-field","messageBody":"Add Birthday field including changes to AddCommand, EditCommand and S…","fileTypesAndContributionMap":{}},{"hash":"79b99a2e569d9878d9dd964503209cc8946e3244","isMergeCommit":false,"messageTitle":"Display birthday field on UI","messageBody":"","fileTypesAndContributionMap":{"functional-code":{"insertions":4,"deletions":0}}},{"hash":"488f9761b62e48bc79f93a58f34700cdb39d1f5c","isMergeCommit":false,"messageTitle":"Fix assertion errors","messageBody":"","fileTypesAndContributionMap":{"test-code":{"insertions":5,"deletions":3}}},{"hash":"929b24621d2455585886baf1efb792f08ea8ff45","isMergeCommit":false,"messageTitle":"Fix checkstyle issues","messageBody":"","fileTypesAndContributionMap":{"test-code":{"insertions":3,"deletions":3}}},{"hash":"aa1028ba723c52080ab833b5ce4aefe7d5913d79","isMergeCommit":false,"messageTitle":"Fix test issues","messageBody":"","fileTypesAndContributionMap":{"functional-code":{"insertions":4,"deletions":3}}},{"hash":"25af08fe48c7f2cf8dffd44a37c62ff3d0d93f13","isMergeCommit":false,"messageTitle":"Change message instruction to match output","messageBody":"","fileTypesAndContributionMap":{"test-code":{"insertions":6,"deletions":5}}},{"hash":"2418441682c6679a8fed0e22e4ec9588672e7475","isMergeCommit":false,"messageTitle":"Add test cases for JsonAdaptedPerson.java","messageBody":"","fileTypesAndContributionMap":{"test-code":{"insertions":35,"deletions":8}}},{"hash":"da12351d5df516a05631ecb30be289081c911e6d","isMergeCommit":false,"messageTitle":"Add BirthdayTest.java","messageBody":"","fileTypesAndContributionMap":{"test-code":{"insertions":4,"deletions":0}}},{"hash":"7eae7a84ea115723434d778215307212ad4eb17a","isMergeCommit":false,"messageTitle":"Create test cases for Birthday field","messageBody":"","fileTypesAndContributionMap":{"test-code":{"insertions":51,"deletions":0}}},{"hash":"0bac3074c798f847c08a4ea955a3ed543b07b077","isMergeCommit":false,"messageTitle":"Fix codecov error","messageBody":"","fileTypesAndContributionMap":{"functional-code":{"insertions":1,"deletions":1}}}]},{"date":"2025-03-15","commitResults":[{"hash":"0c01f37efed5fcb9bddc690ed98a68f7397ba5bb","isMergeCommit":true,"messageTitle":"Merge pull request #64 from leedeen01/branch-UiCustomization","messageBody":"Update Ui and DeveloperGuide","fileTypesAndContributionMap":{}},{"hash":"86b0e2d00777f04d5d53998bf1374e5c60ec169b","isMergeCommit":false,"messageTitle":"Add styling for Help UI Box","messageBody":"","fileTypesAndContributionMap":{"functional-code":{"insertions":49,"deletions":16}}},{"hash":"557351bf3290719395e3ed47c7959c40c4ab781c","isMergeCommit":false,"messageTitle":"Add table view for commands","messageBody":"","fileTypesAndContributionMap":{"functional-code":{"insertions":58,"deletions":2}}},{"hash":"db13edadc26ee5c173d2b892fe5d2a99a950d0e3","isMergeCommit":false,"messageTitle":"Remove $ from add command MESSAGE_USAGE","messageBody":"","fileTypesAndContributionMap":{"functional-code":{"insertions":1,"deletions":1}}}]},{"date":"2025-03-16","commitResults":[{"hash":"7daec2b07d92c78288fd4439d8fd844a038fcdc2","isMergeCommit":false,"messageTitle":"Fix checkstyle issues","messageBody":"","fileTypesAndContributionMap":{"functional-code":{"insertions":37,"deletions":38}}},{"hash":"08cdeda86be9e680930000c14eecd14f2e0742f4","isMergeCommit":false,"messageTitle":"Fix test errors for AddCommandTest.java","messageBody":"","fileTypesAndContributionMap":{"test-code":{"insertions":1,"deletions":1}}}]},{"date":"2025-03-20","commitResults":[{"hash":"d3e5161c3e5ac07a66018c06ec16bb3523850fa4","isMergeCommit":false,"messageTitle":"Add support for resizing Help UI box","messageBody":"","fileTypesAndContributionMap":{"functional-code":{"insertions":23,"deletions":20}}},{"hash":"f2d51f9e936115d46138d3560b74446ab6385c95","isMergeCommit":true,"messageTitle":"Merge pull request #76 from NightlyAffair/U-TestInputs","messageBody":"Test all inputs and ensure expected output","fileTypesAndContributionMap":{}}]},{"date":"2025-03-21","commitResults":[{"hash":"b035d8ba806097f23c146c171bb8c1a1f3ea9df7","isMergeCommit":false,"messageTitle":"Fix Help UI window bugs","messageBody":"","fileTypesAndContributionMap":{"functional-code":{"insertions":13,"deletions":5}}}]},{"date":"2025-03-24","commitResults":[{"hash":"da9be4412e6a6302e99a40aab1657939ba94e991","isMergeCommit":false,"messageTitle":"Add CommandBoxTest.java","messageBody":"","fileTypesAndContributionMap":{"test-code":{"insertions":4,"deletions":0}}},{"hash":"97e65dde65f0c2d466b4f74b6d653480b833f27f","isMergeCommit":false,"messageTitle":"Add command history functionality","messageBody":"","fileTypesAndContributionMap":{"functional-code":{"insertions":51,"deletions":6},"test-code":{"insertions":0,"deletions":4}}},{"hash":"0c9494469f186e26464d08a8771162c4b296ff9b","isMergeCommit":false,"messageTitle":"Add command history functionality","messageBody":"","fileTypesAndContributionMap":{"functional-code":{"insertions":2,"deletions":3}}},{"hash":"707b01e7a638fccd56f789da2d62b50c7dc414ac","isMergeCommit":false,"messageTitle":"Set addToHistory() function to private","messageBody":"","fileTypesAndContributionMap":{"functional-code":{"insertions":1,"deletions":1}}},{"hash":"23c5f0167f56a33414d48a1760cf445c7e9986c9","isMergeCommit":true,"messageTitle":"Merge pull request #91 from leedeen01/branch-Policy","messageBody":"Implement edit policy","fileTypesAndContributionMap":{}}]},{"date":"2025-03-25","commitResults":[{"hash":"4f80ec9c5ebb3efd7a018029e8935af133babc8c","isMergeCommit":false,"messageTitle":"Fix Help UI box size","messageBody":"","fileTypesAndContributionMap":{"functional-code":{"insertions":6,"deletions":18},"test-code":{"insertions":2,"deletions":2}}}]}],"NightlyAffair":[{"date":"2025-02-25","commitResults":[{"hash":"a5b7e6b007dc0f4bdc5b96e5fe7e910e50214ac7","isMergeCommit":false,"messageTitle":"Add readme about NightlyAffair","messageBody":"","fileTypesAndContributionMap":{"docs":{"insertions":4,"deletions":4}}},{"hash":"0a33d1096c304c614023637b847f944a2180fd3b","isMergeCommit":false,"messageTitle":"Add more details about NightlyAffair","messageBody":"","fileTypesAndContributionMap":{"docs":{"insertions":1,"deletions":1}}},{"hash":"e1b95b403b4c69dca2ebd86a33e32cc70c4b98f3","isMergeCommit":false,"messageTitle":"Update file names","messageBody":"","fileTypesAndContributionMap":{"docs":{"insertions":1,"deletions":1}}},{"hash":"08fbeb8a47a0a232e7951982c41509f7ee17404b","isMergeCommit":true,"messageTitle":"Merge pull request #24 from AY2425S2-CS2103-F10-2/teesha-photo","messageBody":"Teesha photo","fileTypesAndContributionMap":{}}]},{"date":"2025-02-26","commitResults":[{"hash":"0371702a4f566cf2ef32b2d8a15f1fcd2f8e093d","isMergeCommit":false,"messageTitle":"Update DG with arget user profile, value proposition, user stories and use cases","messageBody":"","fileTypesAndContributionMap":{"docs":{"insertions":117,"deletions":28}}},{"hash":"80086820888791872e90c229984b5f6f84c1c2f4","isMergeCommit":true,"messageTitle":"Merge branch \u0027master\u0027 into A-DeveloperGuide","messageBody":"","fileTypesAndContributionMap":{}}]},{"date":"2025-03-01","commitResults":[{"hash":"4e017e9bdf0d659562e2d6975cc2364f0c353b8d","isMergeCommit":true,"messageTitle":"Merge pull request #42 from teesha902/branch-setup-Markbind","messageBody":"Update markbind configs","fileTypesAndContributionMap":{}}]},{"date":"2025-03-05","commitResults":[{"hash":"32fa57a11d57d5e73b1b38154cbc2aef7463a18e","isMergeCommit":false,"messageTitle":"Create class required for Premium field in person","messageBody":"Added the following code:\n1. Added Premium class\n2. Added support for Premum in SampleDataUtil class\n3. Added PremiumTest\n","fileTypesAndContributionMap":{"functional-code":{"insertions":95,"deletions":8},"test-code":{"insertions":56,"deletions":0}}},{"hash":"d1467ba3280d2863c5182683c9cdb1317a46e632","isMergeCommit":false,"messageTitle":"Add more support and tests for Premium field","messageBody":"","fileTypesAndContributionMap":{"functional-code":{"insertions":81,"deletions":39},"test-code":{"insertions":57,"deletions":51}}},{"hash":"6a2bd484d857052fb4549d56367cf28308653732","isMergeCommit":false,"messageTitle":"Pass tests 1/2","messageBody":"","fileTypesAndContributionMap":{"functional-code":{"insertions":4,"deletions":3},"test-code":{"insertions":59,"deletions":68}}},{"hash":"c6b4327ede770ed3a6a5dfd371a47d5cc5aae448","isMergeCommit":false,"messageTitle":"All tests passed and full support added for premium field in backend","messageBody":"","fileTypesAndContributionMap":{"functional-code":{"insertions":11,"deletions":9},"test-code":{"insertions":3,"deletions":2}}},{"hash":"da0bf597737d8ddaabded26dec082004141cf64f","isMergeCommit":false,"messageTitle":"Fixed all checkstyle issues","messageBody":"","fileTypesAndContributionMap":{"functional-code":{"insertions":37,"deletions":7}}}]},{"date":"2025-03-06","commitResults":[{"hash":"43cd8f12b7bde8b4d8fb5d54b25afdbe701f9b12","isMergeCommit":false,"messageTitle":"Updated checkstyle for tests","messageBody":"","fileTypesAndContributionMap":{"test-code":{"insertions":141,"deletions":32}}},{"hash":"9cf8a4ac657a3d22ad7e4a619cc2e20706394ad7","isMergeCommit":false,"messageTitle":"Add tests to pasas codecov coverage","messageBody":"","fileTypesAndContributionMap":{"test-code":{"insertions":29,"deletions":0}}},{"hash":"9b02a89cc0550e648be9ce950c84e04537a0b619","isMergeCommit":false,"messageTitle":"Added coverage for premium field","messageBody":"","fileTypesAndContributionMap":{"functional-code":{"insertions":2,"deletions":2},"test-code":{"insertions":3,"deletions":2}}}]},{"date":"2025-03-10","commitResults":[{"hash":"54798a9ccd737a537539facab385666286f8e53e","isMergeCommit":false,"messageTitle":"Add a class called PremiumList that now contains the Premiums which now contain both name and amount","messageBody":"","fileTypesAndContributionMap":{"functional-code":{"insertions":153,"deletions":106},"other":{"insertions":15,"deletions":15},"docs":{"insertions":1,"deletions":1},"test-code":{"insertions":17,"deletions":24}}}]},{"date":"2025-03-11","commitResults":[{"hash":"e66b2a82f50d919daa193b52fb6a8d5716e4bf39","isMergeCommit":false,"messageTitle":"Converted Integer to a premium and added all support","messageBody":"","fileTypesAndContributionMap":{"functional-code":{"insertions":409,"deletions":61},"other":{"insertions":20,"deletions":17},"test-code":{"insertions":107,"deletions":55}}},{"hash":"8f7988f3055d4c414aee4937c9fedee528b41a44","isMergeCommit":false,"messageTitle":"Update checkstyleTest","messageBody":"","fileTypesAndContributionMap":{"test-code":{"insertions":39,"deletions":6}}},{"hash":"b82a4b18ccb77cc2eaa8266acb236b225a16ac9c","isMergeCommit":false,"messageTitle":"Add coverage for premiumList","messageBody":"","fileTypesAndContributionMap":{"test-code":{"insertions":314,"deletions":0}}},{"hash":"07cbb869868a6c36d67e69ad6d7427f6ff619b1f","isMergeCommit":false,"messageTitle":"Fix checkstyle issues","messageBody":"","fileTypesAndContributionMap":{"functional-code":{"insertions":1,"deletions":3},"test-code":{"insertions":4,"deletions":5}}}]},{"date":"2025-03-13","commitResults":[{"hash":"4ae5ead9b8a3bc9e601f4f0190259f9134242beb","isMergeCommit":true,"messageTitle":"Merge pull request #54 from FabianHeng/branch-display-birthday","messageBody":"Display birthday field in Client Overview","fileTypesAndContributionMap":{}}]},{"date":"2025-03-18","commitResults":[{"hash":"4c69649d83041671b9553efbe14caf8d8c588ca5","isMergeCommit":true,"messageTitle":"Merge pull request #67 from leedeen01/branch-UiCustomization","messageBody":"Fix premium input bug","fileTypesAndContributionMap":{}},{"hash":"3c00244c64b2999ba4cee06a9cb7bd43e0ccad80","isMergeCommit":false,"messageTitle":"Add premium to error messages in edit command","messageBody":"","fileTypesAndContributionMap":{"functional-code":{"insertions":2,"deletions":0}}},{"hash":"26bf6742a0489fbc7bee9bd2af8bdecf09f440fd","isMergeCommit":false,"messageTitle":"Add premium to error messages in edit command","messageBody":"","fileTypesAndContributionMap":{"functional-code":{"insertions":1,"deletions":1}}},{"hash":"8e68e6a13784f417f17a0b467b96f6da6717e840","isMergeCommit":false,"messageTitle":"Remove Prmium as a required Prefix","messageBody":"","fileTypesAndContributionMap":{"functional-code":{"insertions":1,"deletions":1}}}]},{"date":"2025-03-19","commitResults":[{"hash":"a4412bdde705b7f14ad11d70400eb7185e01410e","isMergeCommit":false,"messageTitle":"Made Premium an optional field in addCommand","messageBody":"","fileTypesAndContributionMap":{"functional-code":{"insertions":19,"deletions":1},"test-code":{"insertions":19,"deletions":20}}}]},{"date":"2025-03-20","commitResults":[{"hash":"9662b5dea033bc537c716f0f63b4c1f1dd790abd","isMergeCommit":false,"messageTitle":"Fix premium not working in edit command","messageBody":"","fileTypesAndContributionMap":{"functional-code":{"insertions":3,"deletions":2},"test-code":{"insertions":7,"deletions":21}}},{"hash":"0dc1b4bdea650151b68f62f6e56e7768dffe4f5a","isMergeCommit":false,"messageTitle":"Fix checkstyle test errors","messageBody":"","fileTypesAndContributionMap":{"test-code":{"insertions":23,"deletions":1}}},{"hash":"641f5dc0701885f7800703f3ad3012e6c29f4903","isMergeCommit":true,"messageTitle":"Merge pull request #75 from FabianHeng/branch-help-ui-redesign","messageBody":"Add support for resizing Help UI box","fileTypesAndContributionMap":{}}]},{"date":"2025-03-26","commitResults":[{"hash":"6798d800561449a81fcf25e6a57edd98b285f525","isMergeCommit":false,"messageTitle":"Fixed checking for premium list being empty as premium list can be optionally empty","messageBody":"","fileTypesAndContributionMap":{"functional-code":{"insertions":0,"deletions":5}}},{"hash":"4ca08eea10380309e8bf87765dbeeb83ee1c0170","isMergeCommit":false,"messageTitle":"Removed irrelevant tests","messageBody":"","fileTypesAndContributionMap":{"test-code":{"insertions":0,"deletions":8}}},{"hash":"79a03e25d70d715e2b4fdb738806dbc54c76b261","isMergeCommit":false,"messageTitle":"Fix checkstyle test","messageBody":"","fileTypesAndContributionMap":{"test-code":{"insertions":0,"deletions":1}}}]},{"date":"2025-03-27","commitResults":[{"hash":"aaafdf2e186367f04e81180057b7b3202c7ba495","isMergeCommit":true,"messageTitle":"Merge pull request #92 from teesha902/branch-upcoming-birthdays-display","messageBody":"Branch upcoming birthdays display panel","fileTypesAndContributionMap":{}}]}],"leedeen01":[{"date":"2025-02-22","commitResults":[{"hash":"b5e56735ca1aaa52d2b7d6da2e41e55f71b06ef5","isMergeCommit":false,"messageTitle":"Update the AboutUs page","messageBody":"","fileTypesAndContributionMap":{"docs":{"insertions":49,"deletions":3}}},{"hash":"c89d90ac6d0ad4f78aefa09f41330877bc1c200e","isMergeCommit":false,"messageTitle":"Update DeveloperGuide","messageBody":"- Write Non-Functional Requirements (NFRs) for developer guide\n- Write Glossary for developer guide\n","fileTypesAndContributionMap":{"docs":{"insertions":16,"deletions":6}}},{"hash":"6c268e18428e350126dd566fcde2a6247a5cbbe0","isMergeCommit":true,"messageTitle":"Merge pull request #11 from leedeen01/branch-AboutUs","messageBody":"Fix missing photo for De En ","fileTypesAndContributionMap":{}},{"hash":"38f31eaa6e786a00e71d0670ae663807e7131257","isMergeCommit":true,"messageTitle":"Merge pull request #13 from FabianHeng/branch-AboutUs","messageBody":"Add Fabian\u0027s details","fileTypesAndContributionMap":{}}]},{"date":"2025-03-03","commitResults":[{"hash":"a144baf3106c41cd44c54f1c7aa8b92bc83de91a","isMergeCommit":true,"messageTitle":"Merge pull request #44 from teesha902/branch-setup-Markbind","messageBody":"Update index.md with ClientNest description","fileTypesAndContributionMap":{}}]},{"date":"2025-03-11","commitResults":[{"hash":"f6032b4569bcf19eac6dbbbd0a59f4b695cfae00","isMergeCommit":false,"messageTitle":"Display PremiumList","messageBody":"","fileTypesAndContributionMap":{"functional-code":{"insertions":20,"deletions":3}}},{"hash":"d9f02f31d162efbdd8523e1ab2fc2812884d6634","isMergeCommit":false,"messageTitle":"Update error message for add command","messageBody":"","fileTypesAndContributionMap":{"functional-code":{"insertions":6,"deletions":4}}},{"hash":"ea307b14bbb98902a4e87cd64517ab941aec1de5","isMergeCommit":false,"messageTitle":"Fix checkstyle","messageBody":"","fileTypesAndContributionMap":{"functional-code":{"insertions":1,"deletions":2},"other":{"insertions":2,"deletions":6}}},{"hash":"7d04deb52a9aaa4088d505745d229cd6a99118f7","isMergeCommit":false,"messageTitle":"Fix checkstyle","messageBody":"","fileTypesAndContributionMap":{"other":{"insertions":2,"deletions":2},"docs":{"insertions":2,"deletions":2}}},{"hash":"97580dc58b8ad6fcafd5e81e86f17ea05ab0de73","isMergeCommit":false,"messageTitle":"Suppress checkstyle warnings for test","messageBody":"","fileTypesAndContributionMap":{"functional-code":{"insertions":5,"deletions":0},"other":{"insertions":4,"deletions":0}}},{"hash":"d98928e7f004f4689535bd1e015b89dc65565373","isMergeCommit":false,"messageTitle":"Add test file","messageBody":"","fileTypesAndContributionMap":{"functional-code":{"insertions":0,"deletions":1},"test-code":{"insertions":36,"deletions":1}}},{"hash":"1ee63a96f6aad10bfac3ac58cbf236ee961b00be","isMergeCommit":false,"messageTitle":"Add more test","messageBody":"","fileTypesAndContributionMap":{"functional-code":{"insertions":3,"deletions":3},"other":{"insertions":1,"deletions":1}}},{"hash":"fdf63a6742e61283aeed69cc4e9ee3cbf207a3df","isMergeCommit":false,"messageTitle":"Fix previous bug","messageBody":"","fileTypesAndContributionMap":{"other":{"insertions":1,"deletions":1}}},{"hash":"483168c768f3e008bf5945037bdde36842f14969","isMergeCommit":false,"messageTitle":"Fix previous bug","messageBody":"","fileTypesAndContributionMap":{"functional-code":{"insertions":2,"deletions":1},"other":{"insertions":1,"deletions":1}}},{"hash":"81686b0f7d9f546e30fa772c5c630d2cfbfbb4af","isMergeCommit":false,"messageTitle":"Fix bug","messageBody":"","fileTypesAndContributionMap":{"other":{"insertions":1,"deletions":1}}},{"hash":"9f33a5bbbee3c0591b457365cf5817ac445404d9","isMergeCommit":false,"messageTitle":"Update premium to be comparable","messageBody":"","fileTypesAndContributionMap":{"functional-code":{"insertions":13,"deletions":1},"test-code":{"insertions":35,"deletions":0}}},{"hash":"c8391a5d9d58603ec189d1ca0fb112ea7bf2c09f","isMergeCommit":false,"messageTitle":"Sort PremiumList before display","messageBody":"","fileTypesAndContributionMap":{"functional-code":{"insertions":1,"deletions":1}}}]},{"date":"2025-03-15","commitResults":[{"hash":"2023fbd38e4f57ba4a467ad727053f5aa639091e","isMergeCommit":false,"messageTitle":"Changed title to ClientNest","messageBody":"","fileTypesAndContributionMap":{"functional-code":{"insertions":1,"deletions":1},"test-code":{"insertions":0,"deletions":0}}},{"hash":"6e6a51f79c100fcf0a0de2bb740ac67704203615","isMergeCommit":false,"messageTitle":"Remove test for GUI","messageBody":"","fileTypesAndContributionMap":{"test-code":{"insertions":0,"deletions":0}}},{"hash":"43d278979bbb7a5cecf252090b06c7faed96a756","isMergeCommit":false,"messageTitle":"Update DeveloperGuide","messageBody":"","fileTypesAndContributionMap":{"functional-code":{"insertions":2,"deletions":2},"other":{"insertions":1,"deletions":1},"docs":{"insertions":38,"deletions":20},"test-code":{"insertions":1,"deletions":1}}}]},{"date":"2025-03-17","commitResults":[{"hash":"b75b654fc706bef3aa43fd1ef7df030a4def2ab6","isMergeCommit":false,"messageTitle":"Fix premium input bug","messageBody":"","fileTypesAndContributionMap":{"functional-code":{"insertions":4,"deletions":3}}},{"hash":"25a9bfbdfca5e6be1071553f35672a3a9c1ab806","isMergeCommit":false,"messageTitle":"Improve sample input for add command","messageBody":"","fileTypesAndContributionMap":{"functional-code":{"insertions":1,"deletions":1}}}]},{"date":"2025-03-18","commitResults":[{"hash":"44082de1367e7ff3f765c5bd3e2cca9ed556f621","isMergeCommit":false,"messageTitle":"Create model for premium","messageBody":"","fileTypesAndContributionMap":{"functional-code":{"insertions":515,"deletions":1}}},{"hash":"266e2155dd95de8622ab2a686cced15aed083988","isMergeCommit":false,"messageTitle":"Implement Logic and Storage for premium","messageBody":"","fileTypesAndContributionMap":{"functional-code":{"insertions":953,"deletions":35},"other":{"insertions":10,"deletions":4}}}]},{"date":"2025-03-19","commitResults":[{"hash":"67f089e3a512f09229fc36d7fc91ed350512e750","isMergeCommit":true,"messageTitle":"Merge pull request #72 from teesha902/branch-update-UG","messageBody":"Update UserGuide","fileTypesAndContributionMap":{}},{"hash":"2d0177dfdbfb80e1cab360df295b8f678282fffd","isMergeCommit":false,"messageTitle":"Add test files for Policy","messageBody":"","fileTypesAndContributionMap":{"functional-code":{"insertions":656,"deletions":651},"other":{"insertions":127,"deletions":127},"test-code":{"insertions":391,"deletions":48}}},{"hash":"3fc88205a57199167d5abad49a9e29724b96e976","isMergeCommit":false,"messageTitle":"Add test for Policy","messageBody":"","fileTypesAndContributionMap":{"functional-code":{"insertions":46,"deletions":3},"test-code":{"insertions":492,"deletions":0}}}]},{"date":"2025-03-20","commitResults":[{"hash":"b90ff5017759aba6b8c20e824dfafb8f60f1d4c1","isMergeCommit":false,"messageTitle":"Remove white trailing space","messageBody":"","fileTypesAndContributionMap":{"functional-code":{"insertions":4,"deletions":4},"docs":{"insertions":1,"deletions":1}}},{"hash":"f752e3b18182e9339c18dfc5a445965bff893be0","isMergeCommit":false,"messageTitle":"Remove trailing whitespaces","messageBody":"","fileTypesAndContributionMap":{"functional-code":{"insertions":3,"deletions":3}}},{"hash":"109ba29974e470b52908cfda312600982cb2abc6","isMergeCommit":false,"messageTitle":"Add test file for Policy","messageBody":"","fileTypesAndContributionMap":{"functional-code":{"insertions":389,"deletions":10},"test-code":{"insertions":128,"deletions":2}}},{"hash":"c3c5c1e3e0a206f2ac84f973fb8ce41b5c60de73","isMergeCommit":true,"messageTitle":"Merge remote-tracking branch \u0027upstream/master\u0027 into branch-Policy","messageBody":"","fileTypesAndContributionMap":{}},{"hash":"610e0b0fd755c03dd6f15a689d9ebf53faa259fc","isMergeCommit":false,"messageTitle":"Fix trailing whitespace error","messageBody":"","fileTypesAndContributionMap":{"functional-code":{"insertions":2,"deletions":2}}}]},{"date":"2025-03-21","commitResults":[{"hash":"7098d8c05fc87ae980be9bb723805cc167c22005","isMergeCommit":true,"messageTitle":"Merge pull request #80 from FabianHeng/branch-help-ui-redesign","messageBody":"Fix Help UI window bugs","fileTypesAndContributionMap":{}}]},{"date":"2025-03-24","commitResults":[{"hash":"b1d770f9959e8f0eb619a0003cb4de6841bd4a3b","isMergeCommit":true,"messageTitle":"Merge branch \u0027master\u0027 into branch-Policy","messageBody":"","fileTypesAndContributionMap":{}},{"hash":"8d28e0b3c4e86f1bebfaf17df3d2025d3a6b9ced","isMergeCommit":false,"messageTitle":"Add test for Policy","messageBody":"","fileTypesAndContributionMap":{"test-code":{"insertions":445,"deletions":1}}},{"hash":"085d685f69de5093c0d14ad6d48a192ec3a58644","isMergeCommit":false,"messageTitle":"Add test for Policy","messageBody":"","fileTypesAndContributionMap":{"test-code":{"insertions":329,"deletions":0}}},{"hash":"90027817984707ab28f17487f8ee04be32cae4ea","isMergeCommit":false,"messageTitle":"Add test for Policy","messageBody":"","fileTypesAndContributionMap":{"test-code":{"insertions":187,"deletions":9}}},{"hash":"f8b7b7902da46653455a9483f810956bfefc3171","isMergeCommit":true,"messageTitle":"Merge pull request #87 from FabianHeng/branch-command-history","messageBody":"Add Command History","fileTypesAndContributionMap":{}},{"hash":"f2bb906f3d86c91f6c00519a88f6bddf56d16ba2","isMergeCommit":false,"messageTitle":"Implement edit policy","messageBody":"","fileTypesAndContributionMap":{"functional-code":{"insertions":281,"deletions":7},"test-code":{"insertions":436,"deletions":4}}}]},{"date":"2025-03-27","commitResults":[{"hash":"1e9c42e4097f91dcf76fd2325d06b601c8aaea2d","isMergeCommit":true,"messageTitle":"Merge pull request #99 from NightlyAffair/U-AddressBookPremium","messageBody":"Fixed address book not loading when premium empty","fileTypesAndContributionMap":{}},{"hash":"0f4e24992efbe13aa33d621c64eafcd3f813fa56","isMergeCommit":true,"messageTitle":"Merge pull request #98 from FabianHeng/branch-help-ui-redesign","messageBody":"Fix Help UI box size","fileTypesAndContributionMap":{}}]}]},"authorFileTypeContributionMap":{"teesha902":{"docs":43,"functional-code":497,"test-code":267,"other":580},"FabianHeng":{"docs":51,"functional-code":167,"test-code":140},"NightlyAffair":{"docs":102,"functional-code":555,"test-code":563},"leedeen01":{"docs":98,"functional-code":2219,"test-code":2456,"other":1}},"authorContributionVariance":{"teesha902":10042.121,"FabianHeng":1766.6608,"NightlyAffair":41164.824,"leedeen01":306658.84},"authorDisplayNameMap":{"teesha902":"CS2103-F10-2 ATRE..ASAK","FabianHeng":"CS2103-F10-2 HENG..BIAN","NightlyAffair":"CS2103-F10-2 NITH..HNAN","leedeen01":"CS2103-F10-2 LEE ..E EN"}}
