{"authorDailyContributionsMap":{"thegrimbee":[{"date":"2025-03-07","commitResults":[{"hash":"656a9aea4de42507a80a7620e9abe7486bd0e56d","isMergeCommit":false,"messageTitle":"Edit aboutus to have Gabriel","messageBody":"","fileTypesAndContributionMap":{"docs":{"insertions":4,"deletions":5}}},{"hash":"357991e2ce5d6da63277984f4252319075bc9456","isMergeCommit":false,"messageTitle":"Fix Gabriel\u0027s name and removed 5th member","messageBody":"","fileTypesAndContributionMap":{"docs":{"insertions":1,"deletions":11}}},{"hash":"392c412a15f8e8facca28e403c159aea75e6eb25","isMergeCommit":false,"messageTitle":"Add glossary to DeveloperGuide","messageBody":"","fileTypesAndContributionMap":{"docs":{"insertions":7,"deletions":1}}}]},{"date":"2025-03-09","commitResults":[{"hash":"dff8b4bc3b02c069d6a0f5e47593e48f9d041f8e","isMergeCommit":true,"messageTitle":"Merge pull request #28 from thegrimbee/add-ui-mockup","messageBody":"Add UI mockup","fileTypesAndContributionMap":{}},{"hash":"714742bb3c4747b3282c6d9888a38f51ecddec2a","isMergeCommit":true,"messageTitle":"Merge pull request #27 from thegrimbee/add-glossary","messageBody":"Add glossary","fileTypesAndContributionMap":{}},{"hash":"a873301558b57504218a252ed840d2bacebf3f42","isMergeCommit":false,"messageTitle":"Update README to match CCAttendance","messageBody":"","fileTypesAndContributionMap":{"docs":{"insertions":19,"deletions":10}}},{"hash":"674a704625241cc996e4e1e8316839bf52cca438","isMergeCommit":false,"messageTitle":"Fix error in README and warning in AboutUs","messageBody":"","fileTypesAndContributionMap":{"docs":{"insertions":2,"deletions":4}}},{"hash":"cccd3fba32e2a2b1e2b9f72cd9d9cd674645327d","isMergeCommit":false,"messageTitle":"Add use case","messageBody":"","fileTypesAndContributionMap":{"docs":{"insertions":216,"deletions":6}}},{"hash":"c581cf5439bb7e001576f7fcb9cc5e65af68879e","isMergeCommit":true,"messageTitle":"Merge pull request #33 from thegrimbee/update-readme","messageBody":"Update README","fileTypesAndContributionMap":{}},{"hash":"8d6607256bd636471fae2bf78908fec2d338c835","isMergeCommit":true,"messageTitle":"Merge branch \u0027master\u0027 of https://github.com/AY2425S2-CS2103T-T09-4/tp into add-use-case","messageBody":"","fileTypesAndContributionMap":{}},{"hash":"d5dfaf428dfb3f8f5af5c4017b4dd0f29faf74fc","isMergeCommit":false,"messageTitle":"Fix use case in developer guide","messageBody":"","fileTypesAndContributionMap":{"docs":{"insertions":47,"deletions":29}}},{"hash":"0f39f1127ae0799cf10b0b697ed1409e7e0e66a2","isMergeCommit":true,"messageTitle":"Merge pull request #34 from thegrimbee/add-use-case","messageBody":"Add use case","fileTypesAndContributionMap":{}},{"hash":"1abb91521f3042427b0d59b3080fc5d8e0f89fe9","isMergeCommit":true,"messageTitle":"Merge pull request #30 from Nova1729/add-NFRs-in-DG","messageBody":"UG: Add Non-functional requirements","fileTypesAndContributionMap":{}}]},{"date":"2025-03-16","commitResults":[{"hash":"a12a66419da6792934370f4c4594a89ac022161b","isMergeCommit":true,"messageTitle":"Merge pull request #54 from Judy1x4/add-cca-class-in-model","messageBody":"Add cca class in model and resolves dependencies in Storage and Logic","fileTypesAndContributionMap":{}},{"hash":"8dabd4dc35ed6a7a56a352b6c6c77c1599ad44f9","isMergeCommit":false,"messageTitle":"Add Cca into AddressBook","messageBody":"","fileTypesAndContributionMap":{"functional-code":{"insertions":254,"deletions":9},"test-code":{"insertions":186,"deletions":0}}},{"hash":"e278cbbdf38c86289859c3dc6a8b5d680c3060c9","isMergeCommit":true,"messageTitle":"Merge remote-tracking branch \u0027upstream/add-cca\u0027 into add-unique-cca-list","messageBody":"","fileTypesAndContributionMap":{}},{"hash":"b6912f45441a77cedd7c75a159d0307aa5cc7dbb","isMergeCommit":false,"messageTitle":"Update CcaTest","messageBody":"","fileTypesAndContributionMap":{"test-code":{"insertions":1,"deletions":1}}},{"hash":"71a888ace80f4cb86ebb4f350c34421f62e724d1","isMergeCommit":false,"messageTitle":"Fix CI errors","messageBody":"","fileTypesAndContributionMap":{"functional-code":{"insertions":5,"deletions":4},"test-code":{"insertions":3,"deletions":3}}},{"hash":"c1e06553c27bfe490ae5e48de0c2bc36b8f80429","isMergeCommit":false,"messageTitle":"Add validation for ccas in Person","messageBody":"","fileTypesAndContributionMap":{"functional-code":{"insertions":102,"deletions":8},"test-code":{"insertions":89,"deletions":9}}}]},{"date":"2025-03-17","commitResults":[{"hash":"fd0958d497b5742f1709ef3f4ec7b2d8cf57af2d","isMergeCommit":false,"messageTitle":"Fix from Judy review","messageBody":"","fileTypesAndContributionMap":{"functional-code":{"insertions":7,"deletions":8},"test-code":{"insertions":51,"deletions":8}}},{"hash":"3a0736123a2c3586648a080607d31e3c0bdcebdf","isMergeCommit":true,"messageTitle":"Merge pull request #62 from thegrimbee/add-unique-cca-list","messageBody":"Add unique cca list","fileTypesAndContributionMap":{}}]},{"date":"2025-03-18","commitResults":[{"hash":"75261eb01f89807e17be55218010d1030e3bda03","isMergeCommit":true,"messageTitle":"Merge pull request #58 from waylonggggg/refactor-add-command","messageBody":"Refactor addcommand to createstudentcommand","fileTypesAndContributionMap":{}}]},{"date":"2025-03-19","commitResults":[{"hash":"c568c196d7fb9ffbf53e83d032c5095c0ce8d1f4","isMergeCommit":false,"messageTitle":"Add cca list ui","messageBody":"","fileTypesAndContributionMap":{"functional-code":{"insertions":179,"deletions":10},"test-code":{"insertions":10,"deletions":0}}},{"hash":"aa5912496a4cf8b9ae635f27244d343ecb19c789","isMergeCommit":true,"messageTitle":"Merge branch \u0027master\u0027 of https://github.com/AY2425S2-CS2103T-T09-4/tp into add-cca-list-ui","messageBody":"","fileTypesAndContributionMap":{}},{"hash":"47bb3840ff0a91ed5dfa7e7f4ea65175ba69d5e2","isMergeCommit":false,"messageTitle":"Fix checkstyle errors","messageBody":"","fileTypesAndContributionMap":{"functional-code":{"insertions":4,"deletions":4},"docs":{"insertions":5,"deletions":5},"test-code":{"insertions":1,"deletions":1}}},{"hash":"a99e9843aeea19d4eb0b596db470d7e0e8cc4026","isMergeCommit":false,"messageTitle":"Refactor delete to deleteStudent","messageBody":"","fileTypesAndContributionMap":{"functional-code":{"insertions":6,"deletions":6},"other":{"insertions":27,"deletions":27},"docs":{"insertions":46,"deletions":46},"test-code":{"insertions":11,"deletions":10}}},{"hash":"15d5283c6f3f6ad00a0913555b0a1d8a693db692","isMergeCommit":false,"messageTitle":"Make delete CCA command","messageBody":"","fileTypesAndContributionMap":{"functional-code":{"insertions":112,"deletions":0},"test-code":{"insertions":125,"deletions":0}}},{"hash":"681b97e35fd2f62ba92a0cc8cf961088d6e0151c","isMergeCommit":true,"messageTitle":"Merge branch \u0027master\u0027 into make-delete-cca-command","messageBody":"","fileTypesAndContributionMap":{}},{"hash":"ce077f4b5eaa9e6a1a56ad6a09fa571e70b1e186","isMergeCommit":false,"messageTitle":"Make create cca command","messageBody":"","fileTypesAndContributionMap":{"functional-code":{"insertions":149,"deletions":1},"test-code":{"insertions":392,"deletions":109}}},{"hash":"ad15c0e83967bdfbb3114ae81d24e559f18c37fa","isMergeCommit":false,"messageTitle":"Update deleteCca to delete from students also","messageBody":"","fileTypesAndContributionMap":{"functional-code":{"insertions":16,"deletions":0},"test-code":{"insertions":41,"deletions":0}}}]},{"date":"2025-03-20","commitResults":[{"hash":"d424296b3b7d711c24104f4a789b76f7034f8ad2","isMergeCommit":true,"messageTitle":"Merge pull request #91 from Judy1x4/create-codecov-badge","messageBody":"Update codecov badge in README.MD","fileTypesAndContributionMap":{}},{"hash":"a9744bf5efae8da9317f48824689c156fcd6061d","isMergeCommit":false,"messageTitle":"Update user guide","messageBody":"","fileTypesAndContributionMap":{"docs":{"insertions":32,"deletions":32}}},{"hash":"fc1727839cc5a5582689f031eecfdda0956604a8","isMergeCommit":false,"messageTitle":"Update features in user guide","messageBody":"","fileTypesAndContributionMap":{"docs":{"insertions":24,"deletions":1}}},{"hash":"70862a3a4dac36e211e02b00d686e13486a02b90","isMergeCommit":true,"messageTitle":"Merge pull request #85 from waylonggggg/ccainformation-implementation","messageBody":"Ccainformation implementation","fileTypesAndContributionMap":{}},{"hash":"35067ecb759284ea7b491713f7cf76b15d91eef9","isMergeCommit":true,"messageTitle":"Merge branch \u0027master\u0027 of https://github.com/AY2425S2-CS2103T-T09-4/tp into make-create-cca-command","messageBody":"","fileTypesAndContributionMap":{}},{"hash":"8df771ca51a4b25c6cc4bc322e5e795aab46655b","isMergeCommit":false,"messageTitle":"Fix tests","messageBody":"","fileTypesAndContributionMap":{"functional-code":{"insertions":6,"deletions":1},"test-code":{"insertions":1,"deletions":2}}},{"hash":"1596b80a350c009fe624d2199798a530ce76e4a6","isMergeCommit":true,"messageTitle":"Merge pull request #79 from thegrimbee/make-create-cca-command","messageBody":"Make create cca command","fileTypesAndContributionMap":{}},{"hash":"da43dd86b2c1da98c41335882537b4730bea2acc","isMergeCommit":true,"messageTitle":"Merge branch \u0027master\u0027 of https://github.com/AY2425S2-CS2103T-T09-4/tp into make-delete-cca-command","messageBody":"","fileTypesAndContributionMap":{}},{"hash":"24444fce1c4d8bdd1c5ca07421a1b30bd0071818","isMergeCommit":false,"messageTitle":"Update delete cca command","messageBody":"","fileTypesAndContributionMap":{"functional-code":{"insertions":17,"deletions":18},"test-code":{"insertions":57,"deletions":22}}},{"hash":"be269cb729fe5035df7e63877dc7b2ea2dfe6552","isMergeCommit":false,"messageTitle":"Update ui.png and User Guide","messageBody":"","fileTypesAndContributionMap":{"docs":{"insertions":7,"deletions":7}}},{"hash":"5725a017ed3df6e978ea7ecb0a5eab12b648310d","isMergeCommit":true,"messageTitle":"Merge pull request #77 from thegrimbee/make-delete-cca-command","messageBody":"Make delete CCA command","fileTypesAndContributionMap":{}},{"hash":"2bb9f22b5697b4a8075b8221ee79d6d38269523a","isMergeCommit":false,"messageTitle":"Make record attendance command","messageBody":"","fileTypesAndContributionMap":{"functional-code":{"insertions":221,"deletions":1},"test-code":{"insertions":5,"deletions":0}}}]},{"date":"2025-03-21","commitResults":[{"hash":"4e6d0728bb50588bb4644417f6257f30485f0050","isMergeCommit":false,"messageTitle":"Add test for record attendance","messageBody":"","fileTypesAndContributionMap":{"functional-code":{"insertions":28,"deletions":16},"test-code":{"insertions":179,"deletions":2}}},{"hash":"4a2ee266881fca9f04b7a410ced5e762d82f4042","isMergeCommit":false,"messageTitle":"Add record attendance to user guide","messageBody":"","fileTypesAndContributionMap":{"docs":{"insertions":25,"deletions":8}}},{"hash":"9211ff9e2f9a6e3936b636b2f2b077333fda7a57","isMergeCommit":false,"messageTitle":"Fix user guide","messageBody":"","fileTypesAndContributionMap":{"docs":{"insertions":4,"deletions":8}}},{"hash":"45abbac5f28892204dd8d99fa993073001243d28","isMergeCommit":false,"messageTitle":"Fix user guide","messageBody":"","fileTypesAndContributionMap":{"docs":{"insertions":0,"deletions":4}}},{"hash":"18a37e5d7efa28e7184bec5bfb207f8a90e5136b","isMergeCommit":true,"messageTitle":"Merge pull request #96 from thegrimbee/update-user-guide","messageBody":"Update user guide","fileTypesAndContributionMap":{}}]},{"date":"2025-03-22","commitResults":[{"hash":"bd5c315fb8d1814fed539908d5c5755997b9dfa6","isMergeCommit":false,"messageTitle":"Update attend implementation and tests","messageBody":"","fileTypesAndContributionMap":{"functional-code":{"insertions":214,"deletions":89},"test-code":{"insertions":212,"deletions":70}}},{"hash":"e44abed5398a08e06d601fd3b6f56360e1ff1567","isMergeCommit":false,"messageTitle":"Fix method name to be verb in Messages","messageBody":"","fileTypesAndContributionMap":{"functional-code":{"insertions":7,"deletions":10}}},{"hash":"3816d85a7e49d3eefae0e209be7a1f3fccd83770","isMergeCommit":false,"messageTitle":"Fix previous commit","messageBody":"","fileTypesAndContributionMap":{"functional-code":{"insertions":10,"deletions":9}}},{"hash":"f9cb53247961a93d2b7d16898d14ead4f2776288","isMergeCommit":false,"messageTitle":"Update fp methods to use oop instead","messageBody":"","fileTypesAndContributionMap":{"functional-code":{"insertions":35,"deletions":14}}},{"hash":"9d7b7caed437cdaaef960dd96f20e9111f2ce8af","isMergeCommit":false,"messageTitle":"clean up record attendance test","messageBody":"","fileTypesAndContributionMap":{"test-code":{"insertions":0,"deletions":19}}}]},{"date":"2025-03-26","commitResults":[{"hash":"c70bebefa98ad0053f76c7aded535bb809d283f3","isMergeCommit":false,"messageTitle":"Update index.md","messageBody":"","fileTypesAndContributionMap":{"docs":{"insertions":17,"deletions":11}}},{"hash":"0d9652649c3ab33aad0319e1be918855acd382c1","isMergeCommit":true,"messageTitle":"Merge pull request #112 from thegrimbee/update-index","messageBody":"Update index.md","fileTypesAndContributionMap":{}}]}],"waylonggggg":[{"date":"2025-02-21","commitResults":[{"hash":"6d72a4794c7124ec407a61e951bda0a506a008b2","isMergeCommit":true,"messageTitle":"Merge pull request #1 from AY2425S2-CS2103T-T09-4/switch-docs-to-markbind","messageBody":"Switch docs to markbind","fileTypesAndContributionMap":{}},{"hash":"3f698ec6296fe10894c25acfcc97f28334e48fa6","isMergeCommit":false,"messageTitle":"Update default.md","messageBody":"","fileTypesAndContributionMap":{"docs":{"insertions":1,"deletions":1}}}]},{"date":"2025-03-07","commitResults":[{"hash":"46bdb4c4f80a745ae8e5e781113a99a6387445ce","isMergeCommit":false,"messageTitle":"Update waylon readme","messageBody":"","fileTypesAndContributionMap":{"docs":{"insertions":4,"deletions":4}}},{"hash":"f9df8fb36b948db51884d6175be72b9b5a847063","isMergeCommit":false,"messageTitle":"Update readme fix","messageBody":"","fileTypesAndContributionMap":{"docs":{"insertions":0,"deletions":1}}}]},{"date":"2025-03-16","commitResults":[{"hash":"89869bad770a769ecf071602b5562a25c300217f","isMergeCommit":false,"messageTitle":"Refactor add command to create command","messageBody":"","fileTypesAndContributionMap":{"functional-code":{"insertions":3,"deletions":3},"other":{"insertions":52,"deletions":52},"test-code":{"insertions":10,"deletions":10}}},{"hash":"570cd0028ad6cf465fbcd43a51a97deb452e4dd3","isMergeCommit":true,"messageTitle":"Merge branch \u0027add-cca\u0027 of https://github.com/AY2425S2-CS2103T-T09-4/tp into add-cca","messageBody":"","fileTypesAndContributionMap":{}},{"hash":"2cb8d053c8f896f802d6c4b2361f3a86af71cf94","isMergeCommit":true,"messageTitle":"Merge branch \u0027add-cca\u0027 into refactor-add-command","messageBody":"","fileTypesAndContributionMap":{}},{"hash":"125944c9760df12dc1ea3bfacfe54e865d97722c","isMergeCommit":false,"messageTitle":"Fix checkstyle","messageBody":"","fileTypesAndContributionMap":{"test-code":{"insertions":2,"deletions":2}}},{"hash":"c78f42b2ff03978c2eb6a81fba234b91798f6ae9","isMergeCommit":false,"messageTitle":"Fix more checkstyle","messageBody":"","fileTypesAndContributionMap":{"functional-code":{"insertions":1,"deletions":1}}},{"hash":"c9723ce92260d9b049b67999512b177f507c823b","isMergeCommit":false,"messageTitle":"Add checkstyle fix","messageBody":"","fileTypesAndContributionMap":{"test-code":{"insertions":2,"deletions":1}}},{"hash":"4d2685c19818bea4fd83ae3145157f7686d7a005","isMergeCommit":false,"messageTitle":"Add line break","messageBody":"","fileTypesAndContributionMap":{"test-code":{"insertions":2,"deletions":2}}}]},{"date":"2025-03-17","commitResults":[{"hash":"061e8bd2607b1aea442e888dcdeab0f8e1c8ca64","isMergeCommit":true,"messageTitle":"Merge branch \u0027add-cca\u0027 of https://github.com/AY2425S2-CS2103T-T09-4/tp into add-cca","messageBody":"","fileTypesAndContributionMap":{}},{"hash":"a4faab8747a38c41474bfe6a1e6fcc8b2053c6cd","isMergeCommit":true,"messageTitle":"Merge branch \u0027add-cca\u0027 into refactor-add-command","messageBody":"","fileTypesAndContributionMap":{}},{"hash":"ebc3a1f4fd89e8d2644e7894c36b07484f44d317","isMergeCommit":false,"messageTitle":"Refactor from createcommand to createstudentcommand","messageBody":"","fileTypesAndContributionMap":{"functional-code":{"insertions":3,"deletions":3},"other":{"insertions":43,"deletions":43},"test-code":{"insertions":12,"deletions":12}}},{"hash":"cbadc82c1b63c5731ff8f0894ccaf6851a9bb371","isMergeCommit":false,"messageTitle":"Fix checkstyle","messageBody":"","fileTypesAndContributionMap":{"test-code":{"insertions":2,"deletions":1}}}]},{"date":"2025-03-18","commitResults":[{"hash":"4dde29163a677de0614168e636aeb664de687ac3","isMergeCommit":true,"messageTitle":"Merge pull request #68 from AY2425S2-CS2103T-T09-4/add-cca","messageBody":"Add cca","fileTypesAndContributionMap":{}}]},{"date":"2025-03-19","commitResults":[{"hash":"011b3ecd40f10ec93047edf6f0b700969344336a","isMergeCommit":false,"messageTitle":"Refactor tag class to role class","messageBody":"","fileTypesAndContributionMap":{"functional-code":{"insertions":210,"deletions":210},"test-code":{"insertions":157,"deletions":157}}},{"hash":"faebe437f09e94faf5e543bed409a66bb3cc5fbb","isMergeCommit":false,"messageTitle":"Add set of roles and total sessions counter to cca class","messageBody":"","fileTypesAndContributionMap":{"functional-code":{"insertions":150,"deletions":9},"test-code":{"insertions":119,"deletions":28}}}]},{"date":"2025-03-20","commitResults":[{"hash":"0833e0952edec384a65bde45489fc3593f5b0c28","isMergeCommit":false,"messageTitle":"Add attendance class","messageBody":"","fileTypesAndContributionMap":{"functional-code":{"insertions":78,"deletions":3},"test-code":{"insertions":60,"deletions":1}}},{"hash":"17d2b87ba442af66f915736f4f2e761bfec2311c","isMergeCommit":false,"messageTitle":"Create ccainformation class","messageBody":"","fileTypesAndContributionMap":{"functional-code":{"insertions":56,"deletions":0},"test-code":{"insertions":51,"deletions":0}}},{"hash":"8071e67c3be36d7d7cfa1535d1fee407a5d4606a","isMergeCommit":false,"messageTitle":"Ccainformation in progress","messageBody":"","fileTypesAndContributionMap":{"functional-code":{"insertions":84,"deletions":34},"test-code":{"insertions":11,"deletions":6}}},{"hash":"25e008ead1a4e63b8c120b4e2417665de2bb4acf","isMergeCommit":false,"messageTitle":"Implement ccainformation class","messageBody":"","fileTypesAndContributionMap":{"functional-code":{"insertions":310,"deletions":124},"test-code":{"insertions":166,"deletions":209}}}]}],"Nova1729":[{"date":"2025-03-07","commitResults":[{"hash":"065a5c533b9d323560400656ff4b3cc0f0248507","isMergeCommit":false,"messageTitle":"Update my AboutUs","messageBody":"","fileTypesAndContributionMap":{"docs":{"insertions":5,"deletions":5}}},{"hash":"c7996b3bf9aecc2c22f6855c554e640bde9bc4fb","isMergeCommit":true,"messageTitle":"Merge pull request #13 from Judy1x4/branch-update-about-us","messageBody":"Edit Judy\u0027s AboutUs page","fileTypesAndContributionMap":{}},{"hash":"478273979fd7f837f61c7fa718d1d13ae628ebd2","isMergeCommit":true,"messageTitle":"Merge branch \u0027master\u0027 of https://github.com/AY2425S2-CS2103T-T09-4/tp into Update-AboutUs-Page","messageBody":"* \u0027master\u0027 of https://github.com/AY2425S2-CS2103T-T09-4/tp:\n  Edit aboutus to have Gabriel\n  Update readme fix\n  Update waylon readme\n  Edit Judy\u0027s AboutUs page\n","fileTypesAndContributionMap":{}}]},{"date":"2025-03-08","commitResults":[{"hash":"383be5e209faebd5e14d5b0cfd7edfa244b616fc","isMergeCommit":false,"messageTitle":"Update NFRs in DG","messageBody":"","fileTypesAndContributionMap":{"docs":{"insertions":20,"deletions":4}}}]},{"date":"2025-03-17","commitResults":[{"hash":"76825bc54cada36604d468e36ea82ea2276ce78f","isMergeCommit":true,"messageTitle":"Merge branch \u0027add-cca\u0027 of https://github.com/AY2425S2-CS2103T-T09-4/tp","messageBody":"* \u0027add-cca\u0027 of https://github.com/AY2425S2-CS2103T-T09-4/tp:\n  Fix futher checkstyle error\n  Fix checkstyle in md and css\n  Disable a testcase in parse Edit command\n  Update test util classes\n  Update syntax with ccaname, adjust storage and sample test data\n  Add CcaName class and update the field in cca class\n  Create CcaName class for cca class\n  Add cca field in Ui to display it\n  Update cca field handling in parser and command classes\n  Update logic and test util classes\n  Update json format for person from storage\n  Update storage and its test class\n  Update test for person and cca class\n  Update person class with cca field\n  Implement cca class\n  Add cca class in model component\n","fileTypesAndContributionMap":{}},{"hash":"399fe77d78adc4fddc9bbd79c575f3e1e090fb77","isMergeCommit":false,"messageTitle":"update edit command to accomodate CCA","messageBody":"","fileTypesAndContributionMap":{"functional-code":{"insertions":48,"deletions":9}}},{"hash":"0c21fc4962a3a6cb7d8c285640f49f60629b0dca","isMergeCommit":false,"messageTitle":"update user guide to accomodate new functionalities of the edit command","messageBody":"","fileTypesAndContributionMap":{"docs":{"insertions":7,"deletions":5}}},{"hash":"e906d335135f7ad6e28a0a00a4a50ea3d1da7ac0","isMergeCommit":false,"messageTitle":"fix size of CCA in GUI","messageBody":"","fileTypesAndContributionMap":{"functional-code":{"insertions":45,"deletions":11}}}]},{"date":"2025-03-18","commitResults":[{"hash":"66cae9a1f98c7084e80507a14f6d8293d02cf152","isMergeCommit":false,"messageTitle":"update test cases to suit new code","messageBody":"","fileTypesAndContributionMap":{"functional-code":{"insertions":6,"deletions":2},"test-code":{"insertions":27,"deletions":6}}},{"hash":"f2e3498dfb46df2fae6983b03f96735ab031c18d","isMergeCommit":false,"messageTitle":"update gradle to suit apple silicon","messageBody":"","fileTypesAndContributionMap":{"other":{"insertions":17,"deletions":5}}},{"hash":"68d2146ac19f21663d3136d53d7e0064c15cb851","isMergeCommit":true,"messageTitle":"Merge branch \u0027add-cca\u0027 of https://github.com/AY2425S2-CS2103T-T09-4/tp into update-edit-command","messageBody":"* \u0027add-cca\u0027 of https://github.com/AY2425S2-CS2103T-T09-4/tp:\n  Fix checkstyle\n  Refactor from createcommand to createstudentcommand\n  Fix from Judy review\n  Add line break\n  Add checkstyle fix\n  Fix more checkstyle\n  Fix checkstyle\n  Fix checkstyle error\n  Add validation for ccas in Person\n  Fix CI errors\n  Update CcaTest\n  Refactor add command to create command\n  Add Cca into AddressBook\n","fileTypesAndContributionMap":{}},{"hash":"a55293302dbaa3df1ac93638dd80fd09e10ebb2f","isMergeCommit":false,"messageTitle":"update edit command to parse by comma and not space","messageBody":"","fileTypesAndContributionMap":{"functional-code":{"insertions":5,"deletions":3}}},{"hash":"f8ed706f1a7fc73bda9e9288cdf7d08a3d3f8cee","isMergeCommit":false,"messageTitle":"update user guide for edit command","messageBody":"","fileTypesAndContributionMap":{"docs":{"insertions":2,"deletions":2}}},{"hash":"4a71ece97b2646e67f2c5f35c57c144e1f6b79b9","isMergeCommit":false,"messageTitle":"update edit command to handle the case where the cca is not found","messageBody":"","fileTypesAndContributionMap":{"functional-code":{"insertions":8,"deletions":1}}},{"hash":"eac2c1051d1ca80c4eca27d224e70846e2c19516","isMergeCommit":true,"messageTitle":"Merge pull request #67 from Nova1729/update-edit-command","messageBody":"Update edit command","fileTypesAndContributionMap":{}}]},{"date":"2025-03-19","commitResults":[{"hash":"321b55343a0583b5d8de47d204bce894fa8e7392","isMergeCommit":true,"messageTitle":"Merge branch \u0027master\u0027 of https://github.com/AY2425S2-CS2103T-T09-4/tp","messageBody":"* \u0027master\u0027 of https://github.com/AY2425S2-CS2103T-T09-4/tp: (23 commits)\n  Fix checkstyle errors\n  Add cca list ui\n  update edit command to handle the case where the cca is not found\n  update user guide for edit command\n  update edit command to parse by comma and not space\n  update gradle to suit apple silicon\n  update test cases to suit new code\n  Fix checkstyle\n  Refactor from createcommand to createstudentcommand\n  Fix from Judy review\n  fix size of CCA in GUI\n  update user guide to accomodate new functionalities of the edit command\n  update edit command to accomodate CCA\n  Add line break\n  Add checkstyle fix\n  Fix more checkstyle\n  Fix checkstyle\n  Fix checkstyle error\n  Add validation for ccas in Person\n  Fix CI errors\n  ...\n","fileTypesAndContributionMap":{}},{"hash":"fb1488664adcf19737a8e4556312e7386c240921","isMergeCommit":false,"messageTitle":"add CCA title and Student title","messageBody":"","fileTypesAndContributionMap":{"functional-code":{"insertions":47,"deletions":2}}},{"hash":"8160ee50c07062cbc2be024a7e16812c239df09f","isMergeCommit":false,"messageTitle":"update colours of CCA list and Persons list","messageBody":"","fileTypesAndContributionMap":{"functional-code":{"insertions":90,"deletions":10}}},{"hash":"9557b6bdfa5dc6ff644ebf67d74204986f17a3e6","isMergeCommit":false,"messageTitle":"update colour of title","messageBody":"","fileTypesAndContributionMap":{"functional-code":{"insertions":7,"deletions":5}}},{"hash":"78ff01d47046f0778b2840f9028d34502b5ded41","isMergeCommit":false,"messageTitle":"final update of colours","messageBody":"","fileTypesAndContributionMap":{"functional-code":{"insertions":18,"deletions":12}}},{"hash":"6c6717fcfc0b1d834c336b8f455ebbbfa478c096","isMergeCommit":false,"messageTitle":"change version to javafx 17","messageBody":"","fileTypesAndContributionMap":{"functional-code":{"insertions":1,"deletions":1}}},{"hash":"969009e82df15000ab081824a9a9faa694871af3","isMergeCommit":false,"messageTitle":"change all javafx/23.0.1 to javafx/17","messageBody":"","fileTypesAndContributionMap":{"functional-code":{"insertions":1,"deletions":1}}},{"hash":"6799dd45fe8bf32094ee66560903eb087b8bacc3","isMergeCommit":true,"messageTitle":"Merge pull request #81 from Nova1729/update-ui","messageBody":"Improve GUI","fileTypesAndContributionMap":{}}]},{"date":"2025-03-20","commitResults":[{"hash":"c9eb8b16344bdb7b6745d2b6701294c567eb4c5c","isMergeCommit":true,"messageTitle":"Merge branch \u0027master\u0027 of https://github.com/AY2425S2-CS2103T-T09-4/tp","messageBody":"* \u0027master\u0027 of https://github.com/AY2425S2-CS2103T-T09-4/tp:\n  Implement ccainformation class\n  Readd CI status badge\n  Update codecov badge\n  Ccainformation in progress\n  Create ccainformation class\n  Add attendance class\n  Add set of roles and total sessions counter to cca class\n  change all javafx/23.0.1 to javafx/17\n  change version to javafx 17\n  final update of colours\n  Refactor tag class to role class\n  update colour of title\n  update colours of CCA list and Persons list\n  add CCA title and Student title\n  Refactor delete to deleteStudent\n","fileTypesAndContributionMap":{}},{"hash":"45777b6fe94c3c44dd8d47adb86fc57ccdd40d70","isMergeCommit":false,"messageTitle":"add coloured boxes for role and CCA of person","messageBody":"","fileTypesAndContributionMap":{"functional-code":{"insertions":10,"deletions":4}}},{"hash":"a2eaf1b630745b5f72e659aa2ab0937325512ae8","isMergeCommit":false,"messageTitle":"add list of roles and total numbers of sessions in CCA card","messageBody":"","fileTypesAndContributionMap":{"functional-code":{"insertions":51,"deletions":20}}},{"hash":"9917fd04fb30223db80d510bf57b8ff4870dd7bf","isMergeCommit":false,"messageTitle":"show CCA name alongside role in PersonCard","messageBody":"","fileTypesAndContributionMap":{"functional-code":{"insertions":2,"deletions":1}}},{"hash":"31a0948306b8028304442a276d2996c075646cea","isMergeCommit":false,"messageTitle":"correct style","messageBody":"","fileTypesAndContributionMap":{"functional-code":{"insertions":2,"deletions":2}}},{"hash":"441cd273c2f7f39d866e1d56a9cf48b08f34387e","isMergeCommit":false,"messageTitle":"add javaDoc for CcaCard.java","messageBody":"","fileTypesAndContributionMap":{"functional-code":{"insertions":26,"deletions":0}}},{"hash":"e782c2c58a3628d3fafc6a0f86fe87e6dfe08b43","isMergeCommit":true,"messageTitle":"Merge branch \u0027master\u0027 of https://github.com/AY2425S2-CS2103T-T09-4/tp into update-ui-2","messageBody":"* \u0027master\u0027 of https://github.com/AY2425S2-CS2103T-T09-4/tp:\n  Update delete cca command\n  Fix tests\n  Update deleteCca to delete from students also\n  Make create cca command\n  Make delete CCA command\n","fileTypesAndContributionMap":{}},{"hash":"62987ae21c5be9d030c76d8158a2d804e4d7d38b","isMergeCommit":true,"messageTitle":"Merge pull request #97 from Nova1729/update-ui-2","messageBody":"Update UI 2","tags":["v1.3"],"fileTypesAndContributionMap":{}}]}],"Judy1x4":[{"date":"2025-03-07","commitResults":[{"hash":"e6c68c57f6c84b3eed57a06e016402363ee60ce8","isMergeCommit":false,"messageTitle":"Edit Judy\u0027s AboutUs page","messageBody":"","fileTypesAndContributionMap":{"docs":{"insertions":4,"deletions":6}}},{"hash":"9d2b8d6fb1f909e7a62c758f473a68f1bf32446f","isMergeCommit":true,"messageTitle":"Merge pull request #14 from Nova1729/Update-AboutUs-Page","messageBody":"Update about us page for Zhenze","fileTypesAndContributionMap":{}},{"hash":"cf111f85444d96e89de4185610472551d23cdbdb","isMergeCommit":true,"messageTitle":"Merge pull request #15 from waylonggggg/add-waylon-readme","messageBody":"Add waylon aboutus","fileTypesAndContributionMap":{}},{"hash":"cd67e6a4925553f43891c13b5508d65e81acded6","isMergeCommit":true,"messageTitle":"Merge pull request #16 from thegrimbee/add-about-us-gabriel","messageBody":"Edit aboutus to have Gabriel","fileTypesAndContributionMap":{}},{"hash":"ec7f413cec6f24834cea91c3870c29c0cf91dd0d","isMergeCommit":true,"messageTitle":"Merge pull request #17 from thegrimbee/fix-about-us","messageBody":"Fix Gabriel\u0027s name and removed 5th member","fileTypesAndContributionMap":{}},{"hash":"bbecbf8f78931e54c6a2d9c09001c9bb585b62f3","isMergeCommit":false,"messageTitle":"Change the github base address to tp repo","messageBody":"","fileTypesAndContributionMap":{"docs":{"insertions":1,"deletions":1}}},{"hash":"49cfb3cf73d3f5756d350d4927fdc534ee2d1102","isMergeCommit":false,"messageTitle":"Update user stories in DG","messageBody":"","fileTypesAndContributionMap":{"docs":{"insertions":39,"deletions":12}}},{"hash":"90d6c9530bb23400d000c0c77842258e3ca435df","isMergeCommit":false,"messageTitle":"Update user profile and value proposition","messageBody":"","fileTypesAndContributionMap":{"docs":{"insertions":9,"deletions":7}}},{"hash":"4cfd42b604fad7a8fed30622bba803519f703021","isMergeCommit":false,"messageTitle":"Refine language in user stories to improve clarity","messageBody":"","fileTypesAndContributionMap":{"docs":{"insertions":43,"deletions":41}}},{"hash":"cb32536eaa99e5ee99aa4d5c576d680bfd069968","isMergeCommit":false,"messageTitle":"Fix minor layout issue","messageBody":"","fileTypesAndContributionMap":{"docs":{"insertions":1,"deletions":1}}},{"hash":"f65e633e406d8f52bc1abd73e3e00718fbc2fad5","isMergeCommit":false,"messageTitle":"Fix the target user scope as commented","messageBody":"","fileTypesAndContributionMap":{"docs":{"insertions":1,"deletions":1}}},{"hash":"6a89128eef2c159bc0cdb8f8f534a2de7f67b3f4","isMergeCommit":true,"messageTitle":"Merge pull request #25 from Judy1x4/add-user-stories","messageBody":"Update user stories, target user profile and value proposition in DG","fileTypesAndContributionMap":{}},{"hash":"346fd916667f69e9de06422e1c77e1d31621e936","isMergeCommit":true,"messageTitle":"Merge pull request #24 from Judy1x4/update-site-wide-settings","messageBody":"Change the github base address to tp repo","fileTypesAndContributionMap":{}}]},{"date":"2025-03-14","commitResults":[{"hash":"c040ab3de676a11a894afd5562c58c39912155ce","isMergeCommit":false,"messageTitle":"Add cca class in model component","messageBody":"","fileTypesAndContributionMap":{"functional-code":{"insertions":2,"deletions":0}}},{"hash":"e3f29afac6f87e97d331d31f3930025006833d4e","isMergeCommit":false,"messageTitle":"Implement cca class","messageBody":"","fileTypesAndContributionMap":{"functional-code":{"insertions":61,"deletions":1}}},{"hash":"f726f197114b8623f06d4c03661bf172da98c497","isMergeCommit":false,"messageTitle":"Update person class with cca field","messageBody":"","fileTypesAndContributionMap":{"functional-code":{"insertions":17,"deletions":4}}}]},{"date":"2025-03-15","commitResults":[{"hash":"fb17c4d2882db84f509eabad6ca779c2796bb4f4","isMergeCommit":false,"messageTitle":"Update test for person and cca class","messageBody":"","fileTypesAndContributionMap":{"test-code":{"insertions":34,"deletions":2}}},{"hash":"1cc3cdf1de602fea86e387613e875508e55ea72b","isMergeCommit":false,"messageTitle":"Update storage and its test class","messageBody":"","fileTypesAndContributionMap":{"functional-code":{"insertions":65,"deletions":7},"test-code":{"insertions":31,"deletions":12}}},{"hash":"cddb40d877b6fc478e330e9a4475e1f023e79703","isMergeCommit":false,"messageTitle":"Update json format for person from storage","messageBody":"","fileTypesAndContributionMap":{"functional-code":{"insertions":16,"deletions":2}}},{"hash":"aa1452b4fbac5fd97a61e96d46a6a8523ecfbc27","isMergeCommit":false,"messageTitle":"Update logic and test util classes","messageBody":"","fileTypesAndContributionMap":{"functional-code":{"insertions":3,"deletions":0},"test-code":{"insertions":19,"deletions":1}}},{"hash":"48bdb532ae5517846ce3c469b9e56d9cfb5a4763","isMergeCommit":false,"messageTitle":"Update cca field handling in parser and command classes","messageBody":"Let\u0027s\n- in AddCommandParser, pass an empty CCA list in the Person constructor\n  (Person now requires a CCA list as a parameter).\n- in EditPersonDescriptor, add a \u0027ccas\u0027 field and method for code consistency.\n  However, since editing CCA is no planned to be supported, the descriptor always\n  returns the existing CCA list of the person.\n- Update EditPersonDescriptorBuilder tests to accommodate changes in CCA-related methods.\n","fileTypesAndContributionMap":{"functional-code":{"insertions":26,"deletions":3},"test-code":{"insertions":12,"deletions":0}}},{"hash":"0450c83b2876a4462a4d044585d13f1dbc3ecf8a","isMergeCommit":false,"messageTitle":"Add cca field in Ui to display it","messageBody":"The GUI now displays CCA of a student.\nThe display format is based on the modified Tag class.\n","fileTypesAndContributionMap":{"functional-code":{"insertions":18,"deletions":0}}},{"hash":"11829b9ce3f911f719b22b5942ac1472dede4bf4","isMergeCommit":false,"messageTitle":"Create CcaName class for cca class","messageBody":"","fileTypesAndContributionMap":{"functional-code":{"insertions":73,"deletions":2}}}]},{"date":"2025-03-16","commitResults":[{"hash":"b92d0f01bec8240280fdf9d9a281c43ef05040d8","isMergeCommit":false,"messageTitle":"Add CcaName class and update the field in cca class","messageBody":"","fileTypesAndContributionMap":{"functional-code":{"insertions":25,"deletions":18}}},{"hash":"b02e71e2d889664650835be380ab38dd3b68f33a","isMergeCommit":false,"messageTitle":"Update syntax with ccaname, adjust storage and sample test data","messageBody":"","fileTypesAndContributionMap":{"functional-code":{"insertions":17,"deletions":13},"test-code":{"insertions":38,"deletions":0}}},{"hash":"27123a6a276cbb09c64390b2e9e9422d7755a204","isMergeCommit":false,"messageTitle":"Update test util classes","messageBody":"","fileTypesAndContributionMap":{"test-code":{"insertions":159,"deletions":15}}},{"hash":"f93da5fa0ab2d56a738488d1f593490c263b01ed","isMergeCommit":false,"messageTitle":"Disable a testcase in parse Edit command","messageBody":"One test case for parse in Edit command failed. Due to the time limitation,\nresolving this issue when implementing the Edit command would be more efficient.\nRecomment when the Edit command for cca field has been implemented.\n","fileTypesAndContributionMap":{"functional-code":{"insertions":2,"deletions":0},"test-code":{"insertions":8,"deletions":2}}},{"hash":"a8ac18e784f5b2da9bbde2f4e527f14e00cb9e62","isMergeCommit":false,"messageTitle":"Fix checkstyle in md and css","messageBody":"","fileTypesAndContributionMap":{"functional-code":{"insertions":1,"deletions":1},"docs":{"insertions":1,"deletions":1}}},{"hash":"ae226c3277f2aad3c9ff76514da082b5c6ec80d3","isMergeCommit":false,"messageTitle":"Fix futher checkstyle error","messageBody":"","fileTypesAndContributionMap":{"test-code":{"insertions":1,"deletions":4}}}]},{"date":"2025-03-19","commitResults":[{"hash":"d44ca198a45e5b671a4400f11e27b63b197dc57d","isMergeCommit":true,"messageTitle":"Merge pull request #69 from thegrimbee/add-cca-list-ui","messageBody":"Add cca list UI","fileTypesAndContributionMap":{}},{"hash":"3840afaaf611507f1461a552fc43abe4300cfcbd","isMergeCommit":true,"messageTitle":"Merge pull request #73 from thegrimbee/refactor-delete-to-deletestudent","messageBody":"Refactor delete to deleteStudent","fileTypesAndContributionMap":{}}]},{"date":"2025-03-20","commitResults":[{"hash":"bbf18c6f98dcf3f1dc0718f7f97d022f0f6dd8f7","isMergeCommit":false,"messageTitle":"Update codecov badge","messageBody":"","fileTypesAndContributionMap":{"docs":{"insertions":1,"deletions":1}}},{"hash":"9fb0748be039bed46079843e1769b40c45bfa246","isMergeCommit":false,"messageTitle":"Readd CI status badge","messageBody":"","fileTypesAndContributionMap":{"docs":{"insertions":1,"deletions":0}}},{"hash":"070480b0efb2813f6035c575c5b7c7aeaf97bb2a","isMergeCommit":false,"messageTitle":"Make parseCca method SLAP correct","messageBody":"","fileTypesAndContributionMap":{"functional-code":{"insertions":39,"deletions":35}}},{"hash":"c9b2da3b6e9f180e755ca19a3d158d58c7a307b9","isMergeCommit":false,"messageTitle":"Correct getCcas to return set","messageBody":"","fileTypesAndContributionMap":{"functional-code":{"insertions":3,"deletions":3}}},{"hash":"6746f718d7a792e6867f191a8df80cd9905b2ab6","isMergeCommit":false,"messageTitle":"Fix test case in EditPersonDescriptor","messageBody":"","fileTypesAndContributionMap":{"functional-code":{"insertions":8,"deletions":9},"test-code":{"insertions":5,"deletions":8}}},{"hash":"f07218480a64bf44008bad7d3241307d11047309","isMergeCommit":false,"messageTitle":"Add test to fail when nonexist cca edited","messageBody":"","fileTypesAndContributionMap":{"test-code":{"insertions":27,"deletions":6}}},{"hash":"711a2512ee280538d2360c6babf2de3a996cf98a","isMergeCommit":false,"messageTitle":"Fix test and checkstyle error","messageBody":"","fileTypesAndContributionMap":{"functional-code":{"insertions":1,"deletions":4},"test-code":{"insertions":10,"deletions":10}}},{"hash":"b431127b54c4db02cdd8c62915e876e14c393aff","isMergeCommit":true,"messageTitle":"Resolve conflict","messageBody":"","fileTypesAndContributionMap":{}},{"hash":"30a9ab5a1ee87bbfabd1eab8c297a8ac06503a04","isMergeCommit":false,"messageTitle":"Update Developer Guide","messageBody":"","fileTypesAndContributionMap":{"docs":{"insertions":31,"deletions":12},"test-code":{"insertions":2,"deletions":2}}},{"hash":"bfac8853e0146ac06df729747ed8b60d9bbd74a7","isMergeCommit":false,"messageTitle":"Fix test error","messageBody":"","fileTypesAndContributionMap":{"test-code":{"insertions":5,"deletions":18}}}]},{"date":"2025-03-21","commitResults":[{"hash":"beab69247cf1d045bed187c22d5dac8930a2cee4","isMergeCommit":false,"messageTitle":"Fix code coverage","messageBody":"","fileTypesAndContributionMap":{"test-code":{"insertions":53,"deletions":9}}},{"hash":"0658859aab2499e7003951d19b048d9e5252ba3c","isMergeCommit":false,"messageTitle":"Rename EditCommand to EditStudentCommand","messageBody":"","fileTypesAndContributionMap":{"functional-code":{"insertions":9,"deletions":9},"other":{"insertions":54,"deletions":54},"test-code":{"insertions":5,"deletions":5}}},{"hash":"304009f8726945d4604905eb574714415073e2d8","isMergeCommit":false,"messageTitle":"Fix fixstyle error","messageBody":"","fileTypesAndContributionMap":{"functional-code":{"insertions":1,"deletions":1},"other":{"insertions":6,"deletions":5},"docs":{"insertions":2,"deletions":2},"test-code":{"insertions":5,"deletions":5}}},{"hash":"0af338dafd3135597325a52f1afa66bd4fc12ac8","isMergeCommit":false,"messageTitle":"Fix checkstyle error","messageBody":"","fileTypesAndContributionMap":{"test-code":{"insertions":10,"deletions":6}}}]},{"date":"2025-03-23","commitResults":[{"hash":"73b79ee569eed0da9e0f3783c427adfa15008fdb","isMergeCommit":true,"messageTitle":"Merge pull request #101 from thegrimbee/implement-record-attendance","messageBody":"Make record attendance command","fileTypesAndContributionMap":{}},{"hash":"2a1872d8ce25cc7b89183aadd908c9c930078ece","isMergeCommit":true,"messageTitle":"Resolve conflicts in Edit command","messageBody":"","fileTypesAndContributionMap":{}},{"hash":"eb1ff990323df8b7355b969b5f65c044457f9fb7","isMergeCommit":true,"messageTitle":"Resolve conflicts in ParserUtil and Person","messageBody":"","fileTypesAndContributionMap":{}},{"hash":"a10ec0d0e72b90fdd823eea60fc1f01b79b1f925","isMergeCommit":false,"messageTitle":"Fix checkstyle error","messageBody":"","fileTypesAndContributionMap":{"functional-code":{"insertions":0,"deletions":5},"test-code":{"insertions":1,"deletions":1}}}]},{"date":"2025-03-24","commitResults":[{"hash":"4c6a823ac1f78418e832065301a13c65a43b85b1","isMergeCommit":false,"messageTitle":"Correct typos and mistake","messageBody":"","fileTypesAndContributionMap":{"docs":{"insertions":3,"deletions":3}}},{"hash":"b2c83736b80183ec4f29cb618aa0d68d044bf6f7","isMergeCommit":true,"messageTitle":"Merge pull request #99 from Judy1x4/update-validation-for-role-and-cca","messageBody":"Update validation for cca","fileTypesAndContributionMap":{}},{"hash":"3b23dd94090c6a2dbbc9174ac07876619341f673","isMergeCommit":false,"messageTitle":"Fix missed edit_s refactoring","messageBody":"","fileTypesAndContributionMap":{"test-code":{"insertions":3,"deletions":3}}},{"hash":"aa5348899f3547f19b5e9112927087e67b5678af","isMergeCommit":true,"messageTitle":"Resolve merge conflict","messageBody":"","fileTypesAndContributionMap":{}},{"hash":"8f5289820fbd429134245f160f966178d286cb2c","isMergeCommit":true,"messageTitle":"Merge pull request #103 from Judy1x4/refactor-edit-command","messageBody":"Rename EditCommand to EditStudentCommand","fileTypesAndContributionMap":{}},{"hash":"872ff439a450e0902b67bfa5025a29b71d6a3f8f","isMergeCommit":true,"messageTitle":"Merge branch \u0027master\u0027 into update-developer-guide","messageBody":"","fileTypesAndContributionMap":{}},{"hash":"1e8a931971b3a3bdf22829f0ba1b77cabf58aa7c","isMergeCommit":false,"messageTitle":"Update user guide with new edit student command","messageBody":"","fileTypesAndContributionMap":{"docs":{"insertions":3,"deletions":3}}}]},{"date":"2025-03-25","commitResults":[{"hash":"5eab0bffe549c1ef1a79115e99ee665ab431237f","isMergeCommit":false,"messageTitle":"Update DG and UG with new version","messageBody":"","fileTypesAndContributionMap":{"docs":{"insertions":253,"deletions":146}}},{"hash":"a66f84b94b04c238e08a3b33252c865c3e08bdea","isMergeCommit":false,"messageTitle":"Update DG","messageBody":"","fileTypesAndContributionMap":{"docs":{"insertions":143,"deletions":46}}},{"hash":"3e27cbfd88849201b9380d2d44b78dc012fd1a7e","isMergeCommit":false,"messageTitle":"Fix typo","messageBody":"","fileTypesAndContributionMap":{"docs":{"insertions":1,"deletions":1}}},{"hash":"33b969dbda7dd6b33aedd46224e85494aa01380b","isMergeCommit":false,"messageTitle":"Add clear use case","messageBody":"","fileTypesAndContributionMap":{"docs":{"insertions":9,"deletions":1}}},{"hash":"dad4e370cb97ee4a8e43228e765339711205667b","isMergeCommit":false,"messageTitle":"Fix style in DG","messageBody":"","fileTypesAndContributionMap":{"docs":{"insertions":51,"deletions":51}}},{"hash":"6619131e55e8207aa20bf786e8db481423a66486","isMergeCommit":false,"messageTitle":"Add record attendance in use case and testing","messageBody":"","fileTypesAndContributionMap":{"docs":{"insertions":44,"deletions":0}}},{"hash":"89efcead2ee23a51351fe029c25582df551eca71","isMergeCommit":true,"messageTitle":"Merge pull request #102 from Judy1x4/update-developer-guide","messageBody":"Update Developer Guide and User Guide with v1.3","fileTypesAndContributionMap":{}}]}]},"authorFileTypeContributionMap":{"thegrimbee":{"docs":256,"functional-code":1187,"test-code":1176},"waylonggggg":{"docs":5,"functional-code":800,"test-code":461},"Nova1729":{"docs":25,"functional-code":268,"test-code":16,"other":17},"Judy1x4":{"docs":485,"functional-code":247,"test-code":296}},"authorContributionVariance":{"thegrimbee":78968.64,"waylonggggg":69259.9,"Nova1729":1947.4639,"Judy1x4":22757.654},"authorDisplayNameMap":{"thegrimbee":"CS2103T-T09-4 GABR..UTRA","waylonggggg":"CS2103T-T09-4 WAYL.. TAN","Nova1729":"CS2103T-T09-4 CAI ..ENZE","Judy1x4":"CS2103T-T09-4 PARK..OUNG"}}
