{"authorDailyContributionsMap":{"geeliette":[{"date":"2025-03-03","commitResults":[{"hash":"dfcde00aec002762e4482756296fce746da06636","isMergeCommit":false,"messageTitle":"Update Juliette\u0027s AboutUs page","messageBody":"","fileTypesAndContributionMap":{"docs":{"insertions":5,"deletions":45}}},{"hash":"de28873f67d673ca97d8c6221645ff530f69e1c0","isMergeCommit":true,"messageTitle":"Merge pull request #17 from geeliette/branch-AddPhoto","messageBody":"Add Juliette\u0027s photo","fileTypesAndContributionMap":{}}]},{"date":"2025-03-14","commitResults":[{"hash":"fdaa02b2973cd1db97b9665a7592fcf60fd4c6cb","isMergeCommit":false,"messageTitle":"Edit DeleteCommand class","messageBody":"","fileTypesAndContributionMap":{"functional-code":{"insertions":3,"deletions":3}}},{"hash":"3dca2f6ca7100ba26edf1e4eb76c96fe1869ce54","isMergeCommit":true,"messageTitle":"Merge remote-tracking branch \u0027upstream/master\u0027 into branch-DeleteCommand","messageBody":"","fileTypesAndContributionMap":{}}]},{"date":"2025-03-19","commitResults":[{"hash":"8be5ef56cdc47256697570d7e656a2be3d707876","isMergeCommit":false,"messageTitle":"Edit user guide for v1.3","messageBody":"","fileTypesAndContributionMap":{"docs":{"insertions":6,"deletions":8}}}]},{"date":"2025-03-20","commitResults":[{"hash":"43518b3bbf5d7596abc6c2886795881bfecffa53","isMergeCommit":false,"messageTitle":"Edit UI","messageBody":"","fileTypesAndContributionMap":{"functional-code":{"insertions":326,"deletions":10}}},{"hash":"06b810b7f1979e78b304c305e800e7f5807ad5e2","isMergeCommit":true,"messageTitle":"Merge remote-tracking branch \u0027upstream/master\u0027 into branch-UserGuide","messageBody":"","fileTypesAndContributionMap":{}},{"hash":"8b3e7cb8e1cf39aba7d7e68c859cd0b49ce31094","isMergeCommit":false,"messageTitle":"Edit Find command parameters","messageBody":"","fileTypesAndContributionMap":{"docs":{"insertions":6,"deletions":6}}},{"hash":"b7c6bda42f8c688b6b02c52c996468e41f3e5437","isMergeCommit":true,"messageTitle":"Merge pull request #104 from geeliette/branch-UserGuide","messageBody":"Edit user guide for v1.4","fileTypesAndContributionMap":{}},{"hash":"4bfc385fac8c3906532f52c586aaa03c377a6614","isMergeCommit":true,"messageTitle":"Merge remote-tracking branch \u0027upstream/master\u0027 into branch-UI","messageBody":"","fileTypesAndContributionMap":{}},{"hash":"bb94d041783cba8fdf97ab3bd852397f0f07d5ff","isMergeCommit":false,"messageTitle":"Fix style errors","messageBody":"","fileTypesAndContributionMap":{"functional-code":{"insertions":1,"deletions":0}}},{"hash":"336e910b22a9458c4655f5857b914f5ee4be9c38","isMergeCommit":false,"messageTitle":"Add line at EOF","messageBody":"","fileTypesAndContributionMap":{"functional-code":{"insertions":1,"deletions":1}}}]},{"date":"2025-03-24","commitResults":[{"hash":"dd94b52d29d7c3ec20d99ac47bbb32be6548f78f","isMergeCommit":false,"messageTitle":"Edit FindCommand to FindByNameCommand","messageBody":"","fileTypesAndContributionMap":{"functional-code":{"insertions":3,"deletions":3},"other":{"insertions":27,"deletions":18},"docs":{"insertions":6,"deletions":5}}},{"hash":"c886db3c56f9c69e7887ff733a6f75c18ed55031","isMergeCommit":false,"messageTitle":"Fix checkstyle errors","messageBody":"","fileTypesAndContributionMap":{"functional-code":{"insertions":2,"deletions":1}}},{"hash":"6243f5f3ecad807db37a455bf733b48037db1247","isMergeCommit":false,"messageTitle":"Reduce line length","messageBody":"","fileTypesAndContributionMap":{"test-code":{"insertions":2,"deletions":1}}},{"hash":"4e7d10ebba8c060fc1cc658d625a098a1e84b6cc","isMergeCommit":false,"messageTitle":"Update user guide","messageBody":"","fileTypesAndContributionMap":{"docs":{"insertions":6,"deletions":6}}},{"hash":"84d898ffd9ecadab9059513fa140d3c53318b5d1","isMergeCommit":true,"messageTitle":"Merge pull request #113 from Frozennfishh/branch-addTimeToID","messageBody":"Append time to ID","fileTypesAndContributionMap":{}},{"hash":"0111889bf9bae2c0911cf8e5965c6258085713b0","isMergeCommit":false,"messageTitle":"Add FindByPhoneCommand","messageBody":"","fileTypesAndContributionMap":{"functional-code":{"insertions":149,"deletions":6}}},{"hash":"49f4b3f84945eba4c5a17fd7829009fcf6bf3f79","isMergeCommit":false,"messageTitle":"Update FindCommand naming","messageBody":"","fileTypesAndContributionMap":{"test-code":{"insertions":3,"deletions":3}}},{"hash":"e72cea296807f11a858bb7a03051193920bae518","isMergeCommit":false,"messageTitle":"Update FindByPhoneCommand comments","messageBody":"","fileTypesAndContributionMap":{"functional-code":{"insertions":3,"deletions":3}}},{"hash":"82441ac1ee8d165209c7bf7f95106b128a178854","isMergeCommit":false,"messageTitle":"Update user guide","messageBody":"","fileTypesAndContributionMap":{"docs":{"insertions":27,"deletions":14}}},{"hash":"c33b6524f787c893ccb19ac47e873414132040f4","isMergeCommit":false,"messageTitle":"Update FindByNameCommandTest","messageBody":"","fileTypesAndContributionMap":{"other":{"insertions":1,"deletions":1}}},{"hash":"4a21bc423f62e24baad217a8f4f7f3f4feef3676","isMergeCommit":false,"messageTitle":"Add FindByPhoneCommandParserTest","messageBody":"","fileTypesAndContributionMap":{"test-code":{"insertions":38,"deletions":0}}},{"hash":"0c038a2aa094a99f3e65fdd91a01bb7ccc1b208a","isMergeCommit":false,"messageTitle":"Add more test classes","messageBody":"","fileTypesAndContributionMap":{"test-code":{"insertions":4,"deletions":0}}}]},{"date":"2025-03-26","commitResults":[{"hash":"6cd05130a133a5c6d22332da614d904b4cc93348","isMergeCommit":false,"messageTitle":"Add FindByTimeCommand class","messageBody":"","fileTypesAndContributionMap":{"functional-code":{"insertions":158,"deletions":0}}},{"hash":"ef728cc2861e149475072ad2b87a06e518bb1e87","isMergeCommit":false,"messageTitle":"Implement FindByTimeCommand","messageBody":"","fileTypesAndContributionMap":{"functional-code":{"insertions":89,"deletions":52}}},{"hash":"16104266f7b54228554906ca3b3fbd73057c0c35","isMergeCommit":false,"messageTitle":"Update user guide","messageBody":"","fileTypesAndContributionMap":{"docs":{"insertions":19,"deletions":2}}},{"hash":"d7e8dfa2cd2c400787f7cd0644a8956c5136f968","isMergeCommit":false,"messageTitle":"Remove whitespace","messageBody":"","fileTypesAndContributionMap":{"functional-code":{"insertions":1,"deletions":1}}},{"hash":"6178693d387215e5443086e0a06d8e75ffb67403","isMergeCommit":false,"messageTitle":"Fix checkstyle errors","messageBody":"","fileTypesAndContributionMap":{"functional-code":{"insertions":37,"deletions":34}}},{"hash":"79026c95c343ba01b44f20d5e43bb97d4a270e20","isMergeCommit":true,"messageTitle":"Merge branch \u0027master\u0027 into branch-FindByTimeCommand","messageBody":"","fileTypesAndContributionMap":{}},{"hash":"12841ff63879de6101b695ad1032d9c5bf8fb4d9","isMergeCommit":false,"messageTitle":"Fix import order","messageBody":"","fileTypesAndContributionMap":{"functional-code":{"insertions":4,"deletions":4}}},{"hash":"f67edbd044eedc4202e1f1233a312e45b979ad68","isMergeCommit":false,"messageTitle":"Remove unused import","messageBody":"","fileTypesAndContributionMap":{"functional-code":{"insertions":0,"deletions":1}}}]},{"date":"2025-03-27","commitResults":[{"hash":"fee98b43dcb3b94b3541a9e747d0ff31db602221","isMergeCommit":false,"messageTitle":"Fix bug","messageBody":"","fileTypesAndContributionMap":{"functional-code":{"insertions":0,"deletions":2}}},{"hash":"97c4f027c9b096ce69b989cda20cc9d00e900857","isMergeCommit":false,"messageTitle":"Remove whitespace","messageBody":"","fileTypesAndContributionMap":{"functional-code":{"insertions":1,"deletions":1}}},{"hash":"ea8ecf91f08b9914ea8b1a17883d8c4550be5566","isMergeCommit":true,"messageTitle":"Merge pull request #141 from geeliette/branch-FixBug","messageBody":"Fix bug","tags":["v1.4"],"fileTypesAndContributionMap":{}}]}],"caroline1233456":[{"date":"2025-03-01","commitResults":[{"hash":"d095134ac43ee78eca104bf0dd8e755161dfb83d","isMergeCommit":false,"messageTitle":"Update AboutUs.md","messageBody":"","fileTypesAndContributionMap":{"docs":{"insertions":3,"deletions":3}}}]},{"date":"2025-03-05","commitResults":[{"hash":"4628b04ead1d9cba84a6df4ed46359e281edc420","isMergeCommit":true,"messageTitle":"Resolve conflict in AboutUs.md","messageBody":"","fileTypesAndContributionMap":{}}]},{"date":"2025-03-12","commitResults":[{"hash":"822ec3657cc327c998b376d11b2796c424580021","isMergeCommit":true,"messageTitle":"Merge pull request #58 from CVincent0907/branch-duplication-handling","messageBody":"Update the check for duplication of reservations made","fileTypesAndContributionMap":{}},{"hash":"2ea9f37694af846905cb80cd5b05ad8c13748761","isMergeCommit":true,"messageTitle":"Merge pull request #57 from CVincent0907/branch-dateToDate-validation","messageBody":"Add validation of day range","fileTypesAndContributionMap":{}},{"hash":"1e07b4726a8d7706fd909e2021fa1777ae633267","isMergeCommit":true,"messageTitle":"Merge pull request #56 from CVincent0907/branch-validate-phone","messageBody":"Modify phone number validation","fileTypesAndContributionMap":{}},{"hash":"bb27de3194f811047de5a94781353c1220a31ef5","isMergeCommit":true,"messageTitle":"Merge pull request #55 from CVincent0907/branch-automate-id","messageBody":"Automate reservation id generation","fileTypesAndContributionMap":{}},{"hash":"5c113aa205debfce49d640f81a4ea78fa8774c10","isMergeCommit":false,"messageTitle":"Refactor AddressBook.java and rename UniquePersonList.java","messageBody":"","fileTypesAndContributionMap":{"functional-code":{"insertions":38,"deletions":37},"other":{"insertions":14,"deletions":14},"test-code":{"insertions":68,"deletions":68}}},{"hash":"2478bdbeef63da4a1cd9e0ea2ab35e34e13ca4d9","isMergeCommit":true,"messageTitle":"Merge branch \u0027master\u0027 into refactor-AddressBook update changes in remote repo","messageBody":"","fileTypesAndContributionMap":{}},{"hash":"9636bd2246cbe46853aaace439e56c718fa2b7f4","isMergeCommit":false,"messageTitle":"Refactor UniquePersonList.java","messageBody":"","fileTypesAndContributionMap":{"functional-code":{"insertions":8,"deletions":8},"test-code":{"insertions":12,"deletions":12}}}]},{"date":"2025-03-13","commitResults":[{"hash":"2cf771c854f98ce59ce3c0580bd4c0470f26067c","isMergeCommit":true,"messageTitle":"Merge branch \u0027master\u0027 into refactor-AddressBook Merge master to this branch","messageBody":"","fileTypesAndContributionMap":{}},{"hash":"f8bf8640c07e401e0828335a7c7b6de83b86e2c7","isMergeCommit":false,"messageTitle":"Change code style","messageBody":"","fileTypesAndContributionMap":{"functional-code":{"insertions":13,"deletions":9}}},{"hash":"528b7cc2e3eaa7838378c2733eb4b32025bccab8","isMergeCommit":false,"messageTitle":"Fix code style issue","messageBody":"","fileTypesAndContributionMap":{"functional-code":{"insertions":2,"deletions":2}}},{"hash":"12e99f712f9ecd1538f149d076623b07b4f3fe3e","isMergeCommit":true,"messageTitle":"Merge branch \u0027master\u0027 into refactor-AddressBook Update the branch","messageBody":"","fileTypesAndContributionMap":{}},{"hash":"ac4e1c5633dd43637392fb7ff1b1199b9ce064b9","isMergeCommit":false,"messageTitle":"Debug the test file","messageBody":"","fileTypesAndContributionMap":{"test-code":{"insertions":1,"deletions":1}}},{"hash":"6f8174d104d4d38fccdc69e85c6846bc16a78474","isMergeCommit":false,"messageTitle":"Fix check style error","messageBody":"","fileTypesAndContributionMap":{"test-code":{"insertions":4,"deletions":10}}},{"hash":"d7f0852d2d99d185d9f841a887dfd09e8f2e902c","isMergeCommit":false,"messageTitle":"Fix code style","messageBody":"","fileTypesAndContributionMap":{"test-code":{"insertions":2,"deletions":1}}}]},{"date":"2025-03-14","commitResults":[{"hash":"8211f07839c9586599c2ee6b8a226e2249689edc","isMergeCommit":false,"messageTitle":"Implement internal logic of MarkCommand","messageBody":"","fileTypesAndContributionMap":{"functional-code":{"insertions":110,"deletions":6},"test-code":{"insertions":3,"deletions":3}}}]},{"date":"2025-03-16","commitResults":[{"hash":"356629668d7087b49aeea8f26b677d0baf271946","isMergeCommit":false,"messageTitle":"Implement storage and UI of isPaid attribute","messageBody":"","fileTypesAndContributionMap":{"functional-code":{"insertions":19,"deletions":5}}}]},{"date":"2025-03-18","commitResults":[{"hash":"fb5df082d3d0f6442847c864a8ec8fda63cfcc1b","isMergeCommit":true,"messageTitle":"Solve merge conflicts","messageBody":"","fileTypesAndContributionMap":{}},{"hash":"6e6026163255050a4cc60b21f9da5251fb1c0aba","isMergeCommit":true,"messageTitle":"Merge pull request #93 from CVincent0907/branch-update-DG","messageBody":"Update DG by adding in edit command use cases and details","fileTypesAndContributionMap":{}},{"hash":"ed704cc0804f6b4bb36332cdb8353dd747c6e5f2","isMergeCommit":true,"messageTitle":"Merge pull request #92 from CVincent0907/branch-update-UG","messageBody":"Update UG by adding in edit command details","fileTypesAndContributionMap":{}}]},{"date":"2025-03-19","commitResults":[{"hash":"827406caef0da697331556702bd1a1fa019b6cd5","isMergeCommit":false,"messageTitle":"Add unmark feature","messageBody":"","fileTypesAndContributionMap":{"functional-code":{"insertions":114,"deletions":13}}},{"hash":"b600159efaefe072c0d77eb919d63f51dbb28130","isMergeCommit":false,"messageTitle":"Adjust code style","messageBody":"","fileTypesAndContributionMap":{"functional-code":{"insertions":14,"deletions":8}}},{"hash":"626bb8019ed005ef41a84f3dccdfb2b82a1d7c3d","isMergeCommit":false,"messageTitle":"Refactor Message.java","messageBody":"","fileTypesAndContributionMap":{"functional-code":{"insertions":4,"deletions":4}}},{"hash":"0124570028dba1f9fb73b10c24a66b96437da96c","isMergeCommit":false,"messageTitle":"Modify header comment","messageBody":"","fileTypesAndContributionMap":{"functional-code":{"insertions":4,"deletions":4}}}]},{"date":"2025-03-26","commitResults":[{"hash":"ddec7250cd359ac8f437c1f46d6b6d8109e03acf","isMergeCommit":false,"messageTitle":"Add markCommand test cases","messageBody":"","fileTypesAndContributionMap":{"test-code":{"insertions":2,"deletions":0}}},{"hash":"d0b5bdc03cb2fb5d476fd6e08dbab2d1708bb6df","isMergeCommit":false,"messageTitle":"Add markCommand test cases","messageBody":"","fileTypesAndContributionMap":{"functional-code":{"insertions":3,"deletions":2},"other":{"insertions":12,"deletions":0},"test-code":{"insertions":141,"deletions":27}}},{"hash":"3479d4f610bad0499edd3a1358067d7409cd5974","isMergeCommit":false,"messageTitle":"Add test cases for unmarkCommand","messageBody":"","fileTypesAndContributionMap":{"test-code":{"insertions":76,"deletions":1}}}]},{"date":"2025-03-27","commitResults":[{"hash":"342cae06323e19cfb73c7b06da079da0dee9bfe0","isMergeCommit":false,"messageTitle":"Update markCommandParser test cases","messageBody":"","fileTypesAndContributionMap":{"functional-code":{"insertions":10,"deletions":0},"test-code":{"insertions":45,"deletions":0}}},{"hash":"e98ec53a0ad5358f6f54d8d41bbee8c22b34ebb2","isMergeCommit":false,"messageTitle":"Update unmarkCommandParser test cases","messageBody":"","fileTypesAndContributionMap":{"test-code":{"insertions":2,"deletions":0}}},{"hash":"f5bd0815e505193ba06be580e57be4c1857bf6da","isMergeCommit":false,"messageTitle":"Update unmarkCommandParser test cases","messageBody":"","fileTypesAndContributionMap":{"functional-code":{"insertions":8,"deletions":0},"test-code":{"insertions":40,"deletions":1}}}]},{"date":"2025-03-29","commitResults":[{"hash":"b2dc0ef9ded44aec1e3c07531c4b171d4d48d7d4","isMergeCommit":false,"messageTitle":"Update build.gradle to enable assertions","messageBody":"","fileTypesAndContributionMap":{"other":{"insertions":4,"deletions":0}}},{"hash":"40c1177f6f5d7cf91b87014765e3df09cb68fde9","isMergeCommit":true,"messageTitle":"Merge pull request #150 from CVincent0907/branch-EditTest","messageBody":"Modify Validation Regex in Identification and StartDate.java","fileTypesAndContributionMap":{}}]}],"CVincent0907":[{"date":"2025-03-04","commitResults":[{"hash":"a4abee677849ea9be5ddb8632eaecff5da71dd33","isMergeCommit":false,"messageTitle":"Update AboutUs.md","messageBody":"","fileTypesAndContributionMap":{"docs":{"insertions":4,"deletions":4}}},{"hash":"469fe2d6d28e7e231f71a445431de02efb557212","isMergeCommit":false,"messageTitle":"Update AboutUs.md","messageBody":"","fileTypesAndContributionMap":{"docs":{"insertions":1,"deletions":1}}},{"hash":"4eb868f39173af967f50a424e13b35f7f9d4d54b","isMergeCommit":true,"messageTitle":"Merge pull request #15 from Jasonzhou97/update-aboutme","messageBody":"Update the AboutUs page by Xinyang","fileTypesAndContributionMap":{}},{"hash":"c7b17fb388bd7575979de3fd3ab8c50844fb313b","isMergeCommit":false,"messageTitle":"Update README.md","messageBody":"","fileTypesAndContributionMap":{"docs":{"insertions":4,"deletions":3}}},{"hash":"a559d2f88b89bf412085c1493934fb7b5cc88f4b","isMergeCommit":false,"messageTitle":"Update DG.md","messageBody":"","fileTypesAndContributionMap":{"docs":{"insertions":90,"deletions":31}}},{"hash":"4fa92404ab1e230fc90470623292bb3d1057b93e","isMergeCommit":false,"messageTitle":"Update README.md","messageBody":"","fileTypesAndContributionMap":{"docs":{"insertions":1,"deletions":1}}},{"hash":"53090e379df68038662eae86470c5ee100661c3a","isMergeCommit":false,"messageTitle":"Update README.md","messageBody":"","fileTypesAndContributionMap":{"docs":{"insertions":2,"deletions":1}}},{"hash":"0ff34d5b04a3700154f80ff80eac3b3dd75359cf","isMergeCommit":false,"messageTitle":"Update README.md","messageBody":"","fileTypesAndContributionMap":{"docs":{"insertions":0,"deletions":1}}}]},{"date":"2025-03-05","commitResults":[{"hash":"777eecadf0a24b548f49fb94ba4157509da7ed16","isMergeCommit":false,"messageTitle":"Update README.md","messageBody":"","fileTypesAndContributionMap":{"docs":{"insertions":0,"deletions":2}}},{"hash":"e6a65c3514088bbe160a0b2da92a269d76bce6fa","isMergeCommit":true,"messageTitle":"Merge branch master to branch-update-AboutUs","messageBody":"","fileTypesAndContributionMap":{}},{"hash":"86c938680de56e76568118ba9c5f752855cc5586","isMergeCommit":true,"messageTitle":"Merge branch \u0027master\u0027 into branch-add-photo Merge branch master to branch-add-photo","messageBody":"","fileTypesAndContributionMap":{}},{"hash":"37eca079f0c4c63be2ad4a3e9676eb33a8d35e4c","isMergeCommit":true,"messageTitle":"Merge pull request to update DeveloperGuide.md","messageBody":"Proposed edits to DG","fileTypesAndContributionMap":{}},{"hash":"1f2eebc9ef4a93b9800a685ec9c218188851816f","isMergeCommit":false,"messageTitle":"Rename image to follow github username","messageBody":"","fileTypesAndContributionMap":{"docs":{"insertions":1,"deletions":1}}},{"hash":"4192f558e613a4e0b49320ee8be4936d4bd2122d","isMergeCommit":true,"messageTitle":"Merge branch \u0027master\u0027 into branch-add-photo Merge updated branch master with branch-add-photo","messageBody":"","fileTypesAndContributionMap":{}},{"hash":"d6c41a9968ee0e464af153a30c0d5e94c59eca91","isMergeCommit":true,"messageTitle":"Merge branch \u0027master\u0027 into branch-add-photo","messageBody":"","fileTypesAndContributionMap":{}},{"hash":"339183c982afc5164e493782c10628996990928a","isMergeCommit":false,"messageTitle":"Update image name to github username in AboutUs.md","messageBody":"","fileTypesAndContributionMap":{"docs":{"insertions":1,"deletions":1}}},{"hash":"852bdf267d4ac541abd68c42728a5231ed237886","isMergeCommit":true,"messageTitle":"Merge pull request #32 from CVincent0907/branch-add-photo","messageBody":"Update image to follow github username in both AboutUs and images docs","fileTypesAndContributionMap":{}}]},{"date":"2025-03-06","commitResults":[{"hash":"706e9f6c0a99fad1486ff91c05777144be5dd570","isMergeCommit":false,"messageTitle":"Update AboutUs.md","messageBody":"","fileTypesAndContributionMap":{"docs":{"insertions":2,"deletions":2}}},{"hash":"ea8e6a9d485868127f7cd6714134888ae54e7ec6","isMergeCommit":true,"messageTitle":"Merge pull request #34 from CVincent0907/branch-update-AboutUs","messageBody":"Update AboutUs.md","fileTypesAndContributionMap":{}},{"hash":"27c63be74d3182ed6e6ceeed13f0b04563b62c51","isMergeCommit":true,"messageTitle":"Merge pull request #37 from Frozennfishh/Frozennfishh-DGFormatting","messageBody":"DG Formatting and User Case updating","fileTypesAndContributionMap":{}}]},{"date":"2025-03-11","commitResults":[{"hash":"a4394db8510a0ae1c85cdfb7b355b0486b7aa18a","isMergeCommit":true,"messageTitle":"Merge pull request #44 from Frozennfishh/reservation-class-refactoring-2","messageBody":"Reservation Class Refactoring","fileTypesAndContributionMap":{}},{"hash":"dc6bd0ac52f6c415b73d170005af49582c729d89","isMergeCommit":true,"messageTitle":"Merge pull request #47 from Frozennfishh/update-UI","messageBody":"Update UI","fileTypesAndContributionMap":{}},{"hash":"04436d47852252dc9398fbf3ed575935fbea08c1","isMergeCommit":false,"messageTitle":"Update StartDate.java to allow validation of dates","messageBody":"","fileTypesAndContributionMap":{"functional-code":{"insertions":19,"deletions":2}}},{"hash":"3e7f1573ce2a04f218b99b005218df90e2f8083a","isMergeCommit":false,"messageTitle":"Modify Phone.java to ensure the phone number has a minimum of 4 digits","messageBody":"","fileTypesAndContributionMap":{"functional-code":{"insertions":2,"deletions":2}}},{"hash":"78c5405c023c2b65adc442927caa14619a1776b6","isMergeCommit":false,"messageTitle":"Update duplication handling method for reservation to be case insensitive for person name","messageBody":"","fileTypesAndContributionMap":{"functional-code":{"insertions":7,"deletions":2}}},{"hash":"8f826457d13f25d77e24b8434f7619b3a27310e3","isMergeCommit":false,"messageTitle":"Remove the PREFIX_ID in the MESSAGE example","messageBody":"","fileTypesAndContributionMap":{"functional-code":{"insertions":1,"deletions":3}}},{"hash":"1acf2180193953ad37bfd95b56d893d9ffa95694","isMergeCommit":false,"messageTitle":"Update the phone class and reservation class to automate ID giving","messageBody":"","fileTypesAndContributionMap":{"functional-code":{"insertions":20,"deletions":7}}},{"hash":"5cabeaebecf81550ed75d6abc5ac512a22d8abc3","isMergeCommit":false,"messageTitle":"Modify MESSAGE_CONSTRAINTS to notify user this is of last paremeter accepted in command","messageBody":"","fileTypesAndContributionMap":{"functional-code":{"insertions":5,"deletions":1}}},{"hash":"68b4b69e044500f5e64626a8d708343a1396c811","isMergeCommit":false,"messageTitle":"Modify the message back to original one","messageBody":"","fileTypesAndContributionMap":{"functional-code":{"insertions":1,"deletions":4}}},{"hash":"768d08ddedd3b3ef9c14e903dd52cc3b79cdf734","isMergeCommit":false,"messageTitle":"Modify Reservation.java to remove reservationCount field and related operation","messageBody":"","fileTypesAndContributionMap":{"functional-code":{"insertions":0,"deletions":10}}},{"hash":"e586150cdcff77703b90638bb20c20d7eb698979","isMergeCommit":false,"messageTitle":"Modify AddCommandParser.java and StartDate.java to allow to allow auto generation of id according to date + phone last 4 digits","messageBody":"","fileTypesAndContributionMap":{"functional-code":{"insertions":6,"deletions":4}}}]},{"date":"2025-03-13","commitResults":[{"hash":"5fbaba177549551fa1672b6c39dd3c61d4e764a9","isMergeCommit":true,"messageTitle":"Merge pull request #66 from Jasonzhou97/branch-add-lists-function","messageBody":"Add listrn and listrt functions ","fileTypesAndContributionMap":{}}]},{"date":"2025-03-15","commitResults":[{"hash":"c26ea1c5d602994eca2d5c4564ec81bfa29e066d","isMergeCommit":false,"messageTitle":"Add toWithoutSlashString method to improve abstration","messageBody":"","fileTypesAndContributionMap":{"functional-code":{"insertions":4,"deletions":0}}},{"hash":"8831d2dc75c5c1944ac41a7a150c1ade8e33bfaa","isMergeCommit":false,"messageTitle":"Update the class to incorporate newly add in method from StartDate.java to improve abstraction","messageBody":"","fileTypesAndContributionMap":{"functional-code":{"insertions":1,"deletions":1}}},{"hash":"4bc4d8b14cb7c82e1d4da8970979b2e9bd8a4196","isMergeCommit":false,"messageTitle":"Fix bug to update reservation id automatically whenever phone or date or both is changed in the reservation","messageBody":"","fileTypesAndContributionMap":{"functional-code":{"insertions":34,"deletions":1}}}]},{"date":"2025-03-18","commitResults":[{"hash":"14bf529f7335e0329bf250e62b5fb2d3b751c3bc","isMergeCommit":true,"messageTitle":"Merge pull request #76 from Frozennfishh/branch-addCommand-enhancement","messageBody":"Add Command Enhancements","fileTypesAndContributionMap":{}},{"hash":"2bebad2bbda693f16dc464b09d33f6bb2f86d4e9","isMergeCommit":true,"messageTitle":"Merge pull request #78 from Frozennfishh/branch-UI-enhancement","messageBody":"UI enhancement","fileTypesAndContributionMap":{}},{"hash":"2028ae44df8e1f77fa73c5e460a929b2a044c2ad","isMergeCommit":true,"messageTitle":"Merge pull request #84 from Frozennfishh/isValidId","messageBody":"Implement IsValidID","fileTypesAndContributionMap":{}},{"hash":"5440d949efc77fd97533e59073325f8243de7421","isMergeCommit":true,"messageTitle":"Merge pull request #87 from Jasonzhou97/update-ug","messageBody":"Update user-guide","fileTypesAndContributionMap":{}},{"hash":"dd7707577c516c36e4ca6165c37253b3f80803ae","isMergeCommit":true,"messageTitle":"Merge pull request #71 from caroline1233456/markCommand","messageBody":"Implement the internal logic of MarkCommand","fileTypesAndContributionMap":{}},{"hash":"4270160825a0295dd2252de3fc05b8aa6748b51e","isMergeCommit":false,"messageTitle":"Update getReservationUsingId to getOverallList before filtering","messageBody":"","fileTypesAndContributionMap":{"functional-code":{"insertions":20,"deletions":14}}},{"hash":"921ed67d52cc4be6cdbed8bce6b1b586d0840bf0","isMergeCommit":false,"messageTitle":"add getOverallReservationList to ease to enable mark, edit and delete command at whatver GUI the user is at","messageBody":"","fileTypesAndContributionMap":{"functional-code":{"insertions":9,"deletions":0}}},{"hash":"edaed215494d95e28ce29242ef6d119114bac16e","isMergeCommit":false,"messageTitle":"Rename index to ID","messageBody":"","fileTypesAndContributionMap":{"functional-code":{"insertions":11,"deletions":10}}},{"hash":"584f04daf02ea8e08a6d758361314db0588ef5db","isMergeCommit":false,"messageTitle":"Streamline Delete, Edit, Mark, Remark to incorporate Identification.getReservationUsingId for validation and retrieval","messageBody":"","fileTypesAndContributionMap":{"functional-code":{"insertions":46,"deletions":90}}},{"hash":"f161538dd77a94a918978331aa777976e8b6f1e4","isMergeCommit":false,"messageTitle":"Add in parseID method and comment out parseIndex for future use","messageBody":"","fileTypesAndContributionMap":{"functional-code":{"insertions":25,"deletions":11}}},{"hash":"0c80e2bca44289adfa590e31b5d75c9021791fed","isMergeCommit":false,"messageTitle":"Change parseIndex method into parseID method","messageBody":"","fileTypesAndContributionMap":{"functional-code":{"insertions":12,"deletions":23}}},{"hash":"ae4ec3899e1f4ffb4b01eed589af40a3ea5caf7a","isMergeCommit":false,"messageTitle":"Change parseIndex into parseID","messageBody":"","fileTypesAndContributionMap":{"functional-code":{"insertions":4,"deletions":4}}},{"hash":"0fa6250b6a409170e89c3def6a5aee1f149b0512","isMergeCommit":false,"messageTitle":"Add in isPaid method to improve abstraction to be used by markCommand","messageBody":"","fileTypesAndContributionMap":{"functional-code":{"insertions":7,"deletions":1}}},{"hash":"080bf41d7b204febc2bcb35f0c866dd0df1f5670","isMergeCommit":false,"messageTitle":"Enable the isValidDateRange method","messageBody":"","fileTypesAndContributionMap":{"functional-code":{"insertions":1,"deletions":2}}},{"hash":"ec035750b9faf36d90c02369f719d5cfd232539c","isMergeCommit":false,"messageTitle":"Comment out all the codes for respective changes after the usage of index is changed to ID","messageBody":"","fileTypesAndContributionMap":{"test-code":{"insertions":290,"deletions":290}}},{"hash":"6f412aaf9159a1200ba848a0e6a772639f0dafce","isMergeCommit":false,"messageTitle":"Update Developer Guide by adding validID, uniquelast4digits NFR + edit use case","messageBody":"","fileTypesAndContributionMap":{"docs":{"insertions":25,"deletions":5}}},{"hash":"30abcb530cc9e4bec7e3e4075362b0c9576e62df","isMergeCommit":false,"messageTitle":"Update UG with edit command","messageBody":"","fileTypesAndContributionMap":{"docs":{"insertions":37,"deletions":14}}},{"hash":"9011401ebb5e6676d89948352f8e782775091fa1","isMergeCommit":false,"messageTitle":"Delete sample data point ALEX","messageBody":"","fileTypesAndContributionMap":{"functional-code":{"insertions":3,"deletions":3}}},{"hash":"da06a956dd7653df5564c1eaa2cd8abe9728a549","isMergeCommit":true,"messageTitle":"Merge pull request #94 from Frozennfishh/branch-isValidDate-fix","messageBody":"Fix `isValidDate`","fileTypesAndContributionMap":{}}]},{"date":"2025-03-19","commitResults":[{"hash":"28f4a6f71e1a6a6b3cf9bae4e9c03e075df21e8b","isMergeCommit":true,"messageTitle":"Merge pull request #95 from caroline1233456/unmarkCommand","messageBody":"Implement UnmarkCommand","fileTypesAndContributionMap":{}},{"hash":"702486cc256b40eefb7afadbf33a7615f102a2a9","isMergeCommit":true,"messageTitle":"Merge pull request #96 from caroline1233456/Refactor-Message","messageBody":"Refactor Message.java","fileTypesAndContributionMap":{}},{"hash":"1a6f0d9eb79e1c4d3f4704f3248a649c677bad4d","isMergeCommit":false,"messageTitle":"Add a method to produce filter tomorrow or today reservations predicate","messageBody":"","fileTypesAndContributionMap":{"functional-code":{"insertions":22,"deletions":0}}},{"hash":"9dd2ca16c177ce9f56e80719a0f6109c74a99ee1","isMergeCommit":false,"messageTitle":"Update PredicateSHOWALL to show TODAY \u0026 TOMORROW Reservation Predicate in our use case","messageBody":"","fileTypesAndContributionMap":{"functional-code":{"insertions":9,"deletions":3}}}]},{"date":"2025-03-25","commitResults":[{"hash":"4505f48a2effbc8c374702b65c5426a66d13cb47","isMergeCommit":false,"messageTitle":"Refactor Listrp","messageBody":"","fileTypesAndContributionMap":{"functional-code":{"insertions":2,"deletions":0}}}]},{"date":"2025-03-26","commitResults":[{"hash":"25021551bf5421f18dd1fc1ad60c25adbd9cc333","isMergeCommit":true,"messageTitle":"Merge pull request #122 from Frozennfishh/branch-autoRegularTag","messageBody":"Add colour change to ReservationCard based on `Regular` field","fileTypesAndContributionMap":{}},{"hash":"3680d152e56bd88ffc7cae11bf7759d3fe044006","isMergeCommit":true,"messageTitle":"ear erge branch \u0027master\u0027 into branch-EditTest","messageBody":"","fileTypesAndContributionMap":{}}]},{"date":"2025-03-27","commitResults":[{"hash":"8f48ee59da16200979d869e63b7c18bc52b4bd79","isMergeCommit":false,"messageTitle":"Update EditCommandParserTest","messageBody":"","fileTypesAndContributionMap":{"functional-code":{"insertions":1,"deletions":1},"test-code":{"insertions":364,"deletions":255}}},{"hash":"a7c5f9f8cffd17a9ba1f67d4e143fbbe16e503bc","isMergeCommit":false,"messageTitle":"Update EditCommandTest","messageBody":"","fileTypesAndContributionMap":{"test-code":{"insertions":130,"deletions":83}}},{"hash":"93f0b24aef7370c1a765c002f11e6a18932960a3","isMergeCommit":false,"messageTitle":"Improve styling","messageBody":"","fileTypesAndContributionMap":{"functional-code":{"insertions":1,"deletions":2},"test-code":{"insertions":140,"deletions":132}}},{"hash":"463f6fcf96f150abeffcbe73fbc167a2390986e8","isMergeCommit":true,"messageTitle":"Resolve merge conflict in typicalReservation and reservationBuilder","messageBody":"","fileTypesAndContributionMap":{}},{"hash":"f385256729ec72b4de764ca0fe9ead0808d0c463","isMergeCommit":false,"messageTitle":"Fix checkstyle error beside Name.java and Phone.java","messageBody":"","fileTypesAndContributionMap":{"functional-code":{"insertions":3,"deletions":4},"test-code":{"insertions":176,"deletions":171}}},{"hash":"b382a6d26d3f195944ddec5844752605650d716b","isMergeCommit":true,"messageTitle":"Resolve conflict and update styling","messageBody":"","fileTypesAndContributionMap":{}},{"hash":"693548ed8be561efb96e56b6536063e7967056f6","isMergeCommit":false,"messageTitle":"Update Phone.java and Name.java with a default constructor for UI booting up","messageBody":"","fileTypesAndContributionMap":{"functional-code":{"insertions":14,"deletions":0}}},{"hash":"a384b2cbb44102af032b29c6806d55a0b86b9ff4","isMergeCommit":true,"messageTitle":"Merge pull request #137 from Jasonzhou97/update-testcases","messageBody":"Add new testcases for 3 list commands","fileTypesAndContributionMap":{}},{"hash":"8ed0595125c349892dc6319fce8cd9b4160ddb2b","isMergeCommit":true,"messageTitle":"Merge branch \u0027master\u0027 into branch-FixUIBOOT","messageBody":"","fileTypesAndContributionMap":{}},{"hash":"e71d42c9816cebcc206c1610a3066ac27a5b7fd8","isMergeCommit":true,"messageTitle":"Merge pull request #140 from CVincent0907/branch-FixUIBOOT","messageBody":"Fix UI Boot Issue","fileTypesAndContributionMap":{}}]},{"date":"2025-03-28","commitResults":[{"hash":"1358eaf9045446f671522515e32a66ac95aaaef1","isMergeCommit":true,"messageTitle":"Merge pull request #143 from Jasonzhou97/update-edit-delete","messageBody":"Update person list manager to accommodate edit delete","fileTypesAndContributionMap":{}}]},{"date":"2025-03-29","commitResults":[{"hash":"5f989a5277caf148a19f9da98787d416c8e6c98a","isMergeCommit":false,"messageTitle":"Add remark handling","messageBody":"","fileTypesAndContributionMap":{"functional-code":{"insertions":5,"deletions":0}}},{"hash":"42167eaf1dabf840499d77deb1c0f9c332788bd3","isMergeCommit":false,"messageTitle":"Update validation regex in Identification.java and StartDate.java","messageBody":"","fileTypesAndContributionMap":{"functional-code":{"insertions":18,"deletions":9},"test-code":{"insertions":1,"deletions":0}}},{"hash":"85c4f841900e50b5e964b3cba43c784ec3a834d6","isMergeCommit":true,"messageTitle":"Merge branch \u0027master\u0027 of https://github.com/AY2425S2-CS2103T-T09-3/tp into branch-EditTest","messageBody":"","fileTypesAndContributionMap":{}},{"hash":"fdbb61657c80eaad0617e3779b934ced64ace826","isMergeCommit":false,"messageTitle":"Update styling","messageBody":"","fileTypesAndContributionMap":{"functional-code":{"insertions":6,"deletions":11}}},{"hash":"4ce447df1ebe1168dc6de249c0a4b970590b0416","isMergeCommit":true,"messageTitle":"Merge pull request #148 from caroline1233456/branch-updateGradle","messageBody":"Update build.gradle to enable assertions","fileTypesAndContributionMap":{}}]}],"Jasonzhou97":[{"date":"2025-03-01","commitResults":[{"hash":"c2cac7774030e9958bf7859815eb79049f109a80","isMergeCommit":false,"messageTitle":"Add new photo","messageBody":"","fileTypesAndContributionMap":{"functional-code":{"insertions":61,"deletions":9}}},{"hash":"b27994b1c6470eec9c2b96a038597b55d533c19b","isMergeCommit":false,"messageTitle":"Remove remark command","messageBody":"","fileTypesAndContributionMap":{"functional-code":{"insertions":0,"deletions":56}}},{"hash":"9864faca13d9c493f3f94b195808c832b38d6121","isMergeCommit":false,"messageTitle":"Remove remark in parser","messageBody":"","fileTypesAndContributionMap":{"functional-code":{"insertions":0,"deletions":3}}},{"hash":"462f8b9a4417b095243ee5da28c3e94a3cfb4585","isMergeCommit":false,"messageTitle":"Edit styles","messageBody":"","fileTypesAndContributionMap":{"functional-code":{"insertions":10,"deletions":3}}},{"hash":"3e69f0013a67aaf5a23d014f1199792c9024d80a","isMergeCommit":false,"messageTitle":"Remove trailing whitespace","messageBody":"","fileTypesAndContributionMap":{"functional-code":{"insertions":0,"deletions":1}}},{"hash":"4252f67a6febb95043eb063d4ca1709eb0623bce","isMergeCommit":false,"messageTitle":"Update aboutus","messageBody":"","fileTypesAndContributionMap":{"docs":{"insertions":5,"deletions":6}}}]},{"date":"2025-03-02","commitResults":[{"hash":"d1d63f814e0c56ff5577afa8ca7270ed70f58b0f","isMergeCommit":false,"messageTitle":"Update about me","messageBody":"","fileTypesAndContributionMap":{"docs":{"insertions":0,"deletions":29}}}]},{"date":"2025-03-03","commitResults":[{"hash":"2c0f43afed43bc3dd41bbbeb9fc4d7ea885ef2b8","isMergeCommit":true,"messageTitle":"Merge pull request #14 from Jasonzhou97/master","messageBody":"Add XInyang\u0027s photo","fileTypesAndContributionMap":{}},{"hash":"2ccb1c2ebcd7525a343c4bc670688c09a252bcdc","isMergeCommit":true,"messageTitle":"Merge pull request #3 from Frozennfishh/branch-AddPhoto","messageBody":"Add photo to docs/images","fileTypesAndContributionMap":{}}]},{"date":"2025-03-07","commitResults":[{"hash":"cd69d6fa3d1b82697f436f00fc5c7e68d7022b50","isMergeCommit":false,"messageTitle":"Update readme","messageBody":"","fileTypesAndContributionMap":{"docs":{"insertions":0,"deletions":4}}},{"hash":"df88a2a7d327ae23189523871f4704ab54034311","isMergeCommit":true,"messageTitle":"Merge pull request #39 from Jasonzhou97/update-readme","messageBody":"Update readme to fit requirements ","fileTypesAndContributionMap":{}}]},{"date":"2025-03-13","commitResults":[{"hash":"891b5512c049ad7920824c4ebc6ae41eb9a42a6a","isMergeCommit":true,"messageTitle":"Merge pull request #64 from Frozennfishh/branch-build-fix","messageBody":"Branch build fix","fileTypesAndContributionMap":{}},{"hash":"b3ebd97691285bc0f367d7113efe2aebb4cb69a9","isMergeCommit":false,"messageTitle":"Add listrt and listrn commands","messageBody":"","fileTypesAndContributionMap":{"functional-code":{"insertions":100,"deletions":12},"test-code":{"insertions":4,"deletions":0}}},{"hash":"670fb5417c344808a6650e3424877253d3d24129","isMergeCommit":true,"messageTitle":"Merge remote-tracking branch \u0027origin/master\u0027 into branch-add-lists-function Added lists function and need to merge with latest changes to avoid conflicts.","messageBody":"","fileTypesAndContributionMap":{}},{"hash":"0fbccc656a91d5284b66f41970c78279cd557085","isMergeCommit":false,"messageTitle":"Edit checkstyle errors","messageBody":"","fileTypesAndContributionMap":{"functional-code":{"insertions":25,"deletions":16},"other":{"insertions":10,"deletions":5}}},{"hash":"0806397bacdb3f43bfc2069c90040db29fa92236","isMergeCommit":false,"messageTitle":"Add new line at end of file","messageBody":"","fileTypesAndContributionMap":{"functional-code":{"insertions":1,"deletions":2}}},{"hash":"802f43f71a0bbd9b53d2b452cc94e07acea3b6eb","isMergeCommit":false,"messageTitle":"Edit style","messageBody":"","fileTypesAndContributionMap":{"functional-code":{"insertions":18,"deletions":4}}},{"hash":"9d107586ed16b23ea8f696de931695653c6dcf4f","isMergeCommit":false,"messageTitle":"Edit import order","messageBody":"","fileTypesAndContributionMap":{"functional-code":{"insertions":7,"deletions":7}}},{"hash":"d8563dba82f40b588a23ab62d035d9463c808bdf","isMergeCommit":false,"messageTitle":"Add stubs","messageBody":"","fileTypesAndContributionMap":{"test-code":{"insertions":8,"deletions":0}}},{"hash":"5fab69d6f4402885f54445b4a534a2927c7aa729","isMergeCommit":false,"messageTitle":"Edit test methods","messageBody":"","fileTypesAndContributionMap":{"test-code":{"insertions":0,"deletions":4}}},{"hash":"5e94236585fd5337b86f2904dd6b6b0c99f976b0","isMergeCommit":false,"messageTitle":"Add test classes for list","messageBody":"","fileTypesAndContributionMap":{"test-code":{"insertions":18,"deletions":0}}},{"hash":"33722c52b4416e9fed3c6efc39923c3a194ad899","isMergeCommit":false,"messageTitle":"Add line","messageBody":"","fileTypesAndContributionMap":{"test-code":{"insertions":1,"deletions":1}}}]},{"date":"2025-03-17","commitResults":[{"hash":"699eb58a2e5bc446265e590bee391665772e954a","isMergeCommit":false,"messageTitle":"Set initalisation screen to listrt result","messageBody":"","fileTypesAndContributionMap":{"functional-code":{"insertions":4,"deletions":1}}},{"hash":"0641d04ed39b0f1625b3ce9f6acbde66c1d95743","isMergeCommit":false,"messageTitle":"Delete unused lines","messageBody":"","fileTypesAndContributionMap":{"functional-code":{"insertions":0,"deletions":3}}},{"hash":"8067f86b238d8c991018183e81c94c9bcb5156e2","isMergeCommit":false,"messageTitle":"Edit style","messageBody":"","fileTypesAndContributionMap":{"functional-code":{"insertions":3,"deletions":5}}},{"hash":"8a7abbc03cca5397ee31854cdba9b57d207ad70c","isMergeCommit":false,"messageTitle":"Update ug","messageBody":"","fileTypesAndContributionMap":{"docs":{"insertions":93,"deletions":108}}},{"hash":"ad2d11e077bf71f4d213d5227968fd425e7cf264","isMergeCommit":false,"messageTitle":"Edit ug","messageBody":"","fileTypesAndContributionMap":{"docs":{"insertions":0,"deletions":13}}},{"hash":"d397c14379c1330440d25ee68a49d02555f2556a","isMergeCommit":false,"messageTitle":"Edit help msg","messageBody":"","fileTypesAndContributionMap":{"docs":{"insertions":1,"deletions":1}}},{"hash":"f6d090d0428f245454f57336e275b5ba09ecba7a","isMergeCommit":false,"messageTitle":"Edit styling","messageBody":"","fileTypesAndContributionMap":{"docs":{"insertions":15,"deletions":14}}},{"hash":"26b40098eba174da5c4eafa25aadc8de979ed801","isMergeCommit":false,"messageTitle":"Edit style","messageBody":"","fileTypesAndContributionMap":{"docs":{"insertions":3,"deletions":2}}},{"hash":"ed0ca176f6c2e581a5a722ad60090db52ff42759","isMergeCommit":false,"messageTitle":"Add line eof","messageBody":"","fileTypesAndContributionMap":{"docs":{"insertions":1,"deletions":2}}}]},{"date":"2025-03-19","commitResults":[{"hash":"9965028c3236db33f0aae0b889c5654bd5101f85","isMergeCommit":true,"messageTitle":"Merge pull request #99 from CVincent0907/branch-fix-PredicateShowAll","messageBody":"Fix list to show today and tomorrow reservations only and the related showallpredicate.","fileTypesAndContributionMap":{}}]},{"date":"2025-03-24","commitResults":[{"hash":"63bde0254b8025c3342490615c0ce6f4287965f9","isMergeCommit":false,"messageTitle":"Add persons list function","messageBody":"","fileTypesAndContributionMap":{"functional-code":{"insertions":799,"deletions":33}}},{"hash":"583c1d58cea203a4cc0e94d83c9773720bc1b8f1","isMergeCommit":false,"messageTitle":"Edit predicate","messageBody":"","fileTypesAndContributionMap":{"functional-code":{"insertions":1,"deletions":1}}},{"hash":"6a489c4480a92606d29230b4c9a082ceb063bf68","isMergeCommit":false,"messageTitle":"Edit eof","messageBody":"","fileTypesAndContributionMap":{"functional-code":{"insertions":4,"deletions":4}}},{"hash":"8f2f76d8e5a2480b1c5ebb3347542e0bad77d6d2","isMergeCommit":false,"messageTitle":"Remove regulars json file","messageBody":"","fileTypesAndContributionMap":{"functional-code":{"insertions":45,"deletions":247}}}]},{"date":"2025-03-25","commitResults":[{"hash":"ad2751a7882c79ea7393d19497df3a01570ab90d","isMergeCommit":false,"messageTitle":"Edit storage issues","messageBody":"","fileTypesAndContributionMap":{"functional-code":{"insertions":180,"deletions":233}}}]},{"date":"2025-03-26","commitResults":[{"hash":"4dce3838ef81efaceb134a1115861bac5b663748","isMergeCommit":false,"messageTitle":"Update edit function to edit persons list file too","messageBody":"","fileTypesAndContributionMap":{"functional-code":{"insertions":128,"deletions":2}}},{"hash":"96718ad15f3bb4a90a360405cc9d193b1d3e2c3b","isMergeCommit":false,"messageTitle":"Add line at EOF","messageBody":"","fileTypesAndContributionMap":{"functional-code":{"insertions":2,"deletions":2}}},{"hash":"2be9c2a231faa68b021e66691d58c71371987edf","isMergeCommit":false,"messageTitle":"Update edit function to edit persons list file too","messageBody":"","fileTypesAndContributionMap":{"functional-code":{"insertions":128,"deletions":2}}},{"hash":"b1dca560dd324812a17a8e62383b5be42ff39af0","isMergeCommit":false,"messageTitle":"Add line at EOF","messageBody":"","fileTypesAndContributionMap":{"functional-code":{"insertions":2,"deletions":2}}}]},{"date":"2025-03-27","commitResults":[{"hash":"b540a8a09ba1ce4fd32383afea82f7e3669dff79","isMergeCommit":false,"messageTitle":"Update personlist manager","messageBody":"","fileTypesAndContributionMap":{"functional-code":{"insertions":122,"deletions":14}}},{"hash":"99ac00fb672a87179603662b772f46cb71e6d6e1","isMergeCommit":false,"messageTitle":"Add new testcases for 3 list commands","messageBody":"","fileTypesAndContributionMap":{"test-code":{"insertions":267,"deletions":11}}},{"hash":"8f4021a931f8f291662c9831dd2b7b16e6a72f06","isMergeCommit":false,"messageTitle":"Edit import","messageBody":"","fileTypesAndContributionMap":{"test-code":{"insertions":5,"deletions":1}}},{"hash":"abc9e9f1957977d71e320517369768f4173038b8","isMergeCommit":false,"messageTitle":"Remove white space","messageBody":"","fileTypesAndContributionMap":{"functional-code":{"insertions":0,"deletions":1}}},{"hash":"2f6ea0fd9cdd1ab93b21c1fee75ae4e23b32cb77","isMergeCommit":false,"messageTitle":"Edit style errors","messageBody":"","fileTypesAndContributionMap":{"functional-code":{"insertions":8,"deletions":5},"test-code":{"insertions":1,"deletions":1}}},{"hash":"7dc0d89c6ee44bc628319b0b13d2ac2eb4004056","isMergeCommit":true,"messageTitle":"Merge pull request #135 from Frozennfishh/branch-checkstyle","messageBody":"Fix Checkstyle Errors","fileTypesAndContributionMap":{}},{"hash":"3168c8e4482b146fc8c750b110e9252658f6e509","isMergeCommit":true,"messageTitle":"Merge pull request #138 from CVincent0907/branch-EditTest","messageBody":"Update EditCommandParserTest.java","fileTypesAndContributionMap":{}},{"hash":"e703d16e7a7a02b19ec790e886e20ca71dce27c5","isMergeCommit":true,"messageTitle":"Merge master into my branch","messageBody":"","fileTypesAndContributionMap":{}},{"hash":"4b507be24bbe7942a708f438bb2117fb443cac2a","isMergeCommit":false,"messageTitle":"Edit style","messageBody":"","fileTypesAndContributionMap":{"functional-code":{"insertions":0,"deletions":5}}},{"hash":"14aa3db003217206ec8097da78503d716af29bbc","isMergeCommit":false,"messageTitle":"Add accessor","messageBody":"","fileTypesAndContributionMap":{"functional-code":{"insertions":3,"deletions":0}}},{"hash":"7ee71d03e933354d349f2e19a006c86596d60c4e","isMergeCommit":false,"messageTitle":"Fix constructor","messageBody":"","fileTypesAndContributionMap":{"functional-code":{"insertions":4,"deletions":1}}},{"hash":"b61daab1fd8e18c2c306b09d40a1901fb6a44fc2","isMergeCommit":false,"messageTitle":"Edit access modifier","messageBody":"","fileTypesAndContributionMap":{"functional-code":{"insertions":15,"deletions":11},"test-code":{"insertions":2,"deletions":2}}},{"hash":"305c782e9f337db67cf183e5b46031a7743b98b4","isMergeCommit":false,"messageTitle":"Edit import issues","messageBody":"","fileTypesAndContributionMap":{"test-code":{"insertions":7,"deletions":11}}},{"hash":"33f117fe13449389f105679723786eda4fc1ddfc","isMergeCommit":false,"messageTitle":"Fix unused import","messageBody":"","fileTypesAndContributionMap":{"test-code":{"insertions":0,"deletions":1}}},{"hash":"2bb2c7bbcd3b0a04946e18340a3ee5023130ff62","isMergeCommit":false,"messageTitle":"Add person list test","messageBody":"","fileTypesAndContributionMap":{"test-code":{"insertions":135,"deletions":0}}},{"hash":"e0869bbebaf903dacec08263c72e73c2dc51b7f4","isMergeCommit":false,"messageTitle":"Fix import","messageBody":"","fileTypesAndContributionMap":{"test-code":{"insertions":0,"deletions":3}}},{"hash":"d7073b211be7044d85ed8d67154bd1c9f4b7efbc","isMergeCommit":false,"messageTitle":"Fix unused import","messageBody":"","fileTypesAndContributionMap":{"test-code":{"insertions":0,"deletions":3}}},{"hash":"73ee12d0c3596163cd6f628460a3965e11e7d06b","isMergeCommit":true,"messageTitle":"Resolve merge conflicts","messageBody":"","fileTypesAndContributionMap":{}},{"hash":"b1a367c06d04f137200aa49e016669853b4c4867","isMergeCommit":false,"messageTitle":"Edit test","messageBody":"","fileTypesAndContributionMap":{"test-code":{"insertions":4,"deletions":1}}},{"hash":"2a64a3f8ed6d9fb44534176cdbfbcb5968e2f1f1","isMergeCommit":false,"messageTitle":"Edit style","messageBody":"","fileTypesAndContributionMap":{"test-code":{"insertions":1,"deletions":1}}},{"hash":"3f482c2f850a67f49331a51656cce07d6c634eff","isMergeCommit":false,"messageTitle":"Add test cases","messageBody":"","fileTypesAndContributionMap":{"test-code":{"insertions":190,"deletions":0}}},{"hash":"bcf3897261c9e93d5c62dbb62a2a4a34749467c0","isMergeCommit":false,"messageTitle":"Add line EOF","messageBody":"","fileTypesAndContributionMap":{"test-code":{"insertions":1,"deletions":1}}},{"hash":"f170d424ae8f666f35c841a5682c0ce4919bba56","isMergeCommit":false,"messageTitle":"Edit style","messageBody":"","fileTypesAndContributionMap":{"test-code":{"insertions":8,"deletions":102}}}]},{"date":"2025-03-28","commitResults":[{"hash":"492bdefc5d4215021f80d080cb4cddb8a104cb8e","isMergeCommit":false,"messageTitle":"Simplify test","messageBody":"","fileTypesAndContributionMap":{"test-code":{"insertions":3,"deletions":69}}}]}],"Frozennfishh":[{"date":"2025-02-28","commitResults":[{"hash":"4f49735a6c76fadbbc4321a316788f0a47e625d3","isMergeCommit":false,"messageTitle":"AboutUs docs: Default document from template","messageBody":"The current AboutUs docs is the default document from the template.\n\nUpdated the AboutUs docs to include my details.\n\n* image src currently points to unavailable photo due to photo\n being on another PR branch\n* portfolio hyperlink has not been changed due to lack of\nportfolio. Will update once portfolio has been set up and added into\nfiles\n","fileTypesAndContributionMap":{"docs":{"insertions":4,"deletions":43}}}]},{"date":"2025-03-05","commitResults":[{"hash":"77e82d172554aeb5a5e473a8b5af71f913f23f91","isMergeCommit":false,"messageTitle":"AboutUs: Name is wrong for Leonard\u0027s Section","messageBody":"Name was not updated for Leonard\u0027s section during the edit.\n\nChanged the name accordingly.\n","fileTypesAndContributionMap":{"docs":{"insertions":1,"deletions":1}}},{"hash":"7c612016d6dff7395178cd268ee13adc3436a1c6","isMergeCommit":true,"messageTitle":"Merge branch \u0027master\u0027 into branch-UpdateAboutUs","messageBody":"# Conflicts:\n#\tdocs/AboutUs.md\n","fileTypesAndContributionMap":{}},{"hash":"70bdf380ab3e8c589efc67b7b5594cd89a50ce98","isMergeCommit":true,"messageTitle":"Merge pull request #5 from Frozennfishh/branch-UpdateAboutUs","messageBody":"AboutUs docs: Default document from template\n\nMerging PR to add Leonard\u0027s About-Us page","fileTypesAndContributionMap":{}},{"hash":"4f77f2fc4ec59d9cdca838b6f45dbb9a2552edd5","isMergeCommit":true,"messageTitle":"Merge pull request #21 from CVincent0907/branch-add-photo","messageBody":"Add Weng Sheng\u0027s photo","fileTypesAndContributionMap":{}},{"hash":"35170a57e0da3d968843965b45a0315ef0661bcf","isMergeCommit":true,"messageTitle":"Merge branch \u0027update-aboutUs\u0027 of https://github.com/caroline1233456/tp into caroline1233456-update-aboutUs","messageBody":"# Conflicts:\n#\tdocs/AboutUs.md\n#\tdocs/images/caroline1233456.png\n","fileTypesAndContributionMap":{}},{"hash":"72ce20fd51a7c8fa71e4e705988d4cc067b2ecd6","isMergeCommit":true,"messageTitle":"Merge pull request #10 from caroline1233456/update-aboutUs","messageBody":"Update the AboutUs page by Yang Qingru\n\nMerged by Leonard to test remote merging.","fileTypesAndContributionMap":{}},{"hash":"15b5e55f0d0c47a3ba4ce06e7ac2751e47e68f0c","isMergeCommit":true,"messageTitle":"Merge pull request #28 from Frozennfishh/caroline1233456-update-aboutUs","messageBody":"Merge branch \u0027update-aboutUs\u0027 of https://github.com/caroline1233456/tp","fileTypesAndContributionMap":{}},{"hash":"3c2d5dd21e4ab5ba70075acbfe4cae22559d1bea","isMergeCommit":true,"messageTitle":"Merge pull request #27 from CVincent0907/branch-update-README","messageBody":"Fixes #25: Update README.md by Weng Sheng\n\nThis README.md version should take precedence over the PR for DG edit during conflict resolution, if any.","fileTypesAndContributionMap":{}},{"hash":"b1ed57c47bee75145e146557a430b744f853f98c","isMergeCommit":true,"messageTitle":"Merge pull request #23 from CVincent0907/branch-update-AboutUs","messageBody":"Fixes #22: Update the AboutUs Page by Weng Sheng","fileTypesAndContributionMap":{}},{"hash":"e74934cfbd7c870f3eb1c68d271eb6e1e8b01c53","isMergeCommit":true,"messageTitle":"Merge branch \u0027master\u0027 into branch-AboutUs","messageBody":"","fileTypesAndContributionMap":{}},{"hash":"da3c236fe1d050995903f7a894eecf147fe79b3a","isMergeCommit":true,"messageTitle":"Merge pull request #19 from geeliette/branch-AboutUs","messageBody":"Update the AboutUs page by Juliette\n\nConflict resolution done by Leonard to test in-built git conflict resolution","fileTypesAndContributionMap":{}},{"hash":"f98873d3f881c18e21c0c126b78499ffaab97fc4","isMergeCommit":true,"messageTitle":"Merge branch \u0027master\u0027 into branch-update-DG","messageBody":"","fileTypesAndContributionMap":{}},{"hash":"ca0a8902961c1c53841c606f76fad01fd489f306","isMergeCommit":true,"messageTitle":"Merge pull request #26 from CVincent0907/branch-update-DG","messageBody":"Fixes #24: Update DeveloperGuide.md by Weng Sheng","fileTypesAndContributionMap":{}},{"hash":"2e0a9ece582d4b8ec9db3c8787ff38cc91cd3161","isMergeCommit":false,"messageTitle":"1. Format of table is wrong in code","messageBody":"The format of table is wrong when displayed in code.\n\nTable format has been readjusted for easier reading and editing.\n\n2. Missing extensions for Mark\n\nExtensions for the Mark use case is not complete.\n\nAdded extensions for Mark use case if user tries to find a reservation\nthat does not exist or tries to mark and already marked reservation\n\n3. Missing Unmark use case\n\nUnmark use case not added yet.\n\nAdded unmark use case together with relevant extensions.\n","fileTypesAndContributionMap":{"docs":{"insertions":63,"deletions":33}}},{"hash":"4c4eeba4fbe698e9764d28c76c1a17eda0118e8b","isMergeCommit":false,"messageTitle":"Add use cases for Exit, Find reservation and listing reservations.","messageBody":"Not all essential MVP features are added.\n\n* Added use cases for Exit, Find reservations by name and\nlisting reservations with corresponding extensions\n* Added lines between each use case for easier readability\n","fileTypesAndContributionMap":{"docs":{"insertions":39,"deletions":1}}}]},{"date":"2025-03-06","commitResults":[{"hash":"00ff6ef5c7b9277854231626516eda290dafa6dc","isMergeCommit":true,"messageTitle":"Merge branch \u0027master\u0027 into Frozennfishh-DGFormatting","messageBody":"","fileTypesAndContributionMap":{}},{"hash":"05db905a6e6e2aed2c44f05576a5482005ae32b6","isMergeCommit":false,"messageTitle":"Remove UI referencing in DG","messageBody":"DG references UI aspects in some use cases.\n\n* All UI references in all use cases have been removed\n* Edited header of Use Case for better readability\n* Numbered use cases accordingly\n","fileTypesAndContributionMap":{"docs":{"insertions":18,"deletions":15}}},{"hash":"58aa9471341daaa7f7189e13812ffc9e98b7a1fc","isMergeCommit":false,"messageTitle":"Edit to U1","messageBody":"U1 does not include sufficient extensions.\n\nAdded relevant extensions to U1.\n","fileTypesAndContributionMap":{"docs":{"insertions":11,"deletions":6}}},{"hash":"904c1d92a2e6abc4f0d3cde7fd5e28a939bfa455","isMergeCommit":false,"messageTitle":"Edit to U2","messageBody":"U2 does not include sufficient extensions.\n\n* Added relevant extensions to U2.\n* Slight adjustment to U1 extension 1a\n","fileTypesAndContributionMap":{"docs":{"insertions":11,"deletions":8}}},{"hash":"cd118dbe1b8b4a06491ba1d2991ba4f7201395b2","isMergeCommit":false,"messageTitle":"Edit to U3","messageBody":"U3 has wrong formatting for extensions.\n\nFixed formatting for extensions\n","fileTypesAndContributionMap":{"docs":{"insertions":8,"deletions":7}}},{"hash":"3d2912672c543e2f8d54f2132d17d7a4750ed6b4","isMergeCommit":false,"messageTitle":"Edit to U4","messageBody":"U4 has wrong formatting for extensions.\n\nFixed formatting for extensions\n","fileTypesAndContributionMap":{"docs":{"insertions":8,"deletions":7}}},{"hash":"ad52ac9b9b95af0c1b3b5900e2cf1ba30c0737b9","isMergeCommit":false,"messageTitle":"Edit to use cases in DG","messageBody":"U5 and U6 does not include sufficient extensions.\n\n* Added storage management to U5.\n* Added relevant extensions to U6.\n* Slight adjustment to wording in all use cases.\n","fileTypesAndContributionMap":{"docs":{"insertions":18,"deletions":10}}},{"hash":"7e54032423326fa24e5079ac0e3988313d4eec41","isMergeCommit":false,"messageTitle":"Edit to U7","messageBody":"U7 has wrong formatting for extensions.\n\n* Fixed formatting for extensions of U7.\n* Added a comment for U6 for future reference.\n","fileTypesAndContributionMap":{"docs":{"insertions":5,"deletions":9}}},{"hash":"086618e3cc857ae2e596ccfc74014ab0050efdf9","isMergeCommit":false,"messageTitle":"Update NFR.","messageBody":"NFRs does not cover enough requirements.\n\nMore NFRs included regarding access and users.\n","fileTypesAndContributionMap":{"docs":{"insertions":3,"deletions":0}}}]},{"date":"2025-03-09","commitResults":[{"hash":"116092a4298149bcad388074e738a0c1c298bdda","isMergeCommit":false,"messageTitle":"Add remark command.","messageBody":"Remark command was previously omitted.\n\nRemark command class added. AddressBookParser updated to handle\nremark case.\n","fileTypesAndContributionMap":{"functional-code":{"insertions":20,"deletions":0}}}]},{"date":"2025-03-10","commitResults":[{"hash":"3ec45fe2cbfc471a00257bbb1873c16795b82c4d","isMergeCommit":false,"messageTitle":"Add remark command.","messageBody":"Added remark command based on tutorial on adding command for\ntutorial 2.\n\nAdded functionality to add remarks to persons class.\n","fileTypesAndContributionMap":{"functional-code":{"insertions":204,"deletions":17},"test-code":{"insertions":259,"deletions":17}}},{"hash":"4a27a6ecd063475bdcf09df3d1d7b986ce058a79","isMergeCommit":false,"messageTitle":"Format files to meet build checks.","messageBody":"Some files failed the build checks by Java CI.\n\nDeleted trailing spaces and added new line at EOF for\nerroneous files.\n","fileTypesAndContributionMap":{"docs":{"insertions":3,"deletions":3}}},{"hash":"27cdf3444ee6c6a33eb387ee25edacc29fe8ebaa","isMergeCommit":false,"messageTitle":"Fix failing test cases","messageBody":"Test cases were failing due to formatting issues of the\noutput string values of the person.\n\nAdjusted the output strings to match the expected test output.\n","fileTypesAndContributionMap":{"functional-code":{"insertions":12,"deletions":14},"test-code":{"insertions":0,"deletions":1}}},{"hash":"3f914e8fad148b7fb43465f85f21bb4645583833","isMergeCommit":false,"messageTitle":"Refactor Persons class.","messageBody":"Refactoring persons class for GastroBook Implementation.\n\n* Changed all instances of Persons to Reservation\n* Removed Email and Address classes\n","fileTypesAndContributionMap":{"functional-code":{"insertions":151,"deletions":305},"other":{"insertions":31,"deletions":51},"test-code":{"insertions":156,"deletions":166}}},{"hash":"e1d3309f983195aed7bd4467906bfcdf0588ea6e","isMergeCommit":false,"messageTitle":"Add relevant reservation fields.","messageBody":"Reservation fields are added to reservation class together with\nrelevant class files.\n","fileTypesAndContributionMap":{"functional-code":{"insertions":313,"deletions":37},"other":{"insertions":56,"deletions":33},"test-code":{"insertions":40,"deletions":40}}},{"hash":"10e2e632490c7b1260d20aa920576c4f692dc45c","isMergeCommit":false,"messageTitle":"Add identification field.","messageBody":"Added identification field for reservation class.\n","fileTypesAndContributionMap":{"functional-code":{"insertions":76,"deletions":4}}},{"hash":"a9495161565911f35265c1618c8bbd56b774cfbd","isMergeCommit":false,"messageTitle":"Fix Add Command and Add command parser","messageBody":"Add command and add command parser fixed to align with new\nreservation class.\n","fileTypesAndContributionMap":{"functional-code":{"insertions":173,"deletions":72},"test-code":{"insertions":58,"deletions":58}}},{"hash":"ae5872e1b7c522915b626228716231c1ada6ab4f","isMergeCommit":false,"messageTitle":"Fix AddCommandParser","messageBody":"Field was wrongly instantiated.\n\nRemoved unnecessary field\n","fileTypesAndContributionMap":{"functional-code":{"insertions":1,"deletions":2}}},{"hash":"7184fd372d8e8ad76a774ad8bb52929c41d23a13","isMergeCommit":false,"messageTitle":"Refactor Edit Command","messageBody":"Refactor EditCommand class to be able to handle Reservation class.\n\n* Added all relevant fields to edit command\n* Renamed methods in reservation class to reflect correct method\n","fileTypesAndContributionMap":{"functional-code":{"insertions":132,"deletions":68},"docs":{"insertions":1,"deletions":1},"test-code":{"insertions":49,"deletions":49}}},{"hash":"566ba09299997a143afec64ba55786d64094acf2","isMergeCommit":false,"messageTitle":"Refactor EditCommandParser","messageBody":"Refactored EditCommandParser to allow for parsing of reservations\n","fileTypesAndContributionMap":{"functional-code":{"insertions":23,"deletions":8}}},{"hash":"512074b88bdc5696a11c7ce1ff975ba7db6cc194","isMergeCommit":false,"messageTitle":"Refactor storage and logic files.","messageBody":"Refactored storage Json files to support reservation fields.\n","fileTypesAndContributionMap":{"functional-code":{"insertions":209,"deletions":132},"test-code":{"insertions":20,"deletions":20}}},{"hash":"bf26a3a1cdf16306bf878aaddc358934864318d5","isMergeCommit":false,"messageTitle":"Refactor UI elements","messageBody":"Refactoring UI elements to support reservation class\n\n* Rename UI elements to relate to reservation class\n","fileTypesAndContributionMap":{"functional-code":{"insertions":5,"deletions":5},"other":{"insertions":13,"deletions":19}}},{"hash":"6c8b8b3eb8c285eba174859561e6b210f6a4b520","isMergeCommit":false,"messageTitle":"Fix CheckStyle erorors","messageBody":"Fixed checkstyle errors in all listed classes.\n","fileTypesAndContributionMap":{"functional-code":{"insertions":57,"deletions":20}}},{"hash":"1e25f146d2bb1d2438f9efa7ade78f1bcbb0d8eb","isMergeCommit":false,"messageTitle":"Refactor all test files.","messageBody":"Refactored all test files to include reservation fields and removed\nold tests.\n","fileTypesAndContributionMap":{"other":{"insertions":22,"deletions":10},"test-code":{"insertions":535,"deletions":799}}},{"hash":"fa30bb1b6e80709d7e1c4c7ea606d0ae3a272361","isMergeCommit":false,"messageTitle":"Refactor all UI and test classes","messageBody":"Refactored all UI and test classes to handle reservation\n","fileTypesAndContributionMap":{"functional-code":{"insertions":1,"deletions":1},"test-code":{"insertions":38,"deletions":59}}},{"hash":"2376f4166ab088e3462378c59836e0a8d2397e12","isMergeCommit":false,"messageTitle":"Remove unused test cases","messageBody":"Removed unused test cases to complete build process.\n","fileTypesAndContributionMap":{"test-code":{"insertions":16,"deletions":19}}}]},{"date":"2025-03-11","commitResults":[{"hash":"9a32d97be23dff7fea18f2fff4e78b80108e65ae","isMergeCommit":false,"messageTitle":"Fix UI display issue","messageBody":"Updated ReservationCard and ReservationListCard to support\nReservation display fields.\n","fileTypesAndContributionMap":{"functional-code":{"insertions":34,"deletions":6}}},{"hash":"f8f76fc4b79b268a8836174b9bf164c7b8de706c","isMergeCommit":false,"messageTitle":"Remove debugging log from constructor of ReservationCard","messageBody":"","fileTypesAndContributionMap":{"functional-code":{"insertions":0,"deletions":1}}},{"hash":"42caea26b7074046bb76d84e4f33ec4685297385","isMergeCommit":true,"messageTitle":"Merge branch \u0027master\u0027 of https://github.com/Frozennfishh/tp into update-UI","messageBody":"","fileTypesAndContributionMap":{}},{"hash":"1ee748d56ee8ae53bda73e32d05995078b166b44","isMergeCommit":false,"messageTitle":"Remove Debugging log","messageBody":"Remove debugging log from ReservationClass\n","fileTypesAndContributionMap":{"functional-code":{"insertions":0,"deletions":1}}},{"hash":"ce47ff90b2fdff5f4616a869a30e74e3b3c86252","isMergeCommit":true,"messageTitle":"Merge pull request #50 from Frozennfishh/update-UI","messageBody":"Remove Debugging Log\n\nTrivial merge","fileTypesAndContributionMap":{}}]},{"date":"2025-03-12","commitResults":[{"hash":"5495e358f6698f1e7407b04524187df85b5087ad","isMergeCommit":false,"messageTitle":"Fix Checkstyle Errors","messageBody":"","fileTypesAndContributionMap":{"functional-code":{"insertions":7,"deletions":7},"test-code":{"insertions":1,"deletions":2}}},{"hash":"de147c32ab29ee80473d0cb3a7c1bbf28dd067b9","isMergeCommit":false,"messageTitle":"Remove all failing testcases","messageBody":"Removed all failing testcases due to refactoring, will be added\nback by authors assigned to their relevant features.\n","fileTypesAndContributionMap":{"test-code":{"insertions":88,"deletions":359}}},{"hash":"e179860a31611d2723fc45e87794f1ca9302a4d8","isMergeCommit":false,"messageTitle":"Add StartDateTest class","messageBody":"","fileTypesAndContributionMap":{"test-code":{"insertions":4,"deletions":0}}},{"hash":"9873115fab8003aa187665147da759533d4cf433","isMergeCommit":false,"messageTitle":"Add Testcase for StartDateTest","messageBody":"","fileTypesAndContributionMap":{"test-code":{"insertions":22,"deletions":0}}},{"hash":"3e0da0af07865e9015c058ec12a339c09393d6b9","isMergeCommit":false,"messageTitle":"Remove FormatStartDate method","messageBody":"","fileTypesAndContributionMap":{"functional-code":{"insertions":2,"deletions":5}}},{"hash":"8c400d5e6c391013a270cd6d9830270b81b51369","isMergeCommit":false,"messageTitle":"Add Test Case for ValidDateRange","messageBody":"","fileTypesAndContributionMap":{"test-code":{"insertions":37,"deletions":0}}},{"hash":"0bae40085673280e0b88aa1baa81ba6771502ae0","isMergeCommit":false,"messageTitle":"Add IndentificationTest class","messageBody":"","fileTypesAndContributionMap":{"test-code":{"insertions":40,"deletions":0}}},{"hash":"5239d8053003f04cefa1984ed1ef8555a7fd1466","isMergeCommit":false,"messageTitle":"Add Test for AddCommandParser","messageBody":"","fileTypesAndContributionMap":{"test-code":{"insertions":143,"deletions":53}}}]},{"date":"2025-03-13","commitResults":[{"hash":"a6bb9615e814e6a409c279eecd261a224e74c5f9","isMergeCommit":true,"messageTitle":"Merge pull request #63 from caroline1233456/refactor-AddressBook","messageBody":"Refactor AddressBook.java\n\nIgnore Codecov","fileTypesAndContributionMap":{}}]},{"date":"2025-03-16","commitResults":[{"hash":"5c74882fb44c1a023849826edb2b1ce3a3f488c0","isMergeCommit":true,"messageTitle":"Merge pull request #72 from geeliette/branch-DeleteCommand","messageBody":"Branch delete command","fileTypesAndContributionMap":{}},{"hash":"dbf38473946b5c6275fce5011cafd8b965349c93","isMergeCommit":true,"messageTitle":"Merge pull request #74 from CVincent0907/branch-fixEdit-bug","messageBody":"Fix edit feature bugs.","fileTypesAndContributionMap":{}},{"hash":"31e781d095447368e37bb1250065b264981e435b","isMergeCommit":false,"messageTitle":"Fix CheckStyle Issues","messageBody":"","fileTypesAndContributionMap":{"functional-code":{"insertions":3,"deletions":5}}},{"hash":"12ff4f387cf1c7a689df5dcf17a11f91acec266c","isMergeCommit":false,"messageTitle":"Fix Checkstyle errors","messageBody":"","fileTypesAndContributionMap":{"functional-code":{"insertions":1,"deletions":0},"test-code":{"insertions":4,"deletions":5}}},{"hash":"51d8adf73df1cc27763b3f46a8ce63b45a7c31b6","isMergeCommit":false,"messageTitle":"Enhance AddCommand","messageBody":"AddCommand is currently not fully abstracted\n\n* Abstracted Identification methods to streamline AddCommand format\n* AddCommand format changed in all files\n","fileTypesAndContributionMap":{"functional-code":{"insertions":20,"deletions":29},"test-code":{"insertions":3,"deletions":4}}},{"hash":"68e266115b3ad3611f59430388e6d62ad9ccccb9","isMergeCommit":true,"messageTitle":"Merge branch \u0027branch-JavaCI-checks\u0027 into branch-addCommand-enhancement","messageBody":"# Conflicts:\n#\tsrc/test/java/seedu/address/testutil/ReservationBuilder.java\n","fileTypesAndContributionMap":{}},{"hash":"076b735347c363735ee0a28af685b5fce52e9edc","isMergeCommit":false,"messageTitle":"Fix Checkstyle Errors","messageBody":"","fileTypesAndContributionMap":{"functional-code":{"insertions":1,"deletions":5},"test-code":{"insertions":6,"deletions":6}}},{"hash":"97798c8b302dfb1b09036db8b282d435a46dc9ad","isMergeCommit":false,"messageTitle":"Remove Date restriction","messageBody":"Date restriction is currently interfering with default data loading\nmethods.\n","fileTypesAndContributionMap":{"functional-code":{"insertions":2,"deletions":1}}},{"hash":"c45904434014804a0c2a755cdd00d1e557ecfc58","isMergeCommit":false,"messageTitle":"Remove unnecessary method","messageBody":"Removed method to parse ID due to updated ID generation method\n","fileTypesAndContributionMap":{"functional-code":{"insertions":0,"deletions":29}}},{"hash":"776939b2694ccf6b0a005bc73b0eb0827f0bfbe8","isMergeCommit":false,"messageTitle":"Adjust StartDate Valid Regex","messageBody":"","fileTypesAndContributionMap":{"functional-code":{"insertions":5,"deletions":2},"test-code":{"insertions":3,"deletions":17}}},{"hash":"88777ed01b75d35f5cb088b1cc9ccd1a5f719005","isMergeCommit":false,"messageTitle":"Adjust StartDateTest to stop checking invalid date range","messageBody":"Temporarily added due to current removal of isValidDateRange\n","fileTypesAndContributionMap":{"test-code":{"insertions":11,"deletions":20}}},{"hash":"b69e7bb029f80710a656d165a52cde44d22f54bd","isMergeCommit":true,"messageTitle":"Merge branch \u0027branch-addCommand-enhancement\u0027 into branch-UI-enhancement","messageBody":"","fileTypesAndContributionMap":{}},{"hash":"e15ac62fdd0ef9e8d526b69baab2b9649a759ace","isMergeCommit":false,"messageTitle":"Add labels to all fields for display","messageBody":"Added labels to display fields in FXML files.\n","fileTypesAndContributionMap":{"functional-code":{"insertions":40,"deletions":8}}},{"hash":"0fa062aea7fc6f232eb947b6434e4ceb55ccb11c","isMergeCommit":true,"messageTitle":"Merge remote-tracking branch \u0027origin/branch-UI-enhancement\u0027 into isValidId","messageBody":"","fileTypesAndContributionMap":{}}]},{"date":"2025-03-17","commitResults":[{"hash":"d8e53206921b06e9c5ba47ec6fab8d024b4ce2de","isMergeCommit":false,"messageTitle":"Edit Validation Regex for Identification class","messageBody":"Edited VALIDATION_REGEX field in Identification class to\nsupport checking DDMMYYYY + last 4 phone digits format\n","fileTypesAndContributionMap":{"functional-code":{"insertions":13,"deletions":2}}},{"hash":"f044ebcefc1ca832e9696e20a0dc4ac7d26d4d13","isMergeCommit":false,"messageTitle":"Add getReservationUsingId method","messageBody":"Abstracted method for retrieving reservation given an ID.\n","fileTypesAndContributionMap":{"functional-code":{"insertions":15,"deletions":0}}},{"hash":"2ffe9a210cb33ec11b753811b82e406f0ed2836e","isMergeCommit":true,"messageTitle":"Merge pull request #85 from Jasonzhou97/change-start-screen","messageBody":"Set initalisation screen to listrt result","fileTypesAndContributionMap":{}},{"hash":"af86007ce6474f34c2a1262ce4c49e385457eb40","isMergeCommit":true,"messageTitle":"Merge branch \u0027master\u0027 into branch-addCommand-enhancement","messageBody":"","fileTypesAndContributionMap":{}},{"hash":"475dae2744b755c5677ed8558b6a2a285a886ce3","isMergeCommit":false,"messageTitle":"Fix bugs in DeleteCommand","messageBody":"","fileTypesAndContributionMap":{"functional-code":{"insertions":0,"deletions":1}}},{"hash":"f10b8c7ac860dbf53daba385b0f17d4c4b2af769","isMergeCommit":true,"messageTitle":"Merge branch \u0027master\u0027 into branch-UI-enhancement","messageBody":"","fileTypesAndContributionMap":{}},{"hash":"1d080e2339e15bfdb164baf2215c4feb6d5058f1","isMergeCommit":true,"messageTitle":"Merge branch \u0027master\u0027 into isValidId","messageBody":"","fileTypesAndContributionMap":{}}]},{"date":"2025-03-18","commitResults":[{"hash":"989b98489c6264d1e39233c8b7aae5de800416c1","isMergeCommit":true,"messageTitle":"Merge pull request #89 from CVincent0907/branch-fix-IDValidation","messageBody":"Incorporate ParseID check for Edit, Delete, Mark and Remark.\n\n@Frozennfishh will change `isValidDate` accordingly to fix loading dates in json file","fileTypesAndContributionMap":{}},{"hash":"f0a53bb55314582f6c6a80fb9459f12a4359cb47","isMergeCommit":false,"messageTitle":"Split isValidDate and isValidDateRange","messageBody":"Split the above methods to allow reservations outside of\ntoday and tomorrow to be read and stored in the storage, while\nlimiting new editCommand and addCommand to only accept today\nand tomorrow as valid dates\n","fileTypesAndContributionMap":{"functional-code":{"insertions":3,"deletions":3}}},{"hash":"cef35a114e19fe420b16139e084ebd3aa135fc91","isMergeCommit":false,"messageTitle":"Fix CheckStyle Errors","messageBody":"","fileTypesAndContributionMap":{"functional-code":{"insertions":68,"deletions":50},"test-code":{"insertions":43,"deletions":55}}},{"hash":"978349d5f8df3e735e18fb4006c444e727a89ee8","isMergeCommit":false,"messageTitle":"Remove old test cases","messageBody":"","fileTypesAndContributionMap":{"test-code":{"insertions":9,"deletions":9}}},{"hash":"99d31b918578c1163caf9c4794758e83f95852f5","isMergeCommit":false,"messageTitle":"Remove Trailing Whitespaces","messageBody":"","fileTypesAndContributionMap":{"docs":{"insertions":3,"deletions":3}}},{"hash":"c4da53a72cdd9a5706bedd51dc5318965c68f4c9","isMergeCommit":false,"messageTitle":"Add newline at EOF","messageBody":"","fileTypesAndContributionMap":{"docs":{"insertions":1,"deletions":1}}}]},{"date":"2025-03-19","commitResults":[{"hash":"d21b36e29221781fac1076f578168a7c34fcbcb1","isMergeCommit":false,"messageTitle":"Fix Checkstyle errors","messageBody":"","fileTypesAndContributionMap":{"functional-code":{"insertions":4,"deletions":2}}},{"hash":"696d692044966c377b83e5989559e8525fa68c26","isMergeCommit":false,"messageTitle":"Fix messages displayed for Remark commands","messageBody":"* Change display messages to accurately display information\n* Change command from \"/r\" to \"r/\"\n","fileTypesAndContributionMap":{"functional-code":{"insertions":3,"deletions":3}}}]},{"date":"2025-03-20","commitResults":[{"hash":"2c33a55d40a19c03963acf85568205504698fd8d","isMergeCommit":true,"messageTitle":"Merge pull request #100 from Frozennfishh/branch-remarkCommand-fix","messageBody":"Fix `RemarkCommand`","fileTypesAndContributionMap":{}}]},{"date":"2025-03-21","commitResults":[{"hash":"11e5454daa483962c342a33cfdd204f029d9e0fc","isMergeCommit":true,"messageTitle":"Merge pull request #108 from geeliette/branch-UI","messageBody":"Edit UI","tags":["v1.3.0.0"],"fileTypesAndContributionMap":{}}]},{"date":"2025-03-24","commitResults":[{"hash":"2b11e3bfa8c9e111f7ebb2db01789d5681ec025a","isMergeCommit":false,"messageTitle":"Edit accepted regex of ID to include time","messageBody":"Changed constructor to include appending of time to the end of\nthe ID.\n\nChanges made to lessen the chance of ID clashing with same phone number\nand same booking date with same booking time.\n","fileTypesAndContributionMap":{"functional-code":{"insertions":6,"deletions":3}}},{"hash":"17fc8cc83191980d423fbe65f9a4800dc8a42f8a","isMergeCommit":false,"messageTitle":"Change parameters of constructors to match updated constructor","messageBody":"* All instances of Identification constructor changed to match new\nincluded time parameter\n* All test cases and helper functions used to edit Reservation class\nedited\n","fileTypesAndContributionMap":{"functional-code":{"insertions":3,"deletions":3},"test-code":{"insertions":12,"deletions":11}}},{"hash":"4f32a0e3800de061813207d9f5d088a6c4ab44ed","isMergeCommit":false,"messageTitle":"Fix test case to match new ID number","messageBody":"","fileTypesAndContributionMap":{"test-code":{"insertions":2,"deletions":1}}},{"hash":"a1faae532c4b21383efc078517fc87d6c738c671","isMergeCommit":true,"messageTitle":"Merge pull request #112 from geeliette/branch-EditFindCommand","messageBody":"Edit FindCommand to FindByNameCommand","fileTypesAndContributionMap":{}},{"hash":"d1ce4784ba652cc733b28a156cbcfadd7fd4f6c3","isMergeCommit":false,"messageTitle":"Change instruction format to include time in Reservation ID input","messageBody":"","fileTypesAndContributionMap":{"functional-code":{"insertions":11,"deletions":6}}},{"hash":"f233f826e1cd1ad9f91b76c0b7b03a994b82608b","isMergeCommit":true,"messageTitle":"Merge branch \u0027master\u0027 into branch-addTimeToID","messageBody":"","fileTypesAndContributionMap":{}},{"hash":"cf8a63936bf8b789afa32d2b1a5d376f86e10645","isMergeCommit":false,"messageTitle":"Change Instructions shown for DeleteCommand and UG","messageBody":"","fileTypesAndContributionMap":{"functional-code":{"insertions":2,"deletions":1},"docs":{"insertions":21,"deletions":20}}}]},{"date":"2025-03-25","commitResults":[{"hash":"a90c9f69eedda739fac7f27ed206789d5625415b","isMergeCommit":true,"messageTitle":"Merge pull request #115 from Jasonzhou97/add-personlist","messageBody":"Add personlist","fileTypesAndContributionMap":{}},{"hash":"2d599f48dfa16a58c1d46e4f96818ba81f5a7354","isMergeCommit":true,"messageTitle":"Merge pull request #118 from geeliette/branch-FindByPhoneCommand","messageBody":"Branch find by phone command","fileTypesAndContributionMap":{}},{"hash":"3a97924668eb1f0d6bd9b9e8937abb543dd78e25","isMergeCommit":false,"messageTitle":"Add colour change to ReservationCard based on `Regular` field","messageBody":"Bug: Colour only changes after first input\n","fileTypesAndContributionMap":{"functional-code":{"insertions":61,"deletions":3}}}]},{"date":"2025-03-26","commitResults":[{"hash":"6f2582588853b20620063e8fdf82ea8d09b78872","isMergeCommit":false,"messageTitle":"Edit ReservationListPanel to better support GUI update","messageBody":"","fileTypesAndContributionMap":{"functional-code":{"insertions":14,"deletions":0}}},{"hash":"558ad33d3c6e112a4dce9e48f92ed94ebea4144f","isMergeCommit":false,"messageTitle":"Fix some CheckStyle Errors","messageBody":"","fileTypesAndContributionMap":{"functional-code":{"insertions":18,"deletions":16}}},{"hash":"36ada7f4e8d1aa6535cd0adb138d21dfa2687848","isMergeCommit":false,"messageTitle":"Add `isRegularAmountHitted` function to detect regulars for UI","messageBody":"","fileTypesAndContributionMap":{"functional-code":{"insertions":11,"deletions":3}}},{"hash":"96bb04fb1e3905121e249bce81c9947577c28a2b","isMergeCommit":true,"messageTitle":"Merge pull request #125 from Jasonzhou97/update-edit","messageBody":"Update edit function to edit persons list file","fileTypesAndContributionMap":{}},{"hash":"003b6ec5a098b4f378d0adb83bbd275705f3514b","isMergeCommit":true,"messageTitle":"Merge branch \u0027master\u0027 into branch-autoRegularTag","messageBody":"","fileTypesAndContributionMap":{}},{"hash":"306e894ed85bb15e83bbe71197d6123279e52d48","isMergeCommit":false,"messageTitle":"Fix most Checkstyle issues.","messageBody":"Public value access is throwing out checkstyle error, but giving the\naccessor causes program to break. Can attempt to fix at a later time\n","fileTypesAndContributionMap":{"functional-code":{"insertions":73,"deletions":13}}}]},{"date":"2025-03-27","commitResults":[{"hash":"80a043f9b1f71b6ba0fe1222248ae2636873b53f","isMergeCommit":true,"messageTitle":"Merge branch \u0027master\u0027 into branch-FindByTimeCommand","messageBody":"","fileTypesAndContributionMap":{}},{"hash":"e5dcbb9e7560b95fa535d197090345d57034c299","isMergeCommit":true,"messageTitle":"Merge pull request #127 from geeliette/branch-FindByTimeCommand","messageBody":"Implement find by time command","fileTypesAndContributionMap":{}},{"hash":"f6dae545a3c8a1dff58910570c61759edb09a89e","isMergeCommit":true,"messageTitle":"Merge pull request #126 from caroline1233456/branch-markCommandTest","messageBody":"Update test case for mark command","fileTypesAndContributionMap":{}},{"hash":"6e7428b2503388cfe6cc3e993d7921a0d9d04cd7","isMergeCommit":true,"messageTitle":"Merge pull request #129 from caroline1233456/branch-unmarkCommandTest","messageBody":"Update test cases for unmark command","fileTypesAndContributionMap":{}},{"hash":"2dcc15ba04f48e40ad93a69adc9ea5ffe9eea8c6","isMergeCommit":true,"messageTitle":"Merge pull request #130 from caroline1233456/branch-markParserTest","messageBody":"Update markCommandParser test cases","fileTypesAndContributionMap":{}},{"hash":"a2321ee00e5601c0f684b95637436535811349c8","isMergeCommit":true,"messageTitle":"Merge pull request #133 from caroline1233456/branch-unmarkParserTest","messageBody":"Update unmarkCommandParser test cases","fileTypesAndContributionMap":{}},{"hash":"453349e35da15268d562cf9527babbe5abd03fe6","isMergeCommit":false,"messageTitle":"Fix Checkstyle Violations","messageBody":"Excludes public access violation as it breaks programme\n","fileTypesAndContributionMap":{"functional-code":{"insertions":3,"deletions":7}}},{"hash":"dd3188696f7f612d742a6bf8c3f5f20e34b59b72","isMergeCommit":false,"messageTitle":"Fix private access to fullName field in Name class","messageBody":"","fileTypesAndContributionMap":{"functional-code":{"insertions":12,"deletions":12}}},{"hash":"7dbf52a2074b612bb35a90dc0b15fb132ddb2b9d","isMergeCommit":false,"messageTitle":"Revert \"Fix private access to fullName field in Name class\"","messageBody":"This reverts commit dd3188696f7f612d742a6bf8c3f5f20e34b59b72.\n","fileTypesAndContributionMap":{"functional-code":{"insertions":12,"deletions":12}}},{"hash":"49c53d424f36afe12f4140137e168f7c8b9141a8","isMergeCommit":false,"messageTitle":"Fix Checkstyle errors.","messageBody":"* Name and Phone value fields made final\n* AddCommandTest implements extensions appropriately\n","fileTypesAndContributionMap":{"functional-code":{"insertions":4,"deletions":7},"test-code":{"insertions":36,"deletions":0}}},{"hash":"a7e55e0187850f5232032da138579e5646f2a868","isMergeCommit":false,"messageTitle":"Fix formatting errors","messageBody":"","fileTypesAndContributionMap":{"test-code":{"insertions":44,"deletions":35}}},{"hash":"4629a2324c09b5b1c3630c5cb454776457176e7e","isMergeCommit":true,"messageTitle":"Merge pull request #134 from caroline1233456/branch-unmarkParserTest","messageBody":"Update unmarkCommandParser test cases","fileTypesAndContributionMap":{}},{"hash":"e6c60cfd210e7fd19f4fc75938e696c188ec6301","isMergeCommit":true,"messageTitle":"Merge branch \u0027master\u0027 into branch-checkstyle","messageBody":"","fileTypesAndContributionMap":{}},{"hash":"7b2c44fc7c26abbc5ce08fe5e14cfcb9e082b975","isMergeCommit":false,"messageTitle":"Fix all checkstyle errors","messageBody":"","fileTypesAndContributionMap":{"test-code":{"insertions":55,"deletions":45}}}]}]},"authorFileTypeContributionMap":{"geeliette":{"docs":35,"functional-code":697,"test-code":52},"caroline1233456":{"docs":2,"functional-code":262,"test-code":307,"other":16},"CVincent0907":{"docs":110,"functional-code":210,"test-code":634},"Jasonzhou97":{"docs":59,"functional-code":860,"test-code":412},"Frozennfishh":{"docs":120,"functional-code":1433,"test-code":1076}},"authorContributionVariance":{"geeliette":9769.518,"caroline1233456":4748.4077,"CVincent0907":78896.29,"Jasonzhou97":60829.062,"Frozennfishh":581047.2},"authorDisplayNameMap":{"geeliette":"CS2103T-T09-3 LIAO..ETTE","caroline1233456":"CS2103T-T09-3 YANG..NGRU","CVincent0907":"CS2103T-T09-3 CHOO..HENG","Jasonzhou97":"CS2103T-T09-3 ZHOU..YANG","Frozennfishh":"CS2103T-T09-3 ONG ..NARD"}}
