{"authorDailyContributionsMap":{"ChinZJ":[{"date":"2025-02-23","commitResults":[{"hash":"da92f69d8059320dd4fb48bc7d19f52b101ee92c","isMergeCommit":false,"messageTitle":"Update default.md","messageBody":"Change of product","fileTypesAndContributionMap":{"docs":{"insertions":1,"deletions":1}}}]},{"date":"2025-03-04","commitResults":[{"hash":"dc7a0e9ebcfefbf93bf3bf779e6af0cb217eae6c","isMergeCommit":false,"messageTitle":"Update AboutUs","messageBody":"","fileTypesAndContributionMap":{"docs":{"insertions":53,"deletions":6}}},{"hash":"90db1a55e67d921433c815efba06cb5d0439517b","isMergeCommit":true,"messageTitle":"Merge pull request #18 from philbertshea/update-aboutus","messageBody":"Update Philbert\u0027s AboutUs","fileTypesAndContributionMap":{}},{"hash":"a117e6974a736c88509ef9fe815db8e583c235cb","isMergeCommit":false,"messageTitle":"Update README content","messageBody":"README content was previously catered for the original AB3.\n\nIt needs to be repurposed for TAssist.\n\nLet\u0027s:\n* Update README content in accordance to TAssist value proposition.\n","fileTypesAndContributionMap":{"docs":{"insertions":11,"deletions":10}}},{"hash":"bbea8b69f32f87604844acf4e14fff359135f65c","isMergeCommit":false,"messageTitle":"Remove whitespace","messageBody":"","fileTypesAndContributionMap":{"docs":{"insertions":6,"deletions":6}}},{"hash":"883e78f026d59e8b6d4a18c2d9325e47203c46dc","isMergeCommit":true,"messageTitle":"Merge pull request #24 from philbertshea/add-ui-mockup","messageBody":"Add a UI mockup image","fileTypesAndContributionMap":{}},{"hash":"ec8c83cd14179065d9f880a7aa8352229a302bb2","isMergeCommit":true,"messageTitle":"Merge pull request #25 from aquaimpact/acknowledge-code-source","messageBody":"Acknowledge the original source of the code","fileTypesAndContributionMap":{}},{"hash":"a5038139b07ddf11e92884af4d78ee0ff8240b50","isMergeCommit":false,"messageTitle":"Update non-functional requirements in DeveloperGuide","messageBody":"","fileTypesAndContributionMap":{"docs":{"insertions":14,"deletions":5}}}]},{"date":"2025-03-06","commitResults":[{"hash":"f14a9a28995270623199dff762e6b9a90b63c30d","isMergeCommit":true,"messageTitle":"Merge pull request #50 from hsinyilow/add-glossary","messageBody":"Update developer guide glossary","fileTypesAndContributionMap":{}},{"hash":"db01725eb6a0c7f7727d6c865e88359e30b1b8f6","isMergeCommit":true,"messageTitle":"Merge pull request #52 from aquaimpact/add-user-stories","messageBody":"Update User Stories","fileTypesAndContributionMap":{}}]},{"date":"2025-03-10","commitResults":[{"hash":"07c33c15738cd2df5f94ad66c348c174f0551a47","isMergeCommit":false,"messageTitle":"Refactor package names to tassist","messageBody":"","fileTypesAndContributionMap":{"other":{"insertions":904,"deletions":904},"docs":{"insertions":5,"deletions":5},"test-code":{"insertions":3,"deletions":3}}},{"hash":"87cb58aa02822af79d765fcc36dc0a9ca5cadf4e","isMergeCommit":false,"messageTitle":"Rename comments back to address book","messageBody":"","fileTypesAndContributionMap":{"functional-code":{"insertions":45,"deletions":45},"test-code":{"insertions":22,"deletions":22}}},{"hash":"48624338eed82e7e00675056f71dd8a03b0efaa2","isMergeCommit":true,"messageTitle":"Merge pull request #63 from ChinZJ/refactor-package","messageBody":"Refactor package names to tassist","fileTypesAndContributionMap":{}},{"hash":"6db1cd019a9dca9a71d29708d34e1072f3ff6429","isMergeCommit":false,"messageTitle":"Remove address field","messageBody":"Person currently contains address field.\n\nTAs do not need to record their student\u0027s address.\n\nLet\u0027s,\n* remove the address field according to tutorial 2\n","fileTypesAndContributionMap":{"functional-code":{"insertions":14,"deletions":156},"test-code":{"insertions":59,"deletions":254}}}]},{"date":"2025-03-11","commitResults":[{"hash":"097e78979cf4ede109789bdf7f269a309d415949","isMergeCommit":false,"messageTitle":"Add MSS for new person record","messageBody":"Previously, person only had basic attributes such as\nname, phone number and email.\n\nA TA needs to record down more attributes for their students, such as\ntheir tutorial group.\n\nLet\u0027s:\n* add a telegram handle attribute\n* add a matriculation number attribute\n* add a tutorial group attribute\n* add a lab group attribute\n* add a faculty attribute\n* add a year attribute\n* add a remark attribute\n* remove the address attribute\n","fileTypesAndContributionMap":{"functional-code":{"insertions":955,"deletions":88},"test-code":{"insertions":420,"deletions":55}}},{"hash":"9d61b8ad3678caf281485217baa160951a1225fb","isMergeCommit":false,"messageTitle":"Adhere to checkstyle","messageBody":"","fileTypesAndContributionMap":{"test-code":{"insertions":9,"deletions":5}}},{"hash":"cfe718964da591ee612c3e8bdfe731ff0be8f89b","isMergeCommit":false,"messageTitle":"Adhere to checkstyle","messageBody":"","fileTypesAndContributionMap":{"functional-code":{"insertions":237,"deletions":146},"test-code":{"insertions":0,"deletions":13}}},{"hash":"7912f8b914d71245ba0a695d6e6913f50346e531","isMergeCommit":false,"messageTitle":"Adhere to checkstyle","messageBody":"","fileTypesAndContributionMap":{"functional-code":{"insertions":26,"deletions":16}}},{"hash":"5d15b0619f2b8901d2f4d228f16ea696da085ae9","isMergeCommit":false,"messageTitle":"Label todo comments","messageBody":"","fileTypesAndContributionMap":{"functional-code":{"insertions":3,"deletions":4},"test-code":{"insertions":8,"deletions":8}}},{"hash":"116b7b07ee12b357e557330c87fed281da203781","isMergeCommit":false,"messageTitle":"Fix UI student record visibility","messageBody":"","fileTypesAndContributionMap":{"functional-code":{"insertions":8,"deletions":8}}}]},{"date":"2025-03-13","commitResults":[{"hash":"dbc105a2c7aa2d92ee004718b0e91be8b4e2c00f","isMergeCommit":true,"messageTitle":"Merge pull request #67 from hhlh27/update-delete-record","messageBody":"Update delete contact command","fileTypesAndContributionMap":{}},{"hash":"f1e284fb777b05c773ba5fc48e6f2d6ae31793ce","isMergeCommit":true,"messageTitle":"Merge pull request #74 from hsinyilow/lab-score-section","messageBody":"Add Lab section and update lab score command","fileTypesAndContributionMap":{}}]},{"date":"2025-03-14","commitResults":[{"hash":"51ba64f7bb8add96d0b8c45d0da85f8767c586d1","isMergeCommit":true,"messageTitle":"Merge pull request #75 from xuxuezhou/data-loading-saving","messageBody":"Data loading saving","fileTypesAndContributionMap":{}},{"hash":"fb38cfafefa6c2c52d9664487b5bf42774ccd315","isMergeCommit":false,"messageTitle":"Update UG and DG for add command","messageBody":"","fileTypesAndContributionMap":{"other":{"insertions":1,"deletions":1},"docs":{"insertions":63,"deletions":55}}}]},{"date":"2025-03-15","commitResults":[{"hash":"5f88a70715759b7238db592cd302784b2616d6c0","isMergeCommit":false,"messageTitle":"Change flags for add command","messageBody":"","fileTypesAndContributionMap":{"functional-code":{"insertions":6,"deletions":6},"docs":{"insertions":2,"deletions":2},"test-code":{"insertions":29,"deletions":29}}},{"hash":"c918c74d169c4fc28426593a3957d341dab0f514","isMergeCommit":true,"messageTitle":"Merge remote-tracking branch \u0027origin/master\u0027 into update-add","messageBody":"","fileTypesAndContributionMap":{}},{"hash":"108b66cf1ec8b7f345c6a5e4eefade46d3a1c8c7","isMergeCommit":false,"messageTitle":"Update flags for add command and ArgumentTokenizer logic","messageBody":"ArgumentTokenizer used to parse \"X/\" flags.\n\nHowever, this has been changed to \"-X\" flags.\n\nLet\u0027s:\n* change the logic of ArgumentTokenizer\n","fileTypesAndContributionMap":{"functional-code":{"insertions":17,"deletions":13},"test-code":{"insertions":39,"deletions":33}}},{"hash":"2bb026a51465936da3b2dbceb6ee2c71ec0f8b9b","isMergeCommit":false,"messageTitle":"Fix checkstyle","messageBody":"","fileTypesAndContributionMap":{"functional-code":{"insertions":3,"deletions":1},"test-code":{"insertions":2,"deletions":2}}},{"hash":"4df67096a0c665f282455749065a6c07f29acc40","isMergeCommit":false,"messageTitle":"Refactor ArgumentTokenizer#findPrefixPosition","messageBody":"","fileTypesAndContributionMap":{"functional-code":{"insertions":13,"deletions":3}}},{"hash":"c1cb8878febfa2e1713f0a02d5b614e7149253e8","isMergeCommit":false,"messageTitle":"Fix logic for ArgumentTokenizer#findPrefixPosition","messageBody":"","fileTypesAndContributionMap":{"functional-code":{"insertions":8,"deletions":5},"test-code":{"insertions":6,"deletions":6}}},{"hash":"11f66ca6a8134b3b0b83bc4b58f25b5bea1837d1","isMergeCommit":false,"messageTitle":"Update GUI to match MVP","messageBody":"","fileTypesAndContributionMap":{"functional-code":{"insertions":114,"deletions":32}}},{"hash":"4e1ca63d3b5fcbbd39a691d5b228ca7612ce465b","isMergeCommit":false,"messageTitle":"Change inequality of ArgumentTokenizer#findPrefixPosition","messageBody":"","fileTypesAndContributionMap":{"functional-code":{"insertions":1,"deletions":1}}},{"hash":"b02873abc2723eaa8c205d6cda90441c2a817c6a","isMergeCommit":false,"messageTitle":"Update Person class attributes","messageBody":"","fileTypesAndContributionMap":{"functional-code":{"insertions":27,"deletions":11}}},{"hash":"9962b9830cca8e8f1bd4cf10d882b7404fbbf0a5","isMergeCommit":true,"messageTitle":"Merge remote-tracking branch \u0027origin/master\u0027 into update-add","messageBody":"","fileTypesAndContributionMap":{}},{"hash":"647e300802ed04be239210ed5e71a2545a9b49a5","isMergeCommit":true,"messageTitle":"Merge remote-tracking branch \u0027origin\u0027 into update-add-ui","messageBody":"","fileTypesAndContributionMap":{}},{"hash":"9d60b32904f57bf6be38d77badd634f3fdb33d09","isMergeCommit":false,"messageTitle":"Update logic of all Person attributes to follow MVP","messageBody":"","fileTypesAndContributionMap":{"functional-code":{"insertions":431,"deletions":132},"test-code":{"insertions":32,"deletions":18}}},{"hash":"24128415ef10c5ff2fc799b8dba8bf489a267cb1","isMergeCommit":false,"messageTitle":"Fix bug concerning quotations and flags in add command","messageBody":"","fileTypesAndContributionMap":{"functional-code":{"insertions":60,"deletions":39},"test-code":{"insertions":5,"deletions":9}}},{"hash":"bb6cbbad1f8a7dfb4aee1fa543d7de1faca62114","isMergeCommit":false,"messageTitle":"Update checkstyle","messageBody":"","fileTypesAndContributionMap":{"functional-code":{"insertions":9,"deletions":11}}},{"hash":"8d573bc6aa0c178eaee812c1183a911885445ed5","isMergeCommit":false,"messageTitle":"Fix checkstyle","messageBody":"","fileTypesAndContributionMap":{"functional-code":{"insertions":1,"deletions":1},"docs":{"insertions":18,"deletions":18}}},{"hash":"d2dd64d62b1bae40f8a6eb2e1bde0ca2e653f52b","isMergeCommit":false,"messageTitle":"Remove unused imports","messageBody":"","fileTypesAndContributionMap":{"functional-code":{"insertions":0,"deletions":5}}},{"hash":"328dfa8c36eeb25b5842f19b828bac769dcf1de7","isMergeCommit":true,"messageTitle":"Merge remote-tracking branch \u0027origin\u0027 into update-add","messageBody":"","fileTypesAndContributionMap":{}},{"hash":"e727d2a475e4b38bd273b17e0492fc1bf006f565","isMergeCommit":false,"messageTitle":"Update ParserUtilTest","messageBody":"","fileTypesAndContributionMap":{"functional-code":{"insertions":7,"deletions":3},"test-code":{"insertions":190,"deletions":9}}},{"hash":"b93d9c463583d0cc89d56d48b0e135a123f3876e","isMergeCommit":false,"messageTitle":"Update ArgumentTokenizerTest","messageBody":"","fileTypesAndContributionMap":{"functional-code":{"insertions":2,"deletions":2},"test-code":{"insertions":59,"deletions":10}}},{"hash":"55071cc9fc3ffadb4bf093f516b70c7c295936f9","isMergeCommit":false,"messageTitle":"Fix logic error","messageBody":"","fileTypesAndContributionMap":{"functional-code":{"insertions":8,"deletions":9}}},{"hash":"b140819765aa9fc1541406bb6b4fc3529377b542","isMergeCommit":false,"messageTitle":"Correct formatting for year","messageBody":"","fileTypesAndContributionMap":{"functional-code":{"insertions":1,"deletions":1}}}]},{"date":"2025-03-16","commitResults":[{"hash":"fbcf9e008243c309b8f527d6762f5b3dae04bdad","isMergeCommit":false,"messageTitle":"Add JUnit tests for AddCommandParserTest","messageBody":"","fileTypesAndContributionMap":{"functional-code":{"insertions":3,"deletions":2},"test-code":{"insertions":275,"deletions":33}}},{"hash":"9f2afebbf47e97e3fc076130598dbd5d536ef492","isMergeCommit":true,"messageTitle":"Merge branch \u0027master\u0027 of https://github.com/ChinZJ/tp into update-add","messageBody":"","fileTypesAndContributionMap":{}},{"hash":"86d3446fa5fbf2d266c73bff94619b4474dbe21d","isMergeCommit":false,"messageTitle":"Update all JUnit test","messageBody":"","fileTypesAndContributionMap":{"functional-code":{"insertions":100,"deletions":99},"test-code":{"insertions":690,"deletions":56}}},{"hash":"b315bf815a4c396e57557186fa66f7e795815d90","isMergeCommit":false,"messageTitle":"Fix comment spacings and added assertions","messageBody":"","fileTypesAndContributionMap":{"functional-code":{"insertions":5,"deletions":1}}},{"hash":"7cc164c3de99621b530af85571bc93aa39a810c0","isMergeCommit":false,"messageTitle":"Fix checkstyle","messageBody":"","fileTypesAndContributionMap":{"functional-code":{"insertions":4,"deletions":4}}},{"hash":"56546e57333e20025ad1353832fd15f687203cb2","isMergeCommit":false,"messageTitle":"Add Tag test","messageBody":"","fileTypesAndContributionMap":{"functional-code":{"insertions":1,"deletions":1},"test-code":{"insertions":14,"deletions":0}}},{"hash":"5c2eca643f3b873d249f06825294acce100107e8","isMergeCommit":false,"messageTitle":"Fix checkstyle","messageBody":"","fileTypesAndContributionMap":{"test-code":{"insertions":0,"deletions":2}}}]},{"date":"2025-03-17","commitResults":[{"hash":"dc5c547a7a5c91af18794228a5855024925e8820","isMergeCommit":false,"messageTitle":"Addm ore JUnit tests for TutGroup and LabGroup","messageBody":"","fileTypesAndContributionMap":{"test-code":{"insertions":2,"deletions":0}}}]},{"date":"2025-03-18","commitResults":[{"hash":"4059e46fbcad1bd2a83efa66837bf8fbffb50af3","isMergeCommit":false,"messageTitle":"Create Predicate for validating quotes","messageBody":"","fileTypesAndContributionMap":{"functional-code":{"insertions":53,"deletions":41}}},{"hash":"fe52507887b3c1b4cc4323d0b572ac7d1a3b673b","isMergeCommit":false,"messageTitle":"Change format of add command result","messageBody":"","fileTypesAndContributionMap":{"functional-code":{"insertions":26,"deletions":11},"test-code":{"insertions":4,"deletions":2}}},{"hash":"41f2508c70fe609c1503fa253a484f2cfd9dc5d3","isMergeCommit":false,"messageTitle":"Add JUnit test for QuotePattern","messageBody":"","fileTypesAndContributionMap":{"test-code":{"insertions":30,"deletions":0}}},{"hash":"6220f921facbecdf83493554a1b08596d3c3fa79","isMergeCommit":false,"messageTitle":"Adhere checkstyle","messageBody":"","fileTypesAndContributionMap":{"test-code":{"insertions":0,"deletions":2}}}]},{"date":"2025-03-20","commitResults":[{"hash":"4f2a20419abc42ef2932304e4f2f334c786411ff","isMergeCommit":true,"messageTitle":"Merge pull request #105 from hsinyilow/update-lab-score","messageBody":"Update lab score command to support max lab score","fileTypesAndContributionMap":{}},{"hash":"62fab171e4b88190bd715fa4a45038cbcbd838f9","isMergeCommit":true,"messageTitle":"Merge pull request #109 from philbertshea/change-mainApp-version-number","messageBody":"Update MainApp.java version to 1.3.0","fileTypesAndContributionMap":{}},{"hash":"e8a3b065ee1ef78d930b92b126e9167241a96377","isMergeCommit":true,"messageTitle":"Merge pull request #111 from philbertshea/remove-load-and-save-button-from-gui","messageBody":"Remove non functional load feature","fileTypesAndContributionMap":{}},{"hash":"e32ce6d08d2509f7338aed3ba1db8bb5203b768a","isMergeCommit":true,"messageTitle":"Merge pull request #114 from hsinyilow/update-lab-score","messageBody":"Update feedback message","fileTypesAndContributionMap":{}},{"hash":"7ab72a9698721f9f1b2e85154bb385c32860b64f","isMergeCommit":true,"messageTitle":"Merge pull request #115 from aquaimpact/fix-export-command","messageBody":"Fix bugs in edit command","fileTypesAndContributionMap":{}},{"hash":"8a875101076ade3c5b8b86b9a123a6ef88b869ce","isMergeCommit":false,"messageTitle":"Fix faculty and year UI","messageBody":"","fileTypesAndContributionMap":{"functional-code":{"insertions":1,"deletions":1}}}]},{"date":"2025-03-21","commitResults":[{"hash":"a136b5a71a3749f88f32576d2c1a46a5c6a02504","isMergeCommit":false,"messageTitle":"Update CodeCov badge","messageBody":"","fileTypesAndContributionMap":{"docs":{"insertions":1,"deletions":1}}},{"hash":"4311f0c4664d12a01dc4994948403d07e91e6932","isMergeCommit":true,"messageTitle":"Merge branch \u0027master\u0027 of https://github.com/ChinZJ/tp into update-add","messageBody":"","fileTypesAndContributionMap":{}}]},{"date":"2025-03-22","commitResults":[{"hash":"7a0e4e12d9c8112542a2c2177b3d419f9e38b7c5","isMergeCommit":false,"messageTitle":"Update person attributes in UML diagrams","messageBody":"","fileTypesAndContributionMap":{"docs":{"insertions":69,"deletions":13}}},{"hash":"2ac61e07739c882be677ee07041ce88962fc301c","isMergeCommit":false,"messageTitle":"Update user stories for conciseness","messageBody":"","fileTypesAndContributionMap":{"docs":{"insertions":39,"deletions":46}}},{"hash":"fcde966be484d3a1558ba6ccc041341600afcf35","isMergeCommit":false,"messageTitle":"Remove limit check in add MSS","messageBody":"","fileTypesAndContributionMap":{"docs":{"insertions":0,"deletions":7}}}]}],"aquaimpact":[{"date":"2025-03-04","commitResults":[{"hash":"9c61adf9a2cb7543ade139bd493cb3a39b253fe8","isMergeCommit":false,"messageTitle":"Update AboutUs.md","messageBody":"","fileTypesAndContributionMap":{"docs":{"insertions":52,"deletions":6}}},{"hash":"a3ea9c294c2955ca0e37d452401c92b18a22ca82","isMergeCommit":true,"messageTitle":"Merge pull request #20 from ChinZJ/update-aboutus","messageBody":"Update Zhen Jie\u0027s AboutUs","fileTypesAndContributionMap":{}},{"hash":"fce06989327891b78d75684ac7742cf064bdd651","isMergeCommit":false,"messageTitle":"Update README.md to acknowledge code source","messageBody":"","fileTypesAndContributionMap":{"docs":{"insertions":1,"deletions":0}}},{"hash":"a57fae59cc1b724f2f3f0c0f4937c2606f114d88","isMergeCommit":true,"messageTitle":"Merge branch \u0027master\u0027 into acknowledge-code-source","messageBody":"# Conflicts:\n#\tREADME.md\n","fileTypesAndContributionMap":{}}]},{"date":"2025-03-06","commitResults":[{"hash":"82d96b395cef4c2519e80041977d48a149bf33ea","isMergeCommit":false,"messageTitle":"Update user stories in DeveloperGuide.md","messageBody":"","fileTypesAndContributionMap":{"docs":{"insertions":42,"deletions":8}}},{"hash":"31111e37efbb6c99cc4b6fba0e1ab3886ffde56b","isMergeCommit":true,"messageTitle":"Merge branch \u0027master\u0027 into add-user-stories","messageBody":"","fileTypesAndContributionMap":{}}]},{"date":"2025-03-07","commitResults":[{"hash":"3cd2a9058d1ca81a7efe63099f83efb0fe33073c","isMergeCommit":false,"messageTitle":"Update the link to the user guide","messageBody":"","fileTypesAndContributionMap":{"functional-code":{"insertions":1,"deletions":1}}}]},{"date":"2025-03-11","commitResults":[{"hash":"e2b6d22bfd7ffb1b208d8de8774c9c20170567a8","isMergeCommit":false,"messageTitle":"Add support for exporting data in json format to specified location","messageBody":"","fileTypesAndContributionMap":{"functional-code":{"insertions":140,"deletions":0},"test-code":{"insertions":20,"deletions":0}}},{"hash":"a37c95fe2561965cf143cfd23b1ce6e981a0bb90","isMergeCommit":true,"messageTitle":"Merge pull request #68 from ChinZJ/update-add","messageBody":"Update add MSS","fileTypesAndContributionMap":{}},{"hash":"97146383a36d17ae43f6f8eee9c87e3ddd7007d8","isMergeCommit":false,"messageTitle":"Add CsvUtil class as a helper class","messageBody":"","fileTypesAndContributionMap":{"functional-code":{"insertions":11,"deletions":0}}},{"hash":"e9b1cc8686ab497e241760a50ed0a537f031c021","isMergeCommit":true,"messageTitle":"Merge branch \u0027master\u0027 into add-export-data","messageBody":"","fileTypesAndContributionMap":{}},{"hash":"f3996595e5f91464316bb2db85a834df8623cb1b","isMergeCommit":false,"messageTitle":"Add support for saving file to csv format","messageBody":"","fileTypesAndContributionMap":{"functional-code":{"insertions":191,"deletions":23}}}]},{"date":"2025-03-12","commitResults":[{"hash":"a7d4d93f33813ac36aeab4144d6e1362b70f2a80","isMergeCommit":false,"messageTitle":"Remove unused libraries, change extension flag and add JavaDoc comments","messageBody":"","fileTypesAndContributionMap":{"functional-code":{"insertions":26,"deletions":25}}},{"hash":"a8dd189d7eeeef71edd7dd30e551f66688790ee0","isMergeCommit":false,"messageTitle":"Add JavaDocs comments to the rest of the files","messageBody":"","fileTypesAndContributionMap":{"functional-code":{"insertions":45,"deletions":15}}},{"hash":"4c4f018913488bd15fce31d0d056ae53128625cb","isMergeCommit":false,"messageTitle":"Refactor current code to match checkstyle","messageBody":"","fileTypesAndContributionMap":{"functional-code":{"insertions":10,"deletions":8}}}]},{"date":"2025-03-13","commitResults":[{"hash":"db5b11627399b49f9773635fb95a5eed823e2c2e","isMergeCommit":false,"messageTitle":"Add JUnit tests for ExportDataCommandParser","messageBody":"","fileTypesAndContributionMap":{"test-code":{"insertions":61,"deletions":4}}},{"hash":"da88ac730a7a92b2cd822e05f8971710ef4d637c","isMergeCommit":false,"messageTitle":"Add JUnit tests for ExportDataCommand","messageBody":"","fileTypesAndContributionMap":{"test-code":{"insertions":66,"deletions":5}}},{"hash":"60ce7b174d370acccbc05eec4e6bedf15d1e8425","isMergeCommit":false,"messageTitle":"Add JUnit tests for CsvAddressBookStorage","messageBody":"","fileTypesAndContributionMap":{"test-code":{"insertions":49,"deletions":0}}},{"hash":"f66adbaf467ab076d24336ff5bcb45ae491d3d5f","isMergeCommit":false,"messageTitle":"Remove unused imports","messageBody":"","fileTypesAndContributionMap":{"test-code":{"insertions":0,"deletions":5}}},{"hash":"dda818a157b7882c8b592b51d1d2be698678748a","isMergeCommit":false,"messageTitle":"Add UI support for exporting data","messageBody":"","fileTypesAndContributionMap":{"functional-code":{"insertions":42,"deletions":2}}},{"hash":"69088d37605886bc7e3ba311ef0b7babc408c2c3","isMergeCommit":false,"messageTitle":"Update export data UI","messageBody":"","fileTypesAndContributionMap":{"functional-code":{"insertions":1,"deletions":3}}},{"hash":"fdcf774baa78ebf997cdd20e61b657f2b3ef43f0","isMergeCommit":false,"messageTitle":"Refactor error message when exporting data","messageBody":"","fileTypesAndContributionMap":{"functional-code":{"insertions":3,"deletions":2},"test-code":{"insertions":2,"deletions":2}}}]},{"date":"2025-03-15","commitResults":[{"hash":"c1735e3bac66d9a0ab63ceda8e291ed55ba05ebd","isMergeCommit":true,"messageTitle":"Merge pull request #79 from philbertshea/add-unattend-mc-markAttendanceCommand","messageBody":"","fileTypesAndContributionMap":{}},{"hash":"d27bc6fc863986bfb6087d2d568324b47096fb61","isMergeCommit":true,"messageTitle":"Merge branch \u0027master\u0027 into update-edit-command","messageBody":"","fileTypesAndContributionMap":{}}]},{"date":"2025-03-16","commitResults":[{"hash":"fd8ea249f476407b9f0351c109dd02d66215d3cb","isMergeCommit":false,"messageTitle":"Update Edit command to allow changes to the rest of the fields","messageBody":"","fileTypesAndContributionMap":{"functional-code":{"insertions":155,"deletions":28}}},{"hash":"4eededa8b0a1dd0c9015dd71b542314851d58b82","isMergeCommit":false,"messageTitle":"Change remark formatting","messageBody":"","fileTypesAndContributionMap":{"functional-code":{"insertions":2,"deletions":1}}},{"hash":"0f58cbd0a3aab0ab3b9dba342dcd96766af6e243","isMergeCommit":true,"messageTitle":"Merge branch \u0027master\u0027 into update-edit-command","messageBody":"","fileTypesAndContributionMap":{}},{"hash":"046bb9c2ffbebcb24e508b57b2f79646413577ec","isMergeCommit":false,"messageTitle":"Update UI and edit formatting","messageBody":"","fileTypesAndContributionMap":{"functional-code":{"insertions":37,"deletions":25}}}]},{"date":"2025-03-17","commitResults":[{"hash":"025423605c45be44ffe30ffc9049c3bfb57ff624","isMergeCommit":false,"messageTitle":"Update JUnits for classes affecting EditCommand","messageBody":"","fileTypesAndContributionMap":{"functional-code":{"insertions":2,"deletions":3},"test-code":{"insertions":240,"deletions":31}}}]},{"date":"2025-03-18","commitResults":[{"hash":"a70fd27e7747d1fb5d07f092c757ffcbb05b8331","isMergeCommit":true,"messageTitle":"Merge pull request #89 from ChinZJ/update-add","messageBody":"Update add command and JUnit tests","fileTypesAndContributionMap":{}},{"hash":"5e5916c6c76a7f14b34dde8c76a96fc8464d4561","isMergeCommit":false,"messageTitle":"Update help output for EditCommand, MarkAttendanceCommand","messageBody":"","fileTypesAndContributionMap":{"functional-code":{"insertions":42,"deletions":32}}},{"hash":"1778aba531c0dcb56da81704bfa6aff1303c555c","isMergeCommit":true,"messageTitle":"Merge branch \u0027master\u0027 into update-edit-command","messageBody":"# Conflicts:\n#\tsrc/main/java/seedu/tassist/logic/parser/EditCommandParser.java\n#\tsrc/main/java/seedu/tassist/model/person/TutGroup.java\n#\tsrc/test/java/seedu/tassist/logic/commands/CommandTestUtil.java\n","fileTypesAndContributionMap":{}},{"hash":"6ec1b85adb0eb55b87112ccf1e2c800218b7524b","isMergeCommit":false,"messageTitle":"Fix checkstyle and JUnit tests","messageBody":"","fileTypesAndContributionMap":{"test-code":{"insertions":0,"deletions":2}}},{"hash":"9a1eaa0f7e4df8220728e07e63d6267f7a5c7113","isMergeCommit":false,"messageTitle":"Remove unused imports","messageBody":"","fileTypesAndContributionMap":{"test-code":{"insertions":0,"deletions":1}}},{"hash":"2beed9d0f912aed3c29fb0f72d06cf8d768ac7db","isMergeCommit":false,"messageTitle":"Refactor message function name","messageBody":"","fileTypesAndContributionMap":{"functional-code":{"insertions":2,"deletions":2},"test-code":{"insertions":4,"deletions":4}}},{"hash":"b613152222e0567e7521b3f1e071a5b7467363e4","isMergeCommit":true,"messageTitle":"Merge branch \u0027master\u0027 into update-edit-command","messageBody":"# Conflicts:\n#\tsrc/main/java/seedu/tassist/logic/commands/MarkAttendanceCommand.java\n#\tsrc/main/java/seedu/tassist/model/person/Attendance.java\n#\tsrc/main/java/seedu/tassist/ui/PersonCard.java\n","fileTypesAndContributionMap":{}},{"hash":"46291cf24eddbe283f4783e059d146f868a6cd18","isMergeCommit":false,"messageTitle":"Fix bugs","messageBody":"","fileTypesAndContributionMap":{"functional-code":{"insertions":1,"deletions":1}}}]},{"date":"2025-03-20","commitResults":[{"hash":"c51eaf9a3cc00863615435d2ad96fe6edbcc5163","isMergeCommit":true,"messageTitle":"Merge pull request #103 from philbertshea/add-image-to-tag","messageBody":"Add Image to Attendance Tags","fileTypesAndContributionMap":{}},{"hash":"46c0ba7dcabe6b48dec721aa39617ac42be4b1fc","isMergeCommit":false,"messageTitle":"Remove preemble from edit command to replace with index flag","messageBody":"","fileTypesAndContributionMap":{"functional-code":{"insertions":10,"deletions":8}}},{"hash":"b0666b7e2498899b8c48c9c399b37b921cdb110d","isMergeCommit":false,"messageTitle":"Update JUnit tests to work with index flag","messageBody":"","fileTypesAndContributionMap":{"test-code":{"insertions":75,"deletions":54}}},{"hash":"edd60059fc735ffdc3ab60ccc2529e6fb28cfbc7","isMergeCommit":false,"messageTitle":"Remove unused import statements","messageBody":"","fileTypesAndContributionMap":{"functional-code":{"insertions":0,"deletions":1}}},{"hash":"024ca16f72dbae4e776837f262c36efef05e123c","isMergeCommit":false,"messageTitle":"Refactor variable names","messageBody":"","fileTypesAndContributionMap":{"test-code":{"insertions":26,"deletions":26}}},{"hash":"1effd383d4b13bb8d3ec92d334a8e54f515191e4","isMergeCommit":false,"messageTitle":"Fix bugs in edit command","messageBody":"","fileTypesAndContributionMap":{"functional-code":{"insertions":4,"deletions":5}}},{"hash":"4bf48ba3c29c63b5c9ce5533bc3add2e5129149b","isMergeCommit":true,"messageTitle":"Merge pull request #117 from ChinZJ/update-add","messageBody":"","tags":["v1.3"],"fileTypesAndContributionMap":{}}]},{"date":"2025-03-22","commitResults":[{"hash":"3b398253ac955400508e72a97d501716c7597378","isMergeCommit":true,"messageTitle":"Merge pull request #122 from philbertshea/update-testing","messageBody":"Add comprehensive testing for Attendance-related files","fileTypesAndContributionMap":{}},{"hash":"ca69cb41f94ac4d361499b0a1b1cdcb257474fc8","isMergeCommit":false,"messageTitle":"Merge save and export command and update export command","messageBody":"","fileTypesAndContributionMap":{"functional-code":{"insertions":158,"deletions":104},"test-code":{"insertions":4,"deletions":4}}}]},{"date":"2025-03-23","commitResults":[{"hash":"ac437bbb088ac61c47969eaca8607ff2bcf707e5","isMergeCommit":false,"messageTitle":"Update JUnits for export command parser to test for file validity","messageBody":"","fileTypesAndContributionMap":{"functional-code":{"insertions":21,"deletions":45},"test-code":{"insertions":90,"deletions":82}}},{"hash":"94abd369cf921af07c15bd07c35a7f65983e18e8","isMergeCommit":false,"messageTitle":"Update ExportDataCommand JUnit tests","messageBody":"","fileTypesAndContributionMap":{"functional-code":{"insertions":3,"deletions":3},"test-code":{"insertions":53,"deletions":54}}},{"hash":"eadd0aa8bbc74db628eac3ae411f4d634346fbf4","isMergeCommit":true,"messageTitle":"Merge branch \u0027master\u0027 into update-export-command","messageBody":"# Conflicts:\n#\tsrc/main/java/seedu/tassist/logic/commands/ExportDataCommand.java\n#\tsrc/main/java/seedu/tassist/logic/parser/CliSyntax.java\n#\tsrc/main/java/seedu/tassist/logic/parser/ExportDataCommandParser.java\n#\tsrc/main/java/seedu/tassist/ui/MainWindow.java\n#\tsrc/main/resources/view/MainWindow.fxml\n","fileTypesAndContributionMap":{}},{"hash":"5016811576a5acd50870d29a1f927d72343179c0","isMergeCommit":false,"messageTitle":"Update ExportDataCommand and its JUnits, and refactor JUnit constants","messageBody":"","fileTypesAndContributionMap":{"functional-code":{"insertions":7,"deletions":4},"test-code":{"insertions":3,"deletions":6}}},{"hash":"c8a79237796959dbda8a4b1ad3c4d9da282efa57","isMergeCommit":false,"messageTitle":"Add placeholders for JUnits tests","messageBody":"","fileTypesAndContributionMap":{"test-code":{"insertions":9,"deletions":2}}},{"hash":"6c95ce8ea594eb1c1f8e8b5b3c7358fa0b374467","isMergeCommit":false,"messageTitle":"Comment out code that will be used in the future","messageBody":"","fileTypesAndContributionMap":{"test-code":{"insertions":4,"deletions":4}}},{"hash":"b3ad85d3f556751ce2fb378ecf971b12e8c88f76","isMergeCommit":false,"messageTitle":"Remove unused code","messageBody":"","fileTypesAndContributionMap":{"functional-code":{"insertions":1,"deletions":3}}},{"hash":"1f1eb565668340a39cde215415ae0295d86df4da","isMergeCommit":false,"messageTitle":"Refactor code","messageBody":"","fileTypesAndContributionMap":{"functional-code":{"insertions":1,"deletions":1},"test-code":{"insertions":4,"deletions":4}}},{"hash":"a4dee12a1bd7145750ab29f9024c8c739a4e952b","isMergeCommit":true,"messageTitle":"Merge pull request #128 from philbertshea/standardise-test-comments","messageBody":"Standardise formatting of test comments","fileTypesAndContributionMap":{}},{"hash":"189fb39d24deba89f2b4c532d75ef4c2a556f35b","isMergeCommit":true,"messageTitle":"Merge pull request #131 from philbertshea/add-more-testing","messageBody":"Add more testing","fileTypesAndContributionMap":{}},{"hash":"3de40e0725e1c911f545178995ff53c285aef451","isMergeCommit":true,"messageTitle":"Merge pull request #133 from philbertshea/add-uml-diagram-mark-attendance","messageBody":"Update UML Diagram for attendance","fileTypesAndContributionMap":{}}]}],"hhlh27":[{"date":"2025-03-05","commitResults":[{"hash":"d27f805fc87a4b4e24eafee6402f4aa7787f3748","isMergeCommit":false,"messageTitle":"Update AboutUs.md","messageBody":"","fileTypesAndContributionMap":{"docs":{"insertions":7,"deletions":7}}},{"hash":"d7daca1285db2e6e293768de8095879c1daaa146","isMergeCommit":false,"messageTitle":"Update AboutUs.md","messageBody":"","fileTypesAndContributionMap":{"docs":{"insertions":1,"deletions":1}}}]},{"date":"2025-03-06","commitResults":[{"hash":"f1c6eab6098cf32ec98ba4b99700d3659cc4ddc1","isMergeCommit":false,"messageTitle":"Update AboutUs","messageBody":"","fileTypesAndContributionMap":{"docs":{"insertions":0,"deletions":0}}},{"hash":"beb346bc521b46f2830b65e331514472e1395950","isMergeCommit":false,"messageTitle":"Update target user profile","messageBody":"","fileTypesAndContributionMap":{"docs":{"insertions":4,"deletions":0}}}]},{"date":"2025-03-09","commitResults":[{"hash":"89c9c1f6ac8bc50cd7508b6e3912e65820d4a808","isMergeCommit":false,"messageTitle":"Update error handling and improve code quality","messageBody":"","fileTypesAndContributionMap":{"functional-code":{"insertions":32,"deletions":6}}},{"hash":"9a0612a3bc590d030fadae5958f1a20de93f1670","isMergeCommit":false,"messageTitle":"Update error handling for delete command","messageBody":"","fileTypesAndContributionMap":{"functional-code":{"insertions":26,"deletions":5}}}]},{"date":"2025-03-11","commitResults":[{"hash":"6eac69cee09d69987b97dce3afcb69526dbadc33","isMergeCommit":true,"messageTitle":"Merge branch \u0027update-delete-record\u0027 of https://github.com/hhlh27/tp into update-delete-record","messageBody":"","fileTypesAndContributionMap":{}},{"hash":"7e8a29b022b19eb4e863e13dc50b06975297593b","isMergeCommit":false,"messageTitle":"Fix error","messageBody":"","fileTypesAndContributionMap":{"functional-code":{"insertions":0,"deletions":2}}},{"hash":"b702f20dc8cfa0788af628006c875cf4120b006c","isMergeCommit":false,"messageTitle":"Update delete commands tests","messageBody":"","fileTypesAndContributionMap":{"functional-code":{"insertions":17,"deletions":12},"test-code":{"insertions":17,"deletions":12}}},{"hash":"4c980659c307d7c558dcaf010e97ad5763e7f600","isMergeCommit":true,"messageTitle":"Merge branch \u0027master\u0027 into update-delete-record","messageBody":"","fileTypesAndContributionMap":{}},{"hash":"5fd4cb383a2636274ecc758ba6f1f0dda301b9c4","isMergeCommit":false,"messageTitle":"Add newline EOF","messageBody":"","fileTypesAndContributionMap":{"functional-code":{"insertions":1,"deletions":1}}},{"hash":"912e94276130d1e373d0d8c0fb99e64000d683b0","isMergeCommit":true,"messageTitle":"Merge branch \u0027update-delete-record\u0027 of https://github.com/hhlh27/tp into update-delete-record","messageBody":"Sync branch with updated code\n","fileTypesAndContributionMap":{}},{"hash":"ea067d2f2ab66f7ed9c1f319955cef57671e3c85","isMergeCommit":false,"messageTitle":"Edit index error message","messageBody":"","fileTypesAndContributionMap":{"functional-code":{"insertions":1,"deletions":3}}},{"hash":"70276aa7b1b4c121abd1d603504407d80cf47ff5","isMergeCommit":false,"messageTitle":"Fix checkstyle errors","messageBody":"","fileTypesAndContributionMap":{"functional-code":{"insertions":2,"deletions":1},"test-code":{"insertions":0,"deletions":1}}}]},{"date":"2025-03-12","commitResults":[{"hash":"37b3403eb75dc75307be663b022e7bcea0164463","isMergeCommit":false,"messageTitle":"Edit invalid index message","messageBody":"","fileTypesAndContributionMap":{"functional-code":{"insertions":1,"deletions":1}}}]},{"date":"2025-03-15","commitResults":[{"hash":"7569b6cdd5750be352726071b761f88b2573a7cb","isMergeCommit":false,"messageTitle":"Update delete command to include flag","messageBody":"","fileTypesAndContributionMap":{"functional-code":{"insertions":30,"deletions":19}}},{"hash":"3b159750cb777ccba6fc91bdb82b1c61b3fadbfe","isMergeCommit":false,"messageTitle":"Update delete command tests","messageBody":"","fileTypesAndContributionMap":{"test-code":{"insertions":7,"deletions":5}}},{"hash":"5cf18f75464e328b44a7fdfa73040ac4be546dc4","isMergeCommit":false,"messageTitle":"Update delete parsing methods","messageBody":"","fileTypesAndContributionMap":{"functional-code":{"insertions":67,"deletions":48}}}]},{"date":"2025-03-16","commitResults":[{"hash":"3ea4c121897024138ff2b24f5775ec3b016f98a3","isMergeCommit":false,"messageTitle":"Update user guide","messageBody":"","fileTypesAndContributionMap":{"docs":{"insertions":5,"deletions":5}}},{"hash":"0c8190eb1ab006ce40511fc2b2bd125336217cc6","isMergeCommit":false,"messageTitle":"Fix checkstyle issues","messageBody":"","fileTypesAndContributionMap":{"functional-code":{"insertions":4,"deletions":1}}}]},{"date":"2025-03-17","commitResults":[{"hash":"a66fa35788d145498a04282a07c5e0126e16ce87","isMergeCommit":false,"messageTitle":"Update delete command","messageBody":"","fileTypesAndContributionMap":{"functional-code":{"insertions":55,"deletions":69}}},{"hash":"e6bddab3ad601c613e3ca24084cd57cf33acd13e","isMergeCommit":false,"messageTitle":"Fix minor index error","messageBody":"","fileTypesAndContributionMap":{"functional-code":{"insertions":1,"deletions":9}}},{"hash":"e0ecebd50a992d5202f95545ad63082f2e1c2c0f","isMergeCommit":false,"messageTitle":"Update delete command parser tests","messageBody":"","fileTypesAndContributionMap":{"test-code":{"insertions":59,"deletions":6}}},{"hash":"1465b1d0d43d6170f41a749d4293d960d19a10a3","isMergeCommit":false,"messageTitle":"Fix checkstyle issues","messageBody":"","fileTypesAndContributionMap":{"functional-code":{"insertions":0,"deletions":4},"test-code":{"insertions":0,"deletions":2}}},{"hash":"35557c8a1c21ff3b25d55d0644f36c803f845b0f","isMergeCommit":false,"messageTitle":"Update delete parser","messageBody":"","fileTypesAndContributionMap":{"functional-code":{"insertions":18,"deletions":9}}},{"hash":"f0aacc85ecaa0e84cc3230e8ec82cccb924fd941","isMergeCommit":false,"messageTitle":"Update delete command tests","messageBody":"","fileTypesAndContributionMap":{"test-code":{"insertions":10,"deletions":2}}}]},{"date":"2025-03-18","commitResults":[{"hash":"3e878bfa1fb22c5acbf8facb607de2b994cf816f","isMergeCommit":true,"messageTitle":"Merge branch \u0027master\u0027 into update-delete-command-flag","messageBody":"","fileTypesAndContributionMap":{}},{"hash":"b6c004aea0e389e867bd065b391fa615cf0a96bb","isMergeCommit":true,"messageTitle":"Merge pull request #97 from philbertshea/add-na-attendance","messageBody":"Add No Tutorial flag and Support for Tutorial Group Editing","fileTypesAndContributionMap":{}}]}],"hsinyilow":[{"date":"2025-03-05","commitResults":[{"hash":"da010dbc9359f0f98d3555eb1427450d3fd3d4d7","isMergeCommit":false,"messageTitle":"Add Hsin Yi\u0027s details to AboutUs","messageBody":"","fileTypesAndContributionMap":{"docs":{"insertions":28,"deletions":3}}},{"hash":"06188edc0430b34c1e1a1e3ce4dbf446ad998f9c","isMergeCommit":true,"messageTitle":"Merge pull request #43 from hhlh27/add-hannahloh-photo","messageBody":"Add HannahLoh\u0027s photo","fileTypesAndContributionMap":{}},{"hash":"66dcf03e8f5edb3f3fd058d70209223f2f6af0b0","isMergeCommit":true,"messageTitle":"Merge branch \u0027master\u0027 of https://github.com/hsinyilow/tp into add-hsinyi-aboutus","messageBody":"","fileTypesAndContributionMap":{}},{"hash":"e145a77800dc51c6527cf223dd55ca500eeb3ac7","isMergeCommit":false,"messageTitle":"Update Hsin Yi\u0027s about us","messageBody":"","fileTypesAndContributionMap":{"docs":{"insertions":2,"deletions":2}}}]},{"date":"2025-03-06","commitResults":[{"hash":"8d0c33a29785c7c43c061333c4abb92871f54707","isMergeCommit":true,"messageTitle":"Merge pull request #45 from hhlh27/update-aboutus","messageBody":"Update Hannah\u0027s AboutUs","fileTypesAndContributionMap":{}},{"hash":"7b708a51b2b9a8a78ab14696dee1de6f46676472","isMergeCommit":true,"messageTitle":"Merge pull request #47 from hhlh27/update-target-user-profile","messageBody":"Update target user profile","fileTypesAndContributionMap":{}},{"hash":"c9688a846a6e3acfe3087d11abe03cd94cdf69ec","isMergeCommit":true,"messageTitle":"Merge pull request #31 from philbertshea/update-use-cases","messageBody":"Update Use Cases in Developer Guide","fileTypesAndContributionMap":{}},{"hash":"ce561e65047fc6472100fdfed10cc559743f7272","isMergeCommit":false,"messageTitle":"Update developer guide glossary","messageBody":"","fileTypesAndContributionMap":{"docs":{"insertions":9,"deletions":1}}}]},{"date":"2025-03-08","commitResults":[{"hash":"71568978483c4930b279ce6a85a27ebb4bcc4554","isMergeCommit":true,"messageTitle":"Merge pull request #54 from philbertshea/add-attendance-command","messageBody":"Add Mark Attendance Command","fileTypesAndContributionMap":{}}]},{"date":"2025-03-13","commitResults":[{"hash":"f1cbd4ec9e15421cefd781f3ae09d5a4eb5c1fe3","isMergeCommit":false,"messageTitle":"Add update lab score command","messageBody":"","fileTypesAndContributionMap":{"functional-code":{"insertions":245,"deletions":39}}},{"hash":"6a724afbe3f89fc7546d7f93bfa4f222c7b4a87b","isMergeCommit":false,"messageTitle":"Update lab score json and current test cases","messageBody":"","fileTypesAndContributionMap":{"functional-code":{"insertions":4,"deletions":1},"test-code":{"insertions":24,"deletions":25}}},{"hash":"2341763df662cc989157996f577d8c53cc0f4a57","isMergeCommit":false,"messageTitle":"Update lab scores section test dependencies","messageBody":"","fileTypesAndContributionMap":{"functional-code":{"insertions":12,"deletions":31}}},{"hash":"eb6edd8f5a9ee9322e0dfd94aa49e251006c9a93","isMergeCommit":false,"messageTitle":"Update lab score command","messageBody":"","fileTypesAndContributionMap":{"functional-code":{"insertions":3,"deletions":13}}},{"hash":"4967fff46bf2066601aaf88f5e1f823630658698","isMergeCommit":false,"messageTitle":"Update lab score section ui","messageBody":"","fileTypesAndContributionMap":{"functional-code":{"insertions":37,"deletions":2}}},{"hash":"201e6740a8e5afc884a73ebfb654f5ea8523c655","isMergeCommit":false,"messageTitle":"Fix load and store for lab score section","messageBody":"","fileTypesAndContributionMap":{"functional-code":{"insertions":75,"deletions":3}}},{"hash":"87c0db99053144f469f33d1d5089f72e79d4e515","isMergeCommit":false,"messageTitle":"Adhere to checkstyle","messageBody":"","fileTypesAndContributionMap":{"functional-code":{"insertions":183,"deletions":45}}},{"hash":"1d2b5aac7c12f457b1285f0fdac3f572351b1cb9","isMergeCommit":false,"messageTitle":"Add test cases and conditions for the command","messageBody":"","fileTypesAndContributionMap":{"functional-code":{"insertions":45,"deletions":7},"test-code":{"insertions":127,"deletions":5}}},{"hash":"ddd2f82b686152dcc9331e5cbbd617a1c7004852","isMergeCommit":false,"messageTitle":"Adhere to checkstyle","messageBody":"","fileTypesAndContributionMap":{"functional-code":{"insertions":3,"deletions":4},"test-code":{"insertions":34,"deletions":17}}},{"hash":"ff199ea4ce357a43ce9a4ac03df6b084a0545fe5","isMergeCommit":true,"messageTitle":"Merge pull request #73 from aquaimpact/add-export-data","messageBody":"Add export data","fileTypesAndContributionMap":{}},{"hash":"fe31bf2089c1ef2df0c45b51d1bcccfab13d739a","isMergeCommit":false,"messageTitle":"Bug fix test cases 1","messageBody":"","fileTypesAndContributionMap":{"test-code":{"insertions":6,"deletions":1}}},{"hash":"ca298c2d195241c0e6f705e9b742c64eb1f20d7f","isMergeCommit":true,"messageTitle":"Merge branch \u0027master\u0027 into lab-score-section","messageBody":"","fileTypesAndContributionMap":{}},{"hash":"94a4ec3b127d02deb3c527798ac3b62666cb185c","isMergeCommit":false,"messageTitle":"Bug fix test case 2","messageBody":"","fileTypesAndContributionMap":{"test-code":{"insertions":24,"deletions":21}}},{"hash":"97c52e473769bad3124c65c5063ce5a58fb18bbf","isMergeCommit":true,"messageTitle":"Merge branch \u0027lab-score-section\u0027 of https://github.com/hsinyilow/tp into lab-score-section","messageBody":"","fileTypesAndContributionMap":{}},{"hash":"e1fe18ab8b2048de3abdac93a17d4c085380f478","isMergeCommit":false,"messageTitle":"Adhere checkstyle","messageBody":"","fileTypesAndContributionMap":{"test-code":{"insertions":13,"deletions":12}}},{"hash":"c87bc5cd91a0778237de713c8586c813ffcfac7f","isMergeCommit":false,"messageTitle":"Delete a test case temporarily","messageBody":"","fileTypesAndContributionMap":{"test-code":{"insertions":1,"deletions":8}}},{"hash":"7d732b2cdf874329875f552ca3bf344860db13bf","isMergeCommit":false,"messageTitle":"Adhere checkstyle","messageBody":"","fileTypesAndContributionMap":{"test-code":{"insertions":0,"deletions":3}}}]},{"date":"2025-03-14","commitResults":[{"hash":"5c0283175dc336a7bde99486b1c5ddc5732addb9","isMergeCommit":false,"messageTitle":"Fix test case bug 3","messageBody":"","fileTypesAndContributionMap":{"functional-code":{"insertions":2,"deletions":1},"test-code":{"insertions":13,"deletions":3}}}]},{"date":"2025-03-15","commitResults":[{"hash":"122c0e7b31990305db95ff4dbc19c523b0cb2245","isMergeCommit":false,"messageTitle":"Change mutable LabScoreList to immutable","messageBody":"","fileTypesAndContributionMap":{"functional-code":{"insertions":11,"deletions":4},"test-code":{"insertions":1,"deletions":2}}},{"hash":"ddfb4a587ef7c8fe35a10baa6a5b0bd95f9ec965","isMergeCommit":true,"messageTitle":"Merge branch \u0027master\u0027 into lab-score-section","messageBody":"","fileTypesAndContributionMap":{}},{"hash":"36ddf38939b0e1ac2bf1bd284de317ee638fb784","isMergeCommit":false,"messageTitle":"Merge master branch fix","messageBody":"","fileTypesAndContributionMap":{"test-code":{"insertions":1,"deletions":1}}},{"hash":"66a644a4c2c6012860b603164ee3be11c05c196c","isMergeCommit":false,"messageTitle":"Fix mark attendance test case error","messageBody":"","fileTypesAndContributionMap":{"test-code":{"insertions":5,"deletions":1}}}]},{"date":"2025-03-16","commitResults":[{"hash":"43ba12cc4e1702a8c03247c216b1100ccd4d05d3","isMergeCommit":true,"messageTitle":"Merge pull request #86 from ChinZJ/update-add-ui","messageBody":"Update add UI","fileTypesAndContributionMap":{}}]},{"date":"2025-03-18","commitResults":[{"hash":"1cd9033292c9b9d2670211ac31b3402a6be878c5","isMergeCommit":true,"messageTitle":"Merge pull request #98 from xuxuezhou/search-filter-feature","messageBody":"Add Search Feature","fileTypesAndContributionMap":{}}]},{"date":"2025-03-20","commitResults":[{"hash":"b0d93681e42c8faff623953eaa4bfbcbdc66788f","isMergeCommit":false,"messageTitle":"Update lab score command to allow update of maxLabScore","messageBody":"","fileTypesAndContributionMap":{"functional-code":{"insertions":112,"deletions":11},"test-code":{"insertions":63,"deletions":8}}},{"hash":"6d6f8581eec996315c1ad22a79acee3b2fa4cc98","isMergeCommit":false,"messageTitle":"Adhere to checkstyle","messageBody":"","fileTypesAndContributionMap":{"functional-code":{"insertions":61,"deletions":13}}},{"hash":"66263452d168bd0e1bde4b6ac0280b1afe9a7b90","isMergeCommit":false,"messageTitle":"Add more tests for LabScore command","messageBody":"","fileTypesAndContributionMap":{"functional-code":{"insertions":30,"deletions":14},"test-code":{"insertions":119,"deletions":6}}},{"hash":"b224189cf4fb9ae43167fda4e9864ebd6cc97f3d","isMergeCommit":false,"messageTitle":"Remove magic number from UpdateLabScoreCommand","messageBody":"","fileTypesAndContributionMap":{"functional-code":{"insertions":5,"deletions":2},"test-code":{"insertions":2,"deletions":1}}},{"hash":"5b41c9cb43d3e9070ef089690368e74d7be28f28","isMergeCommit":false,"messageTitle":"Adhere to checkstyle","messageBody":"","fileTypesAndContributionMap":{"functional-code":{"insertions":1,"deletions":1}}},{"hash":"2aeff4a778186c5a58497b641cc0ec91eb050048","isMergeCommit":true,"messageTitle":"Merge pull request #101 from ChinZJ/update-add","messageBody":"Abstract out quote functionality from add command","fileTypesAndContributionMap":{}},{"hash":"3bd70efa1365ded21bdb440f333d768843f1c8fc","isMergeCommit":false,"messageTitle":"Update UpdateLabScoreCommand to use enums","messageBody":"","fileTypesAndContributionMap":{"functional-code":{"insertions":11,"deletions":6}}},{"hash":"516b63d2d146785b7887d743090267ca873ad481","isMergeCommit":false,"messageTitle":"Update feedback message","messageBody":"","fileTypesAndContributionMap":{"functional-code":{"insertions":2,"deletions":5},"test-code":{"insertions":3,"deletions":5}}}]},{"date":"2025-03-21","commitResults":[{"hash":"e62bc31304ee99fee15e34f97f2f4a6bafb9a1c6","isMergeCommit":true,"messageTitle":"Merge pull request #120 from ChinZJ/update-add","messageBody":"Update CodeCov badge","fileTypesAndContributionMap":{}}]}],"xuxuezhou":[{"date":"2025-03-05","commitResults":[{"hash":"400981c52b494d67fa5030492a551888a9bca57d","isMergeCommit":false,"messageTitle":"Update AboutUs page - Add Xuezhou Xu","messageBody":"","fileTypesAndContributionMap":{"docs":{"insertions":12,"deletions":0}}},{"hash":"3e67e32e7a2c6a187ad30b108451d890d9e48294","isMergeCommit":false,"messageTitle":"Update Aboutus.md","messageBody":"","fileTypesAndContributionMap":{"docs":{"insertions":25,"deletions":0}}},{"hash":"02c37d59927b29e3b6fbc6fc6e76a8a0c53bb055","isMergeCommit":false,"messageTitle":"Update AboutUs.md","messageBody":"","fileTypesAndContributionMap":{"docs":{"insertions":0,"deletions":1}}},{"hash":"3c1882b2bb499fdbdc854ba3752013709bfa18d3","isMergeCommit":false,"messageTitle":"Add EoF","messageBody":"","fileTypesAndContributionMap":{"docs":{"insertions":1,"deletions":1}}},{"hash":"98ad307b2270f5c7a3b7c43477b717748ff8ce95","isMergeCommit":false,"messageTitle":"Update Role and Responsibility","messageBody":"","fileTypesAndContributionMap":{"docs":{"insertions":3,"deletions":2}}}]},{"date":"2025-03-06","commitResults":[{"hash":"7797ba23e95cda90467d9a951e38270cd79d64cb","isMergeCommit":false,"messageTitle":"Update Value Proposition","messageBody":"","fileTypesAndContributionMap":{"docs":{"insertions":1,"deletions":1}}}]},{"date":"2025-03-13","commitResults":[{"hash":"4ff76cc1a57a89fdd4830ba6192fc89426c569de","isMergeCommit":false,"messageTitle":"Add Read and Load CSV feature","messageBody":"","fileTypesAndContributionMap":{"functional-code":{"insertions":202,"deletions":29}}},{"hash":"1ab0e1d0bcc94edc4e408457af336be26b911311","isMergeCommit":false,"messageTitle":"Finish saving and loading feature","messageBody":"","fileTypesAndContributionMap":{"functional-code":{"insertions":9,"deletions":2}}}]},{"date":"2025-03-14","commitResults":[{"hash":"ca94a63fde0492ed3dc62d51cb9f862f310483ff","isMergeCommit":true,"messageTitle":"Merge with updated master branch and Resolve previous comments","messageBody":"","fileTypesAndContributionMap":{}},{"hash":"5b95d05dd4ff7e67b4e5356fb4c76eb69e76dfdf","isMergeCommit":false,"messageTitle":"Solve static import error","messageBody":"","fileTypesAndContributionMap":{"functional-code":{"insertions":3,"deletions":2}}}]},{"date":"2025-03-18","commitResults":[{"hash":"db5b03dc47a1161a152e2195cbb55aaa0ce93b2a","isMergeCommit":false,"messageTitle":"Add Search Feature","messageBody":"","fileTypesAndContributionMap":{"functional-code":{"insertions":183,"deletions":0}}},{"hash":"063bdc59c73385adaf13acc6d949ece1510e4219","isMergeCommit":false,"messageTitle":"Fix whitespace issue","messageBody":"","fileTypesAndContributionMap":{"functional-code":{"insertions":4,"deletions":9}}},{"hash":"a62acba95a38977e2878d04c308066d97add27b9","isMergeCommit":false,"messageTitle":"Fix EOF issue","messageBody":"","fileTypesAndContributionMap":{"functional-code":{"insertions":3,"deletions":3}}},{"hash":"3dee115ebbba8624e1ba0167a48225942287a040","isMergeCommit":false,"messageTitle":"Fix whitespace issue","messageBody":"","fileTypesAndContributionMap":{"functional-code":{"insertions":3,"deletions":5}}},{"hash":"607f0912a7569576de5bde632e82de69f86950df","isMergeCommit":false,"messageTitle":"Implement test for SearchCommand and remove redundant code","messageBody":"","fileTypesAndContributionMap":{"functional-code":{"insertions":29,"deletions":46},"test-code":{"insertions":184,"deletions":0}}},{"hash":"60ddecbdb111fa8d53a704a45d795ff5c2f9b152","isMergeCommit":false,"messageTitle":"Resolve conflict","messageBody":"","fileTypesAndContributionMap":{"functional-code":{"insertions":15,"deletions":1}}},{"hash":"64671e379f57db75efebc5fca25caf3488efe11c","isMergeCommit":false,"messageTitle":"Resolve conflict","messageBody":"","fileTypesAndContributionMap":{"functional-code":{"insertions":6,"deletions":5}}},{"hash":"571406cd0b890cd7514527e1012101560f97079e","isMergeCommit":false,"messageTitle":"Fix format issue","messageBody":"","fileTypesAndContributionMap":{"functional-code":{"insertions":4,"deletions":4}}}]}],"philbertshea":[{"date":"2025-03-04","commitResults":[{"hash":"6afc6aaaac784e4e9ae6a2ea84eb294731f62ff2","isMergeCommit":false,"messageTitle":"Update AboutUs, add philbertshea.md","messageBody":"AboutUs is outdated and does not\nreflect the team\u0027s latest details.\n\nLet\u0027s\n* Add Philbert\u0027s info in docs/AboutUs.md\n* Add related info in team/philbertshea.md\n","fileTypesAndContributionMap":{"docs":{"insertions":31,"deletions":6}}},{"hash":"030d974a92190307e53ba22bee9d60e3a55b5726","isMergeCommit":true,"messageTitle":"Merge pull request #19 from aquaimpact/update-aboutus","messageBody":"Update Wei En\u0027s AboutUs","fileTypesAndContributionMap":{}},{"hash":"714f0a7062ec59dae41363cbec51d2e0b396e9e6","isMergeCommit":true,"messageTitle":"Merge pull request #27 from ChinZJ/update-readme-content","messageBody":"Update README contents for TAssist","fileTypesAndContributionMap":{}}]},{"date":"2025-03-05","commitResults":[{"hash":"666f0eab70e77cafca0095dd606bef7e93c04b8b","isMergeCommit":false,"messageTitle":"Update Use Cases in Developer Guide","messageBody":"Developer Guide\u0027s Use Cases are outdated.\n\nLet\u0027s\n* Add use cases that are relevant to TAssist\nto the Developer Guide\n","fileTypesAndContributionMap":{"docs":{"insertions":112,"deletions":10}}},{"hash":"7c2e682bea72b40a4c64089948007f303b0c27a6","isMergeCommit":true,"messageTitle":"Merge pull request #30 from ChinZJ/non-functional-requirements","messageBody":"Update non-functional requirements in DeveloperGuide","fileTypesAndContributionMap":{}},{"hash":"626e076fe5a1faf12f59b45f546c49b4b1284a26","isMergeCommit":false,"messageTitle":"Update Use Cases","messageBody":"Zhen Jie suggested a few updates to the use cases.\nThese updates would make the use cases more comprehensive.\n\nLet\u0027s\n* Update the use cases as per Zhen Jie\u0027s suggestions\n","fileTypesAndContributionMap":{"docs":{"insertions":188,"deletions":49}}},{"hash":"8480c02a6f1bf603928f450eac9fb6618e37ac34","isMergeCommit":true,"messageTitle":"Merge pull request #41 from xuxuezhou/update-aboutus-xuxuezhou","messageBody":"Update aboutus xuxuezhou","fileTypesAndContributionMap":{}}]},{"date":"2025-03-06","commitResults":[{"hash":"9fbf098da3e6963c166a279179da0cace1d18fa8","isMergeCommit":true,"messageTitle":"Merge pull request #35 from hsinyilow/add-hsinyi-aboutus","messageBody":"Update Hsin Yi\u0027s AboutUs","fileTypesAndContributionMap":{}},{"hash":"31a648d0196fc5458b3e679cd089d3d4554edcea","isMergeCommit":true,"messageTitle":"Merge pull request #46 from xuxuezhou/update-value-proposition","messageBody":"Update Value Proposition","fileTypesAndContributionMap":{}},{"hash":"2733ddb8453194982a852c90dac5e00a44a7a5a4","isMergeCommit":false,"messageTitle":"Create MarkAttendanceCommand.java","messageBody":"Commands lack the marking of attendance that we want.\n\nLet\u0027s\n* Add the MarkAttendanceCommand.java file\n","fileTypesAndContributionMap":{"functional-code":{"insertions":17,"deletions":0}}},{"hash":"397224d22c611792dc2cd27528bb9bdfb23a08ff","isMergeCommit":false,"messageTitle":"Update MarkAttendanceCommand with attributes","messageBody":"MarkAttendanceCommand should accept index and week\nnumber attributes, but currently does not accept these.\n\nLet\u0027s\n* Update MarkAttendanceCommand.java to have index\nand week number attributes\n* Update AddressBookParser.java with temporary placeholder input\nfor creating the MarkAttendanceCommand instance\n","fileTypesAndContributionMap":{"functional-code":{"insertions":58,"deletions":3}}},{"hash":"b323b0f86dbfef2ab5d4cd0e0a5c9e8a0bb0962a","isMergeCommit":false,"messageTitle":"Create MarkAttendanceCommandTest.java","messageBody":"MarkAttendanceCommand should be tested for whether\nits methods work.\n\nLet\u0027s\n* Create MarkAttendanceCommandTest.java to encapsulate our tests\n* Update other Test and related files\n","fileTypesAndContributionMap":{"test-code":{"insertions":37,"deletions":0}}},{"hash":"4e546c353b6da2dc2178b30333d50bc508a6910f","isMergeCommit":false,"messageTitle":"Add equals() test to MarkAttendanceCommandTest.java","messageBody":"Method equals() in MarkAttendanceCommand is not\ntested.\n\nLet\u0027s\n* Update MarkAttendanceCommandTest.java to test equals()\n","fileTypesAndContributionMap":{"test-code":{"insertions":34,"deletions":7}}},{"hash":"a48aa9f62226e74fa58d6cae869e68b13a9000f7","isMergeCommit":false,"messageTitle":"Create MarkAttendanceCommandParser.java","messageBody":"AddressBookParser cannot process the provided arguments\ninto a MarkAttendanceCommand instance.\n\nLet\u0027s\n* Create MarkAttendanceCommandParser.java to parse arguments\n* Update AddressBookParser.java and other related files\nto work with this new class\n","fileTypesAndContributionMap":{"functional-code":{"insertions":73,"deletions":3}}},{"hash":"eaeb0f99d48dea1193d29a0b3b8a430ee8b97af4","isMergeCommit":false,"messageTitle":"Create MarkAttendanceCommandParserTest.java","messageBody":"MarkAttendanceCommandParser methods should be tested.\nSo should the new parseWeek in ParserUtil.\n\nLet\u0027s\n* Add MarkAttendanceCommandParserTest to test methods\n* Add methods to test parseWeek in ParserUtilTest\n","fileTypesAndContributionMap":{"test-code":{"insertions":62,"deletions":0}}}]},{"date":"2025-03-07","commitResults":[{"hash":"3adeaee6a677a20d310315cc3e353fd911be71c1","isMergeCommit":false,"messageTitle":"Create Attendance and AttendanceList classes","messageBody":"Attendance and AttendanceList are currently not attributes\nof the person model.\n\nLet\u0027s\n* Add Attendance and AttendanceList classes\n","fileTypesAndContributionMap":{"functional-code":{"insertions":118,"deletions":0}}},{"hash":"a217a4a2a98c97bfb54808d732ffe0357c8ff9a0","isMergeCommit":false,"messageTitle":"Modified files to integrate AttendanceList into Person","messageBody":"Person does not currently use AttendanceList.\nAttendanceList also does not show as an attribute.\n\nLet\u0027s\n* Modify PersonCard.java and fxml files to show AttendanceList\n* Modify Person constructor and dependent files\nto allow storing and loading of AttendanceList\n","fileTypesAndContributionMap":{"functional-code":{"insertions":106,"deletions":11},"test-code":{"insertions":39,"deletions":20}}},{"hash":"ac6a98166c70c5f2965cdc2ff870063538bd05fd","isMergeCommit":false,"messageTitle":"Modify AttendanceList to parse attendanceString correctly","messageBody":"AttendanceString is not parsed correctly, as it converts\neach character to its ASCII value, not as an int.\n\nLet\u0027s\n* Modify AttendanceList.java to parse the chars correctly as ints\n","fileTypesAndContributionMap":{"functional-code":{"insertions":7,"deletions":6}}},{"hash":"fda05ebd528c13c46cbd298b6892437357b5fc9f","isMergeCommit":false,"messageTitle":"Modify MarkAttendanceCommand to allow marking attendance","messageBody":"MarkAttendanceCommand currently throws an exception.\n\nLet\u0027s\n* Add the logic into MarkAttendanceCommand\nso that it successfully marks attendance\n","fileTypesAndContributionMap":{"functional-code":{"insertions":37,"deletions":4}}},{"hash":"56fb50986752afc34871af10be9799d1719b01da","isMergeCommit":false,"messageTitle":"Modify DarkTheme.css for better GUI","messageBody":"Tutorial participation is displayed as pure text.\nThis does not look as good as the tags.\n\nLet\u0027s\n* Update DarkTheme.css to display tutorial attendance\nin the GUI format similar to tags\n","fileTypesAndContributionMap":{"functional-code":{"insertions":15,"deletions":1}}},{"hash":"eb13d6e70a5e5468ffaa2f188e52b0c10072eedb","isMergeCommit":false,"messageTitle":"Modify JsonAdaptedPersonTest for testing","messageBody":"JsonAdaptedPersonTest does not contain relevant tests\nfor the newly introduced attendance.\n\nLet\u0027s\n* Update JsonAdaptedPersonTest.java to contain relevant tests\n","fileTypesAndContributionMap":{"test-code":{"insertions":16,"deletions":0}}},{"hash":"6be361717a377e202a1e23f8a99798d0022ae7dd","isMergeCommit":true,"messageTitle":"Merge branch \u0027master\u0027 of https://github.com/philbertshea/tp into add-attendance-command Merge updates from other team members in milestone v1.1 into add-attendance-command","messageBody":"","fileTypesAndContributionMap":{}},{"hash":"719fe9dd413e885e86e155c96dd5aa6ad61f51fb","isMergeCommit":false,"messageTitle":"Edit multiple files to resolve test errors","messageBody":"Running gradle tests give multiple errors.\n\nLet\u0027s\n* Debug and update the files to resolve the errors\n","fileTypesAndContributionMap":{"functional-code":{"insertions":69,"deletions":11},"test-code":{"insertions":83,"deletions":28}}},{"hash":"08961dd60b89bdf97faa2c069e32a538b6770a26","isMergeCommit":false,"messageTitle":"Update MarkAttendanceCommandTest to resolve test error","messageBody":"Test error resulted from a change in the attendance status\nwhen attempting to test MarkAttendanceCommand\u0027s execute()\nmethod, which affected the typicalAddressBook and subsequent tests.\n\nLet\u0027s\n* Add a line to set the Person in typicalAddressBook back to the\noriginal person with the original attendance list, once\nthe test is successful\n","fileTypesAndContributionMap":{"test-code":{"insertions":6,"deletions":2}}},{"hash":"4ddb79cead18dd3b4474f5d2257dd25b740a5ff3","isMergeCommit":false,"messageTitle":"Edit multiple files to resolve CheckStyle errors","messageBody":"CheckStyle errors have been shown at various files.\n\nLet\u0027s\n* Update the JavaDoc, syntax and formatting\nto resolve these errors\n","fileTypesAndContributionMap":{"functional-code":{"insertions":38,"deletions":21},"test-code":{"insertions":47,"deletions":25}}},{"hash":"014771e2ab8d8bedb2edc0cd15b2c0ae080a2205","isMergeCommit":false,"messageTitle":"Update MarkAttendanceCommandTest.java to resolve test error","messageBody":"Test error still occurs due to setting of attendance in execute test\nwithin MarkAttendanceCommandTest.java.\n\nLet\u0027s\n* Update MarkAttendanceCommandTest\u0027s execute_success method\nto attempt to solve the test error\n","fileTypesAndContributionMap":{"test-code":{"insertions":1,"deletions":1}}},{"hash":"8a43568b5cf725794ded9baedeb05867d112492f","isMergeCommit":false,"messageTitle":"Update MarkAttendanceCommandTest.java","messageBody":"Test errors potentially are due to this file.\n\nLet\u0027s\n* Update MarkAttendanceCommandTest.java to attempt to solve this error\n","fileTypesAndContributionMap":{"test-code":{"insertions":3,"deletions":2}}},{"hash":"afd52d17556faf3f01aafddc17d2021e920f2c83","isMergeCommit":false,"messageTitle":"Update MarkAttendanceCommandTest.java","messageBody":"Unused imports are present due to the commenting out of one of the test\ncodes in MarkAttendanceCommandTest.java.\n\nLet\u0027s\n* Remove these unused imports in MarkAttendanceCommandTest.java\n","fileTypesAndContributionMap":{"test-code":{"insertions":3,"deletions":4}}},{"hash":"7b38559c833ed825f56b87bb2fb9f5925420a8f4","isMergeCommit":false,"messageTitle":"Edit AttendanceList.java to make it immutable","messageBody":"Test errors were identified as due to\nthe fact that AttendanceList was mutable.\n\nLet\u0027s\n* Edit methods in AttendanceList.java to make AttendanceList\nimmutable, i.e. setting attendance will create a new AttendanceList\n* Edit related files like Attendance.java to suit this change\n","fileTypesAndContributionMap":{"functional-code":{"insertions":17,"deletions":21},"test-code":{"insertions":6,"deletions":7}}},{"hash":"b661f834d62e5de7d07f29fd51665eeac90c949b","isMergeCommit":false,"messageTitle":"Modify PersonBuilder.java to reuse variables","messageBody":"Variables can be reused, like the default attendance string.\n\nLet\u0027s\n* Reuse variables in PersonBuilder.java, rather than create\nnew variables for attendance string\n","fileTypesAndContributionMap":{"test-code":{"insertions":5,"deletions":4}}},{"hash":"29b03fc93126a72165a7b74eb4321ab222c5e88b","isMergeCommit":true,"messageTitle":"Merge pull request #57 from aquaimpact/update-help-link","messageBody":"Update help link","fileTypesAndContributionMap":{}},{"hash":"58200f69a9f58e6593946fe5dee74c59fafab1b9","isMergeCommit":false,"messageTitle":"Changed Invalid Attendance String","messageBody":"Invalid Attendance string was not really appropriate\nin a real-life scenario.\n\nLet\u0027s\n* Change the value to something more likely to be provided as input\n* Change the naming to suit screaming snake case\n","fileTypesAndContributionMap":{"test-code":{"insertions":12,"deletions":12}}}]},{"date":"2025-03-14","commitResults":[{"hash":"4a335f1f388a8428ae20a2baba1501b0cee6bcba","isMergeCommit":false,"messageTitle":"Edit multiple files to integrate -mc, -u flags","messageBody":"User cannot use the -mc and -u flags\ncurrently to mark a student as unattended or on mc.\n\nLet\u0027s\n* Update MarkAttendanceCommand to store attendanceStatus\n* Update MarkAttendanceCommandTest to test this new attribute\n* Update MarkAttendanceCommandParser to parse new inputs\n* Update related files to ensure compliance\n","fileTypesAndContributionMap":{"functional-code":{"insertions":58,"deletions":9},"test-code":{"insertions":134,"deletions":15}}},{"hash":"f951be3f4e44998e4e50cd7f1f7967ae12c1ee86","isMergeCommit":false,"messageTitle":"Edit MarkAttendanceCommandTest for styling","messageBody":"Current method names fail checkstyle.\n\nLet\u0027s\n* Update method names involving \"OnMC\" to \"OnMc\"\nto pass CheckStyle\n","fileTypesAndContributionMap":{"test-code":{"insertions":2,"deletions":2}}},{"hash":"00a08aab1c08b117d20e730f99663691ee227916","isMergeCommit":false,"messageTitle":"Update Attendance tagName method","messageBody":"Attendance currently prints 0/1/2,\nwhich may not make contextual sense to the user.\n\nLet\u0027s\n* Update Attendance tagName method\nto show MC, ATT or NO based on attendance value\n","fileTypesAndContributionMap":{"functional-code":{"insertions":9,"deletions":1}}},{"hash":"95ba98132c3f1cc950c9e7fb5fd647df4537e9fa","isMergeCommit":false,"messageTitle":"Add AttendanceTest.java","messageBody":"Attendance is a new class that is not being tested.\n\nLet\u0027s\n* Add the AttendanceTest file to test Attendance.java\n","fileTypesAndContributionMap":{"functional-code":{"insertions":19,"deletions":3},"test-code":{"insertions":80,"deletions":0}}},{"hash":"53b7557a240688bbd93de1af0e329b7568314e00","isMergeCommit":false,"messageTitle":"Add AttendanceListTest.java","messageBody":"AttendanceList is not being tested.\n\nLet\u0027s\n* Add AttendanceListTest to test the AttendanceList class\n","fileTypesAndContributionMap":{"functional-code":{"insertions":5,"deletions":4},"test-code":{"insertions":111,"deletions":0}}},{"hash":"7fd1f3b1a4fd602cd76e1e60e52577dc8678eccc","isMergeCommit":false,"messageTitle":"Edit PersonCard.java to add coloured labels","messageBody":"Labels look dull and cannot differentiate attendance at a glance.\n\nLet\u0027s\n* Add Green, Red and Orange colouring based on tag name\n","fileTypesAndContributionMap":{"functional-code":{"insertions":12,"deletions":2}}},{"hash":"b9decba761687f94ff9c4f34bcd32bc4b923ba44","isMergeCommit":false,"messageTitle":"Edit multiple files as per suggestions","messageBody":"Reviewer provided multiple valid suggestions.\n\nLet\u0027s\n* Update the files to reflect these changes\n","fileTypesAndContributionMap":{"functional-code":{"insertions":19,"deletions":20},"test-code":{"insertions":12,"deletions":12}}},{"hash":"76838078f30274ab747b52eafa5035f468365fb3","isMergeCommit":false,"messageTitle":"Update Attendance.java for style","messageBody":"CheckStyle failed Attendance.java.\n\nLet\u0027s\n* Update Attendance.java for CheckStyle adherence\n","fileTypesAndContributionMap":{"functional-code":{"insertions":8,"deletions":8}}},{"hash":"df09dea07bd84b62cf8fb1ae231bcb02a7ab58c6","isMergeCommit":false,"messageTitle":"Edit comments to JavaDoc standard","messageBody":"Previous comments had some JavaDoc violations.\n\nLet\u0027s\n* Update the comments in multiple files\n","fileTypesAndContributionMap":{"functional-code":{"insertions":24,"deletions":7}}},{"hash":"1397b2a729e5b740965d2b83753db76e067e5c91","isMergeCommit":false,"messageTitle":"Add support for AddCommand","messageBody":"While editing the test cases, realised that\nthere would be bugs in AddCommand if it does not support AttendanceList\nas an input.\n\nLet\u0027s\n* Edit AddCommand and related files\nto add support for AttendanceList\n","fileTypesAndContributionMap":{"functional-code":{"insertions":12,"deletions":3},"test-code":{"insertions":79,"deletions":33}}},{"hash":"dfafb0b6868ed45776df4a9a558229cc1376fe27","isMergeCommit":false,"messageTitle":"Revert \"Add support for AddCommand\"","messageBody":"This reverts commit 1397b2a729e5b740965d2b83753db76e067e5c91.\n\nRevert commit to add AttendanceString to AddCommand\n\nTeam suggested valid points that AttendanceString should\nnot be alterable by AddCommand.\n\nLet\u0027s\n* Revert the previous commit that does this\n","fileTypesAndContributionMap":{"functional-code":{"insertions":3,"deletions":12},"test-code":{"insertions":33,"deletions":79}}},{"hash":"566a9959269165f11c4bee3a4a5f4533c27e0dfd","isMergeCommit":false,"messageTitle":"Revert changes to EditPersonDescriptor and EditCommand","messageBody":"Team suggested valid comments about AttendanceString\nthat should not be editable via EditCommand.\n\nLet\u0027s\n* Update the relevant files and delete affected methods\nthat involve attendanceString changes via the\nEditCommand\n","fileTypesAndContributionMap":{"functional-code":{"insertions":5,"deletions":25},"test-code":{"insertions":5,"deletions":21}}},{"hash":"f1dc0ac4f80677297932fee9176ce3592cc7dba6","isMergeCommit":false,"messageTitle":"Use Emoji Unicodes in getTagName","messageBody":"Attendance tags could use Emoji Unicodes that are clearer for\nvisualisation.\n\nLet\u0027s\n* Update getTagName() in Attendance.java to use Emoji Unicodes\n* Update related file PersonCard.java that colours the tag based on the\n  tag name\n","fileTypesAndContributionMap":{"functional-code":{"insertions":10,"deletions":6}}},{"hash":"d55c2bf6de1f1317c7c0ff5c49b5cff6ddf256c6","isMergeCommit":false,"messageTitle":"Edit MarkAttendanceCommand\u0027s success messages","messageBody":"Success messages are not convenient for the reader now.\n\nLet\u0027s\n* Edit the success messages to show name and matriculation number\n* Edit the related Test file\n","fileTypesAndContributionMap":{"functional-code":{"insertions":6,"deletions":5},"test-code":{"insertions":3,"deletions":3}}}]},{"date":"2025-03-15","commitResults":[{"hash":"eb6bd2e45ed978742d2b29d2e45a5c725e986974","isMergeCommit":true,"messageTitle":"Merge pull request #84 from ChinZJ/update-help","messageBody":"Update help command UG","fileTypesAndContributionMap":{}},{"hash":"1d459c5b6a4fd9ca599c7244bd6f1bda647ceb19","isMergeCommit":true,"messageTitle":"Merge pull request #85 from ChinZJ/update-add","messageBody":"Refactor ArgumentTokenizer to follow new flags","fileTypesAndContributionMap":{}},{"hash":"770d9b8ec95ed2394d1879e992feb4fc19310f47","isMergeCommit":true,"messageTitle":"Merge pull request #82 from hsinyilow/lab-score-section","messageBody":"Fix test case bug 3","fileTypesAndContributionMap":{}}]},{"date":"2025-03-17","commitResults":[{"hash":"98a388c578c852f83c7c3ea9b40e59438e05fda7","isMergeCommit":false,"messageTitle":"Edit MarkAttendanceCommand.java and related files","messageBody":"Currently, tutorial weeks cannot be set as \"No Tutorial\".\n\nLet\u0027s\n* Add the support for flag -nt corresponding to int 3 in\n  MarkAttendanceCommand\n* Update related files to support the new flag\n","fileTypesAndContributionMap":{"functional-code":{"insertions":50,"deletions":24},"test-code":{"insertions":74,"deletions":30}}},{"hash":"664685ff1c84d8bbb423e5169872ccdb4b2fc359","isMergeCommit":false,"messageTitle":"Modify MarkAttendanceCommand to support TutGroup edits","messageBody":"Users might want to edit attendance based on Tutorial Groups.\nFor instance, during a lesson for Tutorial Group T01,\na tutor might want to mark all as attended first,\nbefore manually marking some as not attended.\n\nLet\u0027s\n* Update MarkAttendanceCommand to support TutGroup as\nanother parameter\n* Update related files like MarkAttendanceCommandParser\nto accept the tut group flag\n","fileTypesAndContributionMap":{"functional-code":{"insertions":141,"deletions":36},"test-code":{"insertions":18,"deletions":18}}},{"hash":"9d03dc556c72f2b2d2f09fd367f8102e874cb023","isMergeCommit":false,"messageTitle":"Edit MarkAttendanceCommandParser to disallow -nt WITH -i","messageBody":"One student should not be able to be marked\nas having No Tutorial (a tutorial is cancelled\nfor the whole tutorial group).\n\nLet\u0027s\n* Update MarkAttendanceCommandParser to\ndisallow -nt WITH -i\n* Update other files for styling\n","fileTypesAndContributionMap":{"functional-code":{"insertions":33,"deletions":19},"test-code":{"insertions":16,"deletions":8}}},{"hash":"3c9dc52fa86eac3d3c69afaa7e87aef63cfdf699","isMergeCommit":false,"messageTitle":"Edit multiple Test files to test new methods","messageBody":"There are new methods, and new paths within existing methods.\n\nLet\u0027s\n* Update the Test files to test these more completely\n","fileTypesAndContributionMap":{"functional-code":{"insertions":19,"deletions":7},"test-code":{"insertions":264,"deletions":33}}}]},{"date":"2025-03-18","commitResults":[{"hash":"f430885f0d5d6b93c413ea0161168efb700ec056","isMergeCommit":false,"messageTitle":"Edit MarkAttendanceCommand.java and update UserGuide.md","messageBody":"Reviewer suggested to overload the MarkAttendanceCommand constructor.\nThis is a great suggestion.\n\nLet\u0027s\n* Overload the constructor of MarkAttendanceCommand\n* Update related files for compatibility\n* Update the User Guide\n","fileTypesAndContributionMap":{"functional-code":{"insertions":42,"deletions":43},"docs":{"insertions":29,"deletions":0},"test-code":{"insertions":32,"deletions":38}}},{"hash":"eae3b26084c39a3353b2762c66e717cc94259e4d","isMergeCommit":true,"messageTitle":"Merge branch \u0027master\u0027 into add-na-attendance","messageBody":"","fileTypesAndContributionMap":{}},{"hash":"2f21c5af62804f455ab774caf09953e3695baa96","isMergeCommit":false,"messageTitle":"Edit SampleDataUtil.java to resolve conflicts","messageBody":"Some failed tests due to conflicts in changes\nin SampleDataUtil and ParserUtilTest.\n\nLet\u0027s\n* Update these files to resolve the conflicts\n","fileTypesAndContributionMap":{"functional-code":{"insertions":6,"deletions":6},"test-code":{"insertions":1,"deletions":2}}},{"hash":"35c6c65cde43e50c397368e170a63b53cbc1c81f","isMergeCommit":false,"messageTitle":"Remove duplicate import in ParserUtilTest.java","messageBody":"Duplicate import found at ParserUtilTest.java.\n\nLet\u0027s\n* Remove the duplicate import found\n","fileTypesAndContributionMap":{"test-code":{"insertions":0,"deletions":1}}},{"hash":"39a1288569a0ab7bb012751e73d70287367aebd0","isMergeCommit":true,"messageTitle":"Merge pull request #93 from hhlh27/update-delete-command-flag","messageBody":"Update delete command flag","fileTypesAndContributionMap":{}},{"hash":"f479d0a32ee628a1c15032b7b59fb6595a8f1db1","isMergeCommit":true,"messageTitle":"Merge pull request #92 from aquaimpact/update-edit-command","messageBody":"Update edit command","fileTypesAndContributionMap":{}},{"hash":"2748895b47f88e18e7f13f20d480a08a1075f36a","isMergeCommit":false,"messageTitle":"Edit Attendance.java, PersonCard.java to use icons in tags","messageBody":"Attendance tags should show icons for easier readability.\n\nLet\u0027s\n* Add a getTagHBox method in Attendance.java\n* Update PersonCard.java to call this method\n* Add several icons that can be used\n","fileTypesAndContributionMap":{"functional-code":{"insertions":42,"deletions":25},"docs":{"insertions":5,"deletions":0}}}]},{"date":"2025-03-19","commitResults":[{"hash":"722f8764c9da22500096b9e63d6c3ee9eabfe0a6","isMergeCommit":false,"messageTitle":"Edit multiple files to disallow marking under scenario","messageBody":"Students who are in tutorial groups that have\nNo Tutorial on some Week should not be allowed\nto be marked as Attended or Not Attended individually.\n\nLet\u0027s\n* Update MarkAttendanceCommand to throw an exception\nwhen this occurs\n* Update testing files to abide by this rule\n","fileTypesAndContributionMap":{"functional-code":{"insertions":16,"deletions":11},"test-code":{"insertions":32,"deletions":34}}},{"hash":"450fb895c1e04e25bcbe998f553fa07019e1740a","isMergeCommit":false,"messageTitle":"Edit MarkAttendanceCommandParser files to resolve bug","messageBody":"Zhen Jie flagged a valid bug.\nThis is regarding the Invalid Index message\nnot formatting correctly.\n\nLet\u0027s\n* Edit the relevant files to resolve the bug\n* Edit Test files to match the new behaviour\n","fileTypesAndContributionMap":{"functional-code":{"insertions":3,"deletions":2},"test-code":{"insertions":45,"deletions":2}}}]},{"date":"2025-03-20","commitResults":[{"hash":"a5ab7d7249d3a52ae9bda7de3ef77bb25604a670","isMergeCommit":false,"messageTitle":"Update Attendance and PersonCard to abstract UI functionality","messageBody":"UI functionality should only be handled within\nthe PersonCard.java file, which deals with UI\ncomponents like Label, ImageView and HBox.\n\nLet\u0027s\n* Remove getTagHBox from Attendance.java\n* Add method getWeekPrefix to Attendance.java\n* Add method addLabelAndImageViewToHBox to PersonCard.java\n* Update PersonCard code to support this\n","fileTypesAndContributionMap":{"functional-code":{"insertions":47,"deletions":38}}},{"hash":"18f79be9ef2f795c88477d36b629de53af48d4eb","isMergeCommit":false,"messageTitle":"Update AttendanceTest to test methods","messageBody":"New methods in Attendance.java are not tested.\n\nLet\u0027s\n* Add testing methods in AttendanceTest to test them\n","fileTypesAndContributionMap":{"functional-code":{"insertions":0,"deletions":6},"test-code":{"insertions":25,"deletions":2}}},{"hash":"6c9380f2128e87a4c1032033e5c6742af67af08d","isMergeCommit":false,"messageTitle":"Add default branch for checkstyle","messageBody":"CheckStyle requires a default branch to a switch block,\nwhich was not added.\n\nLet\u0027s\n* Add a default branch to the switch block in PersonCard\n","fileTypesAndContributionMap":{"functional-code":{"insertions":2,"deletions":0}}},{"hash":"a3ba0bddfb2a1333229000958835d520fed587db","isMergeCommit":true,"messageTitle":"Merge pull request #107 from aquaimpact/update-edit-preamble","messageBody":"Update edit preamble","fileTypesAndContributionMap":{}},{"hash":"28caa31adbd49191130be4a04a0e690c4ca49779","isMergeCommit":false,"messageTitle":"Edit MainApp.java to reflect updated version number","messageBody":"Version number was set to be 0.2.2.\nOur current version should be v1.3.0.\n\nLet\u0027s\n* Edit MainApp.java\u0027s VERSION attribute to reflect\nthe updated version number\n","fileTypesAndContributionMap":{"functional-code":{"insertions":1,"deletions":1}}},{"hash":"3392b865bd61c4792fcf2d97c66302d5a80c4ddf","isMergeCommit":false,"messageTitle":"Update MainWindow.fxml to remove Load, Save","messageBody":"MainWindow.fxml contains buttons for\nLoad and Save, which aren\u0027t ready for\nrelease yet.\n\nLet\u0027s\n* Remove the buttons in MainWindow.fxml for now\n","fileTypesAndContributionMap":{"functional-code":{"insertions":0,"deletions":2}}}]},{"date":"2025-03-21","commitResults":[{"hash":"2b72f86bfff4b153d280e1c0b27741ae9766fbcd","isMergeCommit":false,"messageTitle":"Update testing for AttendanceTest and AttendanceListTest","messageBody":"AttendanceTest and AttendanceListTest fail Codecov.\n\nLet\u0027s\n* Update the files above with more comprehensive testing\n","fileTypesAndContributionMap":{"test-code":{"insertions":7,"deletions":1}}},{"hash":"4c45f28aff29a997b09aaac52bc4f74733d4ab29","isMergeCommit":false,"messageTitle":"Update multiple files for extensive testing","messageBody":"Multiple files fail testing on Codecov.\n\nLet\u0027s\n* Update the files for comprehensive testing\n","fileTypesAndContributionMap":{"functional-code":{"insertions":30,"deletions":42},"test-code":{"insertions":49,"deletions":27}}}]},{"date":"2025-03-22","commitResults":[{"hash":"c5f3b855f4b742a26693b93488c508df22be6a37","isMergeCommit":false,"messageTitle":"Update comments to standardise commons tests","messageBody":"Tests in commons directory have comments that are not\nof standardised format.\n\nLet\u0027s\n* Update these comments for standardisation\n","fileTypesAndContributionMap":{"test-code":{"insertions":54,"deletions":54}}},{"hash":"03bad1c8c802c01e97ea71c64631e13f920045dc","isMergeCommit":false,"messageTitle":"Update comments in test logic directory","messageBody":"Tests in logic directory don\u0027t have\nstandardised comments.\n\nLet\u0027s\n* Update the comments for standardisation\n","fileTypesAndContributionMap":{"test-code":{"insertions":163,"deletions":165}}},{"hash":"566217326ee1d893d0d2cb273aee145de50d928e","isMergeCommit":false,"messageTitle":"Update comments in model directory in test","messageBody":"Tests in model directory don\u0027t have\nstandardised comments.\n\nLet\u0027s\n* Update the test comments for standarisation\n","fileTypesAndContributionMap":{"test-code":{"insertions":103,"deletions":103}}},{"hash":"5bd32a869a7f28400715b8b834c83df65565affa","isMergeCommit":false,"messageTitle":"Update multiple files for standardisation","messageBody":"Multiple test files used equals as the method name\nto test the equals method, but this could be confused\nwith the equals method for the Test class itself.\n\nLet\u0027s\n* Update the method names to equalsMethod\n","fileTypesAndContributionMap":{"test-code":{"insertions":22,"deletions":22}}},{"hash":"bc9405a58e8689152717d2cff0520a6c1bd5619e","isMergeCommit":false,"messageTitle":"Add testing for commons core classes","messageBody":"Commons core classes lack testing.\n\nLet\u0027s\n* Update these files to add some more testing\n","fileTypesAndContributionMap":{"functional-code":{"insertions":1,"deletions":1},"test-code":{"insertions":99,"deletions":0}}},{"hash":"2ed159c3b8cf6c4e616db1c287d88025e51603d9","isMergeCommit":false,"messageTitle":"Add AttendanceList class to ModelClassDiagram","messageBody":"ModelClassDiagram lacks AttendanceList.\n\nLet\u0027s\n* Add AttendanceList to that diagram\n","fileTypesAndContributionMap":{"docs":{"insertions":2,"deletions":0}}},{"hash":"eef29fd1d102ad62bf170c82e85abf19ed2eb9da","isMergeCommit":true,"messageTitle":"Merge pull request #130 from ChinZJ/update-dg","messageBody":"DG UML diagrams are outdated.\n\nLet\u0027s\n* Merge zhen jie\u0027s PR to update the diagrams","fileTypesAndContributionMap":{}},{"hash":"5837cf94ec974be5dc0198540f2084da3bfdcd3e","isMergeCommit":true,"messageTitle":"Merge branch \u0027master\u0027 into add-uml-diagram-mark-attendance","messageBody":"There were some conflicts with zhen jie\u0027s PR\nrelating to the UML diagram.\n\nLet\u0027s\n* Merge these changes into my fork while\nresolving the conflicts\n","fileTypesAndContributionMap":{}},{"hash":"41bd70b1884bf04910e5dfb75872f284b92e8c90","isMergeCommit":false,"messageTitle":"Update UML Diagrams","messageBody":"UML Diagrams do not show the AttendanceList attributes of Person.\n\nLet\u0027s\n* Update the diagrams to show the AttendanceList attributes\n","fileTypesAndContributionMap":{"docs":{"insertions":4,"deletions":2}}},{"hash":"9d3a26a76c0d049216e1043df585f3aa022bd7c5","isMergeCommit":false,"messageTitle":"Updated AttendanceList","messageBody":"AttendanceList could be empty if there is no tutorial group.\n\nLet\u0027s\n* Add an empty AttendanceList for future use\n","fileTypesAndContributionMap":{"functional-code":{"insertions":2,"deletions":0}}}]},{"date":"2025-03-23","commitResults":[{"hash":"c2c2ed38f037cd111a4a7cecbc4c86f35d480064","isMergeCommit":false,"messageTitle":"Update files to support Empty AttendanceList","messageBody":"When updating UML Diagrams, realised that\nAttendanceList should be empty if there is\nno tutorial group.\n\nLet\u0027s\n* Update AttendanceList to introduce empty list\n* Update other files to support this\n","fileTypesAndContributionMap":{"functional-code":{"insertions":58,"deletions":11},"test-code":{"insertions":38,"deletions":3}}},{"hash":"5619e3ac42b5349edb52ce7756abb8dbc39ba5d9","isMergeCommit":true,"messageTitle":"Merge pull request #134 from aquaimpact/update-export-command","messageBody":"ExportCommand currently uses two parameter inputs, which could indeed lead to errors.\n\nLet\u0027s\n* Merge Wei En\u0027s PR to solve this issue","fileTypesAndContributionMap":{}},{"hash":"caefdaa83331e77d10e97657c9638ea5c5607f8f","isMergeCommit":true,"messageTitle":"Merge branch \u0027master\u0027 into standardise-test-comments","messageBody":"There are some conflicts with Wei En\u0027s PR.\n\nLet\u0027s\n* Resolve these conflicts\n","fileTypesAndContributionMap":{}},{"hash":"51921bc51a8f84b5e756079329336bfcf1f3c1d6","isMergeCommit":false,"messageTitle":"Update equalsMethod to equals","messageBody":"Wei En suggested the name equalsMethod could be confusing.\n\nLet\u0027s\n* Refactor all methods named equalsMethod to equals,\nwithin the test directory\n","fileTypesAndContributionMap":{"test-code":{"insertions":27,"deletions":27}}}]}]},"authorFileTypeContributionMap":{"ChinZJ":{"docs":222,"functional-code":2015,"test-code":2096,"other":2},"aquaimpact":{"docs":77,"functional-code":629,"test-code":444},"hhlh27":{"docs":13,"functional-code":96,"test-code":76},"hsinyilow":{"docs":39,"functional-code":703,"test-code":343},"xuxuezhou":{"docs":33,"functional-code":306,"test-code":177},"philbertshea":{"docs":273,"functional-code":702,"test-code":1283}},"authorContributionVariance":{"ChinZJ":387840.84,"aquaimpact":15368.634,"hhlh27":2877.917,"hsinyilow":41866.668,"xuxuezhou":9486.838,"philbertshea":76501.484},"authorDisplayNameMap":{"ChinZJ":"CS2103-F15-4 CHIN.. JIE","aquaimpact":"CS2103-F15-4 ONG ..I EN","hhlh27":"CS2103-F15-4 LOH ..NNAH","hsinyilow":"CS2103-F15-4 LOW ..N YI","xuxuezhou":"CS2103-F15-4 XU X..ZHOU","philbertshea":"CS2103-F15-4 SHEA..BERT"}}
