{"authorDailyContributionsMap":{"hrishikeshsathyian":[{"date":"2025-03-06","commitResults":[{"hash":"a1866567510d354dbc90a6b0af7d411c83443568","isMergeCommit":false,"messageTitle":"Update AboutUs page","messageBody":"","fileTypesAndContributionMap":{"docs":{"insertions":4,"deletions":4}}}]},{"date":"2025-03-11","commitResults":[{"hash":"4fd4bcf5db505315f9d75984350076db62d328a6","isMergeCommit":true,"messageTitle":"Merge pull request #36 from soonami69/branch-Update-DG","messageBody":"Update Use Cases in DG","fileTypesAndContributionMap":{}},{"hash":"3ab9af3b9e659a98bc67c0294d28a474f8a9b0cc","isMergeCommit":false,"messageTitle":"Add NFR","messageBody":"","fileTypesAndContributionMap":{"docs":{"insertions":6,"deletions":1}}}]},{"date":"2025-03-12","commitResults":[{"hash":"a8e535331abd2cb7c0af508288a6fd80bcc46fa6","isMergeCommit":false,"messageTitle":"Add Date class","messageBody":"","fileTypesAndContributionMap":{"functional-code":{"insertions":101,"deletions":0}}},{"hash":"c622527902452c6504bf7020459b606f5130a843","isMergeCommit":false,"messageTitle":"Add Title OOP and basic skeletong for Wedding","messageBody":"","fileTypesAndContributionMap":{"functional-code":{"insertions":98,"deletions":8}}},{"hash":"ea8f7ed408b139ae4e3334599315c5b9c517aaab","isMergeCommit":false,"messageTitle":"Add improvements to Wedding","messageBody":"","fileTypesAndContributionMap":{"functional-code":{"insertions":23,"deletions":5}}},{"hash":"20c83d478dc23d032d4eb11625b24cc3aa282610","isMergeCommit":false,"messageTitle":"Implement AddWedding command","messageBody":"","fileTypesAndContributionMap":{"functional-code":{"insertions":66,"deletions":0}}},{"hash":"05a8d176e410cc6aea998b1b5838b4c30dbe8ef2","isMergeCommit":false,"messageTitle":"Fix AddWedding command bug","messageBody":"","fileTypesAndContributionMap":{"functional-code":{"insertions":13,"deletions":0}}},{"hash":"55fea03faa193f3d4cf76f714401e55e5a82773c","isMergeCommit":false,"messageTitle":"Fix checkstyle bugs","messageBody":"","fileTypesAndContributionMap":{"functional-code":{"insertions":12,"deletions":4}}},{"hash":"a2c1b3b6d49d5c05b4cd65a2888afa79235596bf","isMergeCommit":false,"messageTitle":"Fix more checkstyle errors","messageBody":"","fileTypesAndContributionMap":{"functional-code":{"insertions":1,"deletions":3},"other":{"insertions":4,"deletions":1}}}]},{"date":"2025-03-13","commitResults":[{"hash":"3101e2a9d86026e8b5ac6f8664822202ed69bdd2","isMergeCommit":false,"messageTitle":"Add AddWeddingPerson command","messageBody":"","fileTypesAndContributionMap":{"functional-code":{"insertions":73,"deletions":0},"other":{"insertions":4,"deletions":4},"test-code":{"insertions":45,"deletions":0}}},{"hash":"82ea76c0a16d6ca849a6db22d6d860e9e59db3a6","isMergeCommit":false,"messageTitle":"Replicate OOP logic flow from AB3","messageBody":"","fileTypesAndContributionMap":{"functional-code":{"insertions":162,"deletions":55},"test-code":{"insertions":0,"deletions":43}}},{"hash":"e6fd5687a4b0706e7e0b4ddc8d18db1ade4f6e3a","isMergeCommit":false,"messageTitle":"Fix minor bug","messageBody":"","fileTypesAndContributionMap":{"test-code":{"insertions":0,"deletions":1}}}]},{"date":"2025-03-22","commitResults":[{"hash":"674ea9f0fb17cedfb4f9c3d6f12eb86af48bfb7e","isMergeCommit":false,"messageTitle":"Update User Guide","messageBody":"","fileTypesAndContributionMap":{"functional-code":{"insertions":5,"deletions":5},"docs":{"insertions":30,"deletions":25}}}]},{"date":"2025-03-23","commitResults":[{"hash":"e8b395d6ff672a4fd1f9c670de908ace7e7a3fa1","isMergeCommit":false,"messageTitle":"More updates to UG","messageBody":"","fileTypesAndContributionMap":{"docs":{"insertions":22,"deletions":65}}}]},{"date":"2025-03-27","commitResults":[{"hash":"e6bb4ef2e8bbd36e80f0b37d8ad8c3c877046e6f","isMergeCommit":false,"messageTitle":"Add Delete Wedding Functionality","messageBody":"","fileTypesAndContributionMap":{"functional-code":{"insertions":109,"deletions":13}}},{"hash":"0858d3072a376a394f4094dfd32ffb198bf16cc1","isMergeCommit":false,"messageTitle":"Fix help command URL (#68)","messageBody":"* Fix help command URL\n\n* Add requested changes\n\n---------\n\nCo-authored-by: Timo \u003c148756430+soonami69@users.noreply.github.com\u003e","fileTypesAndContributionMap":{"functional-code":{"insertions":25,"deletions":2}}}]},{"date":"2025-03-29","commitResults":[{"hash":"0e1d82607d1042e2bcd78161e2267a4e7f8b6461","isMergeCommit":false,"messageTitle":"Implement base working version of DeleteWeddingPerson","messageBody":"","fileTypesAndContributionMap":{"functional-code":{"insertions":156,"deletions":1}}},{"hash":"272f563bd7ab3d3d3c5cefd478d570d29a16cd31","isMergeCommit":false,"messageTitle":"Clean up and add documentation","messageBody":"","fileTypesAndContributionMap":{"functional-code":{"insertions":24,"deletions":24}}}]},{"date":"2025-03-31","commitResults":[{"hash":"4248eadcf0f009a708d97477d8ea9f25fda02715","isMergeCommit":false,"messageTitle":"Add testing","messageBody":"","fileTypesAndContributionMap":{"test-code":{"insertions":181,"deletions":0}}}]},{"date":"2025-04-02","commitResults":[{"hash":"059eea6e6e0967140bccb7528eb32e4f9ef6e83c","isMergeCommit":false,"messageTitle":"Update DG diagrams","messageBody":"","fileTypesAndContributionMap":{"docs":{"insertions":39,"deletions":39}}}]}],"Rae2480":[{"date":"2025-03-06","commitResults":[{"hash":"9019a488d9f74e73954c1d6e9f479dc98003fc35","isMergeCommit":false,"messageTitle":"Update about us page for rae","messageBody":"","fileTypesAndContributionMap":{"docs":{"insertions":3,"deletions":3}}}]},{"date":"2025-03-08","commitResults":[{"hash":"07cc6bbff74681fee549ca7c134d85daa53c63b8","isMergeCommit":false,"messageTitle":"Add user stories for MVP features in DG","messageBody":"","fileTypesAndContributionMap":{"docs":{"insertions":46,"deletions":0}}},{"hash":"df1924c8bdc1895bed3919058c42cee2424dfef5","isMergeCommit":false,"messageTitle":"Fix markbind style errors","messageBody":"","fileTypesAndContributionMap":{"docs":{"insertions":2,"deletions":2}}},{"hash":"59824eafd6c364e8cd95e2b58482c94bb664f682","isMergeCommit":false,"messageTitle":"Tweak user stories","messageBody":"","fileTypesAndContributionMap":{"docs":{"insertions":18,"deletions":8}}},{"hash":"4e003a8e2317243ccd6d0e8010ef884262f84f8f","isMergeCommit":false,"messageTitle":"Redirect AB3 repo links to TP repo","messageBody":"","fileTypesAndContributionMap":{"docs":{"insertions":5,"deletions":5}}},{"hash":"bc538545f9108dc2e08495a1daa053a97692bad0","isMergeCommit":false,"messageTitle":"Rename some instances of AB3 to HappyEverAfter","messageBody":"","fileTypesAndContributionMap":{"docs":{"insertions":6,"deletions":6}}},{"hash":"bb1cafe9aef651bb9062d28e014f2633727d50d0","isMergeCommit":false,"messageTitle":"Update personal particulars","messageBody":"","fileTypesAndContributionMap":{"docs":{"insertions":8,"deletions":17}}}]},{"date":"2025-03-11","commitResults":[{"hash":"4d23dbba511435dec681ca221c72aa0aa10146f1","isMergeCommit":true,"messageTitle":"Merge pull request #38 from hrishikeshsathyian/Add-NFR","messageBody":"Add NFR","fileTypesAndContributionMap":{}}]},{"date":"2025-03-13","commitResults":[{"hash":"27798e793ec5d55ec7adcef4b6624922d55197da","isMergeCommit":true,"messageTitle":"Merge pull request #44 from hrishikeshsathyian/Add-Wedding-OOP","messageBody":"Add wedding OOP","fileTypesAndContributionMap":{}}]},{"date":"2025-03-17","commitResults":[{"hash":"265b28498c763eb4cc8d72ad7e87e2e487775730","isMergeCommit":false,"messageTitle":"Implement logic to maintain state of wedding","messageBody":"","fileTypesAndContributionMap":{"functional-code":{"insertions":27,"deletions":1}}},{"hash":"408f1715765d76d4b5fe2faaa97d2470cc951f46","isMergeCommit":false,"messageTitle":"Enable wedding drafting","messageBody":"","fileTypesAndContributionMap":{"functional-code":{"insertions":224,"deletions":93}}}]},{"date":"2025-03-18","commitResults":[{"hash":"6b23f0f7434c9dbba6346dc08be56b1c81338fb8","isMergeCommit":false,"messageTitle":"Add wedding-related command parsing","messageBody":"","fileTypesAndContributionMap":{"functional-code":{"insertions":370,"deletions":18}}},{"hash":"1047e42093db0bd59621c5307ece85f2b30a90b3","isMergeCommit":false,"messageTitle":"Tie in wedding logic with pre-existing ab3 logic","messageBody":"","fileTypesAndContributionMap":{"functional-code":{"insertions":364,"deletions":104}}},{"hash":"87864d6f6241be41738fe8c96f4f36dc0d040214","isMergeCommit":false,"messageTitle":"Fix small style issues","messageBody":"","fileTypesAndContributionMap":{"functional-code":{"insertions":102,"deletions":53}}}]},{"date":"2025-03-27","commitResults":[{"hash":"325cf61a121dc356336c4451af2f114f3921c770","isMergeCommit":false,"messageTitle":"Create command class","messageBody":"","fileTypesAndContributionMap":{"functional-code":{"insertions":22,"deletions":0}}},{"hash":"b3815ee3dafe6193b4ecdd5663d3275cd632a0e1","isMergeCommit":false,"messageTitle":"Enable wedding sorting inside model classes","messageBody":"","fileTypesAndContributionMap":{"functional-code":{"insertions":31,"deletions":1}}},{"hash":"cca121073915e4b3df0271d60a6335f041216cc2","isMergeCommit":false,"messageTitle":"Add sorting onto main logic of app","messageBody":"","fileTypesAndContributionMap":{"functional-code":{"insertions":4,"deletions":0}}},{"hash":"69246ff7881e91b48c01600438179f5339c1d5be","isMergeCommit":false,"messageTitle":"Add documentation for new feature: sorting weddings by date (#76)","messageBody":"","fileTypesAndContributionMap":{"docs":{"insertions":49,"deletions":20}}}]},{"date":"2025-04-02","commitResults":[{"hash":"90201c5b7fa89caa01a73a9af4e1fcb39bae4e92","isMergeCommit":false,"messageTitle":"Create UML diagrams for model structure","messageBody":"","fileTypesAndContributionMap":{"docs":{"insertions":41,"deletions":20}}},{"hash":"5870c227c9855b2c47a4bcc436ca8c4866eee10b","isMergeCommit":false,"messageTitle":"Remove whitespace","messageBody":"","fileTypesAndContributionMap":{"docs":{"insertions":29,"deletions":29}}}]},{"date":"2025-04-03","commitResults":[{"hash":"0753ce2345d34aadfa7114f7d4e46e620c3d833b","isMergeCommit":false,"messageTitle":"Update developer guide","messageBody":"","fileTypesAndContributionMap":{"docs":{"insertions":5,"deletions":3}}},{"hash":"9a0fb297f1f3b6dff1e93f8af6772547c0f5335f","isMergeCommit":false,"messageTitle":"Make cosmetic change to class referenced in DG updates","messageBody":"","fileTypesAndContributionMap":{"functional-code":{"insertions":7,"deletions":4}}},{"hash":"6791ac44d20dd8442171b5de9450d5511193eb20","isMergeCommit":false,"messageTitle":"Update ug \u0026 upload better helpmessage screenshot","messageBody":"","fileTypesAndContributionMap":{"docs":{"insertions":11,"deletions":12}}},{"hash":"30ae81aaab1a342d8fd2471efcf37be1b5f6c476","isMergeCommit":true,"messageTitle":"Merge branch \u0027master\u0027 into UG-and-DG-update","messageBody":"","fileTypesAndContributionMap":{}}]}],"zedonggg":[{"date":"2025-03-06","commitResults":[{"hash":"7a40bc245805260a4d7fc715dcd1c4ac991b2bc4","isMergeCommit":false,"messageTitle":"Add Zedong details to AboutUs.md","messageBody":"","fileTypesAndContributionMap":{"docs":{"insertions":3,"deletions":3}}},{"hash":"9b0b3914cefe317d3f5075936bb1116dd60cf04d","isMergeCommit":true,"messageTitle":"Merge pull request #24 from soonami69/branch-User-Gudie","messageBody":"Update AboutUs to be about me","fileTypesAndContributionMap":{}}]},{"date":"2025-03-09","commitResults":[{"hash":"1eb3080506962a02316b87d01e795b99a9140228","isMergeCommit":true,"messageTitle":"Merge pull request #31 from Rae2480/update-website","messageBody":"Update DG","fileTypesAndContributionMap":{}},{"hash":"e613b846abff0dc74832d9f79a23ad1077c38d2f","isMergeCommit":true,"messageTitle":"Merge pull request #33 from Xzh119/Branch-Update-DG","messageBody":"Update Glossary in DG","fileTypesAndContributionMap":{}},{"hash":"ce1a328c0f72c360145d080ef423a9b280f76fc8","isMergeCommit":true,"messageTitle":"Merge pull request #35 from Xzh119/Branch-Update-README","messageBody":"Update README","fileTypesAndContributionMap":{}}]},{"date":"2025-03-15","commitResults":[{"hash":"1eaad2794e25dd5151d984a4cf3abdf6f0a8d6ad","isMergeCommit":false,"messageTitle":"Update Weddings to use a UniqueWeddingList","messageBody":"","fileTypesAndContributionMap":{"functional-code":{"insertions":126,"deletions":3}}},{"hash":"3b57b10e45f076b2d9a03fbdbf9622071b50371e","isMergeCommit":false,"messageTitle":"Add toString method in Wedding","messageBody":"","fileTypesAndContributionMap":{"functional-code":{"insertions":8,"deletions":0}}},{"hash":"fac4fb55e290b50b1f80e802bad96a65360f4e8e","isMergeCommit":false,"messageTitle":"Fix WeddingNotFoundException","messageBody":"","fileTypesAndContributionMap":{"functional-code":{"insertions":1,"deletions":1}}},{"hash":"459b43df5db5165f210f019bbe74238610671db8","isMergeCommit":false,"messageTitle":"Update Wedding class","messageBody":"","fileTypesAndContributionMap":{"functional-code":{"insertions":21,"deletions":10}}},{"hash":"8ca1644d36c79610163aa60bd1c8063819120666","isMergeCommit":false,"messageTitle":"Add javadoc comment","messageBody":"","fileTypesAndContributionMap":{"functional-code":{"insertions":8,"deletions":0}}}]},{"date":"2025-03-18","commitResults":[{"hash":"6d54be92b285d1e4334cafd18d881feecf2af8fe","isMergeCommit":true,"messageTitle":"Merge pull request #48 from Rae2480/wedding-commands-parsing","messageBody":"Wedding commands parsing","fileTypesAndContributionMap":{}}]},{"date":"2025-03-20","commitResults":[{"hash":"3b82af6e986e1a18e62d953bb72b5646343b1fc4","isMergeCommit":true,"messageTitle":"Merge branch \u0027master\u0027 into branch-Update-UI","messageBody":"","fileTypesAndContributionMap":{}},{"hash":"ba46efaed12ff3d506641a5ef2c18caee7d0cdd4","isMergeCommit":true,"messageTitle":"Merge pull request #53 from soonami69/branch-Update-UI","messageBody":"Branch update UI","fileTypesAndContributionMap":{}},{"hash":"06d8f1a2887173827bc5fb4cac556977912ea1bb","isMergeCommit":false,"messageTitle":"add json versions of wedding and weddingplanner","messageBody":"","fileTypesAndContributionMap":{"functional-code":{"insertions":356,"deletions":29}}},{"hash":"37e3ac94c6204d2e3728fc5c9466583aba5cc3e8","isMergeCommit":false,"messageTitle":"adapt MainApp to implement wedding planner storage","messageBody":"","fileTypesAndContributionMap":{"functional-code":{"insertions":24,"deletions":23}}},{"hash":"0045f6c24a7e927c6436cbfae521aa7630712821","isMergeCommit":true,"messageTitle":"Merge branch \u0027master\u0027 into branch-storage-zedong","messageBody":"","fileTypesAndContributionMap":{}},{"hash":"b43fc9947cd28557ad55f6ad9573c03ebecdb942","isMergeCommit":false,"messageTitle":"add persistent storage","messageBody":"","fileTypesAndContributionMap":{"functional-code":{"insertions":41,"deletions":19},"test-code":{"insertions":1,"deletions":1}}},{"hash":"f34bdb42ec5c6941203ba4d2b70e65a828aa1910","isMergeCommit":true,"messageTitle":"Merge pull request #54 from soonami69/branch-Update-UI","messageBody":"Branch update UI","tags":["v1.3"],"fileTypesAndContributionMap":{}},{"hash":"46bbeeb28457e48448183fba9a782a4cacbec8a1","isMergeCommit":true,"messageTitle":"Merge branch \u0027master\u0027 into branch-storage-zedong","messageBody":"","fileTypesAndContributionMap":{}},{"hash":"08c120889416469c2d5586a6421c25684642ff5c","isMergeCommit":false,"messageTitle":"fix checkstyle errors","messageBody":"","fileTypesAndContributionMap":{"functional-code":{"insertions":14,"deletions":21}}},{"hash":"7eed806c09136d09fbeab740e3011c002dae6077","isMergeCommit":true,"messageTitle":"Merge pull request #55 from zedonggg/branch-storage-zedong","messageBody":"Add Persistent Storage","fileTypesAndContributionMap":{}},{"hash":"7c35e56abe50ac1f00a44d4713e0ba08d5b7423f","isMergeCommit":true,"messageTitle":"Merge branch \u0027master\u0027 into Branch-add-testing","messageBody":"","fileTypesAndContributionMap":{}}]},{"date":"2025-03-27","commitResults":[{"hash":"60fa4c57590d979178e4ea0fdb25a3e8e17379e5","isMergeCommit":true,"messageTitle":"Merge pull request #73 from soonami69/branch-Add-Guest-And-Staff","messageBody":"Add Guest and Staff classes","fileTypesAndContributionMap":{}},{"hash":"db50cfbbb76afbaade6aeb14127d15b7e3f308b2","isMergeCommit":true,"messageTitle":"Merge branch \u0027master\u0027 into sort-by-date","messageBody":"","fileTypesAndContributionMap":{}},{"hash":"73cc6c53afba05c1097273255fb2d359f459d055","isMergeCommit":true,"messageTitle":"Merge pull request #75 from Rae2480/sort-by-date","messageBody":"Allow sorting by date","fileTypesAndContributionMap":{}},{"hash":"25ae9350d85a5e950e377775478d664b34127d91","isMergeCommit":false,"messageTitle":"Add filter by tag command","messageBody":"","fileTypesAndContributionMap":{"functional-code":{"insertions":132,"deletions":0}}},{"hash":"e424a46e8237093333bb6bbe1e87eda07fbff76f","isMergeCommit":false,"messageTitle":"fix checkstyle","messageBody":"","fileTypesAndContributionMap":{"functional-code":{"insertions":8,"deletions":3}}},{"hash":"17caa314eb24d6e6a3c70ae673e857b7d713eaef","isMergeCommit":true,"messageTitle":"Merge pull request #78 from zedonggg/branch-zd-filter","messageBody":"Add filter command","tags":["v1.4"],"fileTypesAndContributionMap":{}}]},{"date":"2025-04-02","commitResults":[{"hash":"4e9a144b16b634fd09fbde977db31a0ee757d2a9","isMergeCommit":false,"messageTitle":"update UML diagram for storage","messageBody":"","fileTypesAndContributionMap":{"other":{"insertions":6,"deletions":1},"docs":{"insertions":11,"deletions":9}}},{"hash":"f7190f4234997c7e0db4e71cb9e6c4b9ab08ddac","isMergeCommit":false,"messageTitle":"update architecture sequence diagram","messageBody":"","fileTypesAndContributionMap":{"docs":{"insertions":2,"deletions":2}}},{"hash":"94754252d0f38b6430c9f904fc6797bfdf03da08","isMergeCommit":false,"messageTitle":"update some parts of DG","messageBody":"","fileTypesAndContributionMap":{"docs":{"insertions":8,"deletions":8}}},{"hash":"78a550d7c0f256058a987e1ec15e889e2b0c2d76","isMergeCommit":false,"messageTitle":"fix sample wedding data","messageBody":"","fileTypesAndContributionMap":{"functional-code":{"insertions":17,"deletions":4}}}]}],"soonami69":[{"date":"2025-03-06","commitResults":[{"hash":"948574b7652a163852b993da51f149441dc78e2c","isMergeCommit":false,"messageTitle":"Update AboutUs to be about me","messageBody":"","fileTypesAndContributionMap":{"docs":{"insertions":6,"deletions":6}}},{"hash":"7cb740d25c6c2a54afde83fe80c09317ee48cd8c","isMergeCommit":true,"messageTitle":"Merge pull request #22 from hrishikeshsathyian/Update-AboutUs-Hrishi","messageBody":"Update AboutUs page Hrishi","fileTypesAndContributionMap":{}},{"hash":"103a9563c8ceabe16922a313949fb410635ef798","isMergeCommit":true,"messageTitle":"Merge pull request #25 from zedonggg/branch-Update-AboutUs-Zd","messageBody":"Add Zedong details to AboutUs.md","fileTypesAndContributionMap":{}},{"hash":"d8a922df3ea924a994448fd05c3a01d0fb9f2980","isMergeCommit":true,"messageTitle":"Merge branch \u0027master\u0027 into Branch-Update-AboutUs-page","messageBody":"","fileTypesAndContributionMap":{}},{"hash":"4dd95df80c2e67c20fe905f3c2bf9178a02039f9","isMergeCommit":true,"messageTitle":"Merge pull request #27 from Xzh119/Branch-Update-AboutUs-page","messageBody":"Update AboutUs page for Zhehao","fileTypesAndContributionMap":{}}]},{"date":"2025-03-10","commitResults":[{"hash":"ad6a0282bd34cef5cace86ffe5cc6c03ef611d0b","isMergeCommit":false,"messageTitle":"Update Use Cases in DG","messageBody":"","fileTypesAndContributionMap":{"docs":{"insertions":67,"deletions":8}}}]},{"date":"2025-03-15","commitResults":[{"hash":"654e7dfc8a7c01d22ae67ccbf673806a502e0fe2","isMergeCommit":false,"messageTitle":"Change GUI to match mockup","messageBody":"","fileTypesAndContributionMap":{"functional-code":{"insertions":75,"deletions":36},"other":{"insertions":2,"deletions":2}}},{"hash":"e983ebb5ec7cb8976d5b6a83b082faac0398dd9a","isMergeCommit":true,"messageTitle":"Merge branch \u0027master\u0027 into branch-Update-UI","messageBody":"","fileTypesAndContributionMap":{}},{"hash":"86eecb9a156fce638201172ec10f0f6d19227a88","isMergeCommit":true,"messageTitle":"Merge pull request #46 from zedonggg/branch-storage-zedong","messageBody":"Add UniqueWeddingList storage","fileTypesAndContributionMap":{}},{"hash":"d3e369fa20c1c991e795e5cef7e14d38d2cf49f5","isMergeCommit":true,"messageTitle":"Merge branch \u0027master\u0027 into branch-Update-UI","messageBody":"","fileTypesAndContributionMap":{}},{"hash":"5cbbbb91438df3fb99d6ea4f066f66849a195656","isMergeCommit":true,"messageTitle":"Merge pull request #47 from zedonggg/branch-storage-zedong","messageBody":"Update Wedding class","fileTypesAndContributionMap":{}}]},{"date":"2025-03-17","commitResults":[{"hash":"d59e909e009e292ed78fbfacd38ded311a4b59f9","isMergeCommit":false,"messageTitle":"Change GUI to display weddings","messageBody":"","fileTypesAndContributionMap":{"functional-code":{"insertions":261,"deletions":74}}},{"hash":"564885fa30e3ca35f6cad4ba1ff04fd95983537e","isMergeCommit":true,"messageTitle":"Merge branch \u0027master\u0027 into branch-Update-UI","messageBody":"","fileTypesAndContributionMap":{}}]},{"date":"2025-03-19","commitResults":[{"hash":"23480a14a2de78759c2e3ade788b18678700f588","isMergeCommit":true,"messageTitle":"Merge pull request #50 from Xzh119/Branch-refactor-wedding","messageBody":"Refactor wedding","fileTypesAndContributionMap":{}},{"hash":"6bcebe161afcca0df5971e99f8c2c1a4fdd6e6db","isMergeCommit":false,"messageTitle":"Edit CSS to match mockup","messageBody":"","fileTypesAndContributionMap":{"functional-code":{"insertions":80,"deletions":67}}},{"hash":"00f570114a7bbbc26656f48cf3224bdd6bda5bd3","isMergeCommit":true,"messageTitle":"Merge branch \u0027master\u0027 into branch-Update-UI","messageBody":"","fileTypesAndContributionMap":{}},{"hash":"b362415fc2c142eb7b3722c9debc37b86e743bfb","isMergeCommit":false,"messageTitle":"Fix styling to comply with CI tests","messageBody":"","fileTypesAndContributionMap":{"functional-code":{"insertions":4,"deletions":4}}},{"hash":"d1ee2f03aa5cbe62665e4bac68fed22f0c0a4f14","isMergeCommit":false,"messageTitle":"Patched up logic issues in merge","messageBody":"","fileTypesAndContributionMap":{"functional-code":{"insertions":2,"deletions":16},"other":{"insertions":648,"deletions":0}}},{"hash":"8031c69a2d1599daee4c2b7e5c082f1bb1f104db","isMergeCommit":false,"messageTitle":"Fix more Checkstyle issues","messageBody":"","fileTypesAndContributionMap":{"functional-code":{"insertions":2,"deletions":5},"test-code":{"insertions":12,"deletions":13}}},{"hash":"098f2cdf46891715c1400c0a765c3877ca333919","isMergeCommit":false,"messageTitle":"FIx a single line of code that was preventing CI tests from passing","messageBody":"","fileTypesAndContributionMap":{"functional-code":{"insertions":2,"deletions":1}}}]},{"date":"2025-03-20","commitResults":[{"hash":"1781405f2d197fd88dc2aaf35042744494b1c2bf","isMergeCommit":false,"messageTitle":"Configure WeddingModel to display Wedding personnel","messageBody":"","fileTypesAndContributionMap":{"functional-code":{"insertions":194,"deletions":64},"other":{"insertions":26,"deletions":10},"test-code":{"insertions":54,"deletions":39}}},{"hash":"a05475bd8f9e59ea24f56305518c48629dfa4dce","isMergeCommit":false,"messageTitle":"Update .gitignore and removed bin files","messageBody":"","fileTypesAndContributionMap":{"other":{"insertions":0,"deletions":648}}},{"hash":"d09fe3d1c082322f6509f28fb2d6c844ff0ba444","isMergeCommit":true,"messageTitle":"Merge branch \u0027branch-Update-UI\u0027 of https://github.com/soonami69/tp into branch-Update-UI","messageBody":"","fileTypesAndContributionMap":{}},{"hash":"dcade1ecfda2498c518bfd26d35b3ac48fd96a8a","isMergeCommit":false,"messageTitle":"Fix compile error in WeddingModelManager","messageBody":"","fileTypesAndContributionMap":{"functional-code":{"insertions":2,"deletions":0}}},{"hash":"6586e448c3b72c11fbd64a521e7764ac83566d3d","isMergeCommit":false,"messageTitle":"Edit code to adhere to style guide","messageBody":"","fileTypesAndContributionMap":{"functional-code":{"insertions":14,"deletions":25}}},{"hash":"103ebfba109610ca7ba4963f9e70910a9d5f9370","isMergeCommit":false,"messageTitle":"Provide execute permission to runchecks.sh (I think)","messageBody":"","fileTypesAndContributionMap":{"other":{"insertions":0,"deletions":0}}},{"hash":"8553ea6b3ed30469db79454b73645a97543f8c00","isMergeCommit":false,"messageTitle":"Provide execute permission to the other scripts","messageBody":"","fileTypesAndContributionMap":{"other":{"insertions":0,"deletions":0}}},{"hash":"d4f770a45e2fb57e330df73a632f322a3c798f7f","isMergeCommit":false,"messageTitle":"Change files to use LF line separators","messageBody":"","fileTypesAndContributionMap":{"functional-code":{"insertions":41,"deletions":41}}},{"hash":"9926c5aaa5ab50d7c48522925f3a96cf13124213","isMergeCommit":false,"messageTitle":"Change files to use LF line separators","messageBody":"","fileTypesAndContributionMap":{"functional-code":{"insertions":99,"deletions":99}}},{"hash":"59cf4af37b45f47907d1f81f2379df19b8140fe5","isMergeCommit":false,"messageTitle":"Clean up unused imports in tests","messageBody":"","fileTypesAndContributionMap":{"test-code":{"insertions":1,"deletions":21}}}]},{"date":"2025-03-21","commitResults":[{"hash":"fa858bd7a43b0a7120707392e078e78fe701733f","isMergeCommit":false,"messageTitle":"Fix failing tests (I think)","messageBody":"","fileTypesAndContributionMap":{"functional-code":{"insertions":0,"deletions":5},"docs":{"insertions":10,"deletions":10},"test-code":{"insertions":26,"deletions":19}}},{"hash":"36f5eceb3273910622f267c9662aafd9b5a3175b","isMergeCommit":false,"messageTitle":"Fix unused imports","messageBody":"","fileTypesAndContributionMap":{"test-code":{"insertions":0,"deletions":3}}},{"hash":"a26ac6e3d30fb4879bd400c5ab312162e7f57660","isMergeCommit":true,"messageTitle":"Merge pull request #64 from Xzh119/Branch-green-website","messageBody":"Update markbind and product scope","fileTypesAndContributionMap":{}},{"hash":"9d76e8758f53bd594be294208f48586f34a6b540","isMergeCommit":true,"messageTitle":"Merge branch \u0027master\u0027 into fixCITests","messageBody":"","fileTypesAndContributionMap":{}}]},{"date":"2025-03-24","commitResults":[{"hash":"0620312dd624da09c770efa5f7ee05cbb235bca9","isMergeCommit":true,"messageTitle":"Merge pull request #69 from Xzh119/Branch-Update-UG","messageBody":"UserGuide update","fileTypesAndContributionMap":{}}]},{"date":"2025-03-25","commitResults":[{"hash":"207e0cda184918dd72372373cdd8c64f2e1a3ff0","isMergeCommit":false,"messageTitle":"Add Guest and Staff classes","messageBody":"","fileTypesAndContributionMap":{"functional-code":{"insertions":194,"deletions":1}}}]},{"date":"2025-03-26","commitResults":[{"hash":"ab099f1b3df9629d015467ca925129bdc4677e7b","isMergeCommit":false,"messageTitle":"Change files to use LF line separators","messageBody":"","fileTypesAndContributionMap":{"functional-code":{"insertions":193,"deletions":193}}}]},{"date":"2025-03-27","commitResults":[{"hash":"4299d8b8396b5a9daaa79670d8bd4e6ed1fbb7e9","isMergeCommit":false,"messageTitle":"Fix checkstyle issues","messageBody":"","fileTypesAndContributionMap":{"functional-code":{"insertions":4,"deletions":4}}},{"hash":"b37e276e402dda39756ccf2e6af0fc46251c6902","isMergeCommit":false,"messageTitle":"Remove old help command and put new one in place of it in commands folder","messageBody":"","fileTypesAndContributionMap":{"functional-code":{"insertions":7,"deletions":30}}},{"hash":"c512164fd8117b7500935add175ecf6402eef057","isMergeCommit":false,"messageTitle":"Fix wrong import order","messageBody":"","fileTypesAndContributionMap":{"functional-code":{"insertions":1,"deletions":1}}}]},{"date":"2025-03-29","commitResults":[{"hash":"735358506923b6d939956659f28f3a729bfb9475","isMergeCommit":false,"messageTitle":"Update UML diagram for UI","messageBody":"","fileTypesAndContributionMap":{"docs":{"insertions":22,"deletions":15}}},{"hash":"61236a0e83f75107d716d148217e1be5229d482b","isMergeCommit":false,"messageTitle":"Change architecture diagram","messageBody":"","fileTypesAndContributionMap":{"docs":{"insertions":5,"deletions":5}}},{"hash":"31af66c8904f63b5fb9849ebba677b1b0cd45eaf","isMergeCommit":false,"messageTitle":"Edit UI portion of DeveloperGuide","messageBody":"","fileTypesAndContributionMap":{"docs":{"insertions":3,"deletions":1}}}]},{"date":"2025-03-31","commitResults":[{"hash":"49a5946976cdec71645e994c984a67ed5e9e8b61","isMergeCommit":false,"messageTitle":"Edit UserGuide","messageBody":"","fileTypesAndContributionMap":{"docs":{"insertions":43,"deletions":6}}},{"hash":"092c29e574f4ce13a05a994ff914afa5c0176ad3","isMergeCommit":true,"messageTitle":"Merge branch \u0027master\u0027 of https://github.com/AY2425S2-CS2103T-W09-4/tp into NewUMLDiagrams","messageBody":"","fileTypesAndContributionMap":{}},{"hash":"c78c3097b67ae2eeb5ac6ea34c7774b913e53bce","isMergeCommit":false,"messageTitle":"Update UserGuide with 1.5 features","messageBody":"","fileTypesAndContributionMap":{"docs":{"insertions":33,"deletions":29}}},{"hash":"b4086a36028b8403cd03e8eedb60557cb11bfe8c","isMergeCommit":true,"messageTitle":"Merge branch \u0027master\u0027 into Delete-Wedding","messageBody":"","fileTypesAndContributionMap":{}},{"hash":"04f2201c35d707a07dbe1bb75aa766b30b9c2a50","isMergeCommit":false,"messageTitle":"Update WeddingPlannerParser.java","messageBody":"","fileTypesAndContributionMap":{"functional-code":{"insertions":1,"deletions":1}}},{"hash":"d408bf251130e6625cf88841f1cb91212e7274cb","isMergeCommit":true,"messageTitle":"Merge pull request #80 from hrishikeshsathyian/Delete-Wedding","messageBody":"Delete wedding","fileTypesAndContributionMap":{}},{"hash":"6164575fd245b05190722436cae6925957e0eaa6","isMergeCommit":true,"messageTitle":"Merge pull request #79 from soonami69/NewUMLDiagrams","messageBody":"Update UML diagram for UI","fileTypesAndContributionMap":{}},{"hash":"8303c0649b78ab4fe9e979ae2e0c533df5833921","isMergeCommit":false,"messageTitle":"Update tests and faulty checkstyle (#83)","messageBody":"* Update tests and faulty checkstyle\n\n* Remove unused import\n\n* Fix style issues\n\n* Fix style issues frfr this time","fileTypesAndContributionMap":{"functional-code":{"insertions":16,"deletions":6},"test-code":{"insertions":7,"deletions":8}}}]},{"date":"2025-04-01","commitResults":[{"hash":"3088b9282d5ddbadbc2975fa0047d4736eb70e04","isMergeCommit":false,"messageTitle":"Update UserGuide.md","messageBody":"","fileTypesAndContributionMap":{"docs":{"insertions":2,"deletions":1}}},{"hash":"0704648c92029b0819f925052c5a93c0e0b52e94","isMergeCommit":true,"messageTitle":"Merge pull request #84 from AY2425S2-CS2103T-W09-4/soonami69-patch-1","messageBody":"Update UserGuide.md","fileTypesAndContributionMap":{}}]},{"date":"2025-04-03","commitResults":[{"hash":"cbbc34cfa9b76d95cfb25b03f81305d90ddfdc62","isMergeCommit":true,"messageTitle":"Merge pull request #118 from zedonggg/add-sample-data-zd","messageBody":"Fix sample wedding data","fileTypesAndContributionMap":{}},{"hash":"d476eb9749e233001a0dcf0a6b11b56c52295629","isMergeCommit":true,"messageTitle":"Merge pull request #86 from zedonggg/branch-update-dg-zedong","messageBody":"Update developer guide","fileTypesAndContributionMap":{}}]}],"Xzh119":[{"date":"2025-03-06","commitResults":[{"hash":"e699a78e21df7c412854031570a658e86eb943ec","isMergeCommit":false,"messageTitle":"Add Zhehao details to AboutUs.md","messageBody":"","fileTypesAndContributionMap":{"docs":{"insertions":3,"deletions":3}}},{"hash":"f55b51b13bfee1a2ae7236ca3cb13afe5a740a36","isMergeCommit":true,"messageTitle":"Merge branch \u0027master\u0027 into update-aboutus-page","messageBody":"","fileTypesAndContributionMap":{}},{"hash":"ab08113350144d1d9fde3c9a21d6d3f414829bde","isMergeCommit":true,"messageTitle":"Merge pull request #28 from Rae2480/update-aboutus-page","messageBody":"Update about us page for rae","fileTypesAndContributionMap":{}}]},{"date":"2025-03-09","commitResults":[{"hash":"9d721433c9b932e944d9004fbe3769b2a70f79c2","isMergeCommit":false,"messageTitle":"Update Glossary in DG","messageBody":"","fileTypesAndContributionMap":{"docs":{"insertions":7,"deletions":1}}},{"hash":"73cfb7a37afda873494d08d05fb6eea6705025e9","isMergeCommit":false,"messageTitle":"Update README","messageBody":"","fileTypesAndContributionMap":{"docs":{"insertions":12,"deletions":11}}},{"hash":"f6aef164379176617fb3abba9f89cd3e7b4677ae","isMergeCommit":false,"messageTitle":"Update README","messageBody":"","fileTypesAndContributionMap":{"docs":{"insertions":1,"deletions":3}}},{"hash":"5c9d41527595caa9192d67d8c3b7f65efe7f2ba0","isMergeCommit":false,"messageTitle":"Update README","messageBody":"","fileTypesAndContributionMap":{"docs":{"insertions":2,"deletions":1}}}]},{"date":"2025-03-19","commitResults":[{"hash":"1fc42d2ab7d470a6696e4f95c3b5d4ba2a32c5eb","isMergeCommit":false,"messageTitle":"Refactor wedding","messageBody":"","fileTypesAndContributionMap":{"functional-code":{"insertions":148,"deletions":205}}},{"hash":"65ea8436c1644894b69cc6ba985ca38220e039fd","isMergeCommit":true,"messageTitle":"Merge pull request #51 from soonami69/fixCheckstyle","messageBody":"Fix checkstyle","fileTypesAndContributionMap":{}}]},{"date":"2025-03-20","commitResults":[{"hash":"6288241872cd64a26632a8eaa1289ef6b952ac21","isMergeCommit":false,"messageTitle":"Add tests for current wedding commands","messageBody":"","fileTypesAndContributionMap":{"test-code":{"insertions":557,"deletions":0}}},{"hash":"fe53b4273a7f9c55469f9bd0569c9dfa8f852849","isMergeCommit":false,"messageTitle":"Add tests for current wedding command parsers","messageBody":"","fileTypesAndContributionMap":{"test-code":{"insertions":203,"deletions":0}}},{"hash":"8f14955de5a654abfd683d0c8f9891b8fb590d4a","isMergeCommit":false,"messageTitle":"Add tests for wedding related classes in model","messageBody":"","fileTypesAndContributionMap":{"test-code":{"insertions":950,"deletions":0}}},{"hash":"caba4d040119f4e7f3357ff6aa0588a4a05e341c","isMergeCommit":false,"messageTitle":"Fix bugs for wedding related classes in model","messageBody":"","fileTypesAndContributionMap":{"functional-code":{"insertions":10,"deletions":1}}},{"hash":"6e21644f53de9fcf415a4a7247adfdd571f034c1","isMergeCommit":false,"messageTitle":"Add tests for exceptions in wedding of model","messageBody":"","fileTypesAndContributionMap":{"test-code":{"insertions":41,"deletions":0}}},{"hash":"157fc5634da1b66377d71cdf0ac9efa969cefebc","isMergeCommit":false,"messageTitle":"Fix check style bugs","messageBody":"","fileTypesAndContributionMap":{"test-code":{"insertions":18,"deletions":16}}},{"hash":"a306a7b7973b21445aca00c6b9577d8c6d30b377","isMergeCommit":false,"messageTitle":"Fix check style bug","messageBody":"","fileTypesAndContributionMap":{"test-code":{"insertions":1,"deletions":2}}},{"hash":"8a0f04ab44981e59fac7a2387cfbd94ce4ade4a2","isMergeCommit":false,"messageTitle":"Add Javadoc comment","messageBody":"","fileTypesAndContributionMap":{"functional-code":{"insertions":8,"deletions":0}}},{"hash":"153c358bde0faa69b59d0f8474580980917d2800","isMergeCommit":false,"messageTitle":"Fix check style bugs","messageBody":"","fileTypesAndContributionMap":{"test-code":{"insertions":106,"deletions":92}}},{"hash":"078be6634a7c8e6090fcbc0e0e34a72f75d0b389","isMergeCommit":false,"messageTitle":"Fix check style bugs","messageBody":"","fileTypesAndContributionMap":{"test-code":{"insertions":73,"deletions":82}}},{"hash":"2ae67a618eed6135e90e153c5f693edc5d658dfc","isMergeCommit":true,"messageTitle":"Merge pull request #57 from Xzh119/Branch-add-testing","messageBody":"Add tests for increments so far and fix minor bugs","fileTypesAndContributionMap":{}}]},{"date":"2025-03-21","commitResults":[{"hash":"96cf8ebfcd36691ee803d939c543e9a187a714df","isMergeCommit":false,"messageTitle":"Update markbind and product scope","messageBody":"","fileTypesAndContributionMap":{"docs":{"insertions":4,"deletions":4}}}]},{"date":"2025-03-23","commitResults":[{"hash":"eec6768070765d8ee44a12936668548b5164ade5","isMergeCommit":true,"messageTitle":"Merge pull request #65 from soonami69/fixCITests","messageBody":"Fix failing tests (I think)","fileTypesAndContributionMap":{}},{"hash":"5b88017dea1caa25c03ccf7c4c7e36652c22560a","isMergeCommit":true,"messageTitle":"Merge branch \u0027master\u0027 into Update-UG","messageBody":"","fileTypesAndContributionMap":{}},{"hash":"840f38985feef4e625dce2025887fc7a51e1740d","isMergeCommit":true,"messageTitle":"Merge pull request #66 from hrishikeshsathyian/Update-UG","messageBody":"Update User Guide","fileTypesAndContributionMap":{}},{"hash":"d3419929e9d0afbdc8363e9e074932b54aae5b14","isMergeCommit":false,"messageTitle":"UserGuide update","messageBody":"","fileTypesAndContributionMap":{"docs":{"insertions":85,"deletions":34}}},{"hash":"a34aae5e7feadf3723a0fca32f9d2e0bae9a5f3c","isMergeCommit":false,"messageTitle":"Fix checkstyle","messageBody":"","fileTypesAndContributionMap":{"functional-code":{"insertions":4,"deletions":6}}},{"hash":"0f70323beed4eec2cbec2762d94a33669bd49595","isMergeCommit":false,"messageTitle":"Fix checkstyle","messageBody":"","fileTypesAndContributionMap":{"functional-code":{"insertions":1,"deletions":1}}}]},{"date":"2025-03-27","commitResults":[{"hash":"f7182879d2e9d12ed9426a1738c2f998f4117f74","isMergeCommit":false,"messageTitle":"Add find certain member command","messageBody":"","fileTypesAndContributionMap":{"functional-code":{"insertions":211,"deletions":0}}},{"hash":"07c2d1f225210a37cbf31d25c4cfc225618db20f","isMergeCommit":false,"messageTitle":"Fix check style","messageBody":"","fileTypesAndContributionMap":{"functional-code":{"insertions":0,"deletions":1}}},{"hash":"3d8ec696eaefc8e9d090b66095dfdbc5cd80965a","isMergeCommit":false,"messageTitle":"Fix checkstyle","messageBody":"","fileTypesAndContributionMap":{"functional-code":{"insertions":1,"deletions":1}}},{"hash":"a1b8e13f3c7dba5103a9d49322594053038cd5fc","isMergeCommit":true,"messageTitle":"Merge pull request #74 from Xzh119/Branch-Add-Search","messageBody":"Add find certain member command","fileTypesAndContributionMap":{}},{"hash":"1c02fec708bf6b1646a77e89ef27e4ce53d12ebf","isMergeCommit":true,"messageTitle":"Merge pull request #77 from soonami69/FixCheckstyle","messageBody":"Fix checkstyle issues","fileTypesAndContributionMap":{}}]},{"date":"2025-04-03","commitResults":[{"hash":"b06d4829c82111a77b0a085b28cdd55934ed705f","isMergeCommit":true,"messageTitle":"Merge branch \u0027master\u0027 into Update-DG","messageBody":"","fileTypesAndContributionMap":{}},{"hash":"3e5102cefdb100332583d4dd31f010cced78b884","isMergeCommit":true,"messageTitle":"Merge pull request #87 from hrishikeshsathyian/Update-DG","messageBody":"Update DG diagrams","fileTypesAndContributionMap":{}},{"hash":"3ef4f8c3056d6d81e5dd45273f970e99d8adb05c","isMergeCommit":true,"messageTitle":"Merge pull request #109 from Rae2480/UML-diagrams","messageBody":"Create UML diagrams for model structure","fileTypesAndContributionMap":{}},{"hash":"34743cf35dc94db6f48b17f93d3f3632fc8870b9","isMergeCommit":true,"messageTitle":"Merge pull request #122 from Rae2480/UG-and-DG-update","messageBody":"Ug and dg update","fileTypesAndContributionMap":{}}]}]},"authorFileTypeContributionMap":{"hrishikeshsathyian":{"docs":82,"functional-code":606,"test-code":181},"Rae2480":{"docs":156,"functional-code":826,"test-code":0},"zedonggg":{"docs":22,"functional-code":659,"test-code":1,"other":6},"soonami69":{"docs":139,"functional-code":698,"test-code":96},"Xzh119":{"docs":86,"functional-code":328,"test-code":1757}},"authorContributionVariance":{"hrishikeshsathyian":7753.9805,"Rae2480":26512.342,"zedonggg":7531.095,"soonami69":63351.695,"Xzh119":110787.82},"authorDisplayNameMap":{"hrishikeshsathyian":"CS2103T-W09-4 HRIS..YIAN","Rae2480":"CS2103T-W09-4 RAEE..SAIN","zedonggg":"CS2103T-W09-4 SUN ..DONG","soonami69":"CS2103T-W09-4 SOON..OTHY","Xzh119":"CS2103T-W09-4 XU Z..EHAO"}}
