{"authorDailyContributionsMap":{"matthanfoo":[{"date":"2025-03-05","commitResults":[{"hash":"a45c9b1f11801eb739b4928f58afddb27426db34","isMergeCommit":true,"messageTitle":"Merge pull request #8 from matthanfoo/master","messageBody":"Add personal profile picture","fileTypesAndContributionMap":{}}]},{"date":"2025-03-06","commitResults":[{"hash":"ea33ecb438e50881ccaa209dda7fe465efaa0e78","isMergeCommit":false,"messageTitle":"Edit About Us file","messageBody":"","fileTypesAndContributionMap":{"docs":{"insertions":3,"deletions":4}}}]},{"date":"2025-03-12","commitResults":[{"hash":"82e5bff2f9c76b4d5d3b454fca3af704c48d0107","isMergeCommit":false,"messageTitle":"docs: add an NFR, use case, and glossary terms","messageBody":"","fileTypesAndContributionMap":{"docs":{"insertions":23,"deletions":1}}},{"hash":"ded8eda3d8ec797f7f542e06634a700117e255b8","isMergeCommit":false,"messageTitle":"feat (add contact): reconfigure to remove address field and add in company and position fields","messageBody":"","fileTypesAndContributionMap":{"functional-code":{"insertions":294,"deletions":78}}}]},{"date":"2025-03-13","commitResults":[{"hash":"7b59704ddcfd5a58b551bbd97e213e135156be60","isMergeCommit":false,"messageTitle":"docs: change numbering for use case","messageBody":"","fileTypesAndContributionMap":{"docs":{"insertions":4,"deletions":4}}},{"hash":"4275c580a707f919599cd36dda5f329a11eabe2b","isMergeCommit":false,"messageTitle":"Fix bugs with remaining address functionality","messageBody":"Resolves #30\n","fileTypesAndContributionMap":{"test-code":{"insertions":5629,"deletions":147}}},{"hash":"b6f33a0529b65dd707b0af414e9203ec26f8035b","isMergeCommit":false,"messageTitle":"style: adhere to checkstyle standards","messageBody":"fixes #30\n","fileTypesAndContributionMap":{"functional-code":{"insertions":36,"deletions":29},"test-code":{"insertions":61,"deletions":50}}},{"hash":"ff4446b005b3bb0445cb0c5e49d3351247e94bea","isMergeCommit":false,"messageTitle":"style: resolve checkstyle issues","messageBody":"fixes #30\n","fileTypesAndContributionMap":{"test-code":{"insertions":48,"deletions":10}}}]},{"date":"2025-03-14","commitResults":[{"hash":"1026d51ad2d6a810f4db94aa503f6c51e88bffaf","isMergeCommit":false,"messageTitle":"Test commit to seek help with identifying bug","messageBody":"","fileTypesAndContributionMap":{"functional-code":{"insertions":1,"deletions":1},"test-code":{"insertions":37,"deletions":22}}}]},{"date":"2025-03-15","commitResults":[{"hash":"53ec4f69006343623e37463db209efe7b3acb994","isMergeCommit":false,"messageTitle":"Fix #30 testing issues","messageBody":"","fileTypesAndContributionMap":{"functional-code":{"insertions":16,"deletions":1},"test-code":{"insertions":69,"deletions":44}}},{"hash":"2f028860858c1a9f05dce87f33755758f70a5799","isMergeCommit":false,"messageTitle":"Fix #30","messageBody":"","fileTypesAndContributionMap":{"test-code":{"insertions":66,"deletions":0}}},{"hash":"301725eba21b2ba280c084f38fea3846a76cd4f0","isMergeCommit":false,"messageTitle":"no message","messageBody":"","fileTypesAndContributionMap":{"functional-code":{"insertions":1,"deletions":1}}},{"hash":"80855c36d556cd8d8083487af15e99fd86c3abcc","isMergeCommit":false,"messageTitle":"Fix #30","messageBody":"","fileTypesAndContributionMap":{"test-code":{"insertions":1,"deletions":1}}},{"hash":"54564f9173f826e57dcf8021cad343fbb4c0fbbe","isMergeCommit":true,"messageTitle":"Merge pull request #30 from matthanfoo/add-command","messageBody":"feat (add contact):","fileTypesAndContributionMap":{}}]}],"JuhromeAlexander":[{"date":"2025-03-06","commitResults":[{"hash":"13b75a19c2791e6ad4d7ee110a80aa51c1099acb","isMergeCommit":false,"messageTitle":"docs: update AboutUs Page with Juraimi\u0027s Details","messageBody":"","fileTypesAndContributionMap":{"docs":{"insertions":2,"deletions":3}}},{"hash":"11bb1313852cf5b49cd239aea8de1c44915fa85c","isMergeCommit":true,"messageTitle":"Merge pull request #11 from zephaniahong/10-add-photo","messageBody":"Add personal photo","fileTypesAndContributionMap":{}},{"hash":"ad130e153bc653df710ec9e856710d490f49b2cc","isMergeCommit":true,"messageTitle":"Merge pull request #14 from zephaniahong/12-Update-Page","messageBody":"Update README and AboutUs","fileTypesAndContributionMap":{}},{"hash":"c050b7b199fd6424beb6be5a9713dec91ebb360c","isMergeCommit":true,"messageTitle":"Merge pull request #16 from matthanfoo/add-UI-screenshot","messageBody":"Add updated UI Screenshot","fileTypesAndContributionMap":{}},{"hash":"88c2bb89723465bf374a3fb66d342655934ea98b","isMergeCommit":true,"messageTitle":"Merge branch \u0027master\u0027 into edit-AboutUs-doc","messageBody":"","fileTypesAndContributionMap":{}},{"hash":"33d0bc4f8cb58b6dcc9800c8b58236def742e9fe","isMergeCommit":true,"messageTitle":"Merge pull request #17 from matthanfoo/edit-AboutUs-doc","messageBody":"Edit About Us file","fileTypesAndContributionMap":{}},{"hash":"05b32d1cf56ac4b35f8f58feb00dfa4027ee2920","isMergeCommit":false,"messageTitle":"docs: update DeveloperGuide with MVP User Stories","messageBody":"","fileTypesAndContributionMap":{"docs":{"insertions":6,"deletions":8}}},{"hash":"315ca32b4c429c539eaefa36c69026301c6fc880","isMergeCommit":false,"messageTitle":"docs: update Developer Guide with product scope details","messageBody":"","fileTypesAndContributionMap":{"docs":{"insertions":3,"deletions":2}}}]},{"date":"2025-03-12","commitResults":[{"hash":"c2dc1ddeccba739995c8789b345d30bcfdb5bbbc","isMergeCommit":true,"messageTitle":"Merge pull request #24 from matthanfoo/dg-update","messageBody":"docs: add an NFR, use case, and glossary terms","fileTypesAndContributionMap":{}},{"hash":"fa68c43063b05caa7f7c6a980650933976e1ceed","isMergeCommit":false,"messageTitle":"docs: update user stories section with remaining stories","messageBody":"","fileTypesAndContributionMap":{"docs":{"insertions":32,"deletions":8}}},{"hash":"9f283154f0d51810d16e5daf586885afad4863b5","isMergeCommit":false,"messageTitle":"docs: update DG with sections for the needed use cases","messageBody":"","fileTypesAndContributionMap":{"docs":{"insertions":7,"deletions":0}}},{"hash":"1ba348a6aa7a68b5f824a6b2d7dbff27c8ee249c","isMergeCommit":false,"messageTitle":"docs: add NFR \u0026 Glossary term to DG","messageBody":"","fileTypesAndContributionMap":{"docs":{"insertions":2,"deletions":0}}},{"hash":"bce6464ac13049c1bc303688a0a523ed5eca3aa3","isMergeCommit":false,"messageTitle":"docs: add a use case for MVP story to DG","messageBody":"","fileTypesAndContributionMap":{"docs":{"insertions":17,"deletions":0}}}]},{"date":"2025-03-13","commitResults":[{"hash":"978d45c3f05ae1bfab4c3492aaaf6d1a79a96331","isMergeCommit":true,"messageTitle":"Merge pull request #32 from gn07/branch-update-dev-guide","messageBody":"docs: add use case NFR and glossary to DG","fileTypesAndContributionMap":{}},{"hash":"4ad90a6c5b908ac2fd225c5eccfe076cd4a2494c","isMergeCommit":false,"messageTitle":"refactor: refactor class name to generic version for future implementation","messageBody":"","fileTypesAndContributionMap":{"functional-code":{"insertions":5,"deletions":5},"other":{"insertions":5,"deletions":5},"test-code":{"insertions":31,"deletions":31}}},{"hash":"460527ab0274e9108d3a1b57ef796ac29cc3f227","isMergeCommit":false,"messageTitle":"feat: add partial search utility to StringUtil","messageBody":"","fileTypesAndContributionMap":{"functional-code":{"insertions":23,"deletions":0}}},{"hash":"a0b72c3e4483134c2c9b294a56e621b38996c500","isMergeCommit":false,"messageTitle":"feat: implement partial search for FindCommand","messageBody":"","fileTypesAndContributionMap":{"functional-code":{"insertions":39,"deletions":11}}},{"hash":"0348a586fec0fd66c293d59d594e5565ecd7c6dc","isMergeCommit":true,"messageTitle":"Merge pull request #41 from zephaniahong/use-case","messageBody":"docs: Fix formatting","fileTypesAndContributionMap":{}},{"hash":"231934022ebb45d455ba27d937d51b1c2edb6586","isMergeCommit":true,"messageTitle":"Merge remote-tracking branch \u0027upstream/master\u0027 into Add-Basic-Search-Functionality","messageBody":"chore: pull upstream branches to ensure no merge conflicts\n","fileTypesAndContributionMap":{}},{"hash":"e6c2826e4e44a24b7f6272adcb040cd91d196458","isMergeCommit":false,"messageTitle":"feat: add getter to FindCommand class for the predicate field","messageBody":"","fileTypesAndContributionMap":{"functional-code":{"insertions":4,"deletions":0}}},{"hash":"511bc05fde625bcdef061ed84774661c0e857351","isMergeCommit":false,"messageTitle":"test: fix Find Command tests to ensure tests work with new changes","messageBody":"","fileTypesAndContributionMap":{"test-code":{"insertions":38,"deletions":22}}},{"hash":"517ddd5b2860c5104f8d26a86dbd01dff9cfb617","isMergeCommit":false,"messageTitle":"style: fix checkstyle errors","messageBody":"","fileTypesAndContributionMap":{"functional-code":{"insertions":4,"deletions":5}}},{"hash":"0db8ab87e68b915acf8b184e65f70048d8f4f32a","isMergeCommit":false,"messageTitle":"style: fix checkstyle errors in Predicate Class","messageBody":"","fileTypesAndContributionMap":{"functional-code":{"insertions":10,"deletions":1}}},{"hash":"4212c752fd138c53ae245557833dcaf9803f65c4","isMergeCommit":false,"messageTitle":"test: fix tests affected by predicate file change","messageBody":"","fileTypesAndContributionMap":{"test-code":{"insertions":27,"deletions":13}}},{"hash":"213ff415424e6646fa7b2687e1485f624a5c373e","isMergeCommit":false,"messageTitle":"style: fix checkstyle errors in Predicate File","messageBody":"","fileTypesAndContributionMap":{"functional-code":{"insertions":1,"deletions":1}}},{"hash":"95b4903b120d4f4e489a95df30a8b4b605b5dd5a","isMergeCommit":false,"messageTitle":"fix checkstyle errors in test files","messageBody":"","fileTypesAndContributionMap":{"test-code":{"insertions":5,"deletions":20}}},{"hash":"a7c9693df657faf501d3f1aaa2878ee6062c9025","isMergeCommit":false,"messageTitle":"test: fix logical errors with find command tests","messageBody":"","fileTypesAndContributionMap":{"test-code":{"insertions":3,"deletions":6}}}]}],"zephaniahong":[{"date":"2025-02-21","commitResults":[{"hash":"fe8216ac62218c672b2723d517921a7c6d284d30","isMergeCommit":false,"messageTitle":"Update names in About Us page","messageBody":"","fileTypesAndContributionMap":{"docs":{"insertions":5,"deletions":15}}},{"hash":"d2e7611a1ebe3d528f3289a50c53f8f6f38d5d59","isMergeCommit":true,"messageTitle":"Merge pull request #1 from zephaniahong/master","messageBody":"Update names in About Us page","fileTypesAndContributionMap":{}},{"hash":"c259adc3720201d592a6da8967c574137079f00e","isMergeCommit":false,"messageTitle":"Add line at EOF","messageBody":"","fileTypesAndContributionMap":{"docs":{"insertions":1,"deletions":1}}},{"hash":"837844928be51343383118763dc3d10214057b10","isMergeCommit":false,"messageTitle":"Change title","messageBody":"","fileTypesAndContributionMap":{"other":{"insertions":1,"deletions":1}}},{"hash":"9741ac7d8aeaa8812a9044ca12c8bceb4263f039","isMergeCommit":true,"messageTitle":"Merge pull request #2 from zephaniahong/master","messageBody":"Minor changes to docs","fileTypesAndContributionMap":{}}]},{"date":"2025-03-06","commitResults":[{"hash":"0280a2eafbc2482239971620e3a6da8604e18e77","isMergeCommit":true,"messageTitle":"Merge pull request #9 from gn07/master","messageBody":"update github build status badge link","fileTypesAndContributionMap":{}},{"hash":"1bea4353e856636597c7c226013ff30bdc4ba3dd","isMergeCommit":false,"messageTitle":"Update README and AboutUs","messageBody":"","fileTypesAndContributionMap":{"docs":{"insertions":15,"deletions":12}}},{"hash":"9d6af3aafa79b7ba9445ba31b586f8da008f68f3","isMergeCommit":true,"messageTitle":"Merge branch \u0027master\u0027 into 12-Update-Page","messageBody":"","fileTypesAndContributionMap":{}},{"hash":"cb85d39cb589b9225bb0b14bcaecc03c03e69d0a","isMergeCommit":false,"messageTitle":"Add newline at EOF","messageBody":"","fileTypesAndContributionMap":{"docs":{"insertions":1,"deletions":1}}},{"hash":"fae9130bfb1008904d1877488b5b8547fa78ab60","isMergeCommit":true,"messageTitle":"Merge","messageBody":"","fileTypesAndContributionMap":{}},{"hash":"f0f6c1cf63c2583cbb12a83cf8601d04fc0cd51f","isMergeCommit":true,"messageTitle":"Merge pull request #15 from JuhromeAlexander/Update-About-Us-Juraimi","messageBody":"Update AboutUs Page with Juraimi\u0027s Details","fileTypesAndContributionMap":{}}]},{"date":"2025-03-09","commitResults":[{"hash":"de8b72792321bcbe097655c45e34b79305aeae4a","isMergeCommit":true,"messageTitle":"Merge pull request #21 from JuhromeAlexander/Update-DG-Product-Scope","messageBody":"Update Developer Guide with product scope details","fileTypesAndContributionMap":{}},{"hash":"59212abe0215aa0be43d6725023063697000e8d0","isMergeCommit":true,"messageTitle":"Merge pull request #19 from JuhromeAlexander/Update-MVP-User-Stories","messageBody":"Update Developer Guide with MVP User Stories","fileTypesAndContributionMap":{}},{"hash":"ec34c19cb266641924cf0ce7a8755248d39ad9a5","isMergeCommit":true,"messageTitle":"Merge pull request #22 from gn07/master","messageBody":"Edit about us file","fileTypesAndContributionMap":{}}]},{"date":"2025-03-13","commitResults":[{"hash":"f8c4011d239a44c4fed326fcd92b84078a3b3f98","isMergeCommit":false,"messageTitle":"docs: Add use case for viewing all contacts","messageBody":"","fileTypesAndContributionMap":{"docs":{"insertions":11,"deletions":2}}},{"hash":"b618501ac3958f8071da2112dede06d1622babf5","isMergeCommit":false,"messageTitle":"docs: Add an NFR","messageBody":"","fileTypesAndContributionMap":{"docs":{"insertions":1,"deletions":0}}},{"hash":"a4f79e55b277223799c560c3ddac51a6d5ba1303","isMergeCommit":true,"messageTitle":"Merge pull request #39 from zephaniahong/master","messageBody":"Add use case and NFR","fileTypesAndContributionMap":{}},{"hash":"8fe4cf1eb2fd92764d0324a99824ecccd8f9b53e","isMergeCommit":true,"messageTitle":"Merge pull request #34 from gn07/feature-delete","messageBody":"Feature: edit delete command guide to be more specific","fileTypesAndContributionMap":{}},{"hash":"235e5b7fed0353ec8b64f551d3cdb84ed067a062","isMergeCommit":false,"messageTitle":"docs: Fix formatting","messageBody":"","fileTypesAndContributionMap":{"docs":{"insertions":6,"deletions":6}}}]},{"date":"2025-03-14","commitResults":[{"hash":"b25cc357ee1f951458c0514986f3042f3cfb590e","isMergeCommit":true,"messageTitle":"Merge pull request #42 from JuhromeAlexander/Add-Basic-Search-Functionality","messageBody":"Add basic search functionality","fileTypesAndContributionMap":{}}]}],"gn07":[{"date":"2025-03-05","commitResults":[{"hash":"234a07cbb6f68ae46cbedf316cce48e5829878e3","isMergeCommit":true,"messageTitle":"Merge pull request #4 from JuhromeAlexander/Add-Juraimi-Photo","messageBody":"Add Juraimi\u0027s Photo","fileTypesAndContributionMap":{}},{"hash":"bb056593090d54186444fb8211d4ecbfe74c6763","isMergeCommit":false,"messageTitle":"update github build status badge link","messageBody":"","fileTypesAndContributionMap":{"docs":{"insertions":1,"deletions":1}}}]},{"date":"2025-03-07","commitResults":[{"hash":"cec468a0cec83411c5444759bafe4cb73112a262","isMergeCommit":false,"messageTitle":"Edit about us file","messageBody":"","fileTypesAndContributionMap":{"docs":{"insertions":4,"deletions":5}}}]},{"date":"2025-03-12","commitResults":[{"hash":"756116905d2a7351b51bfbcc98a1f77489323d3d","isMergeCommit":true,"messageTitle":"Merge pull request #27 from JuhromeAlexander/Add-User-Stories","messageBody":"Add remaining user stories to DG","fileTypesAndContributionMap":{}},{"hash":"acfab355efecbc9e592196f673998b81a6790d41","isMergeCommit":true,"messageTitle":"Merge pull request #29 from JuhromeAlexander/Add-Use-Case-NFR-to-DG","messageBody":"Add Use Case, NFR to DG","fileTypesAndContributionMap":{}}]},{"date":"2025-03-13","commitResults":[{"hash":"dce56d152718758795831d2f9a55448913b14f05","isMergeCommit":false,"messageTitle":"add use case for delete contact","messageBody":"","fileTypesAndContributionMap":{"docs":{"insertions":15,"deletions":0}}},{"hash":"72ab0aa2aebba66a2046b10f4dc4c56254a5b596","isMergeCommit":false,"messageTitle":"docs: add NFR and Glossary entry to DG","messageBody":"","fileTypesAndContributionMap":{"docs":{"insertions":2,"deletions":0}}},{"hash":"3c8b29e37915c1ca3b94a5044cd1e6e5192e5135","isMergeCommit":true,"messageTitle":"Merge pull request #31 from matthanfoo/dg-update","messageBody":"docs: change numbering for use case","fileTypesAndContributionMap":{}},{"hash":"c69f012d21a0ae03cd2c22aeac630b143f16eeaf","isMergeCommit":true,"messageTitle":"Merge branch \u0027master\u0027 into branch-update-dev-guide","messageBody":"","fileTypesAndContributionMap":{}},{"hash":"c4e1c29c8664e8dd2062f144473926705b030463","isMergeCommit":false,"messageTitle":"docs: update delete command usage","messageBody":"","fileTypesAndContributionMap":{"functional-code":{"insertions":1,"deletions":1}}},{"hash":"20bed6154828ff001cd7516c567117ca2419752e","isMergeCommit":true,"messageTitle":"Merge branch \u0027master\u0027 into feature-delete","messageBody":"","fileTypesAndContributionMap":{}}]}]},"authorFileTypeContributionMap":{"matthanfoo":{"docs":25,"functional-code":309,"test-code":5751},"JuhromeAlexander":{"docs":59,"functional-code":78,"test-code":57},"zephaniahong":{"docs":30,"functional-code":0,"test-code":0,"other":1},"gn07":{"docs":22,"functional-code":1,"test-code":0}},"authorContributionVariance":{"matthanfoo":1498941.2,"JuhromeAlexander":4218.4985,"zephaniahong":79.20227,"gn07":17.689981},"authorDisplayNameMap":{"matthanfoo":"CS2103-W11-2 MATT..IANG","JuhromeAlexander":"CS2103-W11-2 MUHA..INYI","zephaniahong":"CS2103-W11-2 ONG ..NIAH","gn07":"CS2103-W11-2 GRAC..E NG"}}
