{"authorDailyContributionsMap":{"jamesberyl":[{"date":"2025-03-01","commitResults":[{"hash":"449796b5e92f944996fb27c04bce5f33797bfa18","isMergeCommit":false,"messageTitle":"Update AboutUs","messageBody":"","fileTypesAndContributionMap":{"docs":{"insertions":6,"deletions":5}}},{"hash":"21a7c2fef35cb5da5aa59d3b589dcfe46bb8a570","isMergeCommit":true,"messageTitle":"Merge pull request #19 from jamesberyl/branch-add-jamesberyl-info","messageBody":"Add Beryl\u0027s AboutUs","fileTypesAndContributionMap":{}}]},{"date":"2025-03-04","commitResults":[{"hash":"fb6369c37ef5ce35bafdc1be1bfb980173b37c2e","isMergeCommit":true,"messageTitle":"Merge master into add-glossary-DG","messageBody":"","fileTypesAndContributionMap":{}},{"hash":"05e4cc2fe32284def6e87e93ae6ea7677446646a","isMergeCommit":false,"messageTitle":"Update glossary in DG","messageBody":"","fileTypesAndContributionMap":{"docs":{"insertions":1,"deletions":1}}}]},{"date":"2025-03-09","commitResults":[{"hash":"f7cb42d4a60845c6430a43e6a3432d94770943db","isMergeCommit":false,"messageTitle":"Add terms in glossary","messageBody":"","fileTypesAndContributionMap":{"docs":{"insertions":2,"deletions":0}}}]},{"date":"2025-03-12","commitResults":[{"hash":"936c0ac045e7404d3eb1bb1defbc037d165be022","isMergeCommit":false,"messageTitle":"Add wedding class","messageBody":"","fileTypesAndContributionMap":{"functional-code":{"insertions":234,"deletions":0}}},{"hash":"7ee24a066710d50b61847c43560529d76544ab3a","isMergeCommit":false,"messageTitle":"Add \u0027AddWeddingEvent\u0027 command","messageBody":"","fileTypesAndContributionMap":{"functional-code":{"insertions":175,"deletions":0}}},{"hash":"1e2e3ff73d0dfbb0b4d02faab6deeb59dbed6457","isMergeCommit":false,"messageTitle":"Update storage to store Weddings","messageBody":"","fileTypesAndContributionMap":{"functional-code":{"insertions":125,"deletions":1}}},{"hash":"979bc2175a2abdc36735a383fd182176f6fe5d79","isMergeCommit":false,"messageTitle":"Remove unnecessary comments","messageBody":"","fileTypesAndContributionMap":{"functional-code":{"insertions":0,"deletions":10}}},{"hash":"cc3578b9069a701419621f02cacbc9f65cb9b550","isMergeCommit":false,"messageTitle":"Fix formatting","messageBody":"","fileTypesAndContributionMap":{"functional-code":{"insertions":5,"deletions":5}}},{"hash":"2fc30ba737f53a4ac5e6b79fd3a57ba5aa8a1164","isMergeCommit":false,"messageTitle":"Add new classes for Filter functionality","messageBody":"","fileTypesAndContributionMap":{"functional-code":{"insertions":119,"deletions":0}}},{"hash":"de1d2d8cde3d6944edcb8c3c56443405869e3a12","isMergeCommit":false,"messageTitle":"Modify existing classes for Filter functionality","messageBody":"","fileTypesAndContributionMap":{"functional-code":{"insertions":28,"deletions":12}}},{"hash":"201ac49fc2660a7b63eeddef2ab1dc33623d093b","isMergeCommit":false,"messageTitle":"Fix tag class","messageBody":"","fileTypesAndContributionMap":{"functional-code":{"insertions":1,"deletions":0}}},{"hash":"c648020a4c6fa53bb146822204323c04bceff3af","isMergeCommit":false,"messageTitle":"Fix Checkstyle issues","messageBody":"","fileTypesAndContributionMap":{"functional-code":{"insertions":2,"deletions":3}}}]},{"date":"2025-03-13","commitResults":[{"hash":"0ac886749ad191368bb8865c4892d3080efd8d7a","isMergeCommit":false,"messageTitle":"Add tests for new classes","messageBody":"","fileTypesAndContributionMap":{"test-code":{"insertions":108,"deletions":0}}},{"hash":"58a191b1d1a7375c4cf8153797824941f1345738","isMergeCommit":false,"messageTitle":"Modify tests to fix issues","messageBody":"","fileTypesAndContributionMap":{"test-code":{"insertions":117,"deletions":104}}},{"hash":"6330e1a7c8a843d2ac7b9374b2dda26a159ed3c5","isMergeCommit":false,"messageTitle":"Update MESSAGE_USAGE","messageBody":"","fileTypesAndContributionMap":{"functional-code":{"insertions":1,"deletions":2}}},{"hash":"77cfd79a88cc46b35a13be766d6b719523cdb0f3","isMergeCommit":true,"messageTitle":"Merge pull request #54 from weiyanminoo/Add-Role-Field","messageBody":"Add \u0027Role\u0027 field for Person","fileTypesAndContributionMap":{}},{"hash":"c5da281c2a85dbf74129aed10a6e2528ce5e8864","isMergeCommit":true,"messageTitle":"merge master into add-classes","messageBody":"# Conflicts:\n#\tsrc/main/java/seedu/address/logic/parser/AddressBookParser.java\n","fileTypesAndContributionMap":{}},{"hash":"b6d8da36c5880f30ed14bf07685f358afa45c920","isMergeCommit":false,"messageTitle":"Fix CheckStyle issues","messageBody":"","fileTypesAndContributionMap":{"functional-code":{"insertions":13,"deletions":5}}}]},{"date":"2025-03-14","commitResults":[{"hash":"9badc238abc77f555c2cdacb5aeb291a4ec0d696","isMergeCommit":false,"messageTitle":"Add wedding related methods","messageBody":"","fileTypesAndContributionMap":{"functional-code":{"insertions":34,"deletions":0}}},{"hash":"bdd589dfa62cfb81838d89a9386009fd26fe3f4d","isMergeCommit":false,"messageTitle":"Modify existing tests for wedding","messageBody":"","fileTypesAndContributionMap":{"test-code":{"insertions":665,"deletions":0}}},{"hash":"2490061599fc951ea291b5ef499d070d0f3ee5c6","isMergeCommit":false,"messageTitle":"Fix checkstyle issues","messageBody":"","fileTypesAndContributionMap":{"functional-code":{"insertions":2,"deletions":2}}},{"hash":"f3f285377ec95fb8254cd0f8baa417344c4da0f2","isMergeCommit":false,"messageTitle":"Fix storage bug where weddings get reset on restart","messageBody":"","fileTypesAndContributionMap":{"functional-code":{"insertions":3,"deletions":1}}},{"hash":"01cbf3a7eb6cb1b3b13f6b8e280040db0eca53e8","isMergeCommit":true,"messageTitle":"Merge pull request #51 from jamesberyl/add-classes","messageBody":"Add Wedding class","fileTypesAndContributionMap":{}}]},{"date":"2025-03-15","commitResults":[{"hash":"3928db2156373b80e5904732038a3a4dc47828ed","isMergeCommit":false,"messageTitle":"Modify wedding to generate weddingId and store","messageBody":"","fileTypesAndContributionMap":{"functional-code":{"insertions":26,"deletions":8}}},{"hash":"8e6a3862d80c6ba44d94955d4a25a96b831b47e7","isMergeCommit":false,"messageTitle":"Fix Checkstyle issues","messageBody":"","fileTypesAndContributionMap":{"functional-code":{"insertions":1,"deletions":2}}},{"hash":"c61c0ab8c50ee91cf630d9e555f1398a87b39747","isMergeCommit":false,"messageTitle":"Modify test classes based on new Wedding class","messageBody":"","fileTypesAndContributionMap":{"test-code":{"insertions":65,"deletions":75}}},{"hash":"1ab0e6c8d3f57ab427b9759b37c9684040e68075","isMergeCommit":false,"messageTitle":"Modify test class based on new Wedding class","messageBody":"","fileTypesAndContributionMap":{"test-code":{"insertions":42,"deletions":9}}},{"hash":"21c2d805fe70b6b5c5d97e88a2a895c7cc12ca61","isMergeCommit":false,"messageTitle":"Fix CheckStyle issues","messageBody":"","fileTypesAndContributionMap":{"test-code":{"insertions":1,"deletions":1}}},{"hash":"0214d9ebe754100b18c74deb7ad9ab9e5a20dff6","isMergeCommit":false,"messageTitle":"Fix Checkstyle issues","messageBody":"","fileTypesAndContributionMap":{"test-code":{"insertions":2,"deletions":2}}},{"hash":"331351d8e81e544f790704116339c24edc520089","isMergeCommit":true,"messageTitle":"Merge pull request #67 from jamesberyl/update-wedding-classes","messageBody":"Modify Wedding class to generate Wedding ID","fileTypesAndContributionMap":{}},{"hash":"37957963d66ea6bcc3adf77700dcf3ceedfc2484","isMergeCommit":false,"messageTitle":"Create classes for fields of Wedding","messageBody":"","fileTypesAndContributionMap":{"functional-code":{"insertions":162,"deletions":0}}},{"hash":"7633ea7203fed68004f553b9a50bd8607f672052","isMergeCommit":false,"messageTitle":"Update wedding class to match","messageBody":"","fileTypesAndContributionMap":{"functional-code":{"insertions":11,"deletions":9}}},{"hash":"3ffb9e663f33f7d2c51a0d49836c6dd352490849","isMergeCommit":false,"messageTitle":"Modify parsers","messageBody":"","fileTypesAndContributionMap":{"functional-code":{"insertions":54,"deletions":3}}},{"hash":"e1b3b8bfef242436dfd256c6e65097be3c6ec1d6","isMergeCommit":false,"messageTitle":"Fix type errors","messageBody":"","fileTypesAndContributionMap":{"functional-code":{"insertions":13,"deletions":4}}},{"hash":"9cf910bc6690e5339e8b19232f04db2a2610b50d","isMergeCommit":false,"messageTitle":"create weddingId type","messageBody":"","fileTypesAndContributionMap":{"functional-code":{"insertions":78,"deletions":11}}},{"hash":"df6434b854ba318f1ec28d915749609fd01e4677","isMergeCommit":false,"messageTitle":"Add getter and setter","messageBody":"","fileTypesAndContributionMap":{"functional-code":{"insertions":14,"deletions":0}}},{"hash":"265cf5a858688b4c2ccc4e8815fd8d5c9d361488","isMergeCommit":false,"messageTitle":"Fix bug where WeddingId increases when duplicates are added","messageBody":"","fileTypesAndContributionMap":{"functional-code":{"insertions":2,"deletions":1}}}]},{"date":"2025-03-16","commitResults":[{"hash":"62be2c9827f85e02a5e4b4e22c926dd964aaefe3","isMergeCommit":false,"messageTitle":"Fix import statements","messageBody":"","fileTypesAndContributionMap":{"functional-code":{"insertions":5,"deletions":1}}},{"hash":"39156f6c1ac3d39e4808f4c02b35b3f3f472a0aa","isMergeCommit":false,"messageTitle":"Fix Checkstyle issues","messageBody":"","fileTypesAndContributionMap":{"functional-code":{"insertions":3,"deletions":3}}},{"hash":"96621159af8de628aebd801986a8489e34c154b5","isMergeCommit":false,"messageTitle":"Add corresponding test classes","messageBody":"","fileTypesAndContributionMap":{"test-code":{"insertions":424,"deletions":0}}},{"hash":"27d44ae08d48a599a3e6ff4c662904a56d295961","isMergeCommit":false,"messageTitle":"Update existing test classes","messageBody":"","fileTypesAndContributionMap":{"test-code":{"insertions":184,"deletions":82}}},{"hash":"1e8d13368805d52f205ceda15e8234c651078618","isMergeCommit":false,"messageTitle":"Modify date format in javadoc","messageBody":"","fileTypesAndContributionMap":{"functional-code":{"insertions":1,"deletions":2}}},{"hash":"9df9ca2d770d0aba97922954f5b488afa8d385a1","isMergeCommit":false,"messageTitle":"Add tag command classes","messageBody":"","fileTypesAndContributionMap":{"functional-code":{"insertions":131,"deletions":0}}},{"hash":"fadedf20f5d752bac08c620b06b031aaf7fe3637","isMergeCommit":false,"messageTitle":"Update tag classes to support new Tag command","messageBody":"","fileTypesAndContributionMap":{"functional-code":{"insertions":19,"deletions":36}}},{"hash":"33ad4f7e7c73081a10d7da622018e15ff5dee600","isMergeCommit":false,"messageTitle":"Update classes to support new Tag command","messageBody":"","fileTypesAndContributionMap":{"functional-code":{"insertions":35,"deletions":21}}},{"hash":"cdad385f9653bf04f82ca251a8286159e1c5167a","isMergeCommit":false,"messageTitle":"Remove unnecessary lines","messageBody":"","fileTypesAndContributionMap":{"functional-code":{"insertions":1,"deletions":3}}},{"hash":"a564f99628b51636c0cc0f5b5e4ab0c34a499c36","isMergeCommit":false,"messageTitle":"Modify add command to remove ability to input tags","messageBody":"","fileTypesAndContributionMap":{"functional-code":{"insertions":8,"deletions":15}}},{"hash":"71dd6672bca2cfb64cc478c3df98c28021a930dc","isMergeCommit":false,"messageTitle":"Add tag to AddressBookParser","messageBody":"","fileTypesAndContributionMap":{"functional-code":{"insertions":4,"deletions":0}}},{"hash":"5656125f7a2ad2a9bd4cb24883679c451b4e43da","isMergeCommit":false,"messageTitle":"update classes to add \u0027tag\u0027 functionality","messageBody":"","fileTypesAndContributionMap":{"functional-code":{"insertions":31,"deletions":0}}},{"hash":"23a58ebaaed8d8408d85304c2ed1d4e1532a309a","isMergeCommit":false,"messageTitle":"update classes to add \u0027tag\u0027 functionality","messageBody":"","fileTypesAndContributionMap":{"functional-code":{"insertions":13,"deletions":8}}},{"hash":"33be21a118f0307ac156cf949b26a1a6b30594e1","isMergeCommit":false,"messageTitle":"Fix filter to allow filtering by WeddingId","messageBody":"","fileTypesAndContributionMap":{"functional-code":{"insertions":52,"deletions":59}}},{"hash":"2e32551b149995379f130e81a12d517ea6ea3a9e","isMergeCommit":false,"messageTitle":"Update sample data","messageBody":"","fileTypesAndContributionMap":{"functional-code":{"insertions":23,"deletions":23}}},{"hash":"fcd207106986ea4c8550db96cbb8885bf6cc7219","isMergeCommit":false,"messageTitle":"Fix checkstyle issues","messageBody":"","fileTypesAndContributionMap":{"functional-code":{"insertions":19,"deletions":21}}}]},{"date":"2025-03-17","commitResults":[{"hash":"cd8b4c7cc5eec33cc258fc8d6c71619e3547f067","isMergeCommit":true,"messageTitle":"Merge pull request #72 from weiyanminoo/branch-Remove-Tag-Field","messageBody":"Remove Tag from \"Add\" and \"Edit\" Commands","fileTypesAndContributionMap":{}},{"hash":"8a697b6b8b5e2815e57b2af1ad5ab23bbb9647a7","isMergeCommit":false,"messageTitle":"Update tests to match new Tag functionality","messageBody":"","fileTypesAndContributionMap":{"test-code":{"insertions":134,"deletions":173}}},{"hash":"f3ed83d35b376ab2fce1aec919eb13859d1f6c0f","isMergeCommit":true,"messageTitle":"merge master into add-tag-command","messageBody":"# Conflicts:\n#\tsrc/main/java/seedu/address/logic/parser/AddCommandParser.java\n#\tsrc/main/java/seedu/address/logic/parser/EditCommandParser.java\n#\tsrc/main/java/seedu/address/model/person/Person.java\n#\tsrc/test/java/seedu/address/logic/parser/AddCommandParserTest.java\n#\tsrc/test/java/seedu/address/logic/parser/EditCommandParserTest.java\n#\tsrc/test/java/seedu/address/model/tag/TagMatchesPredicateTest.java\n#\tsrc/test/java/seedu/address/testutil/EditPersonDescriptorBuilder.java\n#\tsrc/test/java/seedu/address/testutil/PersonUtil.java\n","fileTypesAndContributionMap":{}},{"hash":"99e07fb15ffd4061e5b191da34fae0465840cb1f","isMergeCommit":false,"messageTitle":"Fix tests","messageBody":"","fileTypesAndContributionMap":{"test-code":{"insertions":4,"deletions":39}}},{"hash":"68411136bb003ac92a7d2ad7371e8db21ca7039f","isMergeCommit":false,"messageTitle":"Modify and add new tests","messageBody":"","fileTypesAndContributionMap":{"test-code":{"insertions":114,"deletions":46}}},{"hash":"939eda98c1182d59619fec98553e7389d65881da","isMergeCommit":false,"messageTitle":"Fix checkstyle issues","messageBody":"","fileTypesAndContributionMap":{"test-code":{"insertions":6,"deletions":6}}}]},{"date":"2025-03-18","commitResults":[{"hash":"6e5aefa14610ea70ca9b9ab39c0ed5604d3cdeda","isMergeCommit":false,"messageTitle":"Fix big where there was double incrementation in weddingId when restoring data from storage","messageBody":"","fileTypesAndContributionMap":{"functional-code":{"insertions":24,"deletions":6}}},{"hash":"48c2ec84b70f3d8a2eeb56913ff2e1a8fca9224e","isMergeCommit":false,"messageTitle":"Fix checkstyle issues in main","messageBody":"","fileTypesAndContributionMap":{"functional-code":{"insertions":2,"deletions":1}}},{"hash":"ac796db90d0f353eb7af1ad79ad4c6d4e4faa821","isMergeCommit":false,"messageTitle":"Remove unnecessary code","messageBody":"","fileTypesAndContributionMap":{"functional-code":{"insertions":0,"deletions":5}}},{"hash":"b87a2607f6e36c9b2b4fca013bbee591c3c9cb13","isMergeCommit":false,"messageTitle":"Add constructor in wedding","messageBody":"","fileTypesAndContributionMap":{"functional-code":{"insertions":5,"deletions":0}}},{"hash":"2cf3faba5ab55123cd418759679cff30734abfce","isMergeCommit":false,"messageTitle":"Update tests","messageBody":"","fileTypesAndContributionMap":{"test-code":{"insertions":37,"deletions":20}}},{"hash":"dd57dd7fc5774dfc9afbc11d08637d385ca54ca0","isMergeCommit":false,"messageTitle":"Remove comment","messageBody":"","fileTypesAndContributionMap":{"test-code":{"insertions":0,"deletions":1}}}]},{"date":"2025-03-19","commitResults":[{"hash":"a35c6c04de33cdeec5fdb1aea29cf5aa3a5a79ac","isMergeCommit":false,"messageTitle":"Fix filter command","messageBody":"","fileTypesAndContributionMap":{"functional-code":{"insertions":1,"deletions":1}}},{"hash":"cd3f453f30f7303083ead31230808708bf1324c1","isMergeCommit":false,"messageTitle":"Modify filter command to give a new message when no persons found","messageBody":"","fileTypesAndContributionMap":{"functional-code":{"insertions":17,"deletions":0}}},{"hash":"423017c9a6810305fad17f37dadb0f1f6b872b79","isMergeCommit":false,"messageTitle":"Modify tests","messageBody":"","fileTypesAndContributionMap":{"test-code":{"insertions":6,"deletions":6}}},{"hash":"daa58769c83493ecb45ab77fc894e9be40d2c794","isMergeCommit":true,"messageTitle":"Merge pull request #83 from GrassHeadd/remove-debug-statements","messageBody":"remove debug statement in AddressbookParser, ParserUtil and ModelManager","fileTypesAndContributionMap":{}},{"hash":"2514a5cf797c2490a4994231106a7df4cd2dd3a4","isMergeCommit":true,"messageTitle":"merge master into fix-messages","messageBody":"# Conflicts:\n#\tsrc/test/java/seedu/address/logic/commands/FilterCommandTest.java\n","fileTypesAndContributionMap":{}},{"hash":"d92cb3cf774af617ed7f01e7520f336742e7129c","isMergeCommit":false,"messageTitle":"Adjust size of result display panel","messageBody":"","fileTypesAndContributionMap":{"functional-code":{"insertions":1,"deletions":1}}}]},{"date":"2025-03-20","commitResults":[{"hash":"bb74d6d653b1c28f578684e438bb52db60c3aaac","isMergeCommit":true,"messageTitle":"Merge pull request #88 from weiyanminoo/branch-Update-UG","messageBody":"Update UG for Person-related commands","fileTypesAndContributionMap":{}},{"hash":"88bf63435e58291df99638a735908019ef4bf5d8","isMergeCommit":false,"messageTitle":"Update user guide for wedding related commands","messageBody":"","fileTypesAndContributionMap":{"docs":{"insertions":28,"deletions":5}}},{"hash":"0de38e04a7e60ae456e0b97eacc390a53b536b31","isMergeCommit":true,"messageTitle":"merge master into modify-UG","messageBody":"# Conflicts:\n#\tdocs/UserGuide.md\n","fileTypesAndContributionMap":{}},{"hash":"8a6de605873fb68e0bbd9787e1577c7df29e5fe9","isMergeCommit":true,"messageTitle":"Merge pull request #89 from weiyanminoo/branch-Update-UG","messageBody":"Make minor edits to Person-related commands in UG","fileTypesAndContributionMap":{}},{"hash":"7202bf74a2ae6794a30d012b8d1e6787afc57a07","isMergeCommit":false,"messageTitle":"Update user guide for wedding related commands","messageBody":"","fileTypesAndContributionMap":{"docs":{"insertions":49,"deletions":20}}},{"hash":"7f3cd128436322d6f0eec0793443df48f9f5237a","isMergeCommit":true,"messageTitle":"merge master into modify-UG","messageBody":"","fileTypesAndContributionMap":{}},{"hash":"3fcee863065e6dea2225b0b2cd9517636f421505","isMergeCommit":false,"messageTitle":"Edit UG","messageBody":"","fileTypesAndContributionMap":{"docs":{"insertions":1,"deletions":1}}},{"hash":"716eb7128c48fff12d61ec331c58d67b7f239027","isMergeCommit":true,"messageTitle":"merge master into modify-DG","messageBody":"","fileTypesAndContributionMap":{}},{"hash":"7ad0855894b6472e4765b8d6126fd8e716f93935","isMergeCommit":true,"messageTitle":"Merge pull request #94 from gengyudong/add-UG-deleteWedding","messageBody":"Edit UG for deleteWedding command","fileTypesAndContributionMap":{}},{"hash":"37338226513af8cdf3ee8e8046e08a26aa491e50","isMergeCommit":false,"messageTitle":"modify UG to remove traces to AB-3","messageBody":"","fileTypesAndContributionMap":{"docs":{"insertions":2,"deletions":2}}},{"hash":"9752891e9cfe9c28b16dfe41b8f34aa29ad3dc22","isMergeCommit":true,"messageTitle":"merge master into modify-DG","messageBody":"","fileTypesAndContributionMap":{}},{"hash":"8c35c4fa6d654c25ce815aac400aec767b665455","isMergeCommit":false,"messageTitle":"modify UG to include Wedding-related stuff","messageBody":"","fileTypesAndContributionMap":{"docs":{"insertions":1,"deletions":0}}},{"hash":"886f278a6f55ec26c0b7a58ba98e8f95dd5c0ce4","isMergeCommit":false,"messageTitle":"modify version and jar file name","messageBody":"","fileTypesAndContributionMap":{"functional-code":{"insertions":1,"deletions":1},"other":{"insertions":1,"deletions":1}}},{"hash":"6fda71ab7115534a7cc16686f643fa477f8f43cf","isMergeCommit":false,"messageTitle":"modify DG name","messageBody":"","fileTypesAndContributionMap":{"docs":{"insertions":1,"deletions":1}}},{"hash":"274641e538e8ee99d40a9f95523a4f1ef8ebb9ec","isMergeCommit":false,"messageTitle":"update UG","messageBody":"","fileTypesAndContributionMap":{"docs":{"insertions":0,"deletions":4}}}]},{"date":"2025-03-21","commitResults":[{"hash":"09ce897ca6c8ad7ec9a8d9eac86e5c3623f9b18a","isMergeCommit":true,"messageTitle":"Merge pull request #104 from GrassHeadd/refactor-code","messageBody":"refactor to simplify the name of wedding commands","fileTypesAndContributionMap":{}}]},{"date":"2025-03-23","commitResults":[{"hash":"68567abc517acbd9a0139913feba78cb8d482586","isMergeCommit":false,"messageTitle":"Modify wedding to have a new tasklist","messageBody":"","fileTypesAndContributionMap":{"functional-code":{"insertions":37,"deletions":2}}},{"hash":"aa823fc945989235c3257c9bd38e62f5d6acff0c","isMergeCommit":false,"messageTitle":"Create a class for WeddingTask","messageBody":"","fileTypesAndContributionMap":{"functional-code":{"insertions":84,"deletions":0}}},{"hash":"551feddc4af54e25075518a8b3343dd659f23777","isMergeCommit":false,"messageTitle":"Create respective classes for AddTask","messageBody":"","fileTypesAndContributionMap":{"functional-code":{"insertions":104,"deletions":0}}},{"hash":"0ef80070526ffa0bc80c0e7bf8899af0be71ba81","isMergeCommit":false,"messageTitle":"Create respective classes for DeleteTask","messageBody":"","fileTypesAndContributionMap":{"functional-code":{"insertions":102,"deletions":0}}},{"hash":"1fdd03d6e357a169902f0533366d1acc8964a923","isMergeCommit":false,"messageTitle":"Create respective classes for ListTask","messageBody":"","fileTypesAndContributionMap":{"functional-code":{"insertions":98,"deletions":0}}},{"hash":"97fd3d40b4d628c3e3ebbf5f654489a5b85e883d","isMergeCommit":false,"messageTitle":"Update AddressBookParser to include the new commands","messageBody":"","fileTypesAndContributionMap":{"functional-code":{"insertions":12,"deletions":0}}},{"hash":"3e88d926c9dad39ee066b7d7c3d2f8d675ff3666","isMergeCommit":false,"messageTitle":"Modify storage to now store tasks under weddings","messageBody":"","fileTypesAndContributionMap":{"functional-code":{"insertions":76,"deletions":2}}},{"hash":"b9f6720019e05a1785d5486da36ca42e847c96b9","isMergeCommit":false,"messageTitle":"Modify EditWeddingCommand","messageBody":"","fileTypesAndContributionMap":{"functional-code":{"insertions":11,"deletions":1}}},{"hash":"e93b6bfe452fea04486f277280ac2b14f944af5a","isMergeCommit":false,"messageTitle":"Remove unnecessary comments","messageBody":"","fileTypesAndContributionMap":{"functional-code":{"insertions":2,"deletions":16}}},{"hash":"9ee4e509e2fbd87c46d7dc518db21a7926b41c06","isMergeCommit":false,"messageTitle":"Update prefixes","messageBody":"","fileTypesAndContributionMap":{"functional-code":{"insertions":8,"deletions":5}}}]},{"date":"2025-03-24","commitResults":[{"hash":"38520c09f5fb3c777ce5c9b4eb0b0e34d68d647a","isMergeCommit":false,"messageTitle":"Modify cli syntax","messageBody":"","fileTypesAndContributionMap":{"functional-code":{"insertions":12,"deletions":10}}},{"hash":"aea663fd57b84b070a86f666c31f67649b7ac1aa","isMergeCommit":false,"messageTitle":"Add mark and unmark commands","messageBody":"","fileTypesAndContributionMap":{"functional-code":{"insertions":228,"deletions":0}}},{"hash":"34319e8ba34f197d3eb2676d09348e7da923d4d9","isMergeCommit":false,"messageTitle":"Update messages","messageBody":"","fileTypesAndContributionMap":{"functional-code":{"insertions":4,"deletions":3}}},{"hash":"61909fe86cec0b9ed6a02d29ffc9c04b4207c655","isMergeCommit":false,"messageTitle":"Fix checkstyle issues","messageBody":"","fileTypesAndContributionMap":{"functional-code":{"insertions":84,"deletions":34}}},{"hash":"8a7b457bfa4bf5270d319530bc12cdb3c02a73fd","isMergeCommit":false,"messageTitle":"Update JsonAdaptedTag","messageBody":"","fileTypesAndContributionMap":{"functional-code":{"insertions":3,"deletions":0}}},{"hash":"0dc01ac761f863754cacb152d33e7dee3a1c4e22","isMergeCommit":false,"messageTitle":"Add equals method","messageBody":"","fileTypesAndContributionMap":{"functional-code":{"insertions":20,"deletions":0}}},{"hash":"8d559631abddaff66f7bd5806fc54e8da7836471","isMergeCommit":false,"messageTitle":"Add new tests","messageBody":"","fileTypesAndContributionMap":{"test-code":{"insertions":393,"deletions":14}}},{"hash":"21bd09e408356ad5e69e32257998782849feebd8","isMergeCommit":false,"messageTitle":"Abstract out ModelStub","messageBody":"","fileTypesAndContributionMap":{"test-code":{"insertions":144,"deletions":0}}},{"hash":"82d3ba1d029d3496db404e7621791f4a6b3dda18","isMergeCommit":false,"messageTitle":"Add new test classes","messageBody":"","fileTypesAndContributionMap":{"test-code":{"insertions":856,"deletions":0}}},{"hash":"f76b1e09647690e978447b80df6193a99da03281","isMergeCommit":false,"messageTitle":"Modify existing test classes","messageBody":"","fileTypesAndContributionMap":{"test-code":{"insertions":0,"deletions":139}}},{"hash":"104540418c6a83bbfffeab493953d43c9dee448a","isMergeCommit":false,"messageTitle":"Update existing test classes","messageBody":"","fileTypesAndContributionMap":{"test-code":{"insertions":0,"deletions":156}}},{"hash":"b38c15129c6bd3c0e716b14ec9d10ce65501ba48","isMergeCommit":false,"messageTitle":"Fix checkstyle issues","messageBody":"","fileTypesAndContributionMap":{"test-code":{"insertions":36,"deletions":41}}},{"hash":"763a3e64507c4d2bd5909bea1ef320ea0a9864bc","isMergeCommit":false,"messageTitle":"Fix checkstyle issues in main","messageBody":"","fileTypesAndContributionMap":{"functional-code":{"insertions":4,"deletions":4}}},{"hash":"282fd688528c3241d50f31eb7546ae47cc96b08c","isMergeCommit":false,"messageTitle":"Update MESSAGE_USAGE in AddTaskCommand","messageBody":"","fileTypesAndContributionMap":{"functional-code":{"insertions":2,"deletions":2}}},{"hash":"8691eb8c0efd6b34da78b1d626cb310c46d97b6a","isMergeCommit":true,"messageTitle":"merge master into manage-wedding-tasks","messageBody":"","fileTypesAndContributionMap":{}},{"hash":"316100d67215436f62ab3dd5946fb24bdb87622a","isMergeCommit":false,"messageTitle":"Remove repeated ModelStub code","messageBody":"","fileTypesAndContributionMap":{"test-code":{"insertions":0,"deletions":109}}},{"hash":"d1c7d426e5a3c2de0181e5b3f93d0881e1d01d56","isMergeCommit":false,"messageTitle":"Fix Checkstyle issues","messageBody":"","fileTypesAndContributionMap":{"test-code":{"insertions":0,"deletions":11}}},{"hash":"b17c0b668b21201a7eada2b12e1235a3cdd0a15b","isMergeCommit":true,"messageTitle":"Merge pull request #114 from jamesberyl/manage-wedding-tasks","messageBody":"Allow tracking of wedding tasks","fileTypesAndContributionMap":{}}]},{"date":"2025-03-25","commitResults":[{"hash":"6b1a93e67879a0859bf82db13e40c8afd22d7e92","isMergeCommit":false,"messageTitle":"Add Wedding","messageBody":"","fileTypesAndContributionMap":{"docs":{"insertions":17,"deletions":0}}},{"hash":"765f6efc54e258e3f5b7acff1f0ac26e5f72ce05","isMergeCommit":false,"messageTitle":"Add Wedding","messageBody":"","fileTypesAndContributionMap":{"docs":{"insertions":6,"deletions":0}}}]},{"date":"2025-03-26","commitResults":[{"hash":"c8323e5b0d9a6c8b120ff0a908879eb495048c63","isMergeCommit":false,"messageTitle":"Add Task commands to UG","messageBody":"","fileTypesAndContributionMap":{"docs":{"insertions":93,"deletions":12}}},{"hash":"919d8c533df6b11142f88127866a84e690c5ce1a","isMergeCommit":true,"messageTitle":"Merge pull request #125 from jamesberyl/update-Tasks-UG","messageBody":"Add new WeddingTask commands to UG","fileTypesAndContributionMap":{}},{"hash":"b3b1fc67d21856f22b77b9b16b3295b7fa01658e","isMergeCommit":false,"messageTitle":"Add new message when user tries to mark a task that is already marked","messageBody":"","fileTypesAndContributionMap":{"functional-code":{"insertions":6,"deletions":0}}},{"hash":"873f0cff35d670f682a8f3fb42fe90fa4a8bf6fc","isMergeCommit":false,"messageTitle":"Add new message when user tries to unmark a task that is already unmarked","messageBody":"","fileTypesAndContributionMap":{"functional-code":{"insertions":7,"deletions":0}}},{"hash":"425606838ecee0d8721e403b3875227a5b5de30a","isMergeCommit":false,"messageTitle":"Fix checkstyle issues","messageBody":"","fileTypesAndContributionMap":{"functional-code":{"insertions":4,"deletions":2}}},{"hash":"599edfb63407fd4be0ca88f6288e29e4ae573536","isMergeCommit":true,"messageTitle":"Merge pull request #126 from jamesberyl/update-error-message","messageBody":"Update error messages for mark/unmark Task commands","fileTypesAndContributionMap":{}},{"hash":"92fcec8658cc5556474872c4f931f2b3db77c9ef","isMergeCommit":false,"messageTitle":"Add logo","messageBody":"","fileTypesAndContributionMap":{"functional-code":{"insertions":21,"deletions":0}}},{"hash":"4ae2a4ef75ab7d722777969b3b250052ab27fca0","isMergeCommit":true,"messageTitle":"merge master into update-UI","messageBody":"","fileTypesAndContributionMap":{}},{"hash":"36d1577dd7288a542df3a63506208709d4426e6d","isMergeCommit":false,"messageTitle":"Make logo appear on the right side","messageBody":"","fileTypesAndContributionMap":{"functional-code":{"insertions":11,"deletions":14}}}]},{"date":"2025-03-27","commitResults":[{"hash":"e1882bab26f4ebb3900af1b288dbe97c63ea314c","isMergeCommit":false,"messageTitle":"Make logo bigger","messageBody":"","fileTypesAndContributionMap":{"functional-code":{"insertions":29,"deletions":16}}},{"hash":"f34d6723f605b744c866788e2e479f33e9190689","isMergeCommit":false,"messageTitle":"Remove comments","messageBody":"","fileTypesAndContributionMap":{"functional-code":{"insertions":1,"deletions":1}}},{"hash":"81ec7a0725db408633c0fa898793a40f10ead0fe","isMergeCommit":true,"messageTitle":"Merge pull request #127 from jamesberyl/update-UI","messageBody":"Update UI","fileTypesAndContributionMap":{}}]}],"GrassHeadd":[{"date":"2025-03-01","commitResults":[{"hash":"b84e7afae7424ca8814112d4ad732f0bd10891c1","isMergeCommit":false,"messageTitle":"Add Junjie to About Us","messageBody":"","fileTypesAndContributionMap":{"docs":{"insertions":54,"deletions":8}}},{"hash":"a3c075c470351bbe7f5c4ece34fc1120d36320c9","isMergeCommit":true,"messageTitle":"Merge branch \u0027master\u0027 into add-junjie-aboutus","messageBody":"","fileTypesAndContributionMap":{}},{"hash":"192f8fe5b17138cd7cb9a390534c3b7def397beb","isMergeCommit":true,"messageTitle":"Merge pull request #21 from GrassHeadd/add-junjie-aboutus","messageBody":"closes #14","fileTypesAndContributionMap":{}}]},{"date":"2025-03-03","commitResults":[{"hash":"642a3ed7e99113aab7185c87ac932b0334183f53","isMergeCommit":false,"messageTitle":"rename photo, update NFG in DeveloperGuide","messageBody":"","fileTypesAndContributionMap":{"docs":{"insertions":8,"deletions":3}}}]},{"date":"2025-03-18","commitResults":[{"hash":"bf992a9200db9b1b06d5f35cef7d5ae9d772a130","isMergeCommit":false,"messageTitle":"add editWeddingEventCommand","messageBody":"","fileTypesAndContributionMap":{"functional-code":{"insertions":315,"deletions":25},"test-code":{"insertions":9,"deletions":5}}},{"hash":"b87839723eb76fdebf05c3929568b8b3017c1a43","isMergeCommit":false,"messageTitle":"initialise tests","messageBody":"","fileTypesAndContributionMap":{"functional-code":{"insertions":1,"deletions":1},"test-code":{"insertions":15,"deletions":0}}},{"hash":"d7f76d369520d15232a30e3f7b4f11dec8f0a06f","isMergeCommit":false,"messageTitle":"fix bug of changing the index, await fixing index increment logic","messageBody":"","fileTypesAndContributionMap":{"functional-code":{"insertions":78,"deletions":56}}},{"hash":"3f674f50d99994a7ee3b56c42f01c9ee07695486","isMergeCommit":false,"messageTitle":"cosmetic fix","messageBody":"","fileTypesAndContributionMap":{"functional-code":{"insertions":15,"deletions":2}}},{"hash":"80469739ca6bbddf30d9d860a142161217851159","isMergeCommit":true,"messageTitle":"Merge branch \u0027master\u0027 into add-editWeddingCommand","messageBody":"","fileTypesAndContributionMap":{}}]},{"date":"2025-03-19","commitResults":[{"hash":"3f6f48aecb433889503195758f74efe9ebee89c8","isMergeCommit":false,"messageTitle":"bug fixing, add testcase for EditWeddingCommand","messageBody":"need to add test case for the others after this\n","fileTypesAndContributionMap":{"functional-code":{"insertions":26,"deletions":23},"test-code":{"insertions":323,"deletions":3}}},{"hash":"9ffe12656724e72ee49ad1e6f5dcebdca664b150","isMergeCommit":false,"messageTitle":"style edit","messageBody":"","fileTypesAndContributionMap":{"functional-code":{"insertions":4,"deletions":4},"test-code":{"insertions":120,"deletions":99}}},{"hash":"690c2a7c8de272135ab6411cf7c55dd87331e47b","isMergeCommit":false,"messageTitle":"add EditWeddingCommandParser tests","messageBody":"","fileTypesAndContributionMap":{"test-code":{"insertions":91,"deletions":0}}},{"hash":"5e3114d6394b4b4dd0c930aa9099e3161bdfccdb","isMergeCommit":false,"messageTitle":"add more tests to addressBookParser","messageBody":"","fileTypesAndContributionMap":{"test-code":{"insertions":26,"deletions":8}}},{"hash":"7214e0389c338ca558a9a41ca234b0bb36534691","isMergeCommit":false,"messageTitle":"Update AddressBookParserTest.java","messageBody":"","fileTypesAndContributionMap":{"test-code":{"insertions":12,"deletions":2}}},{"hash":"38a51c08428064bf7e24e4a38e2754968d2027b4","isMergeCommit":true,"messageTitle":"Merge pull request #77 from GrassHeadd/add-editWeddingCommand","messageBody":"add editWeddingEventCommand","fileTypesAndContributionMap":{}},{"hash":"5cdaf8fb0c12e1a51cc440110edb6bf0faab63c7","isMergeCommit":false,"messageTitle":"remove debug statement in AddressbookParser, ParserUtil and ModelManager","messageBody":"","fileTypesAndContributionMap":{"functional-code":{"insertions":0,"deletions":13}}},{"hash":"f4ff82576c94f3e883e75f072bd49d2c8134a3f6","isMergeCommit":false,"messageTitle":"fix bug of filterCommand","messageBody":"","fileTypesAndContributionMap":{"functional-code":{"insertions":1,"deletions":1},"test-code":{"insertions":2,"deletions":2}}},{"hash":"f5f0f3d6e0b94a3743fad0da2417af41175e3d3a","isMergeCommit":true,"messageTitle":"Merge pull request #85 from jamesberyl/fix-messages","messageBody":"Improve filter command to give a new message when no persons found","fileTypesAndContributionMap":{}}]},{"date":"2025-03-20","commitResults":[{"hash":"ed3a30c1890f0fd5edc29dd43c60d6851adf7ad1","isMergeCommit":false,"messageTitle":"update UserGuide.md with EditWeddingCommand","messageBody":"","fileTypesAndContributionMap":{"docs":{"insertions":13,"deletions":0}}},{"hash":"e465e0b25c27d58866aed942ccba05efae7dda66","isMergeCommit":false,"messageTitle":"add listWeddingEventCommand","messageBody":"","fileTypesAndContributionMap":{"functional-code":{"insertions":33,"deletions":0},"test-code":{"insertions":79,"deletions":0}}},{"hash":"62d4b9eb2dcf1ad7956b667149252064f1a323eb","isMergeCommit":false,"messageTitle":"add more tests and update UserGuide.md","messageBody":"","fileTypesAndContributionMap":{"functional-code":{"insertions":2,"deletions":1},"docs":{"insertions":8,"deletions":1},"test-code":{"insertions":14,"deletions":0}}},{"hash":"e4bd63f20618d481befb84dd2cfc196f3bad3c7c","isMergeCommit":false,"messageTitle":"fix formating of listWedding","messageBody":"","fileTypesAndContributionMap":{"functional-code":{"insertions":14,"deletions":4},"test-code":{"insertions":9,"deletions":2}}},{"hash":"8a38603072bb07a63cd3763c0a6c531ce84841a1","isMergeCommit":false,"messageTitle":"Update ListWeddingEventCommandTest.java","messageBody":"","fileTypesAndContributionMap":{"test-code":{"insertions":2,"deletions":1}}},{"hash":"7473d94636e4fa9601ddbfb07090dcaa6803050f","isMergeCommit":false,"messageTitle":"edit UserGuide.md","messageBody":"","fileTypesAndContributionMap":{"functional-code":{"insertions":1,"deletions":2},"docs":{"insertions":2,"deletions":2}}},{"hash":"795cfdd32d8a2362d08cfd2e404a6358e6a49816","isMergeCommit":false,"messageTitle":"Update UserGuide.md","messageBody":"","fileTypesAndContributionMap":{"docs":{"insertions":1,"deletions":1}}},{"hash":"61778c8248de8c30107c14a635ddda3b55b0661b","isMergeCommit":false,"messageTitle":"Update UserGuide.md","messageBody":"","fileTypesAndContributionMap":{"docs":{"insertions":0,"deletions":1}}},{"hash":"2ee7a2c7016ca4421a50a6787adcbfb4b5d43d6a","isMergeCommit":false,"messageTitle":"Update UserGuide.md","messageBody":"","fileTypesAndContributionMap":{"docs":{"insertions":1,"deletions":0}}},{"hash":"b938e7255ecb77cab9ccca6b13f8747ce488469b","isMergeCommit":false,"messageTitle":"Update UserGuide.md","messageBody":"","fileTypesAndContributionMap":{"docs":{"insertions":1,"deletions":2}}},{"hash":"94b68d8238c44050613aa15513941be1f1c8ae9f","isMergeCommit":true,"messageTitle":"Merge pull request #98 from weiyanminoo/branch-Update-UG","messageBody":"Fix Bugs in DG","fileTypesAndContributionMap":{}}]},{"date":"2025-03-21","commitResults":[{"hash":"8f42f67b138d2d510c17a36afb9ab3a566368dba","isMergeCommit":false,"messageTitle":"remove print statements","messageBody":"","fileTypesAndContributionMap":{"test-code":{"insertions":0,"deletions":1}}},{"hash":"fa8d66cefbcfe1991971195dcc37f3110b2c5f0b","isMergeCommit":false,"messageTitle":"refactor to simplify the name of wedding commands","messageBody":"","fileTypesAndContributionMap":{"functional-code":{"insertions":8,"deletions":23},"other":{"insertions":80,"deletions":80},"test-code":{"insertions":9,"deletions":22}}},{"hash":"1d90bbd13645a006057d8f79b6ed6110a9b8558c","isMergeCommit":false,"messageTitle":"debug","messageBody":"","fileTypesAndContributionMap":{"functional-code":{"insertions":17,"deletions":3},"test-code":{"insertions":18,"deletions":5}}},{"hash":"3fef5f42a6bbb47dfcc39cd171b9cae9ebdcf82a","isMergeCommit":false,"messageTitle":"more debugging","messageBody":"","fileTypesAndContributionMap":{"functional-code":{"insertions":1,"deletions":1},"test-code":{"insertions":1,"deletions":1}}}]},{"date":"2025-03-25","commitResults":[{"hash":"1a3cd619c3dd0e96c08139c202de0794d0dfd420","isMergeCommit":false,"messageTitle":"create wedding UI","messageBody":"","fileTypesAndContributionMap":{"functional-code":{"insertions":149,"deletions":1}}},{"hash":"97c2c03dd35d72cc14f7f0b35348a3a8d434503f","isMergeCommit":false,"messageTitle":"edit to toggle between listWedding and list","messageBody":"","fileTypesAndContributionMap":{"functional-code":{"insertions":58,"deletions":18},"test-code":{"insertions":8,"deletions":7}}},{"hash":"5c1af0c76b18efdf4cbf4f1a69587c4bbb25c34c","isMergeCommit":false,"messageTitle":"edit for test and display task in weddingview now","messageBody":"","fileTypesAndContributionMap":{"functional-code":{"insertions":10,"deletions":19},"test-code":{"insertions":2,"deletions":9}}},{"hash":"8294433561d4e4f9815947632a6d8df89b5a0c83","isMergeCommit":false,"messageTitle":"fix some checkstyle issue","messageBody":"","fileTypesAndContributionMap":{"functional-code":{"insertions":2,"deletions":2},"docs":{"insertions":2,"deletions":2}}},{"hash":"705a3477e34a02c7d1c92b8426965b3b5ca3426d","isMergeCommit":false,"messageTitle":"fix display error for command message component in UI","messageBody":"","fileTypesAndContributionMap":{"functional-code":{"insertions":18,"deletions":7}}},{"hash":"01e29a24e931e6a5805316393e2620f6c37dd478","isMergeCommit":false,"messageTitle":"add test cases","messageBody":"","fileTypesAndContributionMap":{"functional-code":{"insertions":15,"deletions":0},"test-code":{"insertions":184,"deletions":0}}},{"hash":"fadd0f48a2f08d41a9d5324e05cd45c5bd36fbf7","isMergeCommit":false,"messageTitle":"Update WeddingCardTest.java","messageBody":"","fileTypesAndContributionMap":{"test-code":{"insertions":1,"deletions":1}}},{"hash":"935a9f36af4d5039d0a1ccdd783e78c6afed8ddd","isMergeCommit":false,"messageTitle":"minor edits to tests","messageBody":"","fileTypesAndContributionMap":{"test-code":{"insertions":2,"deletions":6}}},{"hash":"ee906049937fffbc17cf676d254b98207e61aadb","isMergeCommit":false,"messageTitle":"Delete MainWindowTest.java","messageBody":"","fileTypesAndContributionMap":{"test-code":{"insertions":0,"deletions":91}}},{"hash":"7ebb1973ea6eb9550b9cbf17170b65547bc2d36a","isMergeCommit":false,"messageTitle":"remove issue test file to check","messageBody":"","fileTypesAndContributionMap":{"test-code":{"insertions":91,"deletions":35}}},{"hash":"74c7851a6b80031789e582856475196aa1cddbfa","isMergeCommit":false,"messageTitle":"remove unnecessary tests","messageBody":"","fileTypesAndContributionMap":{"test-code":{"insertions":0,"deletions":145}}},{"hash":"d4eace1545600321eefd296d01f46fc9542665f2","isMergeCommit":false,"messageTitle":"added sorting by wedding date for ListWedding","messageBody":"","fileTypesAndContributionMap":{"functional-code":{"insertions":118,"deletions":14},"test-code":{"insertions":44,"deletions":0}}},{"hash":"e6b2395e65cadb29ec0adf31c06d173153e87bd1","isMergeCommit":false,"messageTitle":"add tests for new commands","messageBody":"","fileTypesAndContributionMap":{"test-code":{"insertions":107,"deletions":0}}},{"hash":"7da6414c1df97727d8c3505e934e58c78e117c8d","isMergeCommit":false,"messageTitle":"update imports","messageBody":"","fileTypesAndContributionMap":{"test-code":{"insertions":7,"deletions":3}}}]},{"date":"2025-03-26","commitResults":[{"hash":"f1bde0dcf8c6f39c02e91a5e7048b45da3688f1c","isMergeCommit":false,"messageTitle":"remove traces of addressbook from UG","messageBody":"","fileTypesAndContributionMap":{"docs":{"insertions":2,"deletions":2}}},{"hash":"ef6cafab66824726cb21e766ebb8cf9580d3726c","isMergeCommit":false,"messageTitle":"update UG with a better Quick Start that is more non technical audience oriented","messageBody":"","fileTypesAndContributionMap":{"docs":{"insertions":13,"deletions":4}}},{"hash":"4a32c56bcaed6204a6f21519a8ceb34cad8969c7","isMergeCommit":false,"messageTitle":"Update UserGuide.md","messageBody":"","fileTypesAndContributionMap":{"docs":{"insertions":1,"deletions":1}}},{"hash":"c3fae7085c3e1c44e7cfbd3d2d520647523b9a58","isMergeCommit":true,"messageTitle":"Merge pull request #124 from GrassHeadd/update-ug","messageBody":"Update ug with better quickstart instructions for non technical audience","fileTypesAndContributionMap":{}},{"hash":"f8007887dcfa497a4ab91f923f4d3d9f48a8f217","isMergeCommit":true,"messageTitle":"Merge pull request #121 from GrassHeadd/add-toggle-Ui-For-Wedding","messageBody":"Add toggle UI for wedding","fileTypesAndContributionMap":{}},{"hash":"6785ee3aa179b9fe7772fa52277e0e4aa5716e10","isMergeCommit":true,"messageTitle":"Merge pull request #120 from GrassHeadd/add-different-sorting-to-list-wedding","messageBody":"Add different sorting to list wedding","fileTypesAndContributionMap":{}}]},{"date":"2025-03-27","commitResults":[{"hash":"be697b65e40dbf5da295c5a5a143ae5320c42f06","isMergeCommit":false,"messageTitle":"Update WeddingListCard.fxml","messageBody":"","fileTypesAndContributionMap":{"functional-code":{"insertions":3,"deletions":2}}},{"hash":"1ae1977eeb5180a108f0980d448b0bf6f7d33ae4","isMergeCommit":false,"messageTitle":"Update UserGuide.md","messageBody":"","fileTypesAndContributionMap":{"docs":{"insertions":6,"deletions":6}}},{"hash":"2982b952797a6eb8171f6d788806d9c95dbb10f5","isMergeCommit":false,"messageTitle":"Update UserGuide.md","messageBody":"","fileTypesAndContributionMap":{"docs":{"insertions":1,"deletions":1}}},{"hash":"251692ceb11a0b9a1a0f6f6649cd7fa949507a24","isMergeCommit":false,"messageTitle":"Update WeddingListCard.fxml","messageBody":"","fileTypesAndContributionMap":{"functional-code":{"insertions":1,"deletions":1}}},{"hash":"8dfb8e04f2f98de90df30c15870a4d2cb66503b2","isMergeCommit":false,"messageTitle":"change to display the amount of tasks in listWedding","messageBody":"","fileTypesAndContributionMap":{"functional-code":{"insertions":13,"deletions":3}}},{"hash":"b523dcf563460bc5d3e06e856a84b0c80d90b302","isMergeCommit":false,"messageTitle":"add test cases for wedding and fix display issues","messageBody":"","fileTypesAndContributionMap":{"functional-code":{"insertions":3,"deletions":0},"test-code":{"insertions":34,"deletions":0}}},{"hash":"52bc1dec9fdab83eb16a64e94287c71386d8812c","isMergeCommit":false,"messageTitle":"Update Wedding.java","messageBody":"","fileTypesAndContributionMap":{"functional-code":{"insertions":1,"deletions":1}}},{"hash":"337ebaacf7555fb0ba0bdf4bf431a9c088defb27","isMergeCommit":true,"messageTitle":"Merge branch \u0027master\u0027 into edit-wedding-task-display-in-UI","messageBody":"","fileTypesAndContributionMap":{}},{"hash":"30e0c5a948bc58e97c06f448766f00a44064ff10","isMergeCommit":true,"messageTitle":"Merge pull request #128 from GrassHeadd/edit-wedding-task-display-in-UI","messageBody":"Update WeddingListCard.fxml to display all tasks","fileTypesAndContributionMap":{}}]}],"weiyanminoo":[{"date":"2025-02-23","commitResults":[{"hash":"e217d0df1e71727c7bb456f07b57c809f165502b","isMergeCommit":true,"messageTitle":"Merge pull request #1 from AY2425S2-CS2103T-F12-2/switch-docs-to-markbind","messageBody":"Switch docs to markbind","fileTypesAndContributionMap":{}},{"hash":"51c846c7253e275c0ef5b7b7b68e110a291fe6ed","isMergeCommit":false,"messageTitle":"Update the site configs","messageBody":"","fileTypesAndContributionMap":{"docs":{"insertions":1,"deletions":1}}}]},{"date":"2025-03-01","commitResults":[{"hash":"3007fa9e3f2671c8fad299c119ae934dcee9343a","isMergeCommit":false,"messageTitle":"Add Wei Yan\u0027s AboutUs Info","messageBody":"","fileTypesAndContributionMap":{"docs":{"insertions":52,"deletions":6}}},{"hash":"d39989e73555a8f27f2339cadd037339f5b47d6f","isMergeCommit":false,"messageTitle":"Edit Wei Yan\u0027s AboutUs","messageBody":"","fileTypesAndContributionMap":{"docs":{"insertions":3,"deletions":3}}},{"hash":"d398b0a2dad47f43f8e692255563f3662e0270a2","isMergeCommit":true,"messageTitle":"Merge pull request #20 from weiyanminoo/branch-Add-Wei-Yan-Info","messageBody":"Add Wei Yan\u0027s AboutUs Info","fileTypesAndContributionMap":{}},{"hash":"134daa0b23c2c3b7c94abe74cbb6aa55894f89a7","isMergeCommit":true,"messageTitle":"Merge branch \u0027master\u0027 of https://github.com/AY2425S2-CS2103T-F12-2/tp","messageBody":"","fileTypesAndContributionMap":{}}]},{"date":"2025-03-03","commitResults":[{"hash":"ce05e4cdbc0ac17ae8690ebd160d6c4bd9434db5","isMergeCommit":true,"messageTitle":"Merge branch \u0027master\u0027 of https://github.com/AY2425S2-CS2103T-F12-2/tp","messageBody":"","fileTypesAndContributionMap":{}},{"hash":"e03fb1baf7057212f0e6e882a1901af6856726e1","isMergeCommit":false,"messageTitle":"Add Use Cases to DG","messageBody":"","fileTypesAndContributionMap":{"docs":{"insertions":122,"deletions":10}}},{"hash":"c93fdbbbcb2090d8a0822cf0d5386f21833a66bd","isMergeCommit":true,"messageTitle":"Merge pull request #31 from weiyanminoo/branch-Add-DG-Use-Cases","messageBody":"Add Use Cases in DG","fileTypesAndContributionMap":{}},{"hash":"7ce7fe222b3d2f9a2074ac1f4e9785eba4135671","isMergeCommit":true,"messageTitle":"Merge pull request #32 from gengyudong/master","messageBody":"Add User Stories to DG \u0026 Edited AboutUs.md","fileTypesAndContributionMap":{}}]},{"date":"2025-03-04","commitResults":[{"hash":"623c9fbf8bad49bfee4891016faeac4430ca2cf3","isMergeCommit":true,"messageTitle":"Merge pull request #33 from jamesberyl/add-glossary-DG","messageBody":"Add Glossary in DG","fileTypesAndContributionMap":{}},{"hash":"fc5145348c3dac1a686b74815142f5dd851c7732","isMergeCommit":true,"messageTitle":"Merge pull request #35 from jamesberyl/add-glossary-DG","messageBody":"Fix image format","fileTypesAndContributionMap":{}}]},{"date":"2025-03-06","commitResults":[{"hash":"c18c4eae53e41534c6f251f1e3dc0738bf942793","isMergeCommit":true,"messageTitle":"Merge pull request #38 from glennliew/branch-glennliew-README","messageBody":"Update README","fileTypesAndContributionMap":{}}]},{"date":"2025-03-07","commitResults":[{"hash":"c7de6d9e822d7605e2d3d300c721bdd695a180db","isMergeCommit":true,"messageTitle":"Merge branch \u0027master\u0027 of https://github.com/AY2425S2-CS2103T-F12-2/tp","messageBody":"","fileTypesAndContributionMap":{}},{"hash":"ac78e39f36a2093fa6aebb30109c55a0e5c1f550","isMergeCommit":false,"messageTitle":"Update README","messageBody":"","fileTypesAndContributionMap":{"docs":{"insertions":4,"deletions":9}}},{"hash":"ea35c02fc27edbf85efb8cde25bf196530d969da","isMergeCommit":true,"messageTitle":"Merge pull request #40 from weiyanminoo/branch-Update-README","messageBody":"Branch update readme","fileTypesAndContributionMap":{}}]},{"date":"2025-03-13","commitResults":[{"hash":"eef91ec2f023535c4de3f5d36c5116ac84ff0739","isMergeCommit":true,"messageTitle":"Merge branch \u0027master\u0027 of https://github.com/AY2425S2-CS2103T-F12-2/tp","messageBody":"","fileTypesAndContributionMap":{}},{"hash":"6f5482d9f9fadaa759da8909a25efd45439dec9b","isMergeCommit":false,"messageTitle":"Add \u0027Role\u0027 field to Add command for Person","messageBody":"","fileTypesAndContributionMap":{"functional-code":{"insertions":112,"deletions":8},"test-code":{"insertions":27,"deletions":9}}},{"hash":"b8ba25eb0bc91eb1bd27669a8fffc7a670ed9a8b","isMergeCommit":false,"messageTitle":"Update EditCommand to work with new \u0027Role\u0027 Field","messageBody":"","fileTypesAndContributionMap":{"functional-code":{"insertions":43,"deletions":15}}},{"hash":"63a1c3f2a7071c12e6b539f488a15befeb5af38c","isMergeCommit":true,"messageTitle":"Merge pull request #52 from jamesberyl/add-filter-feature","messageBody":"Add \u0027Filter contacts\u0027 feature","fileTypesAndContributionMap":{}},{"hash":"9356fb0edca1a70615da15d4bfc861523f8514dd","isMergeCommit":true,"messageTitle":"Merge branch \u0027master\u0027 of https://github.com/AY2425S2-CS2103T-F12-2/tp","messageBody":"","fileTypesAndContributionMap":{}},{"hash":"58d1995e2df84d52be7035c066b985139e523444","isMergeCommit":true,"messageTitle":"Merge branch \u0027master\u0027 into Add-Role-Field","messageBody":"# Conflicts:\n#\tsrc/main/java/seedu/address/logic/parser/AddCommandParser.java\n#\tsrc/main/java/seedu/address/model/util/SampleDataUtil.java\n\nConflicts Resolved\n","fileTypesAndContributionMap":{}},{"hash":"a44bb31948e5f47c11335d43d8ce99cd81ccf68d","isMergeCommit":false,"messageTitle":"Fix CI errors","messageBody":"","fileTypesAndContributionMap":{"test-code":{"insertions":10,"deletions":1}}},{"hash":"0e4b94b7b358ba8873058840e52e649979cc8471","isMergeCommit":false,"messageTitle":"Fix CI formatting errors","messageBody":"","fileTypesAndContributionMap":{"test-code":{"insertions":10,"deletions":5}}},{"hash":"946834a9f0f86aa43cd6425afe0f4323ec3ba608","isMergeCommit":false,"messageTitle":"Update Test classes to integrate \u0027Role\u0027 field","messageBody":"","fileTypesAndContributionMap":{"test-code":{"insertions":120,"deletions":39}}},{"hash":"6ca55a3d8c133398f2cdfe036b178ee5aa66d063","isMergeCommit":false,"messageTitle":"Fix CI errors","messageBody":"","fileTypesAndContributionMap":{"test-code":{"insertions":4,"deletions":4}}},{"hash":"1ce9f84b09feef7504aa37afb8239b7f44b94403","isMergeCommit":false,"messageTitle":"Add RoleTest.java","messageBody":"","fileTypesAndContributionMap":{"test-code":{"insertions":2,"deletions":0}}},{"hash":"81c4eebebefa0db9a7a2239ec4906a673df453b8","isMergeCommit":false,"messageTitle":"Add RoleTest.java","messageBody":"","fileTypesAndContributionMap":{"test-code":{"insertions":70,"deletions":12}}}]},{"date":"2025-03-16","commitResults":[{"hash":"c2ad9b29dae8c9e1f534ce40a8f46c78218c02c9","isMergeCommit":true,"messageTitle":"Merge pull request #70 from jamesberyl/improve-oop-wedding","messageBody":"Improve OOP of Wedding","fileTypesAndContributionMap":{}},{"hash":"575be9a016a51466e462878669f87f3c43469832","isMergeCommit":true,"messageTitle":"Merge branch \u0027master\u0027 of https://github.com/AY2425S2-CS2103T-F12-2/tp","messageBody":"","fileTypesAndContributionMap":{}},{"hash":"bc8908c5dc0e1aa77d0c33b7e0cbdf0dd2f36917","isMergeCommit":false,"messageTitle":"Edit Role.java comments","messageBody":"","fileTypesAndContributionMap":{"functional-code":{"insertions":1,"deletions":1}}},{"hash":"4ff40a85d6f6ecd378e9f8ac4a823311d4a357a0","isMergeCommit":false,"messageTitle":"Remove Tag from \u0027Add\u0027 and \u0027Edit\u0027 Commands","messageBody":"","fileTypesAndContributionMap":{"functional-code":{"insertions":9,"deletions":67}}},{"hash":"fbd59230640cee31618fe47d62aa961da2dc9567","isMergeCommit":false,"messageTitle":"Fix Test Case conflicts for Tag in \u0027Add\u0027 and \u0027Edit\u0027 commands","messageBody":"","fileTypesAndContributionMap":{"functional-code":{"insertions":0,"deletions":7},"test-code":{"insertions":34,"deletions":124}}}]},{"date":"2025-03-17","commitResults":[{"hash":"51b007328326c01a5c22cfb0adc625e18b0eea63","isMergeCommit":true,"messageTitle":"Merge branch \u0027master\u0027 of https://github.com/AY2425S2-CS2103T-F12-2/tp","messageBody":"","fileTypesAndContributionMap":{}},{"hash":"a1f6a36d77be914870b1404108e4506252753a6f","isMergeCommit":false,"messageTitle":"Add function to \u0027find\u0027 by roles","messageBody":"","fileTypesAndContributionMap":{"functional-code":{"insertions":71,"deletions":13}}},{"hash":"5182033edd1a56ba1b07121ff8a0bd619dc6d9f7","isMergeCommit":false,"messageTitle":"Fix test cases for the new implementation of \u0027Find\u0027 command","messageBody":"","fileTypesAndContributionMap":{"functional-code":{"insertions":8,"deletions":7},"test-code":{"insertions":34,"deletions":25}}},{"hash":"13ab7058f09a2625726578c3071be3b79b4a8af7","isMergeCommit":false,"messageTitle":"Add RoleContainsKeywordsPredicateTest.java","messageBody":"","fileTypesAndContributionMap":{"test-code":{"insertions":85,"deletions":0}}},{"hash":"f844e835808367eef780826ae690f89250d6b816","isMergeCommit":false,"messageTitle":"Fix Checkstyle error","messageBody":"","fileTypesAndContributionMap":{"test-code":{"insertions":2,"deletions":1}}},{"hash":"12f45c07f5b689e1035442f8fc834dc20f6eeecb","isMergeCommit":true,"messageTitle":"Merge pull request #74 from jamesberyl/add-tag-command","messageBody":"Add tag command functionality and update filter command ","fileTypesAndContributionMap":{}},{"hash":"8c0fb7740501cea046f6295d177634b7dd11adfb","isMergeCommit":true,"messageTitle":"Merge branch \u0027master\u0027 of https://github.com/AY2425S2-CS2103T-F12-2/tp","messageBody":"","fileTypesAndContributionMap":{}},{"hash":"dafcfd076710be0b726deaca2a47e82136cdad83","isMergeCommit":true,"messageTitle":"Merge branch \u0027master\u0027 into branch-Update-Find-Command","messageBody":"","fileTypesAndContributionMap":{}},{"hash":"130260ac3d4b3ee8e194e1bca1f4125a6be9fa2c","isMergeCommit":false,"messageTitle":"Fix Checkstyle Errors","messageBody":"","fileTypesAndContributionMap":{"functional-code":{"insertions":18,"deletions":18}}},{"hash":"ea957e3cb18e2c1ba5809b8c8de25e7aadb9a1e5","isMergeCommit":true,"messageTitle":"Merge pull request #73 from weiyanminoo/branch-Update-Find-Command","messageBody":"Find by \u0027role\u0027 feature","fileTypesAndContributionMap":{}},{"hash":"6bc4ff353cdd7af2724e28152234117aad1afa60","isMergeCommit":true,"messageTitle":"Merge branch \u0027master\u0027 of https://github.com/AY2425S2-CS2103T-F12-2/tp","messageBody":"","fileTypesAndContributionMap":{}}]},{"date":"2025-03-18","commitResults":[{"hash":"a5b4e2eba4527254454c569e383f775975bb260e","isMergeCommit":false,"messageTitle":"Allow for some symbols in names","messageBody":"","fileTypesAndContributionMap":{"functional-code":{"insertions":3,"deletions":3},"test-code":{"insertions":3,"deletions":0}}},{"hash":"b67fa560fe9fa3fe6979a0cec40d0814078941f1","isMergeCommit":false,"messageTitle":"Modify Person.java\u0027s check for duplicate persons","messageBody":"","fileTypesAndContributionMap":{"functional-code":{"insertions":13,"deletions":4}}},{"hash":"8c58bc1c6b5cae6d9de2ebef0a7efa20d77322c1","isMergeCommit":true,"messageTitle":"Merge pull request #80 from jamesberyl/fix-bug","messageBody":"Fix bug WeddingId double increments after restoring from Storage","fileTypesAndContributionMap":{}}]},{"date":"2025-03-19","commitResults":[{"hash":"0b9c7dcde0c0d08a132eca8695091ee8b899440e","isMergeCommit":false,"messageTitle":"Improve AddCommand Input Validation","messageBody":"Checks for duplicates (including same names with extra spaces or no capitalisation)\nAsks User to input a confirmation command to ensure that they do want to add this in\n","fileTypesAndContributionMap":{"functional-code":{"insertions":220,"deletions":19}}},{"hash":"db58da787df32da4ac51196a05ca6f97374761e0","isMergeCommit":true,"messageTitle":"Merge branch \u0027master\u0027 of https://github.com/AY2425S2-CS2103T-F12-2/tp","messageBody":"","fileTypesAndContributionMap":{}},{"hash":"d32856278539c18b136d67eca647e99f10261680","isMergeCommit":true,"messageTitle":"Merge branch \u0027master\u0027 into branch-Improve-Input-Validation","messageBody":"","fileTypesAndContributionMap":{}},{"hash":"c4713b26ebc7f99b7fb2597904c48045f2d85e8c","isMergeCommit":false,"messageTitle":"Fix compilation errors in test classes","messageBody":"","fileTypesAndContributionMap":{"functional-code":{"insertions":54,"deletions":10},"test-code":{"insertions":44,"deletions":19}}},{"hash":"49e651f1ae336cbf5cce42bf47f7510da21ec2e8","isMergeCommit":false,"messageTitle":"Fix Checkstyle errors","messageBody":"","fileTypesAndContributionMap":{"test-code":{"insertions":1,"deletions":3}}},{"hash":"d0b38137c38f6965790ac5b1a0928e092de1e2a4","isMergeCommit":false,"messageTitle":"Add test classes for newly added input validation classes","messageBody":"","fileTypesAndContributionMap":{"test-code":{"insertions":304,"deletions":0}}},{"hash":"ceb4c8068d4e8b3da8240921541a7f251f988607","isMergeCommit":true,"messageTitle":"Merge branch \u0027master\u0027 of https://github.com/AY2425S2-CS2103T-F12-2/tp","messageBody":"","fileTypesAndContributionMap":{}},{"hash":"4f0fb4208333c9907da82091aa04880f3d223d82","isMergeCommit":true,"messageTitle":"Merge branch \u0027master\u0027 into branch-Improve-Input-Validation","messageBody":"","fileTypesAndContributionMap":{}},{"hash":"f63ea1beb3bd149691b2d74f91a1c3ef54ed151d","isMergeCommit":false,"messageTitle":"Fix ConfirmCommandTest.java","messageBody":"","fileTypesAndContributionMap":{"test-code":{"insertions":29,"deletions":16}}},{"hash":"425bd270824b6ff956c07af8e0d37055291c7668","isMergeCommit":false,"messageTitle":"Fix checkstyle errors for ConfirmCommandTest.java","messageBody":"","fileTypesAndContributionMap":{"test-code":{"insertions":9,"deletions":9}}},{"hash":"6597693c5b469df98bb1fea5865b47e69e5c4e13","isMergeCommit":false,"messageTitle":"Modify other test cases","messageBody":"","fileTypesAndContributionMap":{"test-code":{"insertions":105,"deletions":124}}},{"hash":"630bded67deeecd68d57d19085e15343bc6befc0","isMergeCommit":false,"messageTitle":"Update test cases in AddCommandTest.java","messageBody":"","fileTypesAndContributionMap":{"test-code":{"insertions":158,"deletions":68}}},{"hash":"ef301aa0109a8fcc72e3353ecd496d67652b1e5a","isMergeCommit":false,"messageTitle":"Edit message in AddCommand.java","messageBody":"","fileTypesAndContributionMap":{"functional-code":{"insertions":4,"deletions":3}}},{"hash":"f7212dabf72f30b1fded2cdce420573e99978db2","isMergeCommit":true,"messageTitle":"Merge pull request #81 from weiyanminoo/branch-Improve-Input-Validation","messageBody":"Improve Input Validation for Person\u0027s Name","fileTypesAndContributionMap":{}}]},{"date":"2025-03-20","commitResults":[{"hash":"89ebcf01310800571b955a2e8fa7fc0166c63c48","isMergeCommit":true,"messageTitle":"Merge pull request #86 from gengyudong/feature-deleteWedding","messageBody":"Add Feature: deleteWedding","fileTypesAndContributionMap":{}},{"hash":"2906970feef0f0980d91723b30eb16f816aa509a","isMergeCommit":true,"messageTitle":"Merge branch \u0027master\u0027 of https://github.com/AY2425S2-CS2103T-F12-2/tp","messageBody":"","fileTypesAndContributionMap":{}},{"hash":"35bfcaba5459543f724a168be2ec9dcc9f20e58a","isMergeCommit":false,"messageTitle":"Update UG for Person-related commands","messageBody":"","fileTypesAndContributionMap":{"docs":{"insertions":22,"deletions":13}}},{"hash":"90b177a9f4466da5c5e66af2f475b6429235d212","isMergeCommit":false,"messageTitle":"Make minor edits to Person-related commands in UG","messageBody":"","fileTypesAndContributionMap":{"functional-code":{"insertions":1,"deletions":1},"docs":{"insertions":4,"deletions":4}}},{"hash":"6f237d7681646b9f7ae2dd86c9567ad398709d63","isMergeCommit":true,"messageTitle":"Merge pull request #91 from jamesberyl/modify-UG","messageBody":"Modify wedding-related commands in UG","fileTypesAndContributionMap":{}},{"hash":"54335db1b1417cda247a22e208b7ec2bdd52beaa","isMergeCommit":true,"messageTitle":"Merge pull request #92 from GrassHeadd/add-UG-EditWeddingCommandFeature","messageBody":"update UserGuide.md with EditWeddingCommand","fileTypesAndContributionMap":{}},{"hash":"5f41fe36de1fd2e8c1ab1367e147363ca69e20a6","isMergeCommit":true,"messageTitle":"Merge branch \u0027master\u0027 of https://github.com/AY2425S2-CS2103T-F12-2/tp","messageBody":"","fileTypesAndContributionMap":{}},{"hash":"6606a4a1ffb6206d86ac75adc40078529f8b341a","isMergeCommit":true,"messageTitle":"Merge branch \u0027master\u0027 into branch-Update-UG","messageBody":"","fileTypesAndContributionMap":{}},{"hash":"e54d3afb69928c021d90dbbe555907f6d4bdf725","isMergeCommit":true,"messageTitle":"Merge pull request #97 from gengyudong/add-testCases-untag","messageBody":"Add test cases untag","fileTypesAndContributionMap":{}},{"hash":"a76edd56c71fa9d1f63a9eba506a79342532482e","isMergeCommit":false,"messageTitle":"Update Use Cases in DG","messageBody":"","fileTypesAndContributionMap":{"docs":{"insertions":188,"deletions":35}}},{"hash":"494cf3f626d06d24790c491d57b8575c00849bd3","isMergeCommit":true,"messageTitle":"Merge branch \u0027master\u0027 of https://github.com/AY2425S2-CS2103T-F12-2/tp","messageBody":"","fileTypesAndContributionMap":{}},{"hash":"44a342ec78effb311a7549930690b71fbd9d8934","isMergeCommit":true,"messageTitle":"Merge branch \u0027master\u0027 into branch-Update-UG","messageBody":"","fileTypesAndContributionMap":{}},{"hash":"85548ef31c3c4a75fcf51f7ce18a725d29dd3c85","isMergeCommit":false,"messageTitle":"Remove traces of AB-3 in UG","messageBody":"","fileTypesAndContributionMap":{"docs":{"insertions":50,"deletions":53}}},{"hash":"f146a958e8be4a6660d370f6d3dd89eca6bb9d56","isMergeCommit":false,"messageTitle":"Change App Name","messageBody":"","fileTypesAndContributionMap":{"functional-code":{"insertions":1,"deletions":1}}},{"hash":"0c350651094a337fb449314ab85a4723bcff21e8","isMergeCommit":true,"messageTitle":"Merge branch \u0027master\u0027 of https://github.com/AY2425S2-CS2103T-F12-2/tp","messageBody":"","fileTypesAndContributionMap":{}},{"hash":"28f34fee57f313cba1f93de6831f603172444289","isMergeCommit":true,"messageTitle":"Merge pull request #101 from jamesberyl/master","messageBody":"Modify version and jar file name","tags":["v1.3"],"fileTypesAndContributionMap":{}}]},{"date":"2025-03-22","commitResults":[{"hash":"00427e78a203a4872532a0965832053099011f70","isMergeCommit":true,"messageTitle":"Merge branch \u0027master\u0027 of https://github.com/AY2425S2-CS2103T-F12-2/tp","messageBody":"","fileTypesAndContributionMap":{}},{"hash":"e27c32d26eb33aa17e48a78bb26386299d14ddfa","isMergeCommit":false,"messageTitle":"Modify README.md","messageBody":"","fileTypesAndContributionMap":{"docs":{"insertions":2,"deletions":2}}},{"hash":"95c8aa798d35bddbe1d35917b230c8b0f6e26700","isMergeCommit":false,"messageTitle":"Update UML diagram for model","messageBody":"","fileTypesAndContributionMap":{"docs":{"insertions":3,"deletions":2}}}]},{"date":"2025-03-23","commitResults":[{"hash":"cc4c91c7ea6d89e21e25fec07a977e3b36c8c1f3","isMergeCommit":false,"messageTitle":"Enable Assertations in team repo","messageBody":"","fileTypesAndContributionMap":{"other":{"insertions":4,"deletions":0}}},{"hash":"2e4fab6b3d9f8a61ebb3d80bf7c17265b29838e0","isMergeCommit":true,"messageTitle":"Merge pull request #111 from weiyanminoo/branch-Enable-Assertations","messageBody":"Enable assertations in team repo","fileTypesAndContributionMap":{}},{"hash":"4b948f0ff93f1a6fd4379351b6690a2c44fe52c0","isMergeCommit":true,"messageTitle":"Merge branch \u0027master\u0027 of https://github.com/AY2425S2-CS2103T-F12-2/tp","messageBody":"","fileTypesAndContributionMap":{}},{"hash":"129ea014a513cc7817c1d0dc2756ec2309b25419","isMergeCommit":true,"messageTitle":"Merge branch \u0027master\u0027 into branch-Modify-Documentation","messageBody":"","fileTypesAndContributionMap":{}},{"hash":"76bf18e695f0e08d64e19182182e5dfabf5f52b8","isMergeCommit":false,"messageTitle":"Modify \u0027clear\u0027 command to show a confirmation message first","messageBody":"","fileTypesAndContributionMap":{"functional-code":{"insertions":77,"deletions":5}}},{"hash":"94c16d890cfb3f6819019c56203ca23b02fc56c7","isMergeCommit":false,"messageTitle":"Update ClearCommandTest.java","messageBody":"","fileTypesAndContributionMap":{"test-code":{"insertions":245,"deletions":12}}},{"hash":"a2ce96170d25f68485253cfa13c3aa3f363cadac","isMergeCommit":false,"messageTitle":"Update UG for \u0027clear\u0027 command","messageBody":"","fileTypesAndContributionMap":{"docs":{"insertions":2,"deletions":0}}},{"hash":"a0cdd6a3e14e47f432f9b5576da405e25a95a622","isMergeCommit":false,"messageTitle":"Update ClearCommandTest.java and change \u0027Address Book\u0027 in messages to \u0027Contact Book\u0027","messageBody":"","fileTypesAndContributionMap":{"functional-code":{"insertions":5,"deletions":5},"test-code":{"insertions":73,"deletions":60}}}]},{"date":"2025-03-24","commitResults":[{"hash":"ea9379713074070c9bb658a6c6bd92d2ee9ceea2","isMergeCommit":true,"messageTitle":"Merge pull request #113 from weiyanminoo/branch-Modify-Clear-Command","messageBody":"Add Confirmation Message for \u0027clear\u0027 command","fileTypesAndContributionMap":{}},{"hash":"21e4e3ced6618bc516733b1434c1b5bf352564b7","isMergeCommit":true,"messageTitle":"Merge pull request #105 from weiyanminoo/branch-Modify-Documentation","messageBody":"Modify documentation","fileTypesAndContributionMap":{}}]},{"date":"2025-03-25","commitResults":[{"hash":"1be17f538a566afecee6c295619f354767067faa","isMergeCommit":true,"messageTitle":"Merge pull request #118 from jamesberyl/update-UML","messageBody":"Update UML diagrams for Model and Storage","fileTypesAndContributionMap":{}}]}],"glennliew":[{"date":"2025-03-01","commitResults":[{"hash":"822e39754e9250030f61ae23638aef215b132740","isMergeCommit":false,"messageTitle":"Update AboutUs details for Glenn","messageBody":"","fileTypesAndContributionMap":{"docs":{"insertions":5,"deletions":5}}},{"hash":"c61de273ed05896e087afbbce3b4f494a951e89e","isMergeCommit":true,"messageTitle":"Merge pull request #17 from glennliew/branch-glennliew-AboutUs","messageBody":"Add Glenn\u0027s AboutUs","fileTypesAndContributionMap":{}}]},{"date":"2025-03-06","commitResults":[{"hash":"5d87924ad691202295af32a93f5c6ba97b5e7925","isMergeCommit":false,"messageTitle":"Update README","messageBody":"","fileTypesAndContributionMap":{"docs":{"insertions":18,"deletions":18}}}]},{"date":"2025-03-17","commitResults":[{"hash":"9e6fccd91a9f10be1631a925a5be80254b218c02","isMergeCommit":false,"messageTitle":"Add Wedding information UI","messageBody":"","fileTypesAndContributionMap":{"functional-code":{"insertions":22,"deletions":10}}},{"hash":"fc86d8da1c0db6f6550f60a01a99d3c85bcfb69e","isMergeCommit":false,"messageTitle":"Add test cases for Filter command","messageBody":"","fileTypesAndContributionMap":{"test-code":{"insertions":164,"deletions":2}}},{"hash":"6e8d9229213eb7b60b2a9ee954636b5ef3a7eddc","isMergeCommit":false,"messageTitle":"Add test cases for FilterCommandParserTest","messageBody":"","fileTypesAndContributionMap":{"functional-code":{"insertions":0,"deletions":0},"test-code":{"insertions":77,"deletions":1}}},{"hash":"3086729f6c9c793f80d511b4439b74dbb2f0a4a6","isMergeCommit":false,"messageTitle":"Fix formatting bugs","messageBody":"","fileTypesAndContributionMap":{"docs":{"insertions":12,"deletions":12},"test-code":{"insertions":12,"deletions":12}}},{"hash":"f8ed57143efb7a19ab181c6d31a662227751a943","isMergeCommit":false,"messageTitle":"Fix Messages bug","messageBody":"","fileTypesAndContributionMap":{"functional-code":{"insertions":0,"deletions":0}}},{"hash":"d70efd4c05dd838ba79886864c589a57b109bfcf","isMergeCommit":false,"messageTitle":"Fix FilterParserTest bugs","messageBody":"","fileTypesAndContributionMap":{"test-code":{"insertions":0,"deletions":4}}},{"hash":"7861fe60cde782c5c5294f9b5fb73979a1489374","isMergeCommit":false,"messageTitle":"Fix test bugs","messageBody":"","fileTypesAndContributionMap":{"test-code":{"insertions":1,"deletions":229}}},{"hash":"bd605c63aaf0c3c2664d53281c46f48f72e10b52","isMergeCommit":false,"messageTitle":"Fix checkstyle errors","messageBody":"","fileTypesAndContributionMap":{"test-code":{"insertions":1,"deletions":1}}}]},{"date":"2025-03-18","commitResults":[{"hash":"9a0246cf14424cc7aceb5ee7b24d7a31dc1ca394","isMergeCommit":false,"messageTitle":"Fix tests","messageBody":"","fileTypesAndContributionMap":{"functional-code":{"insertions":1,"deletions":2},"test-code":{"insertions":200,"deletions":1}}},{"hash":"88aed3a7c22e690fa44f65e1e5cd35d28b2eef65","isMergeCommit":false,"messageTitle":"Fix checkstyle errors","messageBody":"","fileTypesAndContributionMap":{"functional-code":{"insertions":1,"deletions":1},"test-code":{"insertions":0,"deletions":8}}}]},{"date":"2025-03-19","commitResults":[{"hash":"6d65a9f9d42cbfb95e9bc8f9f40ae37088e3c40f","isMergeCommit":true,"messageTitle":"Merge pull request #76 from glennliew/add-WeddingUI","messageBody":"Add wedding UI","fileTypesAndContributionMap":{}}]},{"date":"2025-03-20","commitResults":[{"hash":"8e45758f87beda536a9013550c8f98f075af9b2b","isMergeCommit":false,"messageTitle":"Add Untag feature","messageBody":"","fileTypesAndContributionMap":{"functional-code":{"insertions":172,"deletions":0},"test-code":{"insertions":104,"deletions":0}}},{"hash":"a8179609df3d7a1e703e29a29ffd1b002139e052","isMergeCommit":true,"messageTitle":"Merge remote-tracking branch \u0027upstream/master\u0027 into add-untag-feature","messageBody":"","fileTypesAndContributionMap":{}},{"hash":"222d3cb281d396b2d12a07d22ac804289b39d542","isMergeCommit":true,"messageTitle":"Merge remote-tracking branch \u0027upstream/master\u0027 into add-untag-feature","messageBody":"","fileTypesAndContributionMap":{}},{"hash":"d4c19b6b15df2a86d71bf8fc4b42ab18d1ce4d42","isMergeCommit":false,"messageTitle":"Add untag feature and resolve conflicts","messageBody":"","fileTypesAndContributionMap":{"test-code":{"insertions":5,"deletions":0}}}]},{"date":"2025-03-26","commitResults":[{"hash":"1707bd1b68d9ddd9c2cc85b97adc3f32bf972246","isMergeCommit":false,"messageTitle":"Add autocomplete feature with tests","messageBody":"","fileTypesAndContributionMap":{"functional-code":{"insertions":158,"deletions":3},"other":{"insertions":4,"deletions":1},"docs":{"insertions":52,"deletions":0},"test-code":{"insertions":249,"deletions":0}}}]},{"date":"2025-03-27","commitResults":[{"hash":"4e4066223c85864590ab6963d2dbc8f20802e81a","isMergeCommit":false,"messageTitle":"Update UI","messageBody":"","fileTypesAndContributionMap":{"functional-code":{"insertions":245,"deletions":53},"other":{"insertions":657,"deletions":0},"test-code":{"insertions":1,"deletions":0}}},{"hash":"ef26478dbb190b285a6ffd5a6ff1ef5c9319878c","isMergeCommit":false,"messageTitle":"Fix bugs","messageBody":"","fileTypesAndContributionMap":{"other":{"insertions":624,"deletions":0}}},{"hash":"9658c3fd66b9e007dbda9eee47c2b57f126db030","isMergeCommit":false,"messageTitle":"Fix checkstyle errors","messageBody":"","fileTypesAndContributionMap":{"functional-code":{"insertions":2,"deletions":2},"test-code":{"insertions":1,"deletions":1}}},{"hash":"574c9f4ad3f5e51e8e0dc77895e7f048908541a0","isMergeCommit":false,"messageTitle":"Fix checkstyle errors","messageBody":"","fileTypesAndContributionMap":{"functional-code":{"insertions":4,"deletions":4},"other":{"insertions":4,"deletions":538},"docs":{"insertions":7,"deletions":7}}},{"hash":"41171b0916d4b6d93e1fd523f607035a863597c0","isMergeCommit":false,"messageTitle":"Fix checkstyle errors","messageBody":"","fileTypesAndContributionMap":{"other":{"insertions":0,"deletions":624}}},{"hash":"dc35e2ad28781d347be56b24e9dfd268cade28bb","isMergeCommit":false,"messageTitle":"Fix checkstyle errors","messageBody":"","fileTypesAndContributionMap":{"docs":{"insertions":7,"deletions":7}}},{"hash":"610df4d684435d81c4211196c5f77ffd7917bc76","isMergeCommit":false,"messageTitle":"Fix checkstyle error","messageBody":"","fileTypesAndContributionMap":{"other":{"insertions":1,"deletions":1}}},{"hash":"61bec3dab7bcee548463d3ff6f95aa0cf47e7694","isMergeCommit":true,"messageTitle":"Merge pull request #131 from glennliew/add-autocomplete-feature","messageBody":"Add autocomplete feature","fileTypesAndContributionMap":{}},{"hash":"386dcdebdf1748156d3410902de1dfd9ae5a9cba","isMergeCommit":false,"messageTitle":"Update new commands added","messageBody":"","fileTypesAndContributionMap":{"functional-code":{"insertions":3,"deletions":1},"other":{"insertions":534,"deletions":0}}},{"hash":"105a27bd6f48a3d56734930bf74c4722d39c4b06","isMergeCommit":true,"messageTitle":"Merge branch \u0027master\u0027 into update-newUI","messageBody":"","fileTypesAndContributionMap":{}},{"hash":"cc05167530d9bec24038a01f35c7ae72f4348067","isMergeCommit":false,"messageTitle":"Update CommandBox.java","messageBody":"","fileTypesAndContributionMap":{"functional-code":{"insertions":1,"deletions":1}}},{"hash":"2e56bc6ad93dc94100bf6fd2c13a41e8d3f07a76","isMergeCommit":false,"messageTitle":"Fix checkstyle errors","messageBody":"","fileTypesAndContributionMap":{"other":{"insertions":0,"deletions":657}}},{"hash":"88dd36f8f364c6f3daee2cf946074df4ff519363","isMergeCommit":true,"messageTitle":"Merge pull request #130 from glennliew/update-newUI","messageBody":"Update new UI","fileTypesAndContributionMap":{}}]}],"gengyudong":[{"date":"2025-03-01","commitResults":[{"hash":"ea56011c324ed7d57b2d2e333e21bd0fc515fe86","isMergeCommit":false,"messageTitle":"Edit AboutUs.md","messageBody":"","fileTypesAndContributionMap":{"docs":{"insertions":16,"deletions":6}}},{"hash":"00c802d5ecf2dc30e7dc26b708ed2a06c8c752c4","isMergeCommit":false,"messageTitle":"Edit AboutUs.md","messageBody":"","fileTypesAndContributionMap":{"docs":{"insertions":1,"deletions":1}}},{"hash":"c61756abadc7939ff95f6df02aaa669e278e3cde","isMergeCommit":false,"messageTitle":"Edit AboutUs.md","messageBody":"","fileTypesAndContributionMap":{"docs":{"insertions":2,"deletions":2}}},{"hash":"ae0921348192b6a88025053744d9a50cdd5b304f","isMergeCommit":true,"messageTitle":"Merge branch \u0027master\u0027 into add-gengyudong-AboutUs","messageBody":"","fileTypesAndContributionMap":{}},{"hash":"757edbcf35dbf974bd04a87610d25c449607992d","isMergeCommit":true,"messageTitle":"Merge branch \u0027master\u0027 into add-gengyudong-AboutUs","messageBody":"","fileTypesAndContributionMap":{}},{"hash":"6bef75becc7cffee061d230ea02724eabef1c3c2","isMergeCommit":true,"messageTitle":"Merge pull request #22 from gengyudong/add-gengyudong-AboutUs","messageBody":"Add gengyudong about us","fileTypesAndContributionMap":{}}]},{"date":"2025-03-03","commitResults":[{"hash":"e0b40240486b4b28a9a2de1681cdd1db0647ac71","isMergeCommit":true,"messageTitle":"Merge pull request #29 from GrassHeadd/add-NFR-DG","messageBody":"add NFR in DG","fileTypesAndContributionMap":{}},{"hash":"5255b7b6f26890bb466f15414ecbd0c5a609988c","isMergeCommit":false,"messageTitle":"Edit AboutUs.md and DG","messageBody":"","fileTypesAndContributionMap":{"docs":{"insertions":32,"deletions":28}}},{"hash":"39f1717181b93c4204d6f7a82737dbe3b2956b1f","isMergeCommit":false,"messageTitle":"Edit AboutUs.md","messageBody":"","fileTypesAndContributionMap":{"docs":{"insertions":1,"deletions":1}}}]},{"date":"2025-03-04","commitResults":[{"hash":"fddb4c519b6631a3247a03a99cced19591bdb5b0","isMergeCommit":false,"messageTitle":"Edit AboutUs.md","messageBody":"","fileTypesAndContributionMap":{"docs":{"insertions":2,"deletions":2}}},{"hash":"ae7f2e770e73633dce1fae27a446771009ee8755","isMergeCommit":true,"messageTitle":"Merge pull request #34 from gengyudong/add-gengyudong-AboutUs","messageBody":"Edit AboutUs.md","fileTypesAndContributionMap":{}},{"hash":"9df724219bc00b9c458b0daaad60d74d01872b06","isMergeCommit":false,"messageTitle":"Edit DG","messageBody":"","fileTypesAndContributionMap":{"docs":{"insertions":1,"deletions":1}}},{"hash":"edba81a4d522c699fbdbcbf2b1029899928ac447","isMergeCommit":true,"messageTitle":"Merge pull request #36 from gengyudong/add-gengyudong-AboutUs","messageBody":"Edit DG","fileTypesAndContributionMap":{}}]},{"date":"2025-03-09","commitResults":[{"hash":"4fb9b1e9629e06cc38b697372fcf3767d00d93b7","isMergeCommit":true,"messageTitle":"Merge pull request #45 from jamesberyl/update-glossary-dg","messageBody":"Add terms in glossary","fileTypesAndContributionMap":{}}]},{"date":"2025-03-19","commitResults":[{"hash":"b2088982c3eb710f8ca71b27d0eece567beace6b","isMergeCommit":false,"messageTitle":"Add feature: deleteWedding","messageBody":"","fileTypesAndContributionMap":{"functional-code":{"insertions":4,"deletions":0}}},{"hash":"01be566e1c61e585498905251a7fee62d154a9cd","isMergeCommit":false,"messageTitle":"Add feature: deleteWedding","messageBody":"","fileTypesAndContributionMap":{"functional-code":{"insertions":192,"deletions":19},"test-code":{"insertions":118,"deletions":4}}},{"hash":"18501d4fc91de7c7c6fa7ab7a7a26dc88b2edff0","isMergeCommit":true,"messageTitle":"Merge branch \u0027master\u0027 into feature-deleteWedding","messageBody":"","fileTypesAndContributionMap":{}},{"hash":"7811a794b86b0dea2f0fa5b63af5fd41befca340","isMergeCommit":true,"messageTitle":"Merge branch \u0027master\u0027 into feature-deleteWedding","messageBody":"","fileTypesAndContributionMap":{}}]},{"date":"2025-03-20","commitResults":[{"hash":"e680049040ac5c51c022fdb398efd6d95a96a42b","isMergeCommit":false,"messageTitle":"Add unit test for feature: deleteWedding","messageBody":"","fileTypesAndContributionMap":{"test-code":{"insertions":373,"deletions":3}}},{"hash":"322faca18f392df9dacf71e1ced1b3b0d1edb69a","isMergeCommit":false,"messageTitle":"Hot Fix Checkstyle","messageBody":"","fileTypesAndContributionMap":{"test-code":{"insertions":1,"deletions":1}}},{"hash":"10e069a0643401e66a6b717a010e3271754f74d5","isMergeCommit":false,"messageTitle":"Fix checkstyle","messageBody":"","fileTypesAndContributionMap":{"functional-code":{"insertions":5,"deletions":3},"test-code":{"insertions":51,"deletions":30}}},{"hash":"ffc98b5bfcac7a3de2488e65a45bca3535e190e2","isMergeCommit":false,"messageTitle":"Add test to increase coverage","messageBody":"","fileTypesAndContributionMap":{"test-code":{"insertions":20,"deletions":11}}},{"hash":"3d22781fd0442a39a0ab1ab316954b7b221664ff","isMergeCommit":false,"messageTitle":"Fix checkstyle","messageBody":"","fileTypesAndContributionMap":{"test-code":{"insertions":0,"deletions":1}}},{"hash":"ae648a56eb4ddfa9357f9e58172a68ca5496bc1d","isMergeCommit":true,"messageTitle":"Merge pull request #93 from GrassHeadd/add-ListWeddingCommand","messageBody":"add listWeddingEventCommand","fileTypesAndContributionMap":{}},{"hash":"23880ef9fc670ad70ba1ae34ab12051f256475c1","isMergeCommit":false,"messageTitle":"Edit UG for deleteWedding command","messageBody":"","fileTypesAndContributionMap":{"docs":{"insertions":62,"deletions":53}}},{"hash":"b4447d30368873d4ea09089658b03a2c4d3462da","isMergeCommit":false,"messageTitle":"Edit UG to change \u0027WEDDING_ID\u0027","messageBody":"","fileTypesAndContributionMap":{"functional-code":{"insertions":3,"deletions":4},"docs":{"insertions":4,"deletions":5}}},{"hash":"ce60193c6640e18249c0a914082894dc5cbc32f8","isMergeCommit":true,"messageTitle":"Merge pull request #96 from jamesberyl/modify-DG","messageBody":"Modify DG slightly to include wedding-related stuff","fileTypesAndContributionMap":{}},{"hash":"efa15516f0cb2c79c7f84378d2bf85dfd97d4c6b","isMergeCommit":true,"messageTitle":"Merge pull request #95 from glennliew/add-untag-feature","messageBody":"Add Untag feature","fileTypesAndContributionMap":{}},{"hash":"c1f4bcad72c531505fe97e50f13bd3cafe6a87de","isMergeCommit":false,"messageTitle":"Add test cases for untag command","messageBody":"","fileTypesAndContributionMap":{"functional-code":{"insertions":7,"deletions":3},"test-code":{"insertions":100,"deletions":1}}},{"hash":"a0d12c2acb992224442356fc1f6843de745448d9","isMergeCommit":false,"messageTitle":"Hot fix checkstyle","messageBody":"","fileTypesAndContributionMap":{"test-code":{"insertions":0,"deletions":5}}},{"hash":"932a0378de434e149e79aa28f1e4743b0488e809","isMergeCommit":false,"messageTitle":"Update UG for untag","messageBody":"","fileTypesAndContributionMap":{"docs":{"insertions":13,"deletions":1}}},{"hash":"0aa4c300029404c70f1462d66d36f6bfab31b002","isMergeCommit":false,"messageTitle":"Hot fix UG","messageBody":"","fileTypesAndContributionMap":{"docs":{"insertions":0,"deletions":1}}}]},{"date":"2025-03-21","commitResults":[{"hash":"e2527c5c68f08b48a672427e1e4e8da361c3de39","isMergeCommit":true,"messageTitle":"Merge pull request #103 from GrassHeadd/bug-fixing","messageBody":"remove print statement","fileTypesAndContributionMap":{}}]},{"date":"2025-03-27","commitResults":[{"hash":"4117a239f0855f538bca70d1624913a577a6e002","isMergeCommit":false,"messageTitle":"Add feature: flexibility of date input formats","messageBody":"","fileTypesAndContributionMap":{"functional-code":{"insertions":217,"deletions":7},"test-code":{"insertions":211,"deletions":128}}},{"hash":"d4b73b3e4bae5bc5e4725a16878dfa01dde900b7","isMergeCommit":false,"messageTitle":"Hot fix: Style issue","messageBody":"","fileTypesAndContributionMap":{"test-code":{"insertions":0,"deletions":1}}},{"hash":"176ed38553e9f2bd41da610e3e68f81bac12c01e","isMergeCommit":false,"messageTitle":"Edit UG: Content table \u0026 Command Summary","messageBody":"","fileTypesAndContributionMap":{"docs":{"insertions":52,"deletions":20}}},{"hash":"ff45be8cd87a74a5ac1abddaa063fc7c5676405a","isMergeCommit":false,"messageTitle":"Hot fix: style","messageBody":"","fileTypesAndContributionMap":{"docs":{"insertions":20,"deletions":20}}},{"hash":"5e7aec754a2a0cc186a5d8f660572640725d05ad","isMergeCommit":false,"messageTitle":"Hot fix: Style","messageBody":"","fileTypesAndContributionMap":{"docs":{"insertions":21,"deletions":21}}},{"hash":"b2f172527bc734bedbd9d5be0d5972ecd320a52b","isMergeCommit":false,"messageTitle":"Add feature: Button to open up user guide on browser","messageBody":"","fileTypesAndContributionMap":{"functional-code":{"insertions":12,"deletions":9}}},{"hash":"ad3832dd822a0695caf9cf6ea6e1ab69dbafd179","isMergeCommit":true,"messageTitle":"Merge pull request #133 from gengyudong/add-UG-date_input_flexible","messageBody":"Edit UG","fileTypesAndContributionMap":{}},{"hash":"8abde010bf6fd22432e8eed35161c6925c435bfb","isMergeCommit":true,"messageTitle":"Merge pull request #134 from gengyudong/add-feature-helpButton","messageBody":"Add feature: Button to open up user guide on browser","fileTypesAndContributionMap":{}},{"hash":"98be19b0708c415ea25b9f94cd0bfa3b1faf7fa3","isMergeCommit":true,"messageTitle":"Merge pull request #132 from gengyudong/add-feature-date_input_flexibility","messageBody":"Add feature: flexibility of date input formats","fileTypesAndContributionMap":{}}]}]},"authorFileTypeContributionMap":{"jamesberyl":{"docs":156,"functional-code":2106,"test-code":2792,"other":1},"GrassHeadd":{"docs":72,"functional-code":714,"test-code":781},"weiyanminoo":{"docs":381,"functional-code":569,"test-code":737,"other":4},"glennliew":{"docs":64,"functional-code":419,"test-code":536,"other":3},"gengyudong":{"docs":109,"functional-code":413,"test-code":754}},"authorContributionVariance":{"jamesberyl":210558.94,"GrassHeadd":59581.508,"weiyanminoo":54333.508,"glennliew":447781.5,"gengyudong":32477.66},"authorDisplayNameMap":{"jamesberyl":"CS2103T-F12-2 ARUL..ERYL","GrassHeadd":"CS2103T-F12-2 HU J..NJIE","weiyanminoo":"CS2103T-F12-2 WEI ..N OO","glennliew":"CS2103T-F12-2 GLEN..I YI","gengyudong":"CS2103T-F12-2 GENG..DONG"}}
