{"authorDailyContributionsMap":{"gohlucas":[{"date":"2025-02-27","commitResults":[{"hash":"5580bbb9543ef2fb2eee537a94093ce159232361","isMergeCommit":false,"messageTitle":"Add details about myself","messageBody":"","fileTypesAndContributionMap":{"docs":{"insertions":5,"deletions":5}}},{"hash":"9785c1a0eb785ba5f06acb9ff788bb2cbac7e3c3","isMergeCommit":false,"messageTitle":"Update Roles and Responsibilities","messageBody":"","fileTypesAndContributionMap":{"docs":{"insertions":2,"deletions":2}}}]},{"date":"2025-03-07","commitResults":[{"hash":"9b92db01c5dbf4d3ac4b94ce81ed766d2c1b666d","isMergeCommit":true,"messageTitle":"Merge branch \u0027master\u0027 into AddAboutUs","messageBody":"","fileTypesAndContributionMap":{}},{"hash":"15193c1a831d273b4273cc0a4865c6ed7ba53117","isMergeCommit":false,"messageTitle":"Update AboutUs.md","messageBody":"","fileTypesAndContributionMap":{"docs":{"insertions":2,"deletions":1}}},{"hash":"e5cc5a18fa0df2e118075bdcb410eff7eb9158f4","isMergeCommit":true,"messageTitle":"Merge pull request #22 from SomneelSaha2004/AddAboutUs","messageBody":"AddAboutUs","fileTypesAndContributionMap":{}},{"hash":"484cc651a85b10aff729d97aefe95ca274bbc39c","isMergeCommit":false,"messageTitle":"Revert \"Add Remark Command\"","messageBody":"This reverts commit 972f0a85cfea8a85b2775855e1efbae3921fb1cc.\n","fileTypesAndContributionMap":{"functional-code":{"insertions":53,"deletions":288},"test-code":{"insertions":90,"deletions":114}}},{"hash":"7eff8c2000bcafc4c1cf371152a6860a2d7199dd","isMergeCommit":false,"messageTitle":"Rectify Checkstyle Errors","messageBody":"","fileTypesAndContributionMap":{"docs":{"insertions":2,"deletions":11}}},{"hash":"a7f8448d5c35e0b3dbf34c545ed083e32de1398f","isMergeCommit":false,"messageTitle":"Rectify Checkstyle Errors and Tests","messageBody":"","fileTypesAndContributionMap":{"functional-code":{"insertions":0,"deletions":1},"test-code":{"insertions":0,"deletions":7}}}]},{"date":"2025-03-09","commitResults":[{"hash":"2521fe168171d4377185e31daf008f0b2ac086b6","isMergeCommit":false,"messageTitle":"Save progress on edit","messageBody":"","fileTypesAndContributionMap":{"docs":{"insertions":35,"deletions":9}}},{"hash":"1dc87b867fa209473f002167feed6847efe20bd9","isMergeCommit":false,"messageTitle":"Update DG\u0027s User stories and Use Cases","messageBody":"","fileTypesAndContributionMap":{"docs":{"insertions":106,"deletions":31}}}]},{"date":"2025-03-12","commitResults":[{"hash":"ec37cfeb378af259a221dbac8483ada933e397c6","isMergeCommit":false,"messageTitle":"Rectify minor details in wording and phrasing","messageBody":"","fileTypesAndContributionMap":{"docs":{"insertions":38,"deletions":38}}}]},{"date":"2025-03-15","commitResults":[{"hash":"b1c5e05f29be7c7593c3f8c96879849e18a947b1","isMergeCommit":true,"messageTitle":"Merge pull request #52 from noahang/Update-UI-Addsport","messageBody":"Update UI addsport\n-In future could add css to style the gui for sport","fileTypesAndContributionMap":{}},{"hash":"34ffa58588232ed54a20a094dbd1dca9de6b0cd4","isMergeCommit":false,"messageTitle":"Save progress","messageBody":"","fileTypesAndContributionMap":{"functional-code":{"insertions":6,"deletions":4}}},{"hash":"233ef00add6e20316a203854547f50a2b07b618a","isMergeCommit":false,"messageTitle":"Save Progress","messageBody":"","fileTypesAndContributionMap":{"functional-code":{"insertions":100,"deletions":21},"test-code":{"insertions":112,"deletions":47}}},{"hash":"b3c576dc1ee8d6e00fa872572f4dd4fb8b1aaef8","isMergeCommit":false,"messageTitle":"Rectify Merge Conflict","messageBody":"","fileTypesAndContributionMap":{"functional-code":{"insertions":5,"deletions":7}}},{"hash":"7c5cd73bc9cee328b65ea8e74a9bbe78f8bfa5ab","isMergeCommit":false,"messageTitle":"Update minor details","messageBody":"","fileTypesAndContributionMap":{"functional-code":{"insertions":0,"deletions":18}}},{"hash":"d105994d9366310138f4c2500798ebc50d66dd77","isMergeCommit":false,"messageTitle":"Save progress","messageBody":"","fileTypesAndContributionMap":{"test-code":{"insertions":8,"deletions":0}}},{"hash":"bf14a186a5586dc252fe2a85587976efc5f8bf17","isMergeCommit":false,"messageTitle":"Rectify minor issue with rebase","messageBody":"","fileTypesAndContributionMap":{"functional-code":{"insertions":20,"deletions":0},"test-code":{"insertions":1,"deletions":9}}}]},{"date":"2025-03-16","commitResults":[{"hash":"297b0e893ec1923d2a0d3e65635d68ce1fd0edfb","isMergeCommit":false,"messageTitle":"Add testcases for delete sport","messageBody":"","fileTypesAndContributionMap":{"test-code":{"insertions":234,"deletions":0}}},{"hash":"e56d0a655693dd286d6d2b1308a94e03d8805087","isMergeCommit":false,"messageTitle":"Update testcase","messageBody":"","fileTypesAndContributionMap":{"test-code":{"insertions":3,"deletions":0}}}]},{"date":"2025-03-17","commitResults":[{"hash":"169c682261a1c68572ea890d461c8e40f4595583","isMergeCommit":true,"messageTitle":"Merge pull request #60 from gohlucas/DeleteSport-Test","messageBody":"DeleteSport Test v1, reviewed and subsequently rectified updates required ","fileTypesAndContributionMap":{}},{"hash":"7489edd0df11b571cd9606f010e7c9b4b51852c9","isMergeCommit":true,"messageTitle":"Merge pull request #61 from darHH/minor-changes","messageBody":"Minor changes to README","tags":["v1.0"],"fileTypesAndContributionMap":{}}]},{"date":"2025-03-19","commitResults":[{"hash":"ef387a0d469135fe568ea3925e5de56b742466d6","isMergeCommit":false,"messageTitle":"FindSports command","messageBody":"","fileTypesAndContributionMap":{"functional-code":{"insertions":167,"deletions":0}}},{"hash":"51105946e2779e5413e076e532b8b98e37e77278","isMergeCommit":false,"messageTitle":"Rectify issues in SportContainsKeywordsPredicate Equals Method","messageBody":"","fileTypesAndContributionMap":{"functional-code":{"insertions":3,"deletions":2}}}]},{"date":"2025-03-21","commitResults":[{"hash":"e25d017527d9a4b75f3c2f6b56469ec0dab59630","isMergeCommit":true,"messageTitle":"Merge pull request #80 from noahang/master","messageBody":"Bug fix","tags":["v1.3.1"],"fileTypesAndContributionMap":{}}]},{"date":"2025-03-25","commitResults":[{"hash":"cbcd11447625b729401c8dd9ef188196a8d14ae1","isMergeCommit":true,"messageTitle":"Merge pull request #91 from SomneelSaha2004/UserGuide","messageBody":"User guide","fileTypesAndContributionMap":{}},{"hash":"71f998cc72022b893f2a120b21c4ca614c3901f3","isMergeCommit":true,"messageTitle":"Merge pull request #90 from darHH/v1.4-create-groups","messageBody":"Add Group field","fileTypesAndContributionMap":{}}]}],"isaacchua0309":[{"date":"2025-03-07","commitResults":[{"hash":"e44e782ec39e20f81e9aa0d76f704400f211de3c","isMergeCommit":false,"messageTitle":"Add HelloCommand","messageBody":"","fileTypesAndContributionMap":{"functional-code":{"insertions":22,"deletions":0},"test-code":{"insertions":17,"deletions":0}}},{"hash":"af9b9910112ab795673620bcf428b8c32b759f48","isMergeCommit":false,"messageTitle":"Fix formatting issues in HelloCommand files","messageBody":"","fileTypesAndContributionMap":{"functional-code":{"insertions":1,"deletions":1},"test-code":{"insertions":2,"deletions":1}}},{"hash":"a163bc6d16808f1d7124eb5439de441e92124ab5","isMergeCommit":false,"messageTitle":"Add test for HelloCommand parsing to improve code coverage","messageBody":"","fileTypesAndContributionMap":{"test-code":{"insertions":7,"deletions":0}}},{"hash":"61a0c130a3ebcc6a508bc084523bd9d188d2dfa4","isMergeCommit":true,"messageTitle":"Merge master branch and resolve conflicts","messageBody":"","fileTypesAndContributionMap":{}},{"hash":"db88babbf7b044fa1ce345dce10bbd65ba3b8462","isMergeCommit":false,"messageTitle":"Add Isaac Chua to AboutUs and create portfolio page","messageBody":"","fileTypesAndContributionMap":{"docs":{"insertions":48,"deletions":1}}}]},{"date":"2025-03-14","commitResults":[{"hash":"8fc0ebea2edebb26d2626b51431dbda33706db96","isMergeCommit":false,"messageTitle":"test: add comprehensive test coverage for new sport functionality","messageBody":"- Added SportTest.java to validate:\n  - Constructor with valid/invalid inputs\n  - toString and equals methods\n- Updated ParserUtilTest.java to test:\n  - Parsing a single sport string\n  - Parsing a collection of sport strings\n  - Handling invalid sport inputs\n- Added AddSportCommandParserTest.java to cover:\n  - Parsing valid inputs\n  - Handling missing required fields and invalid values\n- Added AddSportCommandTest.java to ensure:\n  - Constructor validation\n  - Execution with valid inputs\n  - Handling duplicate sports and invalid indices\n  - equals method functionality\n- Updated AddressBookParserTest to include AddSportCommand parsing\n- Updated PersonTest to verify sport-related functionality:\n  - Retrieving sports\n  - Checking for a specific sport\n  - Adding a sport to a person\n- Updated PersonBuilder to support creating Person objects with sports\n\nAll tests are now passing, ensuring comprehensive coverage for the new sport functionality.\n","fileTypesAndContributionMap":{"test-code":{"insertions":376,"deletions":1}}},{"hash":"95890ad03fa30c68f763da2c291aa8ab87fb897b","isMergeCommit":false,"messageTitle":"Fixed checkstyle issues","messageBody":"","fileTypesAndContributionMap":{"test-code":{"insertions":27,"deletions":32}}},{"hash":"973273ee22c913780dac25f8f114e95177f07103","isMergeCommit":false,"messageTitle":"updated checks","messageBody":"","fileTypesAndContributionMap":{"docs":{"insertions":3,"deletions":5}}}]},{"date":"2025-03-15","commitResults":[{"hash":"9f35fa44e19e9fd346d8be64286829ee3e94afeb","isMergeCommit":true,"messageTitle":"Merge pull request #58 from SomneelSaha2004/master","messageBody":"Fix site header and add landing page","fileTypesAndContributionMap":{}}]},{"date":"2025-03-20","commitResults":[{"hash":"49a29f935ba036fbb830ff7366e41c8fac6b9e24","isMergeCommit":true,"messageTitle":"Merge pull request #77 from noahang/Update-AddCommand-PostalCode","messageBody":"Update add command postal code","fileTypesAndContributionMap":{}},{"hash":"af1218fd0b2a23b21072ccd9161542f2ff9028f7","isMergeCommit":true,"messageTitle":"Merge pull request #76 from darHH/v1.3-Test-findsport","messageBody":"V1.3 test findsport command and related classes","fileTypesAndContributionMap":{}},{"hash":"274ecbd7ac501ec85ab45d6794c2f515fb2934c9","isMergeCommit":false,"messageTitle":"feat: Implement comprehensive postal code handling and validation","messageBody":"This update ensures proper handling, validation, and formatting of postal codes throughout the application, addressing data integrity and preventing null reference errors. The changes include model updates, command enhancements, storage updates, and expanded test coverage.\n\n## Key Changes:\n- **Core Models**:\n  - Updated  and  classes for postal code handling\n  - Added validation and error messaging for postal codes in , , and\n\n- **Command and Parser Updates**:\n  - Enhanced , , and  to handle postal code input, validation, and parsing\n\n- **Data Handling**:\n  - Updated  to handle postal codes in JSON serialization and validation\n  - Modified test data to include postal codes\n\n- **Test Coverage**:\n  - Added tests for postal code validation, edge cases, and error handling across various test classes\n\n- **Code Quality**:\n  - Fixed checkstyle issues, including line length, trailing whitespace, and formatting inconsistencies\n\nThis update ensures that postal codes are consistently validated and handled across all relevant components of the application.\n","fileTypesAndContributionMap":{"functional-code":{"insertions":46,"deletions":8},"test-code":{"insertions":506,"deletions":45}}},{"hash":"25d218b1aa5145b953e477cbe1a10342719ca815","isMergeCommit":false,"messageTitle":"Fixed typo errors in comments and documentation","messageBody":"","fileTypesAndContributionMap":{"functional-code":{"insertions":30,"deletions":1},"test-code":{"insertions":8,"deletions":8}}}]},{"date":"2025-03-21","commitResults":[{"hash":"4daa5d3054a9c9c3bb6a87dc503ae88ac964d5d5","isMergeCommit":false,"messageTitle":"Implement theme switching and UI enhancements - 1) Theme Switching: Added light/dark toggle button, created LightTheme.css, implemented handleToggleTheme method, added theme state tracking. 2) Help Window: Extended theme support with applyTheme method, created theme-specific CSS files, improved positioning/sizing, enhanced copyUrl method. 3) Person List UI: Modern card layout with shadows/rounded corners, improved typography, visual hierarchy, and spacing. 4) Code Quality: Fixed Checkstyle violations in MainWindow.java and HelpWindow.java, fixed operator wrapping issues. 5) Integration: Ensured consistent theme application across all windows.","messageBody":"","fileTypesAndContributionMap":{"functional-code":{"insertions":1634,"deletions":148}}},{"hash":"bb9692a30d041f42cbf256a3946a3484782b9638","isMergeCommit":false,"messageTitle":"Fix Checkstyle issues and enhance UI/UX - Added theme switching system, improved help window, enhanced person list UI, and fixed code quality issues","messageBody":"","fileTypesAndContributionMap":{"functional-code":{"insertions":27,"deletions":27},"docs":{"insertions":2,"deletions":2}}},{"hash":"5241e93b8be6cbb18a59a414a99b9ed18004d104","isMergeCommit":false,"messageTitle":"Fix newline at EOF issues in CSS files","messageBody":"","fileTypesAndContributionMap":{"functional-code":{"insertions":3,"deletions":3}}}]},{"date":"2025-03-24","commitResults":[{"hash":"018585c3d1cf7c071dc76eb78db146dc77df0aa1","isMergeCommit":true,"messageTitle":"Merge pull request #81 from isaacchua0309/UIUX-improvements","messageBody":"Implement theme switching and UI enhancements ","fileTypesAndContributionMap":{}}]}],"darHH":[{"date":"2025-02-27","commitResults":[{"hash":"3e2ff496f90e01da5cafac7c832998f29f110cc4","isMergeCommit":false,"messageTitle":"Update AboutUs page","messageBody":"","fileTypesAndContributionMap":{"docs":{"insertions":6,"deletions":6}}},{"hash":"d3fd3a6b290f0e72ba98465a32c14cde12ec7776","isMergeCommit":true,"messageTitle":"Merge branch \u0027v1.1-Update-AboutUS-page\u0027","messageBody":"","fileTypesAndContributionMap":{}},{"hash":"a3a1241ca77d9a0bdf1b5450d3550d9a04b8f5f9","isMergeCommit":false,"messageTitle":"Update AboutUs page","messageBody":"","fileTypesAndContributionMap":{"docs":{"insertions":2,"deletions":2}}},{"hash":"73049caf2fb258f8d0a248552b563b74de2a10d0","isMergeCommit":true,"messageTitle":"Merge branch \u0027v1.1-Update-AboutUS-page\u0027","messageBody":"","fileTypesAndContributionMap":{}}]},{"date":"2025-03-07","commitResults":[{"hash":"7cf8d778c605ca75dd776da56abbe4ff56320ae6","isMergeCommit":true,"messageTitle":"Merge pull request #14 from noahang/add-noahAng-info","messageBody":"Add Noah Info, AboutUs Page Noah","fileTypesAndContributionMap":{}},{"hash":"9a5ad1eaea9e7058fe3fe3fc2063a5bf85f56c69","isMergeCommit":true,"messageTitle":"Merge branch \u0027AY2425S2-CS2103T-F12-1:master\u0027 into master","messageBody":"","fileTypesAndContributionMap":{}},{"hash":"69d6ad13bd61d5c3b7590df842504f22de23d657","isMergeCommit":true,"messageTitle":"Merge branch \u0027master\u0027 of https://github.com/darHH/tp","messageBody":"","fileTypesAndContributionMap":{}},{"hash":"031ac7b232bddb340edaa593e79a5d87063180da","isMergeCommit":false,"messageTitle":"Work on A1 - add UI mockup","messageBody":"","fileTypesAndContributionMap":{"docs":{"insertions":1,"deletions":1}}}]},{"date":"2025-03-08","commitResults":[{"hash":"cd882eeba4f2407e1f265db0fb3125156a2f2c7d","isMergeCommit":true,"messageTitle":"Merge branch \u0027AY2425S2-CS2103T-F12-1:master\u0027 into master","messageBody":"","fileTypesAndContributionMap":{}},{"hash":"15d2e481f686391067a866810540b410bccf8f2b","isMergeCommit":true,"messageTitle":"Merge branch \u0027master\u0027 of https://github.com/darHH/tp into w7-A1-addUImockup","messageBody":"","fileTypesAndContributionMap":{}},{"hash":"b7d8db8ab6a34147f043da278e08aade53b6777a","isMergeCommit":true,"messageTitle":"Merge branch \u0027master\u0027 of https://github.com/darHH/tp","messageBody":"","fileTypesAndContributionMap":{}},{"hash":"130988dd0700c5c1e3dd1c5857f35d004bc27658","isMergeCommit":true,"messageTitle":"Merge pull request #34 from noahang/master","messageBody":"Cleaning up the mess from last night","fileTypesAndContributionMap":{}},{"hash":"d9409829d442927727f7a2cdf67e87059ebfda53","isMergeCommit":true,"messageTitle":"Merge branch \u0027AY2425S2-CS2103T-F12-1:master\u0027 into master","messageBody":"","fileTypesAndContributionMap":{}},{"hash":"49eeda9658c86c806baf17229aab5ecad17e39e6","isMergeCommit":true,"messageTitle":"Merge branch \u0027master\u0027 of https://github.com/darHH/tp","messageBody":"","fileTypesAndContributionMap":{}}]},{"date":"2025-03-09","commitResults":[{"hash":"83f26592937e0f3fad7a3440f30a6131848b2910","isMergeCommit":false,"messageTitle":"Add UI mockup and Developer Guide (W7)","messageBody":"","fileTypesAndContributionMap":{"docs":{"insertions":4,"deletions":2}}},{"hash":"15a3e8602a071b15602595e335635f23b0d9df37","isMergeCommit":true,"messageTitle":"Merge pull request #11 from SomneelSaha2004/master","messageBody":"Add Image for workflow","fileTypesAndContributionMap":{}},{"hash":"eed3bd5628e90261081c7fea540cd578bfde395a","isMergeCommit":false,"messageTitle":"FIx READme link to Ui.png","messageBody":"","fileTypesAndContributionMap":{"docs":{"insertions":1,"deletions":1}}}]},{"date":"2025-03-15","commitResults":[{"hash":"fa284888db308be369503061e610e8bff50b7ff8","isMergeCommit":true,"messageTitle":"Merge branch \u0027AY2425S2-CS2103T-F12-1:master\u0027 into master","messageBody":"","fileTypesAndContributionMap":{}}]},{"date":"2025-03-16","commitResults":[{"hash":"33ecbf7c6f37269c68f564dea616a7dec55c069f","isMergeCommit":false,"messageTitle":"Implement DeleteSportCommand that allows users to delete a specific sport for a specific contact","messageBody":"","fileTypesAndContributionMap":{"functional-code":{"insertions":174,"deletions":0}}},{"hash":"f415fbd753ddfe968b13c2ca910b0d02d9a032d3","isMergeCommit":false,"messageTitle":"Change equals method for Sport to case insensitive","messageBody":"","fileTypesAndContributionMap":{"functional-code":{"insertions":12,"deletions":1}}},{"hash":"1fc3ad8a8219a8fb3ebe9cd156a135715c5ca534","isMergeCommit":true,"messageTitle":"Merge branch \u0027AY2425S2-CS2103T-F12-1:master\u0027 into master","messageBody":"","fileTypesAndContributionMap":{}},{"hash":"fc5735e5dfb2831176fc482b53012e081f9bde2f","isMergeCommit":true,"messageTitle":"Merge branch \u0027master\u0027 into v1.2-add-deletesport-command","messageBody":"","fileTypesAndContributionMap":{}}]},{"date":"2025-03-17","commitResults":[{"hash":"2a35a123900cf7fe355627a13ae44fa7ccfd42d0","isMergeCommit":true,"messageTitle":"Merge branch \u0027master\u0027 of https://github.com/darHH/tp","messageBody":"","fileTypesAndContributionMap":{}},{"hash":"4017de3908e06a276c9b28836da86cf833e738e0","isMergeCommit":false,"messageTitle":"Minor changes to README","messageBody":"","fileTypesAndContributionMap":{"docs":{"insertions":2,"deletions":4}}}]},{"date":"2025-03-19","commitResults":[{"hash":"829bc9bf3befb97a3a615f91cf7d7279df5057ee","isMergeCommit":true,"messageTitle":"Merge branch \u0027master\u0027 of https://github.com/darHH/tp","messageBody":"","fileTypesAndContributionMap":{}},{"hash":"87a492c9c95f90da3035b14fbc190ac177f4a01d","isMergeCommit":true,"messageTitle":"Merge branch \u0027master\u0027 of https://github.com/darHH/tp","messageBody":"","fileTypesAndContributionMap":{}},{"hash":"a2f64b5269b2aeb33496dc412c09304b4d34594c","isMergeCommit":true,"messageTitle":"Merge branch \u0027master\u0027 into v1.3-Test-findsport","messageBody":"","fileTypesAndContributionMap":{}},{"hash":"4028a17c1b6e65d51d599365f7167e31f3f9cc32","isMergeCommit":true,"messageTitle":"Merge pull request #72 from SomneelSaha2004/AddLocation","messageBody":"","fileTypesAndContributionMap":{}}]},{"date":"2025-03-20","commitResults":[{"hash":"fc86badb3ce83058bc82d49d7265c45a0a32f412","isMergeCommit":false,"messageTitle":"Wrote tests in -FindSportCommandParserTest -SportContainsKeywordsPredicateTest -FindSportCommandTest","messageBody":"","fileTypesAndContributionMap":{"functional-code":{"insertions":1,"deletions":1},"test-code":{"insertions":157,"deletions":0}}},{"hash":"4c18b7b1f381dd6186ab26e9f36188f3419be685","isMergeCommit":false,"messageTitle":"Minor changes to README and AboutUs","messageBody":"","fileTypesAndContributionMap":{"docs":{"insertions":21,"deletions":17}}},{"hash":"244800d82ca7e62b4ad7317310df7b3fe75ab27d","isMergeCommit":true,"messageTitle":"Merge pull request #79 from noahang/update-UI-postal-code","messageBody":"Add postal code field in person card","fileTypesAndContributionMap":{}}]},{"date":"2025-03-24","commitResults":[{"hash":"10eea7b07e4926a249cd0627adfa66261c912218","isMergeCommit":false,"messageTitle":"Add Group field - Cannot view yet - Cannot delete yet - Cannot add persons to group yet - Have not changed existing tests - Have not implemented new tests for 1. AddGroupCommand 2. AddGroupCommandParser 3. AddressBookParser 4. Group 5. UniqueGroupList","messageBody":"","fileTypesAndContributionMap":{"functional-code":{"insertions":350,"deletions":6},"test-code":{"insertions":24,"deletions":0}}}]},{"date":"2025-03-25","commitResults":[{"hash":"a6563ea6abf6e30a43df0083f1e5e147d6f8f61b","isMergeCommit":false,"messageTitle":"Fix test errors","messageBody":"","fileTypesAndContributionMap":{"functional-code":{"insertions":13,"deletions":0},"test-code":{"insertions":3,"deletions":2}}}]}],"noahang":[{"date":"2025-02-27","commitResults":[{"hash":"90f703c9492933df05cbaa20209c4c67f17302ab","isMergeCommit":false,"messageTitle":"Update AboutUs.md for Noah","messageBody":"","fileTypesAndContributionMap":{"docs":{"insertions":4,"deletions":4}}},{"hash":"a8ca27042a62d0d9ca4844c55ebbf9c5ddc0a6da","isMergeCommit":false,"messageTitle":"Update AboutUs.md for Noah again","messageBody":"","fileTypesAndContributionMap":{"docs":{"insertions":1,"deletions":1}}},{"hash":"6b66b474ad76925bd56f32065b443848d979d103","isMergeCommit":true,"messageTitle":"Merge branch \u0027updateAboutUsNoah\u0027","messageBody":"","fileTypesAndContributionMap":{}},{"hash":"a46a46f719e886845b2baf8b6dfbb94cc7283aef","isMergeCommit":false,"messageTitle":"Add noahAng.md","messageBody":"","fileTypesAndContributionMap":{"docs":{"insertions":46,"deletions":0}}}]},{"date":"2025-03-07","commitResults":[{"hash":"561a17a8dcb7f56fd95d7cb464defa0a4aa2aaa4","isMergeCommit":true,"messageTitle":"Merge pull request #12 from darHH/v1.1-Update-AboutUS-page","messageBody":"V1.1 Update AboutUs page","fileTypesAndContributionMap":{}}]},{"date":"2025-03-08","commitResults":[{"hash":"f5c95efefd9c8892b5591e06145ee97013568c42","isMergeCommit":true,"messageTitle":"Merge pull request #32 from gohlucas/Rectify-PR-withdrawal","messageBody":"Rectify pr withdrawal #3 brace yourself to redo some work we did before","fileTypesAndContributionMap":{}},{"hash":"99354d84a13f0d30b614aab87cb8d4face780318","isMergeCommit":false,"messageTitle":"Add Darren\u0027s, Lucas\u0027 and Somneel\u0027s project portfolio page","messageBody":"","fileTypesAndContributionMap":{"docs":{"insertions":138,"deletions":0}}},{"hash":"70af6cdf2eeb8446623116bdf99d1ee4cdd13f13","isMergeCommit":false,"messageTitle":"Edit AboutUs.md to reflect correct pathnames","messageBody":"Somneel used wrong image pathname and github profile link, Lucas used standard project portfolio pathname.\n","fileTypesAndContributionMap":{"docs":{"insertions":3,"deletions":3}}},{"hash":"3a4af78b518e2dea335482d390261cb05667f48b","isMergeCommit":false,"messageTitle":"Update README.md (step A4)","messageBody":"","fileTypesAndContributionMap":{"docs":{"insertions":21,"deletions":0}}},{"hash":"2e1bec53711b2df2fdfecc03b24fe6a6104e0b31","isMergeCommit":false,"messageTitle":"Update project website (step B)","messageBody":"Step B may or may not be completed, depending on whether or not docs/_sass/minima/_base.scss needs to be edited, because step B requires us to edit the .scss file but I am not sure what we need to change in it.\n","fileTypesAndContributionMap":{"other":{"insertions":2,"deletions":2}}}]},{"date":"2025-03-13","commitResults":[{"hash":"1e019c8dd1a5fe8d5a17ff4664ff490e815ec3fb","isMergeCommit":true,"messageTitle":"Merge pull request #36 from gohlucas/Update-DG","messageBody":"Update Developer\u0027s Guide (User stories and Use case)","fileTypesAndContributionMap":{}},{"hash":"e3b32626e9652e268c6e7b0b72d9e3548f78ce0a","isMergeCommit":true,"messageTitle":"Merge pull request #27 from darHH/w7-A1-addUImockup","messageBody":"(W7) A1: Add UI mockup, DG: NFRs and Glossary","fileTypesAndContributionMap":{}},{"hash":"ee5185db42d0fcea83d57b914ba6c5aecf13e35c","isMergeCommit":true,"messageTitle":"Merge pull request #50 from SomneelSaha2004/master","messageBody":"Add addsport command and some support","fileTypesAndContributionMap":{}}]},{"date":"2025-03-14","commitResults":[{"hash":"f5b2c32d2ca0a198e2c46b0653ba37337f82eccb","isMergeCommit":false,"messageTitle":"Add view feature of sports and UI implementation","messageBody":"","fileTypesAndContributionMap":{"functional-code":{"insertions":7,"deletions":0}}},{"hash":"83dd3e3513598d4863c232bca570066b4160d861","isMergeCommit":false,"messageTitle":"Update sample data with sports","messageBody":"","fileTypesAndContributionMap":{"functional-code":{"insertions":16,"deletions":5}}}]},{"date":"2025-03-15","commitResults":[{"hash":"58ae0833b4f301b7bc82fc38de9d62312c06f4b1","isMergeCommit":true,"messageTitle":"Merge pull request #57 from gohlucas/AddCommand-Update","messageBody":"Add sport to existing contact and Add sports field when creating new contact","fileTypesAndContributionMap":{}}]},{"date":"2025-03-17","commitResults":[{"hash":"7a5738580e8236081595024ce073bb721abba0d5","isMergeCommit":false,"messageTitle":"Remove traces of AB-3","messageBody":"","fileTypesAndContributionMap":{"docs":{"insertions":1,"deletions":7}}},{"hash":"b77137d78b640a904c77e78698efd93fa6a8d1c8","isMergeCommit":false,"messageTitle":"Update image file pathnames in AboutUs.md","messageBody":"","fileTypesAndContributionMap":{"docs":{"insertions":2,"deletions":2}}},{"hash":"3a6292b93fca8aa1ba9157dce017d7d634c364d1","isMergeCommit":false,"messageTitle":"Remove traces of AB-3 from UserGuide.md","messageBody":"","fileTypesAndContributionMap":{"docs":{"insertions":5,"deletions":4}}}]},{"date":"2025-03-19","commitResults":[{"hash":"e29f99859ef37d639ac624ef7c04e144a5111385","isMergeCommit":true,"messageTitle":"Merge pull request #71 from noahang/Update-docs-and-website","messageBody":"Update docs and website","fileTypesAndContributionMap":{}},{"hash":"5aa55156d43c0999b45e325c1cbb3d4a081e18b2","isMergeCommit":true,"messageTitle":"Merge pull request #73 from gohlucas/FindSport","messageBody":"FindSports command","fileTypesAndContributionMap":{}},{"hash":"8a31dc682a9bd91b5aca6c8c1a947ae2741dd856","isMergeCommit":false,"messageTitle":"Add location field, edit person constructors and add new constructor","messageBody":"","fileTypesAndContributionMap":{"functional-code":{"insertions":20,"deletions":1}}}]},{"date":"2025-03-20","commitResults":[{"hash":"647ba5fb81d05bbb5263acd3bcf68e9889a83e02","isMergeCommit":false,"messageTitle":"Replace address fields/parameters of String types with Address type","messageBody":"","fileTypesAndContributionMap":{"functional-code":{"insertions":9,"deletions":7},"test-code":{"insertions":2,"deletions":1}}},{"hash":"ed4291ec154a18c7e3419be39f40a1115c101855","isMergeCommit":false,"messageTitle":"Update Person constructors to work with updated createLocation method","messageBody":"","fileTypesAndContributionMap":{"functional-code":{"insertions":3,"deletions":4}}},{"hash":"0d00b21725d1714e6af93e7104a2dfafb394d895","isMergeCommit":false,"messageTitle":"Add method to check validity of postal code against json file","messageBody":"","fileTypesAndContributionMap":{"functional-code":{"insertions":4,"deletions":0}}},{"hash":"098b6f1365068fdfc9a7c09d6330f7d4a823ead3","isMergeCommit":false,"messageTitle":"Add parsing support for postal code","messageBody":"","fileTypesAndContributionMap":{"functional-code":{"insertions":30,"deletions":10}}},{"hash":"0b0dfb15d187a9371184d39487b89a6b7d01ea8d","isMergeCommit":false,"messageTitle":"Update utilities for testing of updated addCommand and addCommandParser","messageBody":"","fileTypesAndContributionMap":{"test-code":{"insertions":32,"deletions":28}}},{"hash":"561f0a5d41e90bce2d546b346414faae048b1842","isMergeCommit":false,"messageTitle":"Add test for postal code validation method","messageBody":"","fileTypesAndContributionMap":{"test-code":{"insertions":7,"deletions":0}}},{"hash":"35ab5b94fe15c8866275a4c7ce1ce46c56e6be28","isMergeCommit":false,"messageTitle":"Update parser tests for new postal code field","messageBody":"","fileTypesAndContributionMap":{"test-code":{"insertions":71,"deletions":51}}},{"hash":"edda7a548a5d57b87b9be9fad5fa42c9fd0da580","isMergeCommit":false,"messageTitle":"Update command test and command test util for new postal code field","messageBody":"","fileTypesAndContributionMap":{"test-code":{"insertions":9,"deletions":14}}},{"hash":"50f1bcb0d5ceabf10f87c8883a6cf1bd72cec9bb","isMergeCommit":false,"messageTitle":"Checkstyle fixes","messageBody":"","fileTypesAndContributionMap":{"functional-code":{"insertions":18,"deletions":9}}},{"hash":"677ad9b84f85bbd46a32b850aeb3c0c9c16c9ea6","isMergeCommit":false,"messageTitle":"More checkstyle fixes","messageBody":"","fileTypesAndContributionMap":{"functional-code":{"insertions":0,"deletions":1}}},{"hash":"612b5a2a6885f78c397d9c9c3f7f477e60b5b7c4","isMergeCommit":false,"messageTitle":"Even more checkstyle fixes","messageBody":"","fileTypesAndContributionMap":{"test-code":{"insertions":105,"deletions":26}}},{"hash":"b507f5f62465ffba0486c90a3b34e81545620bd7","isMergeCommit":false,"messageTitle":"Yet even more checkstyle fixes","messageBody":"","fileTypesAndContributionMap":{"test-code":{"insertions":4,"deletions":5}}},{"hash":"76b9e75cf41ba5dd70c436161df18e37d1176ccf","isMergeCommit":false,"messageTitle":"Add postal code field in person card","messageBody":"","fileTypesAndContributionMap":{"functional-code":{"insertions":10,"deletions":6}}},{"hash":"4839b288ccec8b83d571728fc086817381c13a26","isMergeCommit":false,"messageTitle":"Checkstyle fix","messageBody":"","fileTypesAndContributionMap":{"functional-code":{"insertions":9,"deletions":9}}}]},{"date":"2025-03-21","commitResults":[{"hash":"5dd7c2d3048ede6b5c25d3cc0f62cf015c364e85","isMergeCommit":false,"messageTitle":"Bug fix for postal_code_data.json handling","messageBody":"","fileTypesAndContributionMap":{"functional-code":{"insertions":10,"deletions":5}}},{"hash":"b0fbdda8c150baf7d40bc7d3b5d42512bd987a84","isMergeCommit":false,"messageTitle":"Update version number","messageBody":"","fileTypesAndContributionMap":{"functional-code":{"insertions":1,"deletions":1}}}]}],"SomneelSaha2004":[{"date":"2025-03-07","commitResults":[{"hash":"972f0a85cfea8a85b2775855e1efbae3921fb1cc","isMergeCommit":false,"messageTitle":"Add Remark Command","messageBody":"","fileTypesAndContributionMap":{"functional-code":{"insertions":284,"deletions":54},"test-code":{"insertions":114,"deletions":90}}},{"hash":"eab7b040f001c1924bd73a01093b4013ed8dbdd5","isMergeCommit":false,"messageTitle":"Add AboutUS","messageBody":"","fileTypesAndContributionMap":{"docs":{"insertions":5,"deletions":49}}},{"hash":"4058bf16728a74421f0fec40193a37f75af5e880","isMergeCommit":true,"messageTitle":"Merge pull request #13 from gohlucas/About-Lucas","messageBody":"AboutUs Page Lucas","fileTypesAndContributionMap":{}},{"hash":"da06e501bb1ed15b1484b0f0d49003bc0917d44e","isMergeCommit":true,"messageTitle":"Merge branch \u0027AY2425S2-CS2103T-F12-1:master\u0027 into master","messageBody":"","fileTypesAndContributionMap":{}},{"hash":"33746a738424ebd197f9eb09fba4f8550bdd714b","isMergeCommit":true,"messageTitle":"Merge branch \u0027master\u0027 of https://github.com/SomneelSaha2004/tp","messageBody":"","fileTypesAndContributionMap":{}}]},{"date":"2025-03-12","commitResults":[{"hash":"3ffe36a355bac96f24548f01374931a5b1a0660f","isMergeCommit":true,"messageTitle":"Merge branch \u0027master\u0027 of https://github.com/SomneelSaha2004/tp","messageBody":"","fileTypesAndContributionMap":{}}]},{"date":"2025-03-13","commitResults":[{"hash":"cd476251164bf906b6ddea96e777d8d0ff1d5821","isMergeCommit":true,"messageTitle":"Merge branch \u0027AY2425S2-CS2103T-F12-1:master\u0027 into master","messageBody":"","fileTypesAndContributionMap":{}},{"hash":"98eabddb0e8462306b2d952a845cd52bf7c17970","isMergeCommit":false,"messageTitle":"Add addsport command","messageBody":"","fileTypesAndContributionMap":{"functional-code":{"insertions":347,"deletions":25},"test-code":{"insertions":12,"deletions":10}}},{"hash":"0e9010758d8418f8a8243d22219ccc8c98fcab77","isMergeCommit":false,"messageTitle":"Add fixes for checkstyle","messageBody":"","fileTypesAndContributionMap":{"functional-code":{"insertions":8,"deletions":4}}},{"hash":"b0e919ce6b16e5ea82f0310922ec96faf6a2fe40","isMergeCommit":false,"messageTitle":"Fix checkstyle","messageBody":"","fileTypesAndContributionMap":{"test-code":{"insertions":73,"deletions":21}}},{"hash":"f271a21ec45893d01f3741d3a4a9b13d65d356f2","isMergeCommit":false,"messageTitle":"Fix checkstyle","messageBody":"","fileTypesAndContributionMap":{"test-code":{"insertions":5,"deletions":4}}},{"hash":"d76d85c7a13945bdc2aa084c5329e70a4cb7d6af","isMergeCommit":false,"messageTitle":"Fix checkstyle","messageBody":"","fileTypesAndContributionMap":{"test-code":{"insertions":5,"deletions":5}}},{"hash":"859322f4c5f2db3f7de5b15b8a34f2f5763c794f","isMergeCommit":false,"messageTitle":"Add changes post review","messageBody":"","fileTypesAndContributionMap":{"functional-code":{"insertions":4,"deletions":2}}}]},{"date":"2025-03-15","commitResults":[{"hash":"7463a1a2c3812674421499b99f770764629530fd","isMergeCommit":true,"messageTitle":"Merge pull request #56 from isaacchua0309/add-sport-test-v1","messageBody":"Add sport test v1","fileTypesAndContributionMap":{}},{"hash":"76bd7fd8365c28e870a30088a9bb1d1100010332","isMergeCommit":false,"messageTitle":"Fix issues with index.md","messageBody":"","fileTypesAndContributionMap":{"docs":{"insertions":2,"deletions":17}}},{"hash":"5d4fee61787ac01cbf6229d5032f2e8f86f37956","isMergeCommit":true,"messageTitle":"Merge branch \u0027AY2425S2-CS2103T-F12-1:master\u0027 into master","messageBody":"","fileTypesAndContributionMap":{}},{"hash":"4809ec75320aeb9b722eba7f10681ef050b79a0c","isMergeCommit":false,"messageTitle":"Fix issues site header","messageBody":"","fileTypesAndContributionMap":{"other":{"insertions":1,"deletions":1}}},{"hash":"de4659e2978b39c683384e9d0708780715e76fea","isMergeCommit":true,"messageTitle":"Merge remote-tracking branch \u0027origin/master\u0027","messageBody":"","fileTypesAndContributionMap":{}}]},{"date":"2025-03-16","commitResults":[{"hash":"fbd3572c80bb6c39bd1692bab751428f5b40ac29","isMergeCommit":true,"messageTitle":"Merge pull request #59 from darHH/v1.2-add-deletesport-command","messageBody":"V1.2 add deletesport command","fileTypesAndContributionMap":{}}]},{"date":"2025-03-18","commitResults":[{"hash":"b9d613f54dcebe46f0f5483f12bb10f0014b3e73","isMergeCommit":false,"messageTitle":"Integrate Location functionality","messageBody":"","fileTypesAndContributionMap":{"functional-code":{"insertions":208,"deletions":0},"test-code":{"insertions":54,"deletions":0}}},{"hash":"8784720d3477ef263f2c4c21b32890ada0c3e895","isMergeCommit":false,"messageTitle":"Fix bugs","messageBody":"","fileTypesAndContributionMap":{"functional-code":{"insertions":1,"deletions":1},"test-code":{"insertions":0,"deletions":54}}}]},{"date":"2025-03-19","commitResults":[{"hash":"ff91edd6f59891c6fbe1cc20d5336b7d0d834d04","isMergeCommit":false,"messageTitle":"Fix bugs","messageBody":"","fileTypesAndContributionMap":{"functional-code":{"insertions":11,"deletions":2},"test-code":{"insertions":54,"deletions":0}}}]},{"date":"2025-03-20","commitResults":[{"hash":"2dab828299c69c5f891995c94917d3796e3aa6c1","isMergeCommit":true,"messageTitle":"Merge pull request #78 from isaacchua0309/testing-updates","messageBody":"feat: Implement comprehensive postal code handling and validation","tags":["v1.3"],"fileTypesAndContributionMap":{}}]},{"date":"2025-03-24","commitResults":[{"hash":"b5c99ecf42ea3635dd22422d79793ac594b25100","isMergeCommit":false,"messageTitle":"Update UserGuide","messageBody":"","fileTypesAndContributionMap":{"docs":{"insertions":157,"deletions":144}}},{"hash":"d9c278dbc8ece2b2516aaac8d56507e1ecae2668","isMergeCommit":false,"messageTitle":"Update UserGuide","messageBody":"","fileTypesAndContributionMap":{"docs":{"insertions":21,"deletions":22}}}]}]},"authorFileTypeContributionMap":{"gohlucas":{"docs":110,"functional-code":253,"test-code":304},"isaacchua0309":{"docs":42,"functional-code":1705,"test-code":881},"darHH":{"docs":29,"functional-code":549,"test-code":184},"noahang":{"docs":201,"functional-code":97,"test-code":148,"other":2},"SomneelSaha2004":{"docs":159,"functional-code":550,"test-code":126,"other":1}},"authorContributionVariance":{"gohlucas":15095.609,"isaacchua0309":113925.43,"darHH":6023.7373,"noahang":7536.591,"SomneelSaha2004":22701.545},"authorDisplayNameMap":{"gohlucas":"CS2103T-F12-1 GOH ..UCAS","isaacchua0309":"CS2103T-F12-1 ISAA..IANG","darHH":"CS2103T-F12-1 DARR..HONG","noahang":"CS2103T-F12-1 NOAH..HERN","SomneelSaha2004":"CS2103T-F12-1 SAHA..UMAR"}}
