{"authorDailyContributionsMap":{"CXl0l0":[{"date":"2025-03-06","commitResults":[{"hash":"6ce6547e726524fa1d4376ef7ff13a44804b610c","isMergeCommit":false,"messageTitle":"Update AboutUs","messageBody":"","fileTypesAndContributionMap":{"docs":{"insertions":4,"deletions":44}}},{"hash":"77d657cea17c3cf6915d94850ccc04fab87b03af","isMergeCommit":true,"messageTitle":"Merge branch \u0027master\u0027 of https://github.com/AY2425S2-CS2103T-T15-1a/tp","messageBody":"","fileTypesAndContributionMap":{}},{"hash":"ad7490e661a1342ce21157686ccd74fd38ae388d","isMergeCommit":true,"messageTitle":"Merge branch \u0027master\u0027 into branch-AboutUs","messageBody":"# Conflicts:\n#\tdocs/AboutUs.md\n","fileTypesAndContributionMap":{}},{"hash":"ad9deb0b43d2a920fb1735f50212090b2bcd5011","isMergeCommit":true,"messageTitle":"Merge pull request #15 from CXl0l0/branch-AboutUs","messageBody":"Update AboutUs - Chen Xuan","fileTypesAndContributionMap":{}}]},{"date":"2025-03-10","commitResults":[{"hash":"0e2b993996bd3984f1d19cf8410b2c865211f8fc","isMergeCommit":true,"messageTitle":"Merge branch \u0027master\u0027 of https://github.com/AY2425S2-CS2103T-T15-1a/tp","messageBody":"","fileTypesAndContributionMap":{}}]},{"date":"2025-03-11","commitResults":[{"hash":"164b3ca34a06fdec557b55c91fb94e3d630a7edc","isMergeCommit":true,"messageTitle":"Merge branch \u0027master\u0027 of https://github.com/AY2425S2-CS2103T-T15-1a/tp","messageBody":"","fileTypesAndContributionMap":{}},{"hash":"fac0bffa41370e33205c10a3f7186c451564613a","isMergeCommit":false,"messageTitle":"Update developer guide","messageBody":"","fileTypesAndContributionMap":{"other":{"insertions":580,"deletions":0},"docs":{"insertions":316,"deletions":142}}},{"hash":"75e8dddd7c890f0eecbc73f0cd7ab55dcbeb200c","isMergeCommit":false,"messageTitle":"Update developer guide","messageBody":"","fileTypesAndContributionMap":{"other":{"insertions":0,"deletions":580},"docs":{"insertions":142,"deletions":316}}},{"hash":"8ed4bfcbbb5d34c738bbce3fbb95bef4dcc0fc24","isMergeCommit":true,"messageTitle":"Merge branch \u0027update-site-wide-settings\u0027 of https://github.com/CXl0l0/tp into update-site-wide-settings","messageBody":"# Conflicts:\n#\t.gitignore\n","fileTypesAndContributionMap":{}}]},{"date":"2025-03-12","commitResults":[{"hash":"5f588b927804ff5b7078392f968405dc7cb105e6","isMergeCommit":true,"messageTitle":"Merge pull request #28 from CXl0l0/update-site-wide-settings","messageBody":"Update site wide settings","fileTypesAndContributionMap":{}},{"hash":"b6b6d3d72861b752bc617f2385c2f9a174779257","isMergeCommit":false,"messageTitle":"Add salary field to person","messageBody":"","fileTypesAndContributionMap":{"functional-code":{"insertions":53,"deletions":0}}},{"hash":"9939eb7c0ff18942050cca0ffad5c7cd7d5c6f14","isMergeCommit":false,"messageTitle":"Fix trailing whitespaces","messageBody":"","fileTypesAndContributionMap":{"functional-code":{"insertions":2,"deletions":2}}},{"hash":"33d2fe8355c80fc87172482b7b796392f1771dcc","isMergeCommit":false,"messageTitle":"Add tests for salary field","messageBody":"","fileTypesAndContributionMap":{"test-code":{"insertions":56,"deletions":0}}},{"hash":"9e78347e634d12c0a6405b66d03201e3fd42aa3b","isMergeCommit":false,"messageTitle":"Fix trailing whitespaces","messageBody":"","fileTypesAndContributionMap":{"test-code":{"insertions":1,"deletions":1}}},{"hash":"99b7c8a8db67fa9ebd5b7d61882a87be66e45c89","isMergeCommit":false,"messageTitle":"Fix errors in SalaryTest.java","messageBody":"","fileTypesAndContributionMap":{"functional-code":{"insertions":13,"deletions":4},"test-code":{"insertions":10,"deletions":10}}},{"hash":"157bc139409dfb2cd82841fff3cce51409f0483e","isMergeCommit":false,"messageTitle":"Refine isValidSalary function","messageBody":"isValidSalary used exception as flow control.\n\nThis should be avoided.\n\nNew regex validation is added such that a valid salary is a string\nbetween the number 100-9999.\n","fileTypesAndContributionMap":{"functional-code":{"insertions":2,"deletions":10}}}]},{"date":"2025-03-13","commitResults":[{"hash":"077e6323441e80d94fbc0c204b3deef9da914cc2","isMergeCommit":true,"messageTitle":"Merge pull request #37 from Junixm/branch-add-nric-field","messageBody":"Branch add nric field","fileTypesAndContributionMap":{}},{"hash":"71f8bdaaa9a67c3788cc6cae70311960291dea67","isMergeCommit":true,"messageTitle":"Merge pull request #32 from CoreySiah/new-classes-branch","messageBody":"Add company.java and rank.java to /exceptions","fileTypesAndContributionMap":{}},{"hash":"cc2536145288931f325cbd70a0abc0a4346d3a87","isMergeCommit":true,"messageTitle":"Merge branch \u0027master\u0027 into branch-edit-field","messageBody":"","fileTypesAndContributionMap":{}},{"hash":"9a5ae4a31c3554208597703f5389992f41b13d2a","isMergeCommit":true,"messageTitle":"Merge pull request #34 from zihung20/branch-edit-field","messageBody":"Add Duty field to Person","fileTypesAndContributionMap":{}},{"hash":"cb15e2c85788b8df6d28194390ad490206204fbb","isMergeCommit":true,"messageTitle":"Merge branch \u0027master\u0027 into branch-add-salary-field","messageBody":"","fileTypesAndContributionMap":{}},{"hash":"b60ffa37ae3f6ca499d753334bbd25c9d3d54fdd","isMergeCommit":true,"messageTitle":"Merge pull request #33 from CXl0l0/branch-add-salary-field","messageBody":"Add salary field to person","fileTypesAndContributionMap":{}}]},{"date":"2025-03-14","commitResults":[{"hash":"314e8e34cda69a4ad7df6bd2f5183e2b2bbdc1fb","isMergeCommit":false,"messageTitle":"Remove email and tag field","messageBody":"","fileTypesAndContributionMap":{"functional-code":{"insertions":38,"deletions":267}}},{"hash":"b70f710d3fe7a6b3cc0da508a731b3d86866615d","isMergeCommit":true,"messageTitle":"Merge pull request #41 from Junixm/branch-add-nric-field","messageBody":"Branch add nric field","fileTypesAndContributionMap":{}},{"hash":"5ee5b4fac59db2edc33734e1a0adce2aee7bf1e4","isMergeCommit":true,"messageTitle":"Merge branch \u0027master\u0027 of https://github.com/AY2425S2-CS2103T-T15-1a/tp into branch-remove-email\u0026tags-field","messageBody":"","fileTypesAndContributionMap":{}},{"hash":"6678a84e0db7a8fac6263509fa439f67aad8adc9","isMergeCommit":false,"messageTitle":"Remove email/tags related testcases","messageBody":"","fileTypesAndContributionMap":{"test-code":{"insertions":157,"deletions":509}}},{"hash":"687826db6223aa14fd1480f0a846316861ff72af","isMergeCommit":false,"messageTitle":"Fix trailing whitespace","messageBody":"","fileTypesAndContributionMap":{"test-code":{"insertions":1,"deletions":1}}},{"hash":"d85474c3a9d7b19ff92a7300046eb79b6e86f516","isMergeCommit":false,"messageTitle":"Fix checkstyle errors in source files","messageBody":"","fileTypesAndContributionMap":{"functional-code":{"insertions":8,"deletions":10}}},{"hash":"bfcded43d904bb520b92baa21d55bfd2b0bae43b","isMergeCommit":false,"messageTitle":"Fix checkstyle errors in test files","messageBody":"","fileTypesAndContributionMap":{"test-code":{"insertions":96,"deletions":81}}}]},{"date":"2025-03-18","commitResults":[{"hash":"2591fe231f7076874d48f604cc990c438ffa122e","isMergeCommit":false,"messageTitle":"Integrate new fields into src files","messageBody":"New fields such as Salary, Company and Rank was not integrated into\nthe source files.\n\nSuch essential fields cannot be displayed in the UI, and also\nwork with the rest of the system\n\nThis commit will:\n- Modify relevant main source files to integrate the new fields\ninto HRQuickAccess\n- Fix minor bugs from the the previous commit of\nintegrating duty field\n","fileTypesAndContributionMap":{"functional-code":{"insertions":261,"deletions":24}}},{"hash":"6c95ff09581c975f734accea25d5305e97c62367","isMergeCommit":false,"messageTitle":"Integrate the new fields into part of the test codes","messageBody":"","fileTypesAndContributionMap":{"functional-code":{"insertions":1,"deletions":1},"test-code":{"insertions":19,"deletions":0}}},{"hash":"a63e12245949d484d2bad0117e98f1d8fe4cd7fb","isMergeCommit":true,"messageTitle":"Merge branch \u0027master\u0027 of https://github.com/AY2425S2-CS2103T-T15-1a/tp","messageBody":"# Conflicts:\n#\tsrc/main/java/seedu/address/logic/parser/ParserUtil.java\n#\tsrc/main/java/seedu/address/ui/PersonCard.java\n","fileTypesAndContributionMap":{}},{"hash":"90ae96457bda1a3c5234274a892f5337e4a37fe1","isMergeCommit":true,"messageTitle":"Integrate new fields to test codes","messageBody":"","fileTypesAndContributionMap":{}},{"hash":"56de454ff29c25f16aa01947817e00fd860c50ee","isMergeCommit":false,"messageTitle":"Integrate new fields into TypicalPersons.java","messageBody":"","fileTypesAndContributionMap":{"test-code":{"insertions":32,"deletions":0}}},{"hash":"e2ef2126f90c6898381e4dc52617941f03fab0f8","isMergeCommit":false,"messageTitle":"Minor GUI tweak for field representation","messageBody":"","fileTypesAndContributionMap":{"functional-code":{"insertions":3,"deletions":3}}},{"hash":"b94cf331e892da8cb15dd4287fa63ebd6e0008d8","isMergeCommit":true,"messageTitle":"Merge branch \u0027branch-integrate-new-fields\u0027 of https://github.com/CXl0l0/tp into branch-integrate-new-fields","messageBody":"# Conflicts:\n#\tsrc/main/java/seedu/address/ui/PersonCard.java\n","fileTypesAndContributionMap":{}},{"hash":"87f74d2692117fb65d312f1196a01e2ec4d4a2fb","isMergeCommit":false,"messageTitle":"Fix most of the bugs in test codes","messageBody":"","fileTypesAndContributionMap":{"functional-code":{"insertions":1,"deletions":1},"test-code":{"insertions":86,"deletions":82}}}]},{"date":"2025-03-19","commitResults":[{"hash":"e98ed997ee4dd98c3683220117a51217b3d523ab","isMergeCommit":false,"messageTitle":"Fix checkstyle and some more test case errors","messageBody":"","fileTypesAndContributionMap":{"functional-code":{"insertions":0,"deletions":1},"test-code":{"insertions":41,"deletions":39}}},{"hash":"529081abf1d3d5bf7125409502098bf599f123da","isMergeCommit":false,"messageTitle":"Fix test case errors","messageBody":"","fileTypesAndContributionMap":{"functional-code":{"insertions":5,"deletions":3},"test-code":{"insertions":23,"deletions":17}}}]},{"date":"2025-03-20","commitResults":[{"hash":"beff0a25f983f343e88816316864d1970399d68e","isMergeCommit":true,"messageTitle":"Merge pull request #55 from CoreySiah/view-branch","messageBody":"Add view command","fileTypesAndContributionMap":{}},{"hash":"b29e18427dbea1a68a215dea73a9d4debaceaa0c","isMergeCommit":true,"messageTitle":"Merge pull request #53 from CXl0l0/branch-integrate-new-fields","messageBody":"Integrate new fields","fileTypesAndContributionMap":{}},{"hash":"2a9daee2b6112740630b85de4ed1e3f6a2e1390c","isMergeCommit":false,"messageTitle":"Fix test code bugs","messageBody":"","fileTypesAndContributionMap":{"test-code":{"insertions":6,"deletions":6}}},{"hash":"10c7271a409d96d4b3bb3db85d749904a7302b4a","isMergeCommit":false,"messageTitle":"Remove overlooked unnecessary lines from test codes","messageBody":"","fileTypesAndContributionMap":{"test-code":{"insertions":0,"deletions":4}}},{"hash":"3d482b908c9caa33ed9a1c6d852a8023133afe60","isMergeCommit":false,"messageTitle":"Fix test code errors","messageBody":"","fileTypesAndContributionMap":{"test-code":{"insertions":2,"deletions":11}}},{"hash":"db6fda24140f347c7a289c29f834e82c2ff66505","isMergeCommit":false,"messageTitle":"Minor fix","messageBody":"","fileTypesAndContributionMap":{"test-code":{"insertions":1,"deletions":0}}},{"hash":"ca4a05f6eff104097cb449cb5767008bf7c1ad44","isMergeCommit":false,"messageTitle":"Disable test case","messageBody":"The current 2 classes has test case that is disabled temporarily:\nJsonSerializableAddressBookTest.java\nEditCommandTest.java\n","fileTypesAndContributionMap":{"test-code":{"insertions":12,"deletions":4}}},{"hash":"73a14a3c1da221ee92abdf71a382911536f660a0","isMergeCommit":false,"messageTitle":"Fix checkstyle","messageBody":"","fileTypesAndContributionMap":{"test-code":{"insertions":0,"deletions":5}}},{"hash":"493fee26ae13664355d8f76315230c72cc4e513f","isMergeCommit":true,"messageTitle":"Merge pull request #59 from CXl0l0/branch-fix-test-case-error","messageBody":"Branch fix test case error","fileTypesAndContributionMap":{}},{"hash":"32ab70517815fd940c0a7b2a273fc879153f581b","isMergeCommit":true,"messageTitle":"Merge pull request #58 from Junixm/Branch-UI","messageBody":"Fix ui inconsistency","fileTypesAndContributionMap":{}},{"hash":"03f9a96fd729cc46556f3a965dab32f4bf48a86e","isMergeCommit":false,"messageTitle":"Update README and Ui.png","messageBody":"","fileTypesAndContributionMap":{"docs":{"insertions":8,"deletions":4}}},{"hash":"77700a4d7791f65025ed8317086350baae3bb095","isMergeCommit":false,"messageTitle":"Fix minor typo in README","messageBody":"","fileTypesAndContributionMap":{"docs":{"insertions":2,"deletions":2}}}]},{"date":"2025-03-27","commitResults":[{"hash":"0840b7d4c338606515f873937dc9b02a9c001702","isMergeCommit":false,"messageTitle":"Add class ReassignCommand and update CliSyntax","messageBody":"","fileTypesAndContributionMap":{"functional-code":{"insertions":107,"deletions":3}}},{"hash":"7c06cf7ad31b864cd8809cd5da1a5a63cae524bb","isMergeCommit":false,"messageTitle":"Add ReassignCommandParser.java","messageBody":"","fileTypesAndContributionMap":{"functional-code":{"insertions":33,"deletions":0}}},{"hash":"85a3fa4dcd102381cdbc46623dde9df8c3faaeab","isMergeCommit":false,"messageTitle":"Add rules to user\u0027s input for AssignCommand","messageBody":"","fileTypesAndContributionMap":{"functional-code":{"insertions":13,"deletions":5}}},{"hash":"d60d8f8aff3ddb11a49f284bd3f678c348403805","isMergeCommit":false,"messageTitle":"Slight fix of checkStyle","messageBody":"","fileTypesAndContributionMap":{"functional-code":{"insertions":8,"deletions":8},"test-code":{"insertions":66,"deletions":0}}},{"hash":"d7c0b913923a133cc13fe059dd998716cc46b67a","isMergeCommit":true,"messageTitle":"Merge branch \u0027master\u0027 into branch-reassign-duty","messageBody":"","fileTypesAndContributionMap":{}},{"hash":"a712d30a547db1d67f11259f0ee740fd28e9d391","isMergeCommit":true,"messageTitle":"Merge pull request #73 from CXl0l0/branch-reassign-duty","messageBody":"Branch reassign duty","tags":["V1.4"],"fileTypesAndContributionMap":{}}]},{"date":"2025-03-30","commitResults":[{"hash":"aae4558062be3a2f3825eeaf3de72dd61ef49ba6","isMergeCommit":false,"messageTitle":"Add ReassignCommand\u0027s sequence diagram","messageBody":"","fileTypesAndContributionMap":{"docs":{"insertions":33,"deletions":0}}}]},{"date":"2025-04-02","commitResults":[{"hash":"f1cced354f64a6e8ae33f60cd9b3b00b356348e8","isMergeCommit":false,"messageTitle":"Fix activation bar error for UI","messageBody":"","fileTypesAndContributionMap":{"docs":{"insertions":1,"deletions":0}}},{"hash":"b29105dbdffb052b41a6dff7cb2109f39adab460","isMergeCommit":false,"messageTitle":"Update ReassignCommandTest","messageBody":"","fileTypesAndContributionMap":{"functional-code":{"insertions":1,"deletions":0},"test-code":{"insertions":180,"deletions":13}}},{"hash":"8338e0a143ddd2dc02ba14fa5e9e043e3a58ca04","isMergeCommit":true,"messageTitle":"Merge pull request #94 from zihung20/branch-assign-duty","messageBody":"Fix: Bugs in Assign, Unassign, and Reassign Commands","fileTypesAndContributionMap":{}},{"hash":"2ffebbd18eeb300ddc8b4b1ee42341a032a9add7","isMergeCommit":false,"messageTitle":"Disable ReassignCommandTest temporarily","messageBody":"","fileTypesAndContributionMap":{"test-code":{"insertions":7,"deletions":1}}},{"hash":"e09932150f8f36b4209b24dbfe5f9253484a84e7","isMergeCommit":true,"messageTitle":"Merge branch \u0027master\u0027 of https://github.com/AY2425S2-CS2103T-T15-1a/tp into branch-ReassignCommandTest","messageBody":"# Conflicts:\n#\tsrc/main/java/seedu/address/logic/commands/ReassignCommand.java\n","fileTypesAndContributionMap":{}},{"hash":"80e91606ec75c219ec68f4db90456dcb3fa3886f","isMergeCommit":false,"messageTitle":"Update AssignCommand.java","messageBody":"","fileTypesAndContributionMap":{"functional-code":{"insertions":33,"deletions":1}}},{"hash":"05025849d0a75f73cae9053d037bb7af8b80329e","isMergeCommit":false,"messageTitle":"Update UnassignCommand.java","messageBody":"","fileTypesAndContributionMap":{"functional-code":{"insertions":50,"deletions":5},"test-code":{"insertions":31,"deletions":33}}},{"hash":"37db3a1ba870a4374831d701679a355ab76f7dd9","isMergeCommit":false,"messageTitle":"Update ReassignCommand.java","messageBody":"","fileTypesAndContributionMap":{"functional-code":{"insertions":37,"deletions":3},"test-code":{"insertions":0,"deletions":11}}},{"hash":"a361a3e81afc9ebff41b14641da3a0c129c5f131","isMergeCommit":false,"messageTitle":"Fix checkstyle","messageBody":"","fileTypesAndContributionMap":{"functional-code":{"insertions":8,"deletions":3},"test-code":{"insertions":2,"deletions":3}}}]},{"date":"2025-04-03","commitResults":[{"hash":"6e314bfbaed8dda5897833f83c27a47511e37489","isMergeCommit":false,"messageTitle":"Remove unnecessary test case and comments","messageBody":"","fileTypesAndContributionMap":{"test-code":{"insertions":0,"deletions":36}}},{"hash":"9c7130e4bcdc7ea98b4ea6a6c27bcdad3165ac1b","isMergeCommit":false,"messageTitle":"Update UML diagram according to review","messageBody":"","fileTypesAndContributionMap":{"docs":{"insertions":7,"deletions":3}}},{"hash":"6e90734a74fb03a6412c25693336f28d72026639","isMergeCommit":false,"messageTitle":"Fix the verification for checking the same person","messageBody":"","fileTypesAndContributionMap":{"functional-code":{"insertions":6,"deletions":2}}},{"hash":"13ae580cb1f706f805c0b123c8fd701dd3d1b986","isMergeCommit":false,"messageTitle":"Fix test cases","messageBody":"","fileTypesAndContributionMap":{"test-code":{"insertions":10,"deletions":9}}},{"hash":"6367a5e4c3e00131ad5912a6b6f264cb9994b17e","isMergeCommit":true,"messageTitle":"Merge branch \u0027master\u0027 into branch-fix-is-same-person","messageBody":"","fileTypesAndContributionMap":{}},{"hash":"2119be06fe929e9408222575bc7327cb3dcb26c2","isMergeCommit":false,"messageTitle":"Update condition of checking same person","messageBody":"","fileTypesAndContributionMap":{"functional-code":{"insertions":2,"deletions":5},"test-code":{"insertions":4,"deletions":0}}},{"hash":"a9d6f1ab0a6e79e59b85f35724f4f1bb7421004d","isMergeCommit":false,"messageTitle":"Minor fix to person test case","messageBody":"","fileTypesAndContributionMap":{"test-code":{"insertions":2,"deletions":1}}},{"hash":"14f9c1a8971543796a5233b250de48dee6e9313c","isMergeCommit":true,"messageTitle":"Merge branch \u0027branch-fix-is-same-person\u0027 of https://github.com/CXl0l0/tp into branch-fix-is-same-person","messageBody":"","fileTypesAndContributionMap":{}},{"hash":"c727f584c151131682fac36b06f31de7ebd4f674","isMergeCommit":true,"messageTitle":"Merge pull request #77 from CXl0l0/branch-UML-Diagram","messageBody":"Add ReassignCommand\u0027s sequence diagram","fileTypesAndContributionMap":{}}]}],"zihung20":[{"date":"2025-03-06","commitResults":[{"hash":"022adf3e01eb6aa1052ef3c31b1b87b562351b8f","isMergeCommit":true,"messageTitle":"Merge pull request #6 from zihung20/branch-add-Zi-Hung-photo","messageBody":"Add photo of myself","fileTypesAndContributionMap":{}},{"hash":"bd787b6bb26893a647a51a945aeb4f5dfd4bed1a","isMergeCommit":true,"messageTitle":"Merge branch \u0027master\u0027 of https://github.com/AY2425S2-CS2103T-T15-1a/tp into branch-update-aboutUs","messageBody":"","fileTypesAndContributionMap":{}},{"hash":"ef9fe1ebeb386e99f6d84a754e68c05c7c60f913","isMergeCommit":true,"messageTitle":"Merge branch \u0027branch-update-aboutUs\u0027","messageBody":"","fileTypesAndContributionMap":{}},{"hash":"32e4884765dba5f6e77ce70870857e60653a2460","isMergeCommit":false,"messageTitle":"Add details about myself","messageBody":"","fileTypesAndContributionMap":{"docs":{"insertions":6,"deletions":5}}},{"hash":"58493c98370fa5f86ff25df9caace90b63493f5a","isMergeCommit":false,"messageTitle":"Add responsibility section for myself","messageBody":"","fileTypesAndContributionMap":{"docs":{"insertions":1,"deletions":0}}},{"hash":"c1e16a25ac496ef51c31eeacb744e292c48568a1","isMergeCommit":false,"messageTitle":"Fix format issue in about us","messageBody":"","fileTypesAndContributionMap":{"docs":{"insertions":3,"deletions":2}}},{"hash":"60247994553a896dcdca6036abf70eb75c8f1bd3","isMergeCommit":true,"messageTitle":"Merge pull request #13 from zihung20/branch-update-aboutUs","messageBody":"Branch update about us","fileTypesAndContributionMap":{}},{"hash":"7424f2d0eeb2f32812a489fce03b4bf6eb5a2d0a","isMergeCommit":true,"messageTitle":"Merge branch \u0027master\u0027 of https://github.com/AY2425S2-CS2103T-T15-1a/tp","messageBody":"","fileTypesAndContributionMap":{}}]},{"date":"2025-03-12","commitResults":[{"hash":"a24a4a6c3fac1cb5e228c3eb297fb903c3f20070","isMergeCommit":true,"messageTitle":"Merge branch \u0027master\u0027 of https://github.com/AY2425S2-CS2103T-T15-1a/tp","messageBody":"","fileTypesAndContributionMap":{}},{"hash":"6972171f4ead97169475ed20788f363fda593a84","isMergeCommit":false,"messageTitle":"Add duty field for Person","messageBody":"","fileTypesAndContributionMap":{"functional-code":{"insertions":77,"deletions":1}}},{"hash":"e889f65ebaf389ee8483ee9018edafda761f0164","isMergeCommit":false,"messageTitle":"Add test cases for Duty class","messageBody":"","fileTypesAndContributionMap":{"functional-code":{"insertions":10,"deletions":6},"test-code":{"insertions":65,"deletions":0}}},{"hash":"07c594ed76bf79713f35eaae92ef89821af2acdf","isMergeCommit":false,"messageTitle":"Fix style issue","messageBody":"","fileTypesAndContributionMap":{"functional-code":{"insertions":4,"deletions":3},"test-code":{"insertions":4,"deletions":7}}},{"hash":"544c67addf30179b169cda334641feaee6d12ecf","isMergeCommit":false,"messageTitle":"Handle duplicate date in Duty assignment","messageBody":"","fileTypesAndContributionMap":{"functional-code":{"insertions":6,"deletions":2},"test-code":{"insertions":22,"deletions":11}}},{"hash":"311758247c08315b8cb9a7599ffea31a6da86334","isMergeCommit":false,"messageTitle":"Add java doc for Duty","messageBody":"","fileTypesAndContributionMap":{"functional-code":{"insertions":1,"deletions":0}}}]},{"date":"2025-03-14","commitResults":[{"hash":"05af151daf630b02b0ed7720884c8132328581a1","isMergeCommit":true,"messageTitle":"Merge pull request #42 from CXl0l0/branch-remove-email\u0026tags-field","messageBody":"Branch remove email\u0026tags field","fileTypesAndContributionMap":{}},{"hash":"02bdc21ce2a0f08be1ab7b0e30e38ceda482ad58","isMergeCommit":true,"messageTitle":"Merge branch \u0027master\u0027 of https://github.com/AY2425S2-CS2103T-T15-1a/tp into branch-edit-field","messageBody":"","fileTypesAndContributionMap":{}},{"hash":"0df7ea6c31b3a4d3de6af55460c8794bd1798483","isMergeCommit":true,"messageTitle":"Merge branch \u0027master\u0027 of https://github.com/AY2425S2-CS2103T-T15-1a/tp","messageBody":"","fileTypesAndContributionMap":{}}]},{"date":"2025-03-15","commitResults":[{"hash":"ec8cfe4fe3e75c08c2748541b5b324d02c733c6c","isMergeCommit":false,"messageTitle":"Provide getDutyCount() method in the Duty class","messageBody":"","fileTypesAndContributionMap":{"functional-code":{"insertions":6,"deletions":0},"test-code":{"insertions":23,"deletions":0}}},{"hash":"a2d7cf83b34393e6fbc8a68dc756465bed4f0b13","isMergeCommit":false,"messageTitle":"Fix style issue","messageBody":"","fileTypesAndContributionMap":{"test-code":{"insertions":4,"deletions":6}}},{"hash":"b5be18f17d695c6b1058e9906a650b197cbf70f9","isMergeCommit":false,"messageTitle":"Add AssignDutyCommand and the command Parser","messageBody":"","fileTypesAndContributionMap":{"functional-code":{"insertions":170,"deletions":2}}},{"hash":"0de2c6a7750154eea5d48221d89a93285a144432","isMergeCommit":false,"messageTitle":"Add test cases for AssignCommand","messageBody":"","fileTypesAndContributionMap":{"test-code":{"insertions":24,"deletions":0}}},{"hash":"5db36d5cce48db328a9e5d7a096631107bbab0c7","isMergeCommit":false,"messageTitle":"Fix assign command parser argument","messageBody":"","fileTypesAndContributionMap":{"functional-code":{"insertions":24,"deletions":14},"test-code":{"insertions":129,"deletions":0}}},{"hash":"efbd3eee91f3dc35301a8cf156348b9d992a4576","isMergeCommit":false,"messageTitle":"Fix Javadoc phrases and format.","messageBody":"","fileTypesAndContributionMap":{"functional-code":{"insertions":5,"deletions":6},"test-code":{"insertions":0,"deletions":1}}},{"hash":"3191c462f48689ee8540f7a5f676797a260b8d06","isMergeCommit":true,"messageTitle":"Merge branch \u0027master\u0027 of https://github.com/AY2425S2-CS2103T-T15-1a/tp","messageBody":"","fileTypesAndContributionMap":{}},{"hash":"d17ca8e6375b4b1d3e9d653b678476342b556494","isMergeCommit":true,"messageTitle":"Merge branch \u0027master\u0027 into branch-assign-duty","messageBody":"","fileTypesAndContributionMap":{}},{"hash":"63be5f4b462fd1fd8531cd11d7140279f063788f","isMergeCommit":true,"messageTitle":"Merge branch \u0027master\u0027 of https://github.com/AY2425S2-CS2103T-T15-1a/tp","messageBody":"","fileTypesAndContributionMap":{}}]},{"date":"2025-03-16","commitResults":[{"hash":"7d5279e411fa902a4376e090dfd35e916f5d1ead","isMergeCommit":true,"messageTitle":"Merge branch \u0027master\u0027 into branch-assign-duty","messageBody":"# Conflicts:\n#\tsrc/main/java/seedu/address/model/person/Duty.java\n#\tsrc/main/java/seedu/address/model/person/Person.java\n","fileTypesAndContributionMap":{}},{"hash":"7a5718a9d3071c138ee79008dc53aef43fae40ff","isMergeCommit":false,"messageTitle":"Change input format of assign duty to use index instead of name","messageBody":"","fileTypesAndContributionMap":{"functional-code":{"insertions":40,"deletions":88},"test-code":{"insertions":12,"deletions":28}}},{"hash":"81bd68b6a7b2301e323b5cfd567a645ff80fc02e","isMergeCommit":false,"messageTitle":"Add test cases for AssignCommand class","messageBody":"","fileTypesAndContributionMap":{"functional-code":{"insertions":23,"deletions":0},"test-code":{"insertions":108,"deletions":97}}},{"hash":"40addd0cdcf30fada3f38de9bc04e07046619408","isMergeCommit":false,"messageTitle":"Add test cases for AssignCommandParser class","messageBody":"","fileTypesAndContributionMap":{"functional-code":{"insertions":3,"deletions":4},"test-code":{"insertions":103,"deletions":5}}},{"hash":"d1448226a91c8e4d8d0208b9cb8d0abb5feb3fb4","isMergeCommit":false,"messageTitle":"Add test case for testing Duty\u0027s toString method","messageBody":"","fileTypesAndContributionMap":{"test-code":{"insertions":38,"deletions":17}}},{"hash":"f64ce27b5a02292bbce9aa05707de89afd509a57","isMergeCommit":false,"messageTitle":"Fix checkstyle error","messageBody":"","fileTypesAndContributionMap":{"test-code":{"insertions":0,"deletions":1}}}]},{"date":"2025-03-17","commitResults":[{"hash":"ab7780dd772da623cb596fadd2e8707b0f81623a","isMergeCommit":false,"messageTitle":"Add comments to CommandTestUtil.java","messageBody":"","fileTypesAndContributionMap":{"test-code":{"insertions":1,"deletions":1}}},{"hash":"61b9b90541685ec6f7464494a5097871273e2ac5","isMergeCommit":true,"messageTitle":"Merge pull request #46 from zihung20/branch-assign-duty","messageBody":"Branch assign duty","fileTypesAndContributionMap":{}}]},{"date":"2025-03-18","commitResults":[{"hash":"c8fffd0e91b931aa4c575d09b07077adcc969e19","isMergeCommit":true,"messageTitle":"Merge branch \u0027master\u0027 of https://github.com/AY2425S2-CS2103T-T15-1a/tp","messageBody":"","fileTypesAndContributionMap":{}},{"hash":"d0161c6d46edebecc346bcf4f38f44913cc7f809","isMergeCommit":true,"messageTitle":"Merge branch \u0027master\u0027 into branch-assign-duty","messageBody":"","fileTypesAndContributionMap":{}}]},{"date":"2025-03-19","commitResults":[{"hash":"7942febf178a6b572a3c648442065d1443dce081","isMergeCommit":false,"messageTitle":"Add statement to check duplicate prefix","messageBody":"","fileTypesAndContributionMap":{"functional-code":{"insertions":2,"deletions":0}}},{"hash":"5f48f29e81d3f64cc9bd50b1d8f1f961b3c7e6b1","isMergeCommit":false,"messageTitle":"Add statement to check duplicate prefix","messageBody":"","fileTypesAndContributionMap":{"functional-code":{"insertions":2,"deletions":0},"test-code":{"insertions":7,"deletions":8}}},{"hash":"12ac543d75cc4ad439c169dad0d1fe9fb09fefb1","isMergeCommit":true,"messageTitle":"Merge branch \u0027branch-assign-duty\u0027 of https://github.com/zihung20/tp into branch-assign-duty","messageBody":"","fileTypesAndContributionMap":{}},{"hash":"bcff529c25794a57f3e5f6791eb27fc930b53f72","isMergeCommit":false,"messageTitle":"Fix unused import","messageBody":"","fileTypesAndContributionMap":{"test-code":{"insertions":0,"deletions":1}}}]},{"date":"2025-03-20","commitResults":[{"hash":"5f353e04b3f67552faa040eb9b7fdacbbdcbbfb5","isMergeCommit":true,"messageTitle":"Merge branch \u0027master\u0027 of https://github.com/AY2425S2-CS2103T-T15-1a/tp","messageBody":"","fileTypesAndContributionMap":{}},{"hash":"ada759b23911ce07037b2e983ee52b247c7e32dc","isMergeCommit":false,"messageTitle":"Add unassign command and related test cases","messageBody":"","fileTypesAndContributionMap":{"functional-code":{"insertions":149,"deletions":0},"test-code":{"insertions":258,"deletions":0}}},{"hash":"bbcbddf821474756811e835c646882aa113c35b4","isMergeCommit":true,"messageTitle":"Merge branch \u0027master\u0027 into branch-unassign-duty","messageBody":"# Conflicts:\n#\tsrc/main/java/seedu/address/logic/parser/AddressBookParser.java\n#\tsrc/main/java/seedu/address/model/person/Person.java\n","fileTypesAndContributionMap":{}},{"hash":"1af52b597791d4d75802a12c3681ca1ca0e6216c","isMergeCommit":false,"messageTitle":"Fix checkstyle error","messageBody":"","fileTypesAndContributionMap":{"functional-code":{"insertions":1,"deletions":1}}},{"hash":"19474f29da36eb95e7c1ab6382f2367f1790196c","isMergeCommit":false,"messageTitle":"Add test case for Duty class","messageBody":"","fileTypesAndContributionMap":{"functional-code":{"insertions":3,"deletions":2},"test-code":{"insertions":27,"deletions":3}}},{"hash":"c9bc0cfa912a04bd5d58f72ed74b3bba7d320681","isMergeCommit":true,"messageTitle":"Merge branch \u0027master\u0027 of https://github.com/AY2425S2-CS2103T-T15-1a/tp","messageBody":"","fileTypesAndContributionMap":{}},{"hash":"631cc34ce7ad49e1f6c82e1ce5f51c75b0f49c39","isMergeCommit":true,"messageTitle":"Merge branch \u0027master\u0027 into branch-unassign-duty","messageBody":"","fileTypesAndContributionMap":{}},{"hash":"bcbbfbf2b3e59d15c9caef24183acc4422e8d510","isMergeCommit":false,"messageTitle":"Disable flaw test cases","messageBody":"","fileTypesAndContributionMap":{"test-code":{"insertions":4,"deletions":4}}},{"hash":"13ed652fdd21e4916b4a83033fefe8ac45cb2a39","isMergeCommit":true,"messageTitle":"Merge branch \u0027master\u0027 into branch-assign-duty","messageBody":"# Conflicts:\n#\tsrc/test/java/seedu/address/logic/parser/AssignCommandParserTest.java\n","fileTypesAndContributionMap":{}},{"hash":"ea0d0bbf74bc4b215767e23fd2c79e7a47f62166","isMergeCommit":false,"messageTitle":"Fix merge conflict","messageBody":"","fileTypesAndContributionMap":{"test-code":{"insertions":0,"deletions":14}}},{"hash":"27ccbc609d5b951f843e69dda946ac2cb0daa1e0","isMergeCommit":true,"messageTitle":"Merge pull request #61 from zihung20/branch-unassign-duty","messageBody":"Branch unassign duty","fileTypesAndContributionMap":{}},{"hash":"f74780b97a97d06ebd613db5ece0b67821bc19aa","isMergeCommit":true,"messageTitle":"Merge pull request #56 from zihung20/branch-assign-duty","messageBody":"Fix minor bug of assign command","fileTypesAndContributionMap":{}},{"hash":"523097eeda3f593ee8b66200ccd856b92b2daeee","isMergeCommit":true,"messageTitle":"Merge branch \u0027master\u0027 of https://github.com/AY2425S2-CS2103T-T15-1a/tp","messageBody":"","fileTypesAndContributionMap":{}},{"hash":"a34e1819a973f0b47cced2dbec2191b34263f296","isMergeCommit":true,"messageTitle":"Merge branch \u0027master\u0027 of https://github.com/AY2425S2-CS2103T-T15-1a/tp","messageBody":"","fileTypesAndContributionMap":{}}]},{"date":"2025-03-26","commitResults":[{"hash":"b178a7ee8a9ea4282a3a8c8007318db414c10a47","isMergeCommit":false,"messageTitle":"Enable assertions in build.gradle","messageBody":"","fileTypesAndContributionMap":{"other":{"insertions":4,"deletions":0}}}]},{"date":"2025-03-27","commitResults":[{"hash":"a7675decb1c55a59953a4751422d9469ca9984dd","isMergeCommit":false,"messageTitle":"Enhance find feature to support partial matches","messageBody":"","fileTypesAndContributionMap":{"functional-code":{"insertions":1,"deletions":1}}},{"hash":"4d03a5e682a296f6afc294f4130bc361b50ea428","isMergeCommit":true,"messageTitle":"Merge branch \u0027master\u0027 of https://github.com/AY2425S2-CS2103T-T15-1a/tp","messageBody":"","fileTypesAndContributionMap":{}},{"hash":"b2f56346ac434b4336f86f28fecf8ad9e6d34f8c","isMergeCommit":false,"messageTitle":"Link personnel picture with NRIC","messageBody":"","fileTypesAndContributionMap":{"functional-code":{"insertions":68,"deletions":15}}},{"hash":"a3e1d2c890ac8c75882cad4eac73b6d455a4874b","isMergeCommit":true,"messageTitle":"Merge branch \u0027master\u0027 into branch-add-picture","messageBody":"","fileTypesAndContributionMap":{}},{"hash":"f1721af2a455143b18f9d39753800b8d761494d2","isMergeCommit":true,"messageTitle":"Merge branch \u0027master\u0027 into branch-find-partial","messageBody":"","fileTypesAndContributionMap":{}},{"hash":"59e6a0e4be61187cdf006444574a2d6940f46cba","isMergeCommit":false,"messageTitle":"Fix test cases for predicate","messageBody":"","fileTypesAndContributionMap":{"functional-code":{"insertions":0,"deletions":1},"test-code":{"insertions":8,"deletions":4}}},{"hash":"531393b86f12de72d7a0a50c6dc4077a592b2d51","isMergeCommit":false,"messageTitle":"Fix checkstyle issue","messageBody":"","fileTypesAndContributionMap":{"test-code":{"insertions":1,"deletions":1}}},{"hash":"c87895db3ac96a7f26952bd7f9b4f55693d427dd","isMergeCommit":false,"messageTitle":"Handle file not existing issue","messageBody":"","fileTypesAndContributionMap":{"functional-code":{"insertions":20,"deletions":1}}},{"hash":"abbf3a6db267b2030d82ca7a9f328572a7fbe199","isMergeCommit":true,"messageTitle":"Merge pull request #68 from zihung20/branch-add-picture","messageBody":"Branch add picture","fileTypesAndContributionMap":{}},{"hash":"51a6e35c566f6aa52c11b09e31413cdfbc3e6784","isMergeCommit":true,"messageTitle":"Merge pull request #69 from zihung20/branch-find-partial","messageBody":"Branch find partial name","fileTypesAndContributionMap":{}},{"hash":"c3eec72a3695136d64a5413e9fc2bc990174c5b5","isMergeCommit":true,"messageTitle":"Merge branch \u0027master\u0027 of https://github.com/AY2425S2-CS2103T-T15-1a/tp","messageBody":"","fileTypesAndContributionMap":{}},{"hash":"38be33aae6beb2bece369cfb3d430fad72fc7ece","isMergeCommit":true,"messageTitle":"Merge branch \u0027master\u0027 of https://github.com/AY2425S2-CS2103T-T15-1a/tp","messageBody":"","fileTypesAndContributionMap":{}}]},{"date":"2025-03-30","commitResults":[{"hash":"18ca77cb528ddc77a90f9aedf731c4886b55f27c","isMergeCommit":false,"messageTitle":"Add UML diagram for UG","messageBody":"","fileTypesAndContributionMap":{"docs":{"insertions":57,"deletions":14}}},{"hash":"910bae5de3523e8f3ff3e7b5e73c1cfddfb7bcea","isMergeCommit":false,"messageTitle":"Fix checkstyle issue and disable not yet fix test case","messageBody":"","fileTypesAndContributionMap":{"functional-code":{"insertions":11,"deletions":9},"test-code":{"insertions":7,"deletions":0}}}]},{"date":"2025-04-01","commitResults":[{"hash":"2ede5432e7da5d31127ff3fe3be442af1f6dfb8b","isMergeCommit":true,"messageTitle":"Merge pull request #75 from zihung20/branch-UML","messageBody":"Branch uml","fileTypesAndContributionMap":{}}]},{"date":"2025-04-02","commitResults":[{"hash":"80046d977a52d74c580713ff49dd138cf3a2bb13","isMergeCommit":true,"messageTitle":"Merge branch \u0027master\u0027 of https://github.com/AY2425S2-CS2103T-T15-1a/tp","messageBody":"","fileTypesAndContributionMap":{}},{"hash":"d31bcc5075481d8cad2cbc641e56a7f30b791cef","isMergeCommit":true,"messageTitle":"Merge branch \u0027master\u0027 into branch-assign-duty","messageBody":"","fileTypesAndContributionMap":{}},{"hash":"88d280937ab4a86d2594e7669a4cabac70b041f7","isMergeCommit":false,"messageTitle":"Add interface for assigning and unassigning duties","messageBody":"","fileTypesAndContributionMap":{"functional-code":{"insertions":32,"deletions":5},"test-code":{"insertions":10,"deletions":0}}},{"hash":"ceabdee75af0068285427852b60da23e0531d984","isMergeCommit":false,"messageTitle":"Make find operation case-insensitive","messageBody":"","fileTypesAndContributionMap":{"functional-code":{"insertions":2,"deletions":1},"test-code":{"insertions":4,"deletions":3}}},{"hash":"a18aea7964ced7cafc66bf2ae9a173e841686163","isMergeCommit":false,"messageTitle":"Fix bug where invalid dates still pass validation","messageBody":"","fileTypesAndContributionMap":{"functional-code":{"insertions":55,"deletions":4},"test-code":{"insertions":59,"deletions":0}}},{"hash":"46e4f972c3c8c618286173aca70f9dce7664ee63","isMergeCommit":false,"messageTitle":"Fix bug where find command can include numerical values","messageBody":"","fileTypesAndContributionMap":{"functional-code":{"insertions":8,"deletions":2}}},{"hash":"881a001beb98b29d900acf51795f11869a10a3f3","isMergeCommit":false,"messageTitle":"Fix outdated testcases","messageBody":"","fileTypesAndContributionMap":{"test-code":{"insertions":8,"deletions":3}}},{"hash":"ed34ef11329c4b489efdfca5a666b9fdde611096","isMergeCommit":false,"messageTitle":"Add test cases for invalid name","messageBody":"","fileTypesAndContributionMap":{"test-code":{"insertions":13,"deletions":0}}},{"hash":"9cc4957c04b951e7d4908917dcbcacd34a048049","isMergeCommit":false,"messageTitle":"Add test cases for find command parser","messageBody":"","fileTypesAndContributionMap":{"test-code":{"insertions":7,"deletions":0}}},{"hash":"041b685beae74d249937cb6e96bc824f3e2b6dc5","isMergeCommit":true,"messageTitle":"Merge branch \u0027branch-find-partial\u0027 of https://github.com/zihung20/tp into branch-find-partial","messageBody":"# Conflicts:\n#\tsrc/test/java/seedu/address/logic/parser/FindCommandParserTest.java\n","fileTypesAndContributionMap":{}}]},{"date":"2025-04-03","commitResults":[{"hash":"88801d60db5d024814d01c8a0541d14312d03fda","isMergeCommit":true,"messageTitle":"Merge branch \u0027master\u0027 of https://github.com/AY2425S2-CS2103T-T15-1a/tp","messageBody":"","fileTypesAndContributionMap":{}},{"hash":"c471418171d6a92f108b1f19ea4c752828e1291f","isMergeCommit":false,"messageTitle":"Fix Law of Demeter issue","messageBody":"","fileTypesAndContributionMap":{"functional-code":{"insertions":13,"deletions":2}}},{"hash":"3112039f081686631217d942a2d464035190224d","isMergeCommit":true,"messageTitle":"Merge pull request #96 from zihung20/branch-find-partial","messageBody":"Bug fix find feature","fileTypesAndContributionMap":{}},{"hash":"387fc7b201760d18a1142f622441fd57a63d69e5","isMergeCommit":true,"messageTitle":"Merge pull request #101 from CXl0l0/branch-reassign-command-test","messageBody":"Branch reassign command test","fileTypesAndContributionMap":{}},{"hash":"30fe386914c322797a55c2771b5e9eb17788846b","isMergeCommit":true,"messageTitle":"Merge branch \u0027master\u0027 of https://github.com/AY2425S2-CS2103T-T15-1a/tp","messageBody":"","fileTypesAndContributionMap":{}},{"hash":"b00444427a2eff0ff5c69a16ce05763927da4188","isMergeCommit":false,"messageTitle":"Fix error message to specify index must be a positive integer","messageBody":"","fileTypesAndContributionMap":{"functional-code":{"insertions":4,"deletions":3}}},{"hash":"f9127473111747501e2d322a591337dc0e3a10a5","isMergeCommit":false,"messageTitle":"Fix message to mention support for multiple indexes","messageBody":"","fileTypesAndContributionMap":{"functional-code":{"insertions":1,"deletions":1}}},{"hash":"99281dec5e41090744a8b0c6901ca1d392f0cf33","isMergeCommit":true,"messageTitle":"Merge pull request #107 from zihung20/branch-assign-duty","messageBody":"Fix error message to specify index must be a positive integer","fileTypesAndContributionMap":{}},{"hash":"0791f1544c440af57fbf70e49a8507a7e34f0bc2","isMergeCommit":false,"messageTitle":"Change retrieval of duty list to reverse order","messageBody":"","fileTypesAndContributionMap":{"functional-code":{"insertions":16,"deletions":11},"test-code":{"insertions":20,"deletions":19}}},{"hash":"fd30aab9c2200740541375ea9f4a7402068e945d","isMergeCommit":true,"messageTitle":"Merge branch \u0027branch-assign-duty\u0027 into branch-edit-field","messageBody":"","fileTypesAndContributionMap":{}},{"hash":"b45d313b8cbe9f65fc71e1089b3b524f17f53b2a","isMergeCommit":false,"messageTitle":"Fix checkstyle issue","messageBody":"","fileTypesAndContributionMap":{"functional-code":{"insertions":2,"deletions":1}}},{"hash":"29e150895ee1cff4862d94388ea45201e37d9657","isMergeCommit":true,"messageTitle":"Merge pull request #106 from CXl0l0/branch-fix-is-same-person","messageBody":"Fix the verification for checking the same person","fileTypesAndContributionMap":{}},{"hash":"2be778deb5fbf22ede33f0a4c83f7752fc4dba95","isMergeCommit":true,"messageTitle":"Merge branch \u0027master\u0027 of https://github.com/AY2425S2-CS2103T-T15-1a/tp","messageBody":"","fileTypesAndContributionMap":{}},{"hash":"90f78ee5f94a9aaae2acf5ff73d2af1eab5253e4","isMergeCommit":true,"messageTitle":"Merge branch \u0027master\u0027 into branch-add-picture","messageBody":"","fileTypesAndContributionMap":{}},{"hash":"92aa91d5e32e3c58acffc9f77b62dffc074669e7","isMergeCommit":false,"messageTitle":"Update personnel photo naming format","messageBody":"","fileTypesAndContributionMap":{"functional-code":{"insertions":3,"deletions":1}}},{"hash":"02abb80db111db40e5d29a8211de2a7ccc72b0bf","isMergeCommit":true,"messageTitle":"Merge branch \u0027master\u0027 of https://github.com/AY2425S2-CS2103T-T15-1a/tp","messageBody":"","fileTypesAndContributionMap":{}},{"hash":"db2067760190a98b153a5acd415f1e5a312e19f8","isMergeCommit":true,"messageTitle":"Merge branch \u0027master\u0027 into branch-add-picture","messageBody":"","fileTypesAndContributionMap":{}},{"hash":"2d036e7d8d0405f60038a819330a72cb5addc80f","isMergeCommit":true,"messageTitle":"Merge branch \u0027master\u0027 of https://github.com/AY2425S2-CS2103T-T15-1a/tp","messageBody":"","fileTypesAndContributionMap":{}},{"hash":"a9e0f3b0055382aebaca920492c52325947b9c31","isMergeCommit":true,"messageTitle":"Merge branch \u0027master\u0027 into branch-add-picture","messageBody":"","fileTypesAndContributionMap":{}},{"hash":"d236cb304f78ac7d8288b6842b1b1e5a56352afc","isMergeCommit":true,"messageTitle":"Merge pull request #114 from zihung20/branch-add-picture","messageBody":"Branch add picture","fileTypesAndContributionMap":{}},{"hash":"5363a8ec115a0fac01cbb407212ef0825a6223c0","isMergeCommit":true,"messageTitle":"Merge pull request #111 from zihung20/branch-edit-field","messageBody":"Branch reverse order duty list ","fileTypesAndContributionMap":{}}]}],"Junixm":[{"date":"2025-03-06","commitResults":[{"hash":"9f5785c312ae92d2b5bd749e758fa3d2e2b56cf2","isMergeCommit":false,"messageTitle":"Update about us","messageBody":"","fileTypesAndContributionMap":{"docs":{"insertions":6,"deletions":44}}},{"hash":"25116b0480f86d80ffcc2d280e724863992b3c0c","isMergeCommit":false,"messageTitle":"Tweaked about us","messageBody":"","fileTypesAndContributionMap":{"docs":{"insertions":1,"deletions":1}}},{"hash":"4848bf3933963a6596bb663b86a990959e29e23b","isMergeCommit":true,"messageTitle":"Merge branch \u0027master\u0027 into Branch-AboutUs","messageBody":"* master:\n  Add about us info\n  Fix format issue in about us\n  Add responsibility section for myself\n  Add details about myself\n  Add Corey Photo\n\n# Conflicts:\n#\tdocs/AboutUs.md\n","fileTypesAndContributionMap":{}},{"hash":"df52466d5f5aacdd3fab1710d4cff24d98770197","isMergeCommit":false,"messageTitle":"Resolve about us","messageBody":"","fileTypesAndContributionMap":{"docs":{"insertions":4,"deletions":22}}},{"hash":"7bcb8ae1b95535ba31bc9d41ba6df7973b50cb7b","isMergeCommit":true,"messageTitle":"Merge branch \u0027master\u0027 into Branch-AboutUs","messageBody":"* master:\n  Update AboutUs\n\n# Conflicts:\n#\tdocs/AboutUs.md\n","fileTypesAndContributionMap":{}},{"hash":"b6bee1e0370f33bb1d4bed3e97342c37b8bdc829","isMergeCommit":true,"messageTitle":"Merge pull request #16 from Junixm/Branch-AboutUs","messageBody":"Update Jun About Us","fileTypesAndContributionMap":{}}]},{"date":"2025-03-09","commitResults":[{"hash":"15688aaa016e33787e12b7d6c8ec4ad962cefabf","isMergeCommit":true,"messageTitle":"Merge branch \u0027master\u0027 into Branch-AboutUs","messageBody":"* master:\n  Update about us page\n","fileTypesAndContributionMap":{}},{"hash":"3c19b3b77eaec29648295037e52d52a02dba112e","isMergeCommit":false,"messageTitle":"Fix photo name","messageBody":"","fileTypesAndContributionMap":{"docs":{"insertions":2,"deletions":2}}},{"hash":"8b34edbaf5cc929eb83938b2fedfbc96e10e5f9c","isMergeCommit":true,"messageTitle":"Merge pull request #22 from Junixm/Branch-AboutUs","messageBody":"Branch about us","fileTypesAndContributionMap":{}}]},{"date":"2025-03-10","commitResults":[{"hash":"5096868a238e3121c39e9fa7fd0183699c105c42","isMergeCommit":true,"messageTitle":"Merge branch \u0027master\u0027 into Branch-Add-Photo","messageBody":"* master:\n  Add new Ui.png\n  Update AboutUs.md\n  Fix photo name\n  Resolve about us\n  Update about us page\n  Tweaked about us\n  Add about us info\n  Fix format issue in about us\n  Update about us\n  Add responsibility section for myself\n  Update AboutUs\n  Add details about myself\n  Add Corey Photo\n  Add Corey Photo\n","fileTypesAndContributionMap":{}},{"hash":"fbfb2124df98e30f99285af778ea5da2176d6c84","isMergeCommit":false,"messageTitle":"Fix photo name","messageBody":"","fileTypesAndContributionMap":{"docs":{"insertions":1,"deletions":1}}},{"hash":"f338a878b9cad63528d5124c02c7e636065e02af","isMergeCommit":true,"messageTitle":"Merge pull request #25 from Junixm/Branch-Add-Photo","messageBody":"Branch add photo","fileTypesAndContributionMap":{}}]},{"date":"2025-03-12","commitResults":[{"hash":"62a8c9090ba153d811ea820e9f3f8ea28d87b1ca","isMergeCommit":false,"messageTitle":"Add nric class","messageBody":"","fileTypesAndContributionMap":{"functional-code":{"insertions":68,"deletions":0},"test-code":{"insertions":61,"deletions":0}}},{"hash":"2cac223a5cedadaa9c8efff1f2cc42491390b0ff","isMergeCommit":false,"messageTitle":"Add support nric field","messageBody":"","fileTypesAndContributionMap":{"functional-code":{"insertions":76,"deletions":32},"test-code":{"insertions":170,"deletions":78}}},{"hash":"f242442764ae855758383a3c61fdfdb786b680a9","isMergeCommit":false,"messageTitle":"Add nric field to storage and ui","messageBody":"","fileTypesAndContributionMap":{"functional-code":{"insertions":18,"deletions":2}}},{"hash":"77a317c6aefd66414e8338bfa7c61311a8e9efc4","isMergeCommit":false,"messageTitle":"Fix checkstyle","messageBody":"","fileTypesAndContributionMap":{"functional-code":{"insertions":20,"deletions":10}}},{"hash":"4b7431ffb9dee45bd5bfed996cd6794ab08a96c4","isMergeCommit":false,"messageTitle":"Fix checkstyle","messageBody":"","fileTypesAndContributionMap":{"test-code":{"insertions":22,"deletions":5}}}]},{"date":"2025-03-14","commitResults":[{"hash":"bd20560dcd8e8aec526ebc487f5177e0f93e26ff","isMergeCommit":true,"messageTitle":"Merge branch \u0027master\u0027 into branch-add-nric-field","messageBody":"* master:\n  Refine isValidSalary function\n  Add java doc for Duty\n  Handle duplicate date in Duty assignment\n  Fix errors in SalaryTest.java\n  Update styling\n  Update CompanyTest.java and RankTest.java test files\n  Fix style issue\n  Add test cases for Duty class\n  Fix trailing whitespaces\n  Add tests for salary field\n  Add CompanyTest.java and RankTest.java test cases\n  Add duty field for Person\n  Fix trailing whitespaces\n  Add salary field to person\n  Add company.java and rank.java to /exceptions\n","fileTypesAndContributionMap":{}},{"hash":"c94e1ad9b2642631b2a3fc830940c0ddd6aca3f3","isMergeCommit":false,"messageTitle":"Add more test case","messageBody":"","fileTypesAndContributionMap":{"test-code":{"insertions":56,"deletions":10}}},{"hash":"3d9ddf09f0a575493f824cdc022bda775be9f873","isMergeCommit":true,"messageTitle":"Merge branch \u0027master\u0027 into branch-add-nric-field","messageBody":"* master:\n  Refine isValidSalary function\n  Add java doc for Duty\n  Handle duplicate date in Duty assignment\n  Fix errors in SalaryTest.java\n  Update styling\n  Update CompanyTest.java and RankTest.java test files\n  Fix style issue\n  Add test cases for Duty class\n  Fix trailing whitespaces\n  Add tests for salary field\n  Add CompanyTest.java and RankTest.java test cases\n  Add duty field for Person\n  Fix trailing whitespaces\n  Add salary field to person\n  Add company.java and rank.java to /exceptions\n","fileTypesAndContributionMap":{}},{"hash":"b580f132daee5c0e6a4e3196bfe97bd6732ab614","isMergeCommit":true,"messageTitle":"Merge branch \u0027branch-add-nric-field\u0027 of https://github.com/Junixm/tp into branch-add-nric-field","messageBody":"* \u0027branch-add-nric-field\u0027 of https://github.com/Junixm/tp:\n","fileTypesAndContributionMap":{}},{"hash":"262e7da630917bab58d27700656a3de29c025b64","isMergeCommit":false,"messageTitle":"Delete email and tag field","messageBody":"","fileTypesAndContributionMap":{"functional-code":{"insertions":0,"deletions":189},"test-code":{"insertions":0,"deletions":114}}}]},{"date":"2025-03-15","commitResults":[{"hash":"80955d1e7c99e697b407c3045167ec0e3f766889","isMergeCommit":true,"messageTitle":"Merge pull request #43 from Junixm/Branch-Delete-Email-Tag-Field","messageBody":"Delete email and tag field","fileTypesAndContributionMap":{}},{"hash":"b07678bf849a8a0ba59ce5b592f569c903c260c3","isMergeCommit":true,"messageTitle":"Merge pull request #44 from zihung20/branch-edit-field","messageBody":"Add method to count number of duties","fileTypesAndContributionMap":{}},{"hash":"dddb2134dd83386fe416f87fc44d780aa64b1028","isMergeCommit":false,"messageTitle":"Integrate Duty field","messageBody":"","fileTypesAndContributionMap":{"functional-code":{"insertions":116,"deletions":15},"test-code":{"insertions":52,"deletions":14}}},{"hash":"711b650d5a4a1b3e634bc072a54523a55c99f90f","isMergeCommit":false,"messageTitle":"Fix checkstyle","messageBody":"","fileTypesAndContributionMap":{"functional-code":{"insertions":0,"deletions":4}}},{"hash":"ea8da93b3979e5791216932929c033751baa030d","isMergeCommit":false,"messageTitle":"Fix checkstyle","messageBody":"","fileTypesAndContributionMap":{"test-code":{"insertions":0,"deletions":3}}},{"hash":"1821525a76cfdff665e2f74e926c6eb6fe46d0d0","isMergeCommit":true,"messageTitle":"Merge pull request #48 from Junixm/Branch-Integrate-Duty","messageBody":"Branch integrate duty","fileTypesAndContributionMap":{}}]},{"date":"2025-03-17","commitResults":[{"hash":"cf9fd46d0ba4601d077b81b13ca6a325a1462f74","isMergeCommit":false,"messageTitle":"Change url","messageBody":"","fileTypesAndContributionMap":{"functional-code":{"insertions":1,"deletions":1}}},{"hash":"c0de95fcd3ea94025e989dc941568be291d35ccc","isMergeCommit":false,"messageTitle":"Add colour for duty count label","messageBody":"","fileTypesAndContributionMap":{"functional-code":{"insertions":11,"deletions":1}}},{"hash":"18f3cb52c23749cb11e5ec5c66f51aebcaa435f4","isMergeCommit":false,"messageTitle":"Add list view panel for view command","messageBody":"","fileTypesAndContributionMap":{"functional-code":{"insertions":147,"deletions":38}}},{"hash":"7b840ff504179469d9d5ba85ee7be31b16c3108a","isMergeCommit":false,"messageTitle":"Fix unmodifiable list","messageBody":"","fileTypesAndContributionMap":{"functional-code":{"insertions":1,"deletions":1}}},{"hash":"55c196465f114f2ffcdc5127c30fbc72e1abf3ac","isMergeCommit":false,"messageTitle":"Add test","messageBody":"","fileTypesAndContributionMap":{"test-code":{"insertions":16,"deletions":0}}},{"hash":"9eb4d28687e26bba62e16d0429f6ca5c25994188","isMergeCommit":false,"messageTitle":"Fix checkstyle","messageBody":"","fileTypesAndContributionMap":{"functional-code":{"insertions":1,"deletions":2}}},{"hash":"8910b297a4c811264072254ec5b7f01e27e04963","isMergeCommit":false,"messageTitle":"Add javadoc","messageBody":"","fileTypesAndContributionMap":{"functional-code":{"insertions":6,"deletions":0}}},{"hash":"87b656231fd4d9444a767009591f55db4e154029","isMergeCommit":true,"messageTitle":"Merge branch \u0027master\u0027 into Branch-UI","messageBody":"* master:\n  Add comments to CommandTestUtil.java\n  Fix checkstyle error\n  Add test case for testing Duty\u0027s toString method\n  Add test cases for AssignCommandParser class\n  Add test cases for AssignCommand class\n  Change input format of assign duty to use index instead of name\n  Fix Javadoc phrases and format.\n  Fix assign command parser argument\n  Add test cases for AssignCommand\n  Add AssignDutyCommand and the command Parser\n","fileTypesAndContributionMap":{}},{"hash":"45e8b21f5d90abd04d6f52080c2dc907f3eb075f","isMergeCommit":false,"messageTitle":"Fix ui inconsistencies","messageBody":"","fileTypesAndContributionMap":{"functional-code":{"insertions":11,"deletions":3}}},{"hash":"d6d56b00f2d5cef08b16ccf2d44caf056ce81abb","isMergeCommit":false,"messageTitle":"Fix checkstyle","messageBody":"","fileTypesAndContributionMap":{"functional-code":{"insertions":0,"deletions":1}}},{"hash":"6576652c78fcba7c03a20107dd6871fc2e839580","isMergeCommit":false,"messageTitle":"Add test","messageBody":"","fileTypesAndContributionMap":{"test-code":{"insertions":5,"deletions":0}}},{"hash":"7afbfec9ac61a6a35aaaa2fb2fa98c1c89a24f42","isMergeCommit":true,"messageTitle":"Merge pull request #52 from Junixm/Branch-UI","messageBody":"Branch UI","fileTypesAndContributionMap":{}}]},{"date":"2025-03-20","commitResults":[{"hash":"a222da7dad605c2da1c3b41913d27b41b47deeaa","isMergeCommit":true,"messageTitle":"Merge branch \u0027master\u0027 into Branch-UI","messageBody":"* master:\n  Fix test case errors\n  Fix checkstyle and some more test case errors\n  Fix most of the bugs in test codes\n  Fix checkstyle errors\n  Fix checkstyle errors\n  Add ViewCommandTest.java and ViewCommandParserTest.java\n  Minor GUI tweak for field representation\n  Integrate new fields into TypicalPersons.java\n  Add ViewCommandParser.java ViewCommand.java and update AddressBookParser.java\n  Integrate the new fields into part of the test codes\n  Integrate new fields into src files\n","fileTypesAndContributionMap":{}},{"hash":"9ebfab2620e961299be948ee2f204c62853507a8","isMergeCommit":false,"messageTitle":"Fix windows duty list panel clip bug","messageBody":"","fileTypesAndContributionMap":{"functional-code":{"insertions":1,"deletions":1}}},{"hash":"bdc73bb92a197f80664aab7922e6a42cd376a9ae","isMergeCommit":false,"messageTitle":"Fix ui inconsistency","messageBody":"","fileTypesAndContributionMap":{"functional-code":{"insertions":42,"deletions":20}}}]},{"date":"2025-03-21","commitResults":[{"hash":"c4b8f0837018bbd56de17e3221f72d085a9352c3","isMergeCommit":false,"messageTitle":"Fix test case","messageBody":"","fileTypesAndContributionMap":{"test-code":{"insertions":42,"deletions":24}}},{"hash":"773f35973b1ebb13ab2913cb702b282253df1792","isMergeCommit":false,"messageTitle":"Fix checkstyle","messageBody":"","fileTypesAndContributionMap":{"test-code":{"insertions":4,"deletions":5}}},{"hash":"3fc639cec783f2d2856f8ba6da6b9ac4f24c2860","isMergeCommit":false,"messageTitle":"Fix second duplicate date adding test","messageBody":"","fileTypesAndContributionMap":{"test-code":{"insertions":12,"deletions":11}}}]},{"date":"2025-03-26","commitResults":[{"hash":"89436ac84eb2f408be970fb7b5f700acd142da83","isMergeCommit":true,"messageTitle":"Merge pull request #63 from Junixm/Branch-fix-test","messageBody":"Branch fix test","fileTypesAndContributionMap":{}}]},{"date":"2025-03-27","commitResults":[{"hash":"3094b1ddc616f1b3656f05562eb1807880dd331d","isMergeCommit":false,"messageTitle":"Fix Example on new line","messageBody":"","fileTypesAndContributionMap":{"functional-code":{"insertions":1,"deletions":1}}},{"hash":"36b435c6a323a6bed9fe7d2f2243d8cc48d9e5b1","isMergeCommit":false,"messageTitle":"Add parse multiple index into list","messageBody":"","fileTypesAndContributionMap":{"functional-code":{"insertions":21,"deletions":0},"test-code":{"insertions":32,"deletions":0}}},{"hash":"6381eeda95278f094534908e94ab83039e5f56f3","isMergeCommit":false,"messageTitle":"Add feature mass-assign personnel to one date","messageBody":"","fileTypesAndContributionMap":{"functional-code":{"insertions":39,"deletions":20},"test-code":{"insertions":104,"deletions":20}}},{"hash":"46e795e13508bf231f74022345c5442c70a78a71","isMergeCommit":false,"messageTitle":"Fix checkstyle","messageBody":"","fileTypesAndContributionMap":{"test-code":{"insertions":1,"deletions":1}}},{"hash":"ce106001322538b2fcf6ed1d6b2c7a4df714f5d9","isMergeCommit":false,"messageTitle":"Remove print debug","messageBody":"","fileTypesAndContributionMap":{"test-code":{"insertions":1,"deletions":4}}},{"hash":"b4a45236c18257d2ab18243923eae0ad854721ed","isMergeCommit":false,"messageTitle":"Fix checkstyle","messageBody":"","fileTypesAndContributionMap":{"test-code":{"insertions":0,"deletions":1}}},{"hash":"616a8ec57f43809356934a416ba83e263a1a756d","isMergeCommit":true,"messageTitle":"Merge pull request #66 from Junixm/Branch-mass-assign","messageBody":"Branch mass assign","fileTypesAndContributionMap":{}}]},{"date":"2025-04-02","commitResults":[{"hash":"a6044834051ea80d54cdcf1f20fb88f3984efcfd","isMergeCommit":false,"messageTitle":"Update DG","messageBody":"","fileTypesAndContributionMap":{"docs":{"insertions":40,"deletions":123}}},{"hash":"e389f7ac27a4e2722bfd1af299b2db2c73972690","isMergeCommit":false,"messageTitle":"Update UiClassDiagram","messageBody":"","fileTypesAndContributionMap":{"docs":{"insertions":9,"deletions":3}}},{"hash":"a09daeaf43732763c45ae76f1367b9d134f4dc32","isMergeCommit":false,"messageTitle":"Update ModelClassDiagram","messageBody":"","fileTypesAndContributionMap":{"docs":{"insertions":15,"deletions":7}}}]},{"date":"2025-04-03","commitResults":[{"hash":"4a198480ac72355a9bfb04a498d13644562da84f","isMergeCommit":false,"messageTitle":"Fix Rank disappear for long name","messageBody":"","fileTypesAndContributionMap":{"functional-code":{"insertions":6,"deletions":1}}},{"hash":"eadb528684187dbf4742fd58cc50a263f85162be","isMergeCommit":false,"messageTitle":"Fix selected card shrink","messageBody":"","fileTypesAndContributionMap":{"functional-code":{"insertions":161,"deletions":142}}},{"hash":"d7e57e36512bd09153ff2d71beaa3bd807ced29a","isMergeCommit":false,"messageTitle":"Fix Checkstyle","messageBody":"","fileTypesAndContributionMap":{"functional-code":{"insertions":1,"deletions":1}}},{"hash":"3819a90d3dd4f3c882c23cd037d73a28e6a5d50a","isMergeCommit":true,"messageTitle":"Merge pull request #102 from Junixm/Branch-fix-rank-width","messageBody":"Fix rank and selected person inconsistency","fileTypesAndContributionMap":{}},{"hash":"f9c87217a29ab8328d917acbcde96e92baae0d9f","isMergeCommit":true,"messageTitle":"Merge branch \u0027master\u0027 into Branch-Update-DG","messageBody":"* master: (26 commits)\n  Fix Law of Demeter issue\n  Remove unnecessary test case and comments\n  Fix Checkstyle\n  Fix selected card shrink\n  Fix Rank disappear for long name\n  Fix checkstyle\n  Update ReassignCommand.java\n  Update UnassignCommand.java\n  Update AssignCommand.java\n  Fix filter command bug\n  Disable ReassignCommandTest temporarily\n  Update ReassignCommandTest\n  Add test cases for find command parser\n  Add test cases for invalid name\n  Fix outdated testcases\n  Fix bug where find command can include numerical values\n  Fix bug where invalid dates still pass validation\n  Make find operation case-insensitive\n  Add interface for assigning and unassigning duties\n  Update developer guide\n  ...\n\n# Conflicts:\n#\tdocs/DeveloperGuide.md\n","fileTypesAndContributionMap":{}},{"hash":"5845d7d9cc43b00cd294dcbb83749ce51267fda9","isMergeCommit":true,"messageTitle":"Merge pull request #98 from Junixm/Branch-Update-DG","messageBody":"Update DG","fileTypesAndContributionMap":{}},{"hash":"907f65f950e0e8a8cda1ef3077be266bed23a63f","isMergeCommit":false,"messageTitle":"Highlight person","messageBody":"","fileTypesAndContributionMap":{"functional-code":{"insertions":36,"deletions":4},"test-code":{"insertions":5,"deletions":0}}},{"hash":"89e8bcf1baf7832e5d4f0fe780f8facfe15e4c5e","isMergeCommit":false,"messageTitle":"Update ReassignCommandSequenceDiagram.puml","messageBody":"","fileTypesAndContributionMap":{"docs":{"insertions":1,"deletions":1}}},{"hash":"3a170d22617556080e949620e05170a03660285a","isMergeCommit":false,"messageTitle":"Update ReassignCommandSequenceDiagram.puml","messageBody":"","fileTypesAndContributionMap":{"docs":{"insertions":1,"deletions":3}}},{"hash":"d444180ed82080b27190968b75add343db1f73fb","isMergeCommit":true,"messageTitle":"Merge branch \u0027master\u0027 into Branch-Highlight","messageBody":"* master:\n  Update ReassignCommandSequenceDiagram.puml\n  Update ReassignCommandSequenceDiagram.puml\n  Delete png file\n  Minor fix to person test case\n  Update condition of checking same person\n  Fix test cases\n  Fix the verification for checking the same person\n  Update UML diagram according to review\n  Fix activation bar error for UI\n  Add ReassignCommand\u0027s sequence diagram\n","fileTypesAndContributionMap":{}},{"hash":"50294f19d9c5adf771335d0ffc5e8f3bbde36866","isMergeCommit":false,"messageTitle":"Fix note","messageBody":"","fileTypesAndContributionMap":{"docs":{"insertions":4,"deletions":1}}},{"hash":"7327ad868868135b2dc85b3f0791f5437836732a","isMergeCommit":false,"messageTitle":"Fix message","messageBody":"","fileTypesAndContributionMap":{"functional-code":{"insertions":4,"deletions":3}}},{"hash":"f6e9ed6170d09115bf9bd10991dd8e993fe391a6","isMergeCommit":true,"messageTitle":"Merge branch \u0027master\u0027 into Branch-Highlight","messageBody":"* master:\n  Fix user guide table of contents\n  Fix user guide name\n  Update alpha user guide\n  Update personnel photo naming format\n  Fix checkstyle issue\n  Change retrieval of duty list to reverse order\n\n# Conflicts:\n#\tsrc/main/java/seedu/address/model/ModelManager.java\n","fileTypesAndContributionMap":{}},{"hash":"924e2b548ac344ca3a79bb6746cd205699a8abe8","isMergeCommit":true,"messageTitle":"Merge pull request #113 from Junixm/Branch-Highlight","messageBody":"Highlight person","fileTypesAndContributionMap":{}}]}],"CoreySiah":[{"date":"2025-03-06","commitResults":[{"hash":"e8e6c3e9c390407c29e7241dcbaa29d98198833a","isMergeCommit":false,"messageTitle":"Add about us info","messageBody":"","fileTypesAndContributionMap":{"docs":{"insertions":5,"deletions":36}}},{"hash":"9b195067ed7beca45311d7a41a777dbef422f8f0","isMergeCommit":true,"messageTitle":"Merge pull request from CoreySiah/About-Us-Branch","messageBody":"Update about us page","fileTypesAndContributionMap":{}},{"hash":"c0cf8249fff0be67d977e3c753f27235ef493253","isMergeCommit":false,"messageTitle":"Update about us page","messageBody":"","fileTypesAndContributionMap":{"docs":{"insertions":3,"deletions":3}}},{"hash":"67c77745d84c5d72b052841ea862c02775766122","isMergeCommit":true,"messageTitle":"Merge branch \u0027master\u0027 into About-Us-Branch","messageBody":"# Conflicts:\n#\tdocs/AboutUs.md\n","fileTypesAndContributionMap":{}},{"hash":"fc7d398a642619c85ff1edf9835f9387ea4d2be6","isMergeCommit":true,"messageTitle":"Merge pull request #17 from CoreySiah/About-Us-Branch","messageBody":"Update about us","fileTypesAndContributionMap":{}}]},{"date":"2025-03-10","commitResults":[{"hash":"f60e1922268df411fd3f7cd44f630473d3b37d4e","isMergeCommit":false,"messageTitle":"Update AboutUs.md","messageBody":"","fileTypesAndContributionMap":{"docs":{"insertions":1,"deletions":1}}},{"hash":"c1b45f4be3f97e132ce6d861947630ee3f434cf4","isMergeCommit":true,"messageTitle":"Merge branch \u0027master\u0027 of https://github.com/AY2425S2-CS2103T-T15-1a/tp","messageBody":"# Conflicts:\n#\tdocs/AboutUs.md\n","fileTypesAndContributionMap":{}},{"hash":"37a1c7ce8f1749af09c9306dcaee9e7c6ee9db07","isMergeCommit":true,"messageTitle":"Merge pull request #24 from CoreySiah/readme-branch","messageBody":"Update README page to match the project","fileTypesAndContributionMap":{}},{"hash":"775757aed34e4537a47009f34e5d0e7557c93cc5","isMergeCommit":false,"messageTitle":"Update README.md","messageBody":"","fileTypesAndContributionMap":{"docs":{"insertions":12,"deletions":12}}},{"hash":"2dd2280ac218f15c491790698a71095f5dc954c7","isMergeCommit":true,"messageTitle":"Merge pull request #26 from CoreySiah/readme-branch","messageBody":"Update README.md","fileTypesAndContributionMap":{}}]},{"date":"2025-03-12","commitResults":[{"hash":"c1efc0c0d4b73d282484e9f16a123398b730f715","isMergeCommit":false,"messageTitle":"Add company.java and rank.java to /exceptions","messageBody":"","fileTypesAndContributionMap":{"functional-code":{"insertions":135,"deletions":0}}},{"hash":"d9df5362fea61504997a249e7a8f6b63116d6dac","isMergeCommit":false,"messageTitle":"Add CompanyTest.java and RankTest.java test cases","messageBody":"","fileTypesAndContributionMap":{"functional-code":{"insertions":1,"deletions":1},"test-code":{"insertions":117,"deletions":0}}},{"hash":"be278a416f5a2167baffe07cd6bac796b1cb86b3","isMergeCommit":false,"messageTitle":"Update CompanyTest.java and RankTest.java test files","messageBody":"","fileTypesAndContributionMap":{"functional-code":{"insertions":1,"deletions":1},"test-code":{"insertions":8,"deletions":7}}},{"hash":"131f3bb065b4c099981d9c6049f34c5f24c4e1f3","isMergeCommit":false,"messageTitle":"Update styling","messageBody":"","fileTypesAndContributionMap":{"test-code":{"insertions":4,"deletions":4}}}]},{"date":"2025-03-18","commitResults":[{"hash":"c876700667a32118c44e46e443ed58943519acc4","isMergeCommit":false,"messageTitle":"Add ViewCommandParser.java ViewCommand.java and update AddressBookParser.java","messageBody":"","fileTypesAndContributionMap":{"functional-code":{"insertions":110,"deletions":0}}},{"hash":"1a77766a68866d111ffb0c9f289be2fa61031504","isMergeCommit":false,"messageTitle":"Add ViewCommandTest.java and ViewCommandParserTest.java","messageBody":"","fileTypesAndContributionMap":{"functional-code":{"insertions":2,"deletions":2},"test-code":{"insertions":144,"deletions":0}}},{"hash":"9b9ef82994d78cbffa64ce271105844801f94691","isMergeCommit":false,"messageTitle":"Fix checkstyle errors","messageBody":"","fileTypesAndContributionMap":{"functional-code":{"insertions":2,"deletions":2},"test-code":{"insertions":17,"deletions":11}}},{"hash":"05e23d0110c96a4834184221eef98502dcf22b0c","isMergeCommit":false,"messageTitle":"Fix checkstyle errors","messageBody":"","fileTypesAndContributionMap":{"functional-code":{"insertions":5,"deletions":6}}}]},{"date":"2025-03-20","commitResults":[{"hash":"40cbcfa87064d857a22ef1873e5b04697a1ece37","isMergeCommit":true,"messageTitle":"Merge pull request #62 from CXl0l0/branch-update-README","messageBody":"Update README and Ui.png","tags":["V1.3"],"fileTypesAndContributionMap":{}}]},{"date":"2025-03-27","commitResults":[{"hash":"5ae8ad3b0618383133950fbfd723fc31f6883c07","isMergeCommit":false,"messageTitle":"Add filter command and related test cases","messageBody":"","fileTypesAndContributionMap":{"functional-code":{"insertions":137,"deletions":0},"test-code":{"insertions":214,"deletions":0}}},{"hash":"84fbf3707347c36b7a2fda2703390620587708e0","isMergeCommit":true,"messageTitle":"Merge pull request #74 from CoreySiah/filter-branch","messageBody":"Branch filter command","fileTypesAndContributionMap":{}}]},{"date":"2025-04-01","commitResults":[{"hash":"e71427f6685a86a0b524e1db23a0a1a21710b1d9","isMergeCommit":false,"messageTitle":"Fix test cases","messageBody":"","fileTypesAndContributionMap":{"functional-code":{"insertions":5,"deletions":0},"test-code":{"insertions":29,"deletions":17}}}]},{"date":"2025-04-02","commitResults":[{"hash":"f7614d713fb6705f40a027342412bbce777a20ad","isMergeCommit":false,"messageTitle":"Fix FilterCommandParserTest.java","messageBody":"","fileTypesAndContributionMap":{"test-code":{"insertions":1,"deletions":1}}},{"hash":"90bf99b3a265bd699ddeacc6799f2391d07bb109","isMergeCommit":false,"messageTitle":"Fix CompanyContainsKeywordsPredicateTest.java","messageBody":"","fileTypesAndContributionMap":{"test-code":{"insertions":6,"deletions":11}}},{"hash":"5018508bea5dee39a3f8b725509d64187bb01b67","isMergeCommit":false,"messageTitle":"Fix Checkstyle errors","messageBody":"","fileTypesAndContributionMap":{"test-code":{"insertions":5,"deletions":3}}},{"hash":"b183dd50597ce2ff679249b882933c342de6697e","isMergeCommit":false,"messageTitle":"Add FilterCommand.puml","messageBody":"","fileTypesAndContributionMap":{"docs":{"insertions":22,"deletions":0}}},{"hash":"bcbaa6b8c360fe4490eedf2f16f374478db2b156","isMergeCommit":false,"messageTitle":"Update user guide table of contents and description","messageBody":"","fileTypesAndContributionMap":{"docs":{"insertions":18,"deletions":1}}},{"hash":"2b048518ad551a323c2fa603ca12b433123c1174","isMergeCommit":false,"messageTitle":"Update developer guide","messageBody":"","fileTypesAndContributionMap":{"docs":{"insertions":9,"deletions":3}}},{"hash":"328fbb0b835d8f3f0e68eadf85ac65364c3788d4","isMergeCommit":false,"messageTitle":"Fix filter command bug","messageBody":"","fileTypesAndContributionMap":{"functional-code":{"insertions":1,"deletions":0}}}]},{"date":"2025-04-03","commitResults":[{"hash":"db5bd69037470a351569fb762448fcc2a16e0e7c","isMergeCommit":true,"messageTitle":"Merge pull request #99 from CoreySiah/fix-filter-bug-branch","messageBody":"Fix filter command bug","fileTypesAndContributionMap":{}},{"hash":"0ee939e51a1912b5777243da03f925f5a48f457b","isMergeCommit":true,"messageTitle":"Merge pull request #84 from CoreySiah/add-puml-branch","messageBody":"Add FilterCommand.puml branch","fileTypesAndContributionMap":{}},{"hash":"f5a141efec84d5c35cd12b4bcd11781d687dfd24","isMergeCommit":true,"messageTitle":"Merge pull request #91 from CoreySiah/ug-update-branch","messageBody":"Branch UG update","fileTypesAndContributionMap":{}},{"hash":"51dd8efebf3bc077c8d66530736e337bc510edeb","isMergeCommit":true,"messageTitle":"Merge pull request #92 from CoreySiah/dg-update-branch","messageBody":"Branch DG update","fileTypesAndContributionMap":{}},{"hash":"92053bed6f6c582ff48d41793b4f3197d3201aa6","isMergeCommit":false,"messageTitle":"Update alpha user guide","messageBody":"","fileTypesAndContributionMap":{"docs":{"insertions":322,"deletions":1}}},{"hash":"80a3b180015b41b84b4c339d0e2c38e470688df6","isMergeCommit":false,"messageTitle":"Fix user guide name","messageBody":"","fileTypesAndContributionMap":{"docs":{"insertions":238,"deletions":466}}},{"hash":"b1f800fdfc0c9b037742cd37878def6b6a283a78","isMergeCommit":false,"messageTitle":"Fix user guide table of contents","messageBody":"","fileTypesAndContributionMap":{"docs":{"insertions":33,"deletions":33}}},{"hash":"0bc0569d1b9f0a74ab2ff31824b09b50b3333ca8","isMergeCommit":true,"messageTitle":"Merge pull request #116 from CoreySiah/update-user-guide-branch","messageBody":"Update alpha user guide","fileTypesAndContributionMap":{}}]}]},"authorFileTypeContributionMap":{"CXl0l0":{"docs":255,"functional-code":576,"test-code":749},"zihung20":{"docs":65,"functional-code":574,"test-code":663,"other":4},"Junixm":{"docs":71,"functional-code":563,"test-code":358},"CoreySiah":{"docs":284,"functional-code":377,"test-code":498}},"authorContributionVariance":{"CXl0l0":134554.69,"zihung20":17129.709,"Junixm":15989.451,"CoreySiah":32858.16},"authorDisplayNameMap":{"CXl0l0":"CS2103T-T15-1 LEE ..XUAN","zihung20":"CS2103T-T15-1 KONG..HUNG","Junixm":"CS2103T-T15-1 LEE ..HENG","CoreySiah":"CS2103T-T15-1 CORE..RONG"}}
