{"authorDailyContributionsMap":{"reuben-thomas":[],"gajinkee":[],"jonaturn":[],"LF1928":[]},"authorFileTypeContributionMap":{"reuben-thomas":{"docs":0,"functional-code":0,"test-code":0},"gajinkee":{"docs":0,"functional-code":0,"test-code":0},"jonaturn":{"docs":0,"functional-code":0,"test-code":0},"LF1928":{"docs":0,"functional-code":0,"test-code":0}},"authorContributionVariance":{"reuben-thomas":0.0,"gajinkee":0.0,"jonaturn":0.0,"LF1928":0.0},"authorDisplayNameMap":{"reuben-thomas":"CS2103T-T10-2 REUB..OMAS","gajinkee":"CS2103T-T10-2 KEE .. JIN","jonaturn":"CS2103T-T10-2 JONA..UZHE","LF1928":"CS2103T-T10-2 ZHAN.. FEI"}}
