{"authorDailyContributionsMap":{"cyrolite":[{"date":"2025-02-21","commitResults":[{"hash":"e6d5c9eebb7b993f37fccf3d6a6122c57d08d373","isMergeCommit":true,"messageTitle":"Merge pull request #1 from AY2425S2-CS2103T-F10-3/switch-docs-to-markbind","messageBody":"Switch docs to markbind","fileTypesAndContributionMap":{}},{"hash":"1780139952be45bcac8fe47a324779c9014e768e","isMergeCommit":false,"messageTitle":"Update index.md","messageBody":"","fileTypesAndContributionMap":{"docs":{"insertions":1,"deletions":1}}}]}],"Melvan-Chan":[],"pang-yy":[{"date":"2025-02-21","commitResults":[{"hash":"baf7786b6eeada00b37e58c28f316c43409d1cbc","isMergeCommit":false,"messageTitle":"Update default.md","messageBody":"","fileTypesAndContributionMap":{"docs":{"insertions":1,"deletions":1}}},{"hash":"e161b973f6605bf2aacf07251a0339f214d83dfd","isMergeCommit":false,"messageTitle":"Update default.md","messageBody":"","fileTypesAndContributionMap":{"docs":{"insertions":1,"deletions":1}}},{"hash":"d6b883d2c4bdf6a51a633353e1277a0b495717eb","isMergeCommit":false,"messageTitle":"Update UserGuide.md","messageBody":"","fileTypesAndContributionMap":{"docs":{"insertions":2,"deletions":2}}}]}],"iamanoob44":[]},"authorFileTypeContributionMap":{"cyrolite":{"docs":1,"functional-code":0,"test-code":0},"Melvan-Chan":{"docs":0,"functional-code":0,"test-code":0},"pang-yy":{"docs":3,"functional-code":0,"test-code":0},"iamanoob44":{"docs":0,"functional-code":0,"test-code":0}},"authorContributionVariance":{"cyrolite":0.0,"Melvan-Chan":0.0,"pang-yy":0.0,"iamanoob44":0.0},"authorDisplayNameMap":{"cyrolite":"CS2103T-F10-3 NICH.. ANG","Melvan-Chan":"CS2103T-F10-3 CHAN..LVAN","pang-yy":"CS2103T-F10-3 PANG..G YI","iamanoob44":"CS2103T-F10-3 TENG..HONG"}}
