{"authorDailyContributionsMap":{"kokseen1":[{"date":"2025-03-01","commitResults":[{"hash":"c58b9c2c63ac5b3dba8795db2127b4752f4841d9","isMergeCommit":false,"messageTitle":"Update AboutUs page","messageBody":"","fileTypesAndContributionMap":{"docs":{"insertions":11,"deletions":0}}}]},{"date":"2025-03-05","commitResults":[{"hash":"c063d575d9ed5d48e5b1e0cbb6944a4868f8d22e","isMergeCommit":false,"messageTitle":"Ensure consistent punctuation for User Stories","messageBody":"","fileTypesAndContributionMap":{"docs":{"insertions":5,"deletions":5}}}]}],"AnAfterthought":[{"date":"2025-03-01","commitResults":[{"hash":"a619ba76114daf8e35ba5626ce6c3a6cbb4d274d","isMergeCommit":false,"messageTitle":"Update AboutUs","messageBody":"","fileTypesAndContributionMap":{"docs":{"insertions":24,"deletions":1}}}]},{"date":"2025-03-04","commitResults":[{"hash":"7536ed24145a8bd5ad5161dd8a54503991877e71","isMergeCommit":false,"messageTitle":"Add NFRs to Developer Guide","messageBody":"","fileTypesAndContributionMap":{"docs":{"insertions":21,"deletions":4}}}]}],"Victoria281":[{"date":"2025-03-01","commitResults":[{"hash":"c1d4dc332c0b2a2e6830b87b089b19ad6d4bb303","isMergeCommit":true,"messageTitle":"Merge pull request #22 from nguyenvukhang/4-update-about-us-page","messageBody":"Add Khang\u0027s details to About Us page","fileTypesAndContributionMap":{}},{"hash":"9baadd5f97ed524162ed84746a731c991b0f0e81","isMergeCommit":false,"messageTitle":"Update AboutUs page with @victoria281 details","messageBody":"","fileTypesAndContributionMap":{"docs":{"insertions":23,"deletions":0}}}]},{"date":"2025-03-02","commitResults":[{"hash":"acd7e3ec9f4921876fe823e01e57947b31393ad6","isMergeCommit":false,"messageTitle":"Update README file to fit TAskbook project information","messageBody":"","fileTypesAndContributionMap":{"docs":{"insertions":18,"deletions":14}}},{"hash":"83c8e0cb17fa20dc74b5d4142ccd9d148503e8f0","isMergeCommit":false,"messageTitle":"Fix style of README","messageBody":"","fileTypesAndContributionMap":{"docs":{"insertions":1,"deletions":1}}}]},{"date":"2025-03-06","commitResults":[{"hash":"5d4c7b22242d43eecca63f00cfad307d92671e89","isMergeCommit":true,"messageTitle":"Merge pull request #32 from meloppeitreet/12-dev-guide-glossary","messageBody":"Add Glossary to Dev Guide","fileTypesAndContributionMap":{}},{"hash":"26ebfb480ba732209aab37349f8f642f1a517332","isMergeCommit":true,"messageTitle":"Merge branch \u0027master\u0027 into 8-dev-guide-target-user-profile","messageBody":"","fileTypesAndContributionMap":{}}]}],"nguyenvukhang":[{"date":"2025-03-01","commitResults":[{"hash":"7f012379b88eddf409fd583b53e66a24205d4f60","isMergeCommit":true,"messageTitle":"Merge pull request #17 from meloppeitreet/4-update-about-us-page","messageBody":"","fileTypesAndContributionMap":{}},{"hash":"1cd94694361405a8fe080f24e7d3a8e9b67cee34","isMergeCommit":true,"messageTitle":"Merge pull request #16 from kokseen1/4-update-about-us","messageBody":"","fileTypesAndContributionMap":{}},{"hash":"787d58f58d4d7ddd01b6d182f1d51352f40cf22a","isMergeCommit":true,"messageTitle":"Merge pull request #20 from WhyAre/4-update-about-us","messageBody":"","fileTypesAndContributionMap":{}},{"hash":"a92ac01e9c804215c6142d58d13f2408aa44847a","isMergeCommit":false,"messageTitle":"Add Khang\u0027s details to About Us page","messageBody":"","fileTypesAndContributionMap":{"docs":{"insertions":10,"deletions":0}}},{"hash":"3776345cb2d51895ebf9a3ae418280ad3071a280","isMergeCommit":true,"messageTitle":"Merge pull request #23 from Victoria281/master","messageBody":"","fileTypesAndContributionMap":{}}]},{"date":"2025-03-02","commitResults":[{"hash":"6bc7975048f5da9cff7841eb048940beae9b9654","isMergeCommit":true,"messageTitle":"Merge pull request #24 from AnAfterthought/4-update-about-us","messageBody":"Update AboutUs","fileTypesAndContributionMap":{}},{"hash":"65401999ef2be90814ee63fb9fd3eeec271999b3","isMergeCommit":false,"messageTitle":"Remove trailing whitespace in AboutUs.md","messageBody":"","fileTypesAndContributionMap":{"docs":{"insertions":0,"deletions":1}}},{"hash":"da8ee20521d7237f9ccc0b09775c390f314988bd","isMergeCommit":true,"messageTitle":"Merge pull request #26 from Victoria281/6-update-readme-page","messageBody":"","fileTypesAndContributionMap":{}}]},{"date":"2025-03-04","commitResults":[{"hash":"2f228bd762e5e4871aca37f78b9bc3031546884c","isMergeCommit":true,"messageTitle":"Merge pull request #28 from WhyAre/10-add-use-cases","messageBody":"Add use cases","fileTypesAndContributionMap":{}},{"hash":"ee77fd8306e9127773f2f70c5ba316c73e910b9a","isMergeCommit":true,"messageTitle":"Merge pull request #29 from AnAfterthought/11-add-nfrs","messageBody":"","fileTypesAndContributionMap":{}},{"hash":"6d66b5731f0013ad6b620a5d6d23a70a40f96697","isMergeCommit":false,"messageTitle":"Add user stories to Developer Guide","messageBody":"","fileTypesAndContributionMap":{"docs":{"insertions":17,"deletions":10}}}]}],"meloppeitreet":[{"date":"2025-03-01","commitResults":[{"hash":"656586b94a75e0317b6a077d73e4c1258ae89bed","isMergeCommit":false,"messageTitle":"Update AboutUs page in docs","messageBody":"Following task instructions from week 7 for v1.1 of tP.\nAddressing Issue #4: Update About Us page\n","fileTypesAndContributionMap":{"docs":{"insertions":51,"deletions":44}}}]},{"date":"2025-03-05","commitResults":[{"hash":"68fee54ef5cb370bf798dde56930f8ae62111bcd","isMergeCommit":false,"messageTitle":"Add target user profile to Developer guide","messageBody":"Following task instructions from week 7 for v1.1 of tP.\nValue proposition is also included.\nAddressing Issue #8: Add target user profile + value proposition to Dev Guide\n","fileTypesAndContributionMap":{"docs":{"insertions":10,"deletions":4}}},{"hash":"49ba45c12c34ff7bcacf11765dabb11f8e41cbea","isMergeCommit":true,"messageTitle":"Merge branch \u0027master\u0027 into 8-dev-guide-target-user-profile","messageBody":"","fileTypesAndContributionMap":{}},{"hash":"60a04dbb27c78e9a093b343d4db28c700faf575a","isMergeCommit":false,"messageTitle":"Add glossary to Developer Guide","messageBody":"Following task instructions from week 7 for v1.1 of tP.\nGlossary terms added with initial definitions (sorted in alphabetical order).\nAddressing Issue #12: Add Glossary to Dev Guide\n","fileTypesAndContributionMap":{"docs":{"insertions":31,"deletions":0}}},{"hash":"5b26f8cba584bae0cf3f43220b1c11a9bbde96be","isMergeCommit":true,"messageTitle":"Merge branch \u0027master\u0027 into 12-dev-guide-glossary","messageBody":"","fileTypesAndContributionMap":{}}]},{"date":"2025-03-06","commitResults":[{"hash":"5d9cb3fe248a508214e4b13012b24a2fbeb92bfa","isMergeCommit":true,"messageTitle":"Merge pull request #34 from WhyAre/33-update-site-wide-settings","messageBody":"Update site-wide settings","fileTypesAndContributionMap":{}}]}],"WhyAre":[{"date":"2025-03-01","commitResults":[{"hash":"566787399f1ed42468c8fc523359af54853feb40","isMergeCommit":false,"messageTitle":"Update AboutUs page","messageBody":"","fileTypesAndContributionMap":{"docs":{"insertions":10,"deletions":0}}},{"hash":"987a6b9fbfb4d50bc05c17ad9d037e00386682c4","isMergeCommit":false,"messageTitle":"Change image URL to lower case","messageBody":"","fileTypesAndContributionMap":{"docs":{"insertions":1,"deletions":2}}}]},{"date":"2025-03-02","commitResults":[{"hash":"7938ee56a94e70883aec7a675d936a38c2d657bb","isMergeCommit":false,"messageTitle":"Add use cases","messageBody":"","fileTypesAndContributionMap":{"docs":{"insertions":121,"deletions":12}}}]},{"date":"2025-03-05","commitResults":[{"hash":"77c938663d1ecd2422177660cb6ee8f02656f8cb","isMergeCommit":true,"messageTitle":"Merge pull request #30 from nguyenvukhang/9-user-stories","messageBody":"Add user stories to Developer Guide","fileTypesAndContributionMap":{}}]},{"date":"2025-03-06","commitResults":[{"hash":"209ddb776615f745c045c7edda3f63f4be39a458","isMergeCommit":false,"messageTitle":"Update site-wide settings","messageBody":"","fileTypesAndContributionMap":{"other":{"insertions":1,"deletions":1}}}]}]},"authorFileTypeContributionMap":{"kokseen1":{"docs":13,"functional-code":0,"test-code":0},"AnAfterthought":{"docs":38,"functional-code":0,"test-code":0},"Victoria281":{"docs":39,"functional-code":0,"test-code":0},"nguyenvukhang":{"docs":17,"functional-code":0,"test-code":0},"meloppeitreet":{"docs":92,"functional-code":0,"test-code":0},"WhyAre":{"docs":118,"functional-code":0,"test-code":0,"other":2}},"authorContributionVariance":{"kokseen1":13.535714,"AnAfterthought":76.530624,"Victoria281":103.78062,"nguyenvukhang":51.918373,"meloppeitreet":689.2857,"WhyAre":1164.102},"authorDisplayNameMap":{"kokseen1":"CS2103-F15-1 CHON..SEEN","AnAfterthought":"CS2103-F15-1 CHNG..HENG","Victoria281":"CS2103-F15-1 AMAN..LING","nguyenvukhang":"CS2103-F15-1 NGUY..HANG","meloppeitreet":"CS2103-F15-1 MELO..ALIM","WhyAre":"CS2103-F15-1 LAI ..RONG"}}
