{"authorDailyContributionsMap":{"szelingtan":[{"date":"2025-02-28","commitResults":[{"hash":"d7d909de9959cbe063d24075fbb30e0f34b4a384","isMergeCommit":false,"messageTitle":"Update Sze Ling\u0027s about us","messageBody":"","fileTypesAndContributionMap":{"docs":{"insertions":4,"deletions":4}}},{"hash":"61c6139b8f3f98d64658b94dad6ce79a01920025","isMergeCommit":true,"messageTitle":"Merge pull request #17 from Liu-Jihan/branch-updateAboutUs","messageBody":"Update Jihan\u0027s AboutUs ","fileTypesAndContributionMap":{}}]},{"date":"2025-03-02","commitResults":[{"hash":"600673affea7ac19b1ea5206cf0c79db7ea38992","isMergeCommit":false,"messageTitle":"Update user stories","messageBody":"","fileTypesAndContributionMap":{"docs":{"insertions":10,"deletions":9}}}]},{"date":"2025-03-07","commitResults":[{"hash":"7596ccd55fed0c434f0bc40c56bd9ab015915e62","isMergeCommit":true,"messageTitle":"Merge pull request #46 from Luoq1-Xu/add-user-profile-and-value-proposition","messageBody":"Add user profile and value proposition","fileTypesAndContributionMap":{}}]},{"date":"2025-03-08","commitResults":[{"hash":"ea35e183886bf9c7b05eb7faf3a468b099c17648","isMergeCommit":true,"messageTitle":"Merge pull request #42 from Bryce-3D/b_2025-03-07_add-patient-feature","messageBody":"Add Patient Feature","fileTypesAndContributionMap":{}},{"hash":"38d6e7bd732b0528e87f667e0cc8250760312676","isMergeCommit":true,"messageTitle":"Merge upstream/master into local branch","messageBody":"","fileTypesAndContributionMap":{}}]},{"date":"2025-03-11","commitResults":[{"hash":"c9a1075992c2f1f3afda1ae7730f6cfedd486071","isMergeCommit":true,"messageTitle":"Merge pull request #49 from Luoq1-Xu/add-medication-feature","messageBody":"Add medication feature","fileTypesAndContributionMap":{}}]},{"date":"2025-03-12","commitResults":[{"hash":"ba5082d0d30364531165bdd3815eab0dcdaeace6","isMergeCommit":true,"messageTitle":"Merge upstream/master into local branch","messageBody":"","fileTypesAndContributionMap":{}},{"hash":"cb19dc9910c09e8e546f3a5417d0f0bae9491f4f","isMergeCommit":false,"messageTitle":"Add comment to PrescribeCommand.java","messageBody":"","fileTypesAndContributionMap":{"functional-code":{"insertions":1,"deletions":0}}}]},{"date":"2025-03-13","commitResults":[{"hash":"08c2a45ef06b66a3ef557aba0f2e49840bb0ae67","isMergeCommit":true,"messageTitle":"Merge upstream/master into local branch","messageBody":"","fileTypesAndContributionMap":{}},{"hash":"ee1c62d5efe3054bcd24d2243807d3b6cd95e17a","isMergeCommit":true,"messageTitle":"Merge branch \u0027master\u0027 into unprescribe-command-branch","messageBody":"* master: (32 commits)\n  Add tests for DelLastVisitCommandParserTest\n  Implement equals method for DelLastVisitCommand\n  Rename test function\n  Fix codestyle\n  Implement first DelLastVisitCommand test\n  Rename None to NONE since it is final\n  Add static variable for  and change to\n  Initialize test files\n  Fix codestyle\n  Add some javadocs\n  Add some javadocs\n  Add some javadocs\n  Clean out commented code\n  Implement delLastVisit\n  Add DelLastVisitParser to the main parser\n  Implement DelLastVisitCommandParser.java\n  Add initial version of DelLastVisitCommand\n  Update last visit MESSAGE_CONSTRAINTS\n  Add visit to sample add cmd\n  Fix checkstyle errors\n  ...\n","fileTypesAndContributionMap":{}},{"hash":"9e7c5f6d9573ebbe85ad1fdb37c455490fc75f4c","isMergeCommit":false,"messageTitle":"Rename PREFIX_PRESCRIBE to PREFIX_MEDICINE","messageBody":"","fileTypesAndContributionMap":{"functional-code":{"insertions":7,"deletions":7},"test-code":{"insertions":6,"deletions":6}}},{"hash":"d373a2cda9f05bd5d5d07603f1c60c987f10eb36","isMergeCommit":false,"messageTitle":"Add unprescribe functionality","messageBody":"","fileTypesAndContributionMap":{"functional-code":{"insertions":116,"deletions":0}}},{"hash":"9ceb634011a52f778d3cba7e5891c5ba3219619a","isMergeCommit":false,"messageTitle":"Update checkstyle error in PersonUtil.java","messageBody":"","fileTypesAndContributionMap":{"test-code":{"insertions":1,"deletions":1}}},{"hash":"33319029d9cdc49ad3bef7de91bf6c08187743d5","isMergeCommit":false,"messageTitle":"Update checkstyle error in PersonUtil.java","messageBody":"","fileTypesAndContributionMap":{"test-code":{"insertions":1,"deletions":1}}}]},{"date":"2025-03-15","commitResults":[{"hash":"c795f335dec6d3576c5628bc1efd7f21af4ae296","isMergeCommit":true,"messageTitle":"Merge upstream/master into local branch","messageBody":"","fileTypesAndContributionMap":{}},{"hash":"f8dd4748378f955338e22f418d13962b7de3e851","isMergeCommit":false,"messageTitle":"Refine classes for testing","messageBody":"","fileTypesAndContributionMap":{"functional-code":{"insertions":16,"deletions":1}}},{"hash":"bd9ff3979efebcd9d7aca8a7a90462948a915b83","isMergeCommit":false,"messageTitle":"Add UnprescribeCommandParserTest.java","messageBody":"","fileTypesAndContributionMap":{"test-code":{"insertions":56,"deletions":0}}},{"hash":"c3dd246277b22a671b7d3a4ea217a6a1a2252857","isMergeCommit":false,"messageTitle":"no message","messageBody":"","fileTypesAndContributionMap":{"functional-code":{"insertions":0,"deletions":6812},"other":{"insertions":0,"deletions":681},"docs":{"insertions":0,"deletions":1937},"test-code":{"insertions":0,"deletions":5593}}},{"hash":"600ed9059e8ccb26f591eaf501a236ebf3f2e9e6","isMergeCommit":false,"messageTitle":"no message","messageBody":"","fileTypesAndContributionMap":{"functional-code":{"insertions":6812,"deletions":0},"other":{"insertions":681,"deletions":0},"docs":{"insertions":1937,"deletions":0},"test-code":{"insertions":5593,"deletions":0}}},{"hash":"02a12f0b0dce76e0795f09a9dcd309ce7a9e565a","isMergeCommit":false,"messageTitle":"Fix checkstyle errors","messageBody":"","fileTypesAndContributionMap":{"functional-code":{"insertions":0,"deletions":1},"test-code":{"insertions":1,"deletions":1}}},{"hash":"6966ff791b397527764a2cadd848e27992498e39","isMergeCommit":false,"messageTitle":"no message","messageBody":"","fileTypesAndContributionMap":{"functional-code":{"insertions":0,"deletions":6811},"other":{"insertions":0,"deletions":681},"docs":{"insertions":0,"deletions":1937},"test-code":{"insertions":0,"deletions":5593}}},{"hash":"e65501ffc5e34eafee2126fc5c284181c0191b05","isMergeCommit":false,"messageTitle":"no message","messageBody":"","fileTypesAndContributionMap":{"functional-code":{"insertions":6811,"deletions":0},"other":{"insertions":681,"deletions":0},"docs":{"insertions":1937,"deletions":0},"test-code":{"insertions":5593,"deletions":0}}}]},{"date":"2025-03-16","commitResults":[{"hash":"38ba0526eab2e84442642e8d7f860f48e7d6a3eb","isMergeCommit":true,"messageTitle":"Merge pull request #57 from Luoq1-Xu/branch-update-user-guide-prescribe","messageBody":"Update user guide to include prescribe command","fileTypesAndContributionMap":{}}]},{"date":"2025-03-17","commitResults":[{"hash":"387c5eb37c19bbfabfbe21fa289cdb13e9764bdb","isMergeCommit":false,"messageTitle":"Update command string","messageBody":"","fileTypesAndContributionMap":{"functional-code":{"insertions":1,"deletions":1}}},{"hash":"851fd9c3a4dea3d44f8800dd5389f345e0f97fce","isMergeCommit":true,"messageTitle":"Merge upstream/master into local branch","messageBody":"","fileTypesAndContributionMap":{}},{"hash":"3e0f38984490aee23f0809ebfa340d6b8a400233","isMergeCommit":false,"messageTitle":"Edit user guide","messageBody":"","fileTypesAndContributionMap":{"docs":{"insertions":12,"deletions":2}}},{"hash":"dd582c6a535a39d776147f8d3dd929f3332f8b29","isMergeCommit":false,"messageTitle":"Update unprescribe command","messageBody":"","fileTypesAndContributionMap":{"functional-code":{"insertions":1,"deletions":1}}},{"hash":"6c471129cf7647a8bd8c4d7c70b7ec2a1df03650","isMergeCommit":true,"messageTitle":"Merge upstream/master into local branch","messageBody":"","fileTypesAndContributionMap":{}},{"hash":"72d55c5d9f7ed039ab743633754c0cd412d1dabf","isMergeCommit":true,"messageTitle":"Merge branch \u0027master\u0027 into unprescribe_userguide_branch","messageBody":"* master:\n  Update help link\n","fileTypesAndContributionMap":{}},{"hash":"327063108bbef6e2d4c861ae604ff057f5e99d8b","isMergeCommit":true,"messageTitle":"Merge pull request #72 from Liu-Jihan/branch-UpdateUserGuide-TagSection","messageBody":"Add Tag Section into User guide","fileTypesAndContributionMap":{}}]},{"date":"2025-03-23","commitResults":[{"hash":"8e210d040a0bee76790faafdc59d8d8f3ca9f351","isMergeCommit":true,"messageTitle":"Merge upstream/master into local branch","messageBody":"","fileTypesAndContributionMap":{}},{"hash":"d45b5e624ba1258846543ee6f14cb587cac0960f","isMergeCommit":false,"messageTitle":"Edit unprescribe and prescribe examples","messageBody":"","fileTypesAndContributionMap":{"docs":{"insertions":11,"deletions":5}}},{"hash":"def715626c643ce7b822c7c24bf0a79bbeebc1e5","isMergeCommit":false,"messageTitle":"Add UnprescribeSequenceDiagram-Logic.puml","messageBody":"","fileTypesAndContributionMap":{"docs":{"insertions":69,"deletions":46}}},{"hash":"e4d327e3ab5a6a1613d68eb66be3e29c59cd30a1","isMergeCommit":false,"messageTitle":"Fix checkstyle","messageBody":"","fileTypesAndContributionMap":{"docs":{"insertions":1,"deletions":1}}}]}],"Eun777":[{"date":"2025-02-28","commitResults":[{"hash":"7a15d17cd9b3d74176cf6633344b446360c2430f","isMergeCommit":false,"messageTitle":"Update Eunice\u0027s AboutUs","messageBody":"","fileTypesAndContributionMap":{"docs":{"insertions":5,"deletions":6}}},{"hash":"681239902e9b0c61c084ab08a57c97ba38485074","isMergeCommit":false,"messageTitle":"Update AboutUs with portfolio link","messageBody":"","fileTypesAndContributionMap":{"docs":{"insertions":1,"deletions":0}}},{"hash":"bf655afa03ae71bdf1390a0d64bfae0e689150d4","isMergeCommit":true,"messageTitle":"Merge pull request #22 from Bryce-3D/branch-2025-02-28-Update-AboutUs","messageBody":"Update Bryce\u0027s `AboutUs.md`","fileTypesAndContributionMap":{}}]},{"date":"2025-03-05","commitResults":[{"hash":"b0a9aaf0130dd548ff4e79d959eb8f49098e7ed8","isMergeCommit":false,"messageTitle":"Update README.md for CareConnect","messageBody":"","fileTypesAndContributionMap":{"docs":{"insertions":7,"deletions":9}}}]},{"date":"2025-03-06","commitResults":[{"hash":"163471362d46faf4c33b9ac9b30a934dce8e4b28","isMergeCommit":false,"messageTitle":"Fix bug with trailing whitespace and no newline at EOF","messageBody":"","fileTypesAndContributionMap":{"docs":{"insertions":3,"deletions":4}}}]},{"date":"2025-03-07","commitResults":[{"hash":"72618aff3b646a821e69f5e7dd21f1b7f9e721a4","isMergeCommit":true,"messageTitle":"Merge pull request #44 from Luoq1-Xu/fix-v1.1-bugs","messageBody":"Fix v1.1 bugs","fileTypesAndContributionMap":{}}]},{"date":"2025-03-11","commitResults":[{"hash":"a61a23a982f36abbf7df9d36e6334d1063e2e765","isMergeCommit":false,"messageTitle":"Add RemarkCommand code as base for LastVisitCommand","messageBody":"","fileTypesAndContributionMap":{"functional-code":{"insertions":290,"deletions":130},"test-code":{"insertions":228,"deletions":31}}},{"hash":"8c7bc56427fcc81ab749135740a98b017ac87ebe","isMergeCommit":false,"messageTitle":"Refactor code from RemarkCommand to LastVisitCommand","messageBody":"","fileTypesAndContributionMap":{"functional-code":{"insertions":37,"deletions":49},"other":{"insertions":70,"deletions":67},"test-code":{"insertions":6,"deletions":6}}},{"hash":"a6ed205830a2c7cfd9fbde295fb2ab63f66d27d1","isMergeCommit":false,"messageTitle":"Fix Checkstyle violations","messageBody":"","fileTypesAndContributionMap":{"functional-code":{"insertions":70,"deletions":58}}}]},{"date":"2025-03-12","commitResults":[{"hash":"72c9432195977291d0f31e229872ab0b8e97296f","isMergeCommit":true,"messageTitle":"Resolve merge conflict between upstream and branch","messageBody":"","fileTypesAndContributionMap":{}},{"hash":"af60ef5987d3695969da53863e90b1883b9e5510","isMergeCommit":false,"messageTitle":"Resolve merge conflict between upstream and branch","messageBody":"","fileTypesAndContributionMap":{"functional-code":{"insertions":1,"deletions":0}}},{"hash":"cb32e1bc4f4af4c5cefa07ae76aa7c0c3ae8dbc9","isMergeCommit":false,"messageTitle":"Fix checkstyle bugs","messageBody":"","fileTypesAndContributionMap":{"functional-code":{"insertions":5,"deletions":4}}},{"hash":"682af11d953e3d11d0ed00c80bf7ab88132bd459","isMergeCommit":false,"messageTitle":"Fix checkstyle errors","messageBody":"","fileTypesAndContributionMap":{"docs":{"insertions":2,"deletions":2},"test-code":{"insertions":5,"deletions":5}}},{"hash":"a6ffd1fbe82032853e28e27749124b74a300c9d8","isMergeCommit":false,"messageTitle":"Fix bug in tests","messageBody":"","fileTypesAndContributionMap":{"test-code":{"insertions":3,"deletions":3}}},{"hash":"243400ac62be373d29954c46e3de0cbfef619ca2","isMergeCommit":false,"messageTitle":"Fix bug in JSON files","messageBody":"","fileTypesAndContributionMap":{"functional-code":{"insertions":2,"deletions":0},"test-code":{"insertions":2,"deletions":1}}},{"hash":"31c0ada727a7d32de63be6efcc98f0fb5694a591","isMergeCommit":false,"messageTitle":"Fix checkstyle errors","messageBody":"","fileTypesAndContributionMap":{"functional-code":{"insertions":0,"deletions":2}}},{"hash":"876298bf8e4e010c1b1457e7c82b0addc466654e","isMergeCommit":false,"messageTitle":"Fix bugs in tests","messageBody":"","fileTypesAndContributionMap":{"functional-code":{"insertions":6,"deletions":6},"test-code":{"insertions":7,"deletions":7}}}]},{"date":"2025-03-13","commitResults":[{"hash":"9f78de7aed3800534d3dcbc07c29a6c360ee79be","isMergeCommit":false,"messageTitle":"Fix checkstyle error","messageBody":"","fileTypesAndContributionMap":{"functional-code":{"insertions":2,"deletions":1}}},{"hash":"61abe7dfd17851b8927d1b459d2056aec49cbdc1","isMergeCommit":false,"messageTitle":"Fix checkstyle errors","messageBody":"","fileTypesAndContributionMap":{"test-code":{"insertions":1,"deletions":3}}},{"hash":"d22656acf7d09f85759f38dd276afb64726869bc","isMergeCommit":true,"messageTitle":"Merge pull request #53 from Liu-Jihan/branch-Add-Patient-Feature","messageBody":"Branch add patient feature","fileTypesAndContributionMap":{}}]},{"date":"2025-03-17","commitResults":[{"hash":"063c64782a6b79db980ec79c93723ea60e8ffab7","isMergeCommit":true,"messageTitle":"Merge pull request #61 from Bryce-3D/2025-03-17_update-user-guide-for-delLastVisit","messageBody":"Update User Guide To Include `delLastVisit`","fileTypesAndContributionMap":{}},{"hash":"b9428f41accb2a145dd0aab140985cf9d2642eb6","isMergeCommit":true,"messageTitle":"Merge pull request #59 from Bryce-3D/2025-03-16_make_delLastVisit_set_attribute_to_null","messageBody":"Allow `Patient.lastVisit` to be `null`","fileTypesAndContributionMap":{}},{"hash":"8c4866f5424aa4267ae1fa405ca34619747edbc7","isMergeCommit":false,"messageTitle":"Update user guide to include Last Visit command user guide","messageBody":"","fileTypesAndContributionMap":{"docs":{"insertions":26,"deletions":11}}},{"hash":"415aac560ad4275191ef2d25ea88bec7991f636a","isMergeCommit":true,"messageTitle":"Merge pull request #65 from Liu-Jihan/branch-UpdateUserguide","messageBody":"Branch update userguide","fileTypesAndContributionMap":{}},{"hash":"61a86eeddc81519fd5511bea6638c5d707ea9dc0","isMergeCommit":false,"messageTitle":"Edit outputs for Last Visit command","messageBody":"","fileTypesAndContributionMap":{"functional-code":{"insertions":3,"deletions":5},"test-code":{"insertions":6,"deletions":3}}}]},{"date":"2025-03-19","commitResults":[{"hash":"974708bb442106bb5abc29035e1a161d2073c716","isMergeCommit":true,"messageTitle":"Merge pull request #80 from Bryce-3D/2025-03-19_rename-app-title","messageBody":"Rename Title from `Address App` to `CareConnect`","fileTypesAndContributionMap":{}}]},{"date":"2025-03-25","commitResults":[{"hash":"1dcd63119dac741524681c2358534820451a7d6b","isMergeCommit":false,"messageTitle":"Update Ui for CareConnect to match mockup","messageBody":"","fileTypesAndContributionMap":{"functional-code":{"insertions":405,"deletions":15}}},{"hash":"39b626a29bb6a2c6e55ea8e8b83cead33942ecc9","isMergeCommit":false,"messageTitle":"Update css to match Ui mockup","messageBody":"","fileTypesAndContributionMap":{"functional-code":{"insertions":1,"deletions":2}}},{"hash":"ce123fdef9240c2d4debfcb22b58365005d795e8","isMergeCommit":false,"messageTitle":"Fix missing newline at EOF bug","messageBody":"","fileTypesAndContributionMap":{"functional-code":{"insertions":1,"deletions":1}}},{"hash":"7066bf846cceb0cd355143d356eed2b3a6a06c32","isMergeCommit":false,"messageTitle":"Update colour of CareConnect logo","messageBody":"","fileTypesAndContributionMap":{"functional-code":{"insertions":1,"deletions":1}}}]},{"date":"2025-03-26","commitResults":[{"hash":"b32437018de386634870ac9540a2e11381c2056a","isMergeCommit":false,"messageTitle":"Update result for prescribe and unprescribe command","messageBody":"","fileTypesAndContributionMap":{"functional-code":{"insertions":2,"deletions":2}}},{"hash":"e9a58425325e597f58a629476878056e8bd46d58","isMergeCommit":false,"messageTitle":"Update prescribe and unprescribe command tests","messageBody":"","fileTypesAndContributionMap":{"test-code":{"insertions":3,"deletions":3}}}]}],"Luoq1-Xu":[{"date":"2025-02-28","commitResults":[{"hash":"a8edd69be66af237540a305c815cad3cf23ba107","isMergeCommit":false,"messageTitle":"Undo accidental merge of tutorial into master","messageBody":"","fileTypesAndContributionMap":{"functional-code":{"insertions":1,"deletions":0}}},{"hash":"c3216aff182b863dc011d0fc0655fa502b79cb27","isMergeCommit":false,"messageTitle":"Undo changes made from undoing accidental merge","messageBody":"","fileTypesAndContributionMap":{"functional-code":{"insertions":0,"deletions":1}}},{"hash":"0e41538f4d1bdce7a4569688053df30f96229bae","isMergeCommit":false,"messageTitle":"Update Luoqi\u0027s About Us section","messageBody":"","fileTypesAndContributionMap":{"docs":{"insertions":4,"deletions":4}}},{"hash":"370528f258d34fdcc808156e3987bf04daaf7e05","isMergeCommit":true,"messageTitle":"Merge pull request #19 from szelingtan/aboutme-branch","messageBody":"Update Sze Ling\u0027s about me","fileTypesAndContributionMap":{}},{"hash":"fe5e663123519af1cf8031ae03f767d79045b2f0","isMergeCommit":true,"messageTitle":"Merge upstream/master into local branch","messageBody":"","fileTypesAndContributionMap":{}},{"hash":"319b9d58ff76a09f108379199130a86f50a6389c","isMergeCommit":false,"messageTitle":"Update Site-wide settings","messageBody":"","fileTypesAndContributionMap":{"other":{"insertions":1,"deletions":1}}}]},{"date":"2025-03-06","commitResults":[{"hash":"386b08bb4b7a757730869229453c732c6509ab37","isMergeCommit":true,"messageTitle":"Merge upstream/master into local branch","messageBody":"","fileTypesAndContributionMap":{}},{"hash":"342f4b061d658830a9a0f76069707cc0e8033fd5","isMergeCommit":false,"messageTitle":"Add use cases to developer guide","messageBody":"","fileTypesAndContributionMap":{"docs":{"insertions":182,"deletions":7}}}]},{"date":"2025-03-07","commitResults":[{"hash":"8fc8a682bd31d0b42e8428fa704d798080c4f7b6","isMergeCommit":true,"messageTitle":"Merge upstream/master into local branch","messageBody":"","fileTypesAndContributionMap":{}},{"hash":"5d7489842e49e696fe32232b0f83ac4f24e67933","isMergeCommit":false,"messageTitle":"Fix bugs in aboutUs and config files","messageBody":"","fileTypesAndContributionMap":{"other":{"insertions":1,"deletions":1},"docs":{"insertions":4,"deletions":4}}},{"hash":"f03f1d4f80454a508b9ab8a9ed2cce32af6ee360","isMergeCommit":true,"messageTitle":"Merge upstream/master into local branch","messageBody":"","fileTypesAndContributionMap":{}},{"hash":"d1a689db9c44cefbb043941f9085e48421ab9d8d","isMergeCommit":false,"messageTitle":"Add user profile and value proposition to DG","messageBody":"","fileTypesAndContributionMap":{"docs":{"insertions":9,"deletions":9}}}]},{"date":"2025-03-10","commitResults":[{"hash":"237fdd4b2b592f3947dbee4e12dc4389100b670b","isMergeCommit":true,"messageTitle":"Merge upstream/master into local branch","messageBody":"","fileTypesAndContributionMap":{}}]},{"date":"2025-03-11","commitResults":[{"hash":"5796c041610328b3bbb3284abb319a78eac48ab1","isMergeCommit":false,"messageTitle":"Add prescribe command","messageBody":"The prescribe command allows adding medicines to patients,\nsimilar to tags.\nAdd unit tests for prescribe command.\n","fileTypesAndContributionMap":{"functional-code":{"insertions":329,"deletions":15},"other":{"insertions":2,"deletions":2},"test-code":{"insertions":199,"deletions":12}}},{"hash":"efb5dd6a66f4e3c170d2ea92d06f7bd30e1bb620","isMergeCommit":false,"messageTitle":"Add medicine test","messageBody":"","fileTypesAndContributionMap":{"test-code":{"insertions":25,"deletions":1}}},{"hash":"5c21b673477069bfacc2a269de3f49ff5c981cbc","isMergeCommit":false,"messageTitle":"Fix formatting errors","messageBody":"","fileTypesAndContributionMap":{"functional-code":{"insertions":11,"deletions":6},"test-code":{"insertions":1,"deletions":33}}},{"hash":"efaa59995a4dfb6983928d083e73dd86afacaabf","isMergeCommit":false,"messageTitle":"Fix checkstyle errors","messageBody":"","fileTypesAndContributionMap":{"functional-code":{"insertions":9,"deletions":8},"other":{"insertions":3,"deletions":3},"test-code":{"insertions":3,"deletions":17}}},{"hash":"4cfe6382b9fedd2cf45b6328dbbbf5a9df30f7d0","isMergeCommit":false,"messageTitle":"Fix failing EditCommandTest unit test","messageBody":"","fileTypesAndContributionMap":{"functional-code":{"insertions":19,"deletions":0},"test-code":{"insertions":10,"deletions":8}}}]},{"date":"2025-03-12","commitResults":[{"hash":"f05941f5fbbe4fed2abbe79c59a3d5960c202d82","isMergeCommit":false,"messageTitle":"Fix failing testcases","messageBody":"","fileTypesAndContributionMap":{"functional-code":{"insertions":30,"deletions":5},"test-code":{"insertions":83,"deletions":23}}}]},{"date":"2025-03-13","commitResults":[{"hash":"254117cebef27f7565c5f45dbdbc0bc53b790e01","isMergeCommit":true,"messageTitle":"Merge pull request #51 from Bryce-3D/2025-03-13_cmd-del-last-visit","messageBody":"Add Delete Last Visit Feature","fileTypesAndContributionMap":{}},{"hash":"21e169c787952b88489f156d6b92dd862bf40bb4","isMergeCommit":true,"messageTitle":"Merge upstream/master into local branch","messageBody":"","fileTypesAndContributionMap":{}}]},{"date":"2025-03-14","commitResults":[{"hash":"50873ba31b36bbe92c437700a51de2ca3f065c83","isMergeCommit":true,"messageTitle":"Merge upstream/master into local branch","messageBody":"","fileTypesAndContributionMap":{}}]},{"date":"2025-03-15","commitResults":[{"hash":"34ab4fdf9c04570af9613363da384dbe807aa357","isMergeCommit":true,"messageTitle":"Merge pull request #56 from szelingtan/add_tests_branch","messageBody":"Add tests branch","fileTypesAndContributionMap":{}},{"hash":"daf582b8d707cbb0ad65ed7574dc6313f4a54b9e","isMergeCommit":true,"messageTitle":"Merge upstream/master into local branch","messageBody":"","fileTypesAndContributionMap":{}},{"hash":"7dc7ff59262c97ac48561216605dc3cc466e3788","isMergeCommit":false,"messageTitle":"Update user guide to include prescribe command","messageBody":"Add logic to PrescribeCommand to detect and throw an error\nwhen adding duplicate medications\n","fileTypesAndContributionMap":{"functional-code":{"insertions":10,"deletions":9},"docs":{"insertions":42,"deletions":25}}},{"hash":"e8e726d95047a9dab6e3ca5e92d756bc6f8f8101","isMergeCommit":false,"messageTitle":"Fix prescribeCommand to properly parse commands with invalid inputs","messageBody":"","fileTypesAndContributionMap":{"functional-code":{"insertions":30,"deletions":8}}}]},{"date":"2025-03-16","commitResults":[{"hash":"0cd066f52c8c9679fc0a9007194ae8ee566e6b3b","isMergeCommit":false,"messageTitle":"Add tests for UnprescribeCommand and some other tests","messageBody":"","fileTypesAndContributionMap":{"functional-code":{"insertions":4,"deletions":4},"test-code":{"insertions":203,"deletions":17}}},{"hash":"c5cd6ce0180114a3aa4f0c946d764f11170dbff9","isMergeCommit":false,"messageTitle":"Add duplicate medicine test to PrescribeCommandTest","messageBody":"","fileTypesAndContributionMap":{"test-code":{"insertions":10,"deletions":0}}}]},{"date":"2025-03-17","commitResults":[{"hash":"a9c68c669ffd54aabcf70b5bf4bad7086268745a","isMergeCommit":true,"messageTitle":"Merge upstream/master into local branch","messageBody":"","fileTypesAndContributionMap":{}},{"hash":"fae9a8d77d5a2991a9a65529845b39ea74c2b776","isMergeCommit":true,"messageTitle":"Merge upstream/master into local branch","messageBody":"","fileTypesAndContributionMap":{}},{"hash":"d986c2a4fa38a176d966927997f9e3fb5caca98f","isMergeCommit":true,"messageTitle":"Merge branch \u0027master\u0027 into branch-fix-patient-display","messageBody":"","fileTypesAndContributionMap":{}},{"hash":"71197ecbf5918652b8c6d211d2d57dae8c89d1e3","isMergeCommit":true,"messageTitle":"Merge upstream/master into local branch","messageBody":"","fileTypesAndContributionMap":{}},{"hash":"1c33502ff89de135eaee94ed2f8bcf7333d18ec1","isMergeCommit":true,"messageTitle":"Merge branch \u0027master\u0027 into branch-fix-patient-display","messageBody":"","fileTypesAndContributionMap":{}},{"hash":"37452758d94993cda51f5291fff54d313cef2d92","isMergeCommit":false,"messageTitle":"Fix incorrect patient display string","messageBody":"Update unprescribe section in user guide\n","fileTypesAndContributionMap":{"functional-code":{"insertions":4,"deletions":8},"docs":{"insertions":11,"deletions":12}}},{"hash":"59b43f523326c328168f6d16d61963a57b2ae7c8","isMergeCommit":false,"messageTitle":"Fix incorrect FXML filepath preventing jar build","messageBody":"","fileTypesAndContributionMap":{"functional-code":{"insertions":4,"deletions":3},"other":{"insertions":1,"deletions":1}}},{"hash":"dc4e1cd27e39d5749d9b2853100db7f1de32143c","isMergeCommit":false,"messageTitle":"Change version to V1.3","messageBody":"","fileTypesAndContributionMap":{"functional-code":{"insertions":1,"deletions":1}}},{"hash":"b838591ed046260d9797903f1a357fc9a31a8d29","isMergeCommit":false,"messageTitle":"Remove unnecessary print statement","messageBody":"","fileTypesAndContributionMap":{"functional-code":{"insertions":0,"deletions":1}}}]},{"date":"2025-03-25","commitResults":[{"hash":"e51534d89a1cd4b6a66842ea9112a568cb465dff","isMergeCommit":true,"messageTitle":"Merge pull request #84 from szelingtan/userguide_v4_branch","messageBody":"Update userguide","fileTypesAndContributionMap":{}}]},{"date":"2025-03-26","commitResults":[{"hash":"47a0831097b350fa8b7763c7316ac0fa4009cd6c","isMergeCommit":true,"messageTitle":"Merge pull request #100 from Bryce-3D/2025-03-26_enable-assertions-in-gradle","messageBody":"Enable Assertions in `build.gradle`","fileTypesAndContributionMap":{}}]}],"Liu-Jihan":[{"date":"2025-02-28","commitResults":[{"hash":"f7d6c3dee88b3cd3624a27b124d2a76f93698871","isMergeCommit":false,"messageTitle":"Update LiuJihan in AboutUs","messageBody":"","fileTypesAndContributionMap":{"docs":{"insertions":3,"deletions":3}}},{"hash":"fd5819598d718a462892f63220d96884e6237c74","isMergeCommit":true,"messageTitle":"Merge pull request #21 from Eun777/branch-update-aboutus","messageBody":"Update Eunice\u0027s AboutUs","fileTypesAndContributionMap":{}},{"hash":"ad3d8fb11e60463482be8abdf3afd798a1387d5c","isMergeCommit":true,"messageTitle":"Merge branch \u0027master\u0027 of https://github.com/AY2425S2-CS2103T-T17-2/tp into branch-Update_Developer_Guide","messageBody":"* \u0027master\u0027 of https://github.com/AY2425S2-CS2103T-T17-2/tp:\n  Update James Doe\u0027s info to Bryce\n  Update AboutUs with portfolio link\n  Update Luoqi\u0027s About Us section\n  Update Eunice\u0027s AboutUs\n  Update Sze Ling\u0027s about us\n","fileTypesAndContributionMap":{}},{"hash":"6a1e96a63b2a7a3ffe2519c1e23906cced53d2eb","isMergeCommit":false,"messageTitle":"Update Developer Guide: Non-Functional Requirement","messageBody":"","fileTypesAndContributionMap":{"docs":{"insertions":50,"deletions":4}}}]},{"date":"2025-03-03","commitResults":[{"hash":"d41ce9b45a9b98eef84dd6769f1b8709119449c0","isMergeCommit":true,"messageTitle":"Merge pull request #32 from Bryce-3D/branch-W7-2025-03-03-Glossary","messageBody":"Section 3: Glossary","fileTypesAndContributionMap":{}}]},{"date":"2025-03-04","commitResults":[{"hash":"ed7ea90b96bd80243901133b232509b479ec322f","isMergeCommit":false,"messageTitle":"Developer_guide :Update non-functional requirements","messageBody":"","fileTypesAndContributionMap":{"docs":{"insertions":3,"deletions":10}}},{"hash":"8ae2a8edcb3429b580919cd4bb02603e8a6d1df1","isMergeCommit":false,"messageTitle":"Developer_Guide:Update Non-funtional Requirements","messageBody":"","fileTypesAndContributionMap":{"docs":{"insertions":0,"deletions":6}}}]},{"date":"2025-03-13","commitResults":[{"hash":"fa54286fd9356596bb4a716ceee501abef33e09b","isMergeCommit":true,"messageTitle":"Merge upstream/master into local branch","messageBody":"","fileTypesAndContributionMap":{}},{"hash":"af5649dda85667c133bfa866434b75eca42b2a4d","isMergeCommit":false,"messageTitle":"Refactor person to patient in entire project","messageBody":"","fileTypesAndContributionMap":{"functional-code":{"insertions":456,"deletions":434},"other":{"insertions":136,"deletions":136},"docs":{"insertions":41,"deletions":41},"test-code":{"insertions":729,"deletions":725}}}]},{"date":"2025-03-17","commitResults":[{"hash":"070e3235353e6190200fff3ef59be2cb2c74231e","isMergeCommit":true,"messageTitle":"Merge branch \u0027master\u0027 of https://github.com/AY2425S2-CS2103T-T17-2/tp","messageBody":"","fileTypesAndContributionMap":{}},{"hash":"816ceba49008d1ea254e88cb03256b010467c7aa","isMergeCommit":false,"messageTitle":"Update tag method in User Guide","messageBody":"","fileTypesAndContributionMap":{"docs":{"insertions":11,"deletions":10}}},{"hash":"22d2d73b10da7fc8567888ba8e203dee86c8b077","isMergeCommit":false,"messageTitle":"UserGuide : update tag section.","messageBody":"","fileTypesAndContributionMap":{"docs":{"insertions":19,"deletions":2}}},{"hash":"651e7145d1ee6afd588f295a1dd87d0b8da50087","isMergeCommit":true,"messageTitle":"Merge pull request #70 from Bryce-3D/2025-03-17_Update-help-link","messageBody":"Update Help Link","fileTypesAndContributionMap":{}},{"hash":"c990bbbac4c76991fda617a67af18ca8dd54f515","isMergeCommit":true,"messageTitle":"Merge branch \u0027master\u0027 of https://github.com/AY2425S2-CS2103T-T17-2/tp into branch-UpdateUserguide","messageBody":"* \u0027master\u0027 of https://github.com/AY2425S2-CS2103T-T17-2/tp:\n  Update help link\n  Update command string\n","fileTypesAndContributionMap":{}},{"hash":"bc39bbc2da1e4c43de0a622885f3c61465445c35","isMergeCommit":false,"messageTitle":"UserGuide: Update Tag Section","messageBody":"","fileTypesAndContributionMap":{"docs":{"insertions":1,"deletions":1}}},{"hash":"c1891b55855e47d0d4cd64ea0bd8115eaa83a14c","isMergeCommit":true,"messageTitle":"Merge pull request #71 from szelingtan/unprescribe_userguide_branch","messageBody":"Unprescribe userguide branch","fileTypesAndContributionMap":{}},{"hash":"3e3140a816e97a9b30469c2f987e644b447818d6","isMergeCommit":true,"messageTitle":"Merge branch \u0027master\u0027 of https://github.com/AY2425S2-CS2103T-T17-2/tp into branch-UpdateUserGuide-TagSection","messageBody":"* \u0027master\u0027 of https://github.com/AY2425S2-CS2103T-T17-2/tp:\n  Update unprescribe command\n  Edit user guide\n","fileTypesAndContributionMap":{}},{"hash":"fb6e30dff96cb46d2ee3bd151c619066c1c43bac","isMergeCommit":false,"messageTitle":"Update Tag section in Userguide","messageBody":"","fileTypesAndContributionMap":{"docs":{"insertions":1,"deletions":1}}},{"hash":"8128cbf8f82e82ff5a028b7d17608f5dd172b294","isMergeCommit":false,"messageTitle":"Update the Userguide","messageBody":"","fileTypesAndContributionMap":{"docs":{"insertions":2,"deletions":2}}},{"hash":"63037eebf150ddaf66c6479d727877abcdd11711","isMergeCommit":false,"messageTitle":"Uswer guide","messageBody":"","fileTypesAndContributionMap":{"docs":{"insertions":1,"deletions":1}}},{"hash":"49413d83e4f4e60fac9bf3151842ffc6f5b2c373","isMergeCommit":false,"messageTitle":"Update file","messageBody":"","fileTypesAndContributionMap":{"docs":{"insertions":0,"deletions":1}}},{"hash":"238c64449c30d6b9e9085e1701f020f9171667b9","isMergeCommit":false,"messageTitle":"Update Userguide","messageBody":"","fileTypesAndContributionMap":{"docs":{"insertions":0,"deletions":1}}}]}],"Bryce-3D":[{"date":"2025-02-28","commitResults":[{"hash":"60860d5a32edac3248c56e5de1bfdfc176d9485d","isMergeCommit":false,"messageTitle":"Update James Doe\u0027s info to Bryce","messageBody":"","fileTypesAndContributionMap":{"docs":{"insertions":6,"deletions":6}}},{"hash":"a1e8981da100f76468dac3dd9cb750362b658c08","isMergeCommit":true,"messageTitle":"Merge pull request #20 from Luoq1-Xu/branch-about-me","messageBody":"Update Luoqi\u0027s About Us\n\nLooks good to me!","fileTypesAndContributionMap":{}}]},{"date":"2025-03-03","commitResults":[{"hash":"b0e2fff76eb8f68a15da73196cf3cec870c62b36","isMergeCommit":true,"messageTitle":"Merge pull request #30 from Luoq1-Xu/branch-update-sitewide-settings","messageBody":"Update site-wide settings\n\nLooks good to me! (?)","fileTypesAndContributionMap":{}},{"hash":"98363a048dea5efb2c3ce56402795ec17b2e9dba","isMergeCommit":true,"messageTitle":"Merge pull request #31 from szelingtan/user_stories_branch","messageBody":"Update user stories","fileTypesAndContributionMap":{}},{"hash":"8ebe5e071d8695636164d8c629b74edb3b76644d","isMergeCommit":false,"messageTitle":"Add terms to the glossary in the Developer Guide","messageBody":"","fileTypesAndContributionMap":{"docs":{"insertions":9,"deletions":0}}},{"hash":"f8218c511bddfb6851f5f39b8d06ed5eaa1b176d","isMergeCommit":false,"messageTitle":"Delete placeholder glossary terms","messageBody":"","fileTypesAndContributionMap":{"docs":{"insertions":0,"deletions":2}}}]},{"date":"2025-03-04","commitResults":[{"hash":"eecc9d87b713b79a61d5834529befdf515dcabe6","isMergeCommit":true,"messageTitle":"Merge pull request #29 from Liu-Jihan/branch-Update_Developer_Guide","messageBody":"Section 3: Non-functional requirements \n\nLooks good to me!","fileTypesAndContributionMap":{}}]},{"date":"2025-03-06","commitResults":[{"hash":"425e32dbd3b6cde2efb9aedb7f93e27b2390b868","isMergeCommit":true,"messageTitle":"Merge pull request #33 from Eun777/branch-update-readme","messageBody":"Update README to match CareConnect\n\nLooks good to me!","fileTypesAndContributionMap":{}},{"hash":"dfac44d1fd727a06d5589684890659f6694d28ed","isMergeCommit":true,"messageTitle":"Merge pull request #35 from Luoq1-Xu/branch-add-use-cases","messageBody":"Add use cases","fileTypesAndContributionMap":{}}]},{"date":"2025-03-07","commitResults":[{"hash":"bda981ff5520720491c4d696661e4c1fa35368d5","isMergeCommit":false,"messageTitle":"Rename Person to Patient","messageBody":"","fileTypesAndContributionMap":{"functional-code":{"insertions":141,"deletions":141},"other":{"insertions":31,"deletions":31},"docs":{"insertions":31,"deletions":31},"test-code":{"insertions":139,"deletions":139}}},{"hash":"92c333a37d674e4cbdcab91dd252d3cbaebcf2e6","isMergeCommit":false,"messageTitle":"Rename PersonListPanel to PatientListPanel","messageBody":"","fileTypesAndContributionMap":{"functional-code":{"insertions":5,"deletions":5},"other":{"insertions":3,"deletions":3}}},{"hash":"a2af0745b7c2b9021cb003558190d4b296f032dd","isMergeCommit":false,"messageTitle":"Rename PersonCard to PatientCard I think?","messageBody":"","fileTypesAndContributionMap":{"functional-code":{"insertions":59,"deletions":0}}},{"hash":"1f99b61f6199f288a48e19c096c9d45585e5d826","isMergeCommit":false,"messageTitle":"Rename PersonListViewCell to PatientListViewCell","messageBody":"","fileTypesAndContributionMap":{"functional-code":{"insertions":2,"deletions":2}}}]},{"date":"2025-03-13","commitResults":[{"hash":"47772bca61783f4adbb2510a5eae9eb2b1c0bb70","isMergeCommit":true,"messageTitle":"Merge pull request #50 from Eun777/branch-add-command-last-visit","messageBody":"Add last visit feature","fileTypesAndContributionMap":{}},{"hash":"41efdb9341e9bc90b934f3e96ad265784b6b3dae","isMergeCommit":false,"messageTitle":"Add visit to sample add cmd","messageBody":"","fileTypesAndContributionMap":{"functional-code":{"insertions":3,"deletions":0}}},{"hash":"ef54cc95b559f3bc821e1efa4df5f8adffdd7fba","isMergeCommit":false,"messageTitle":"Update last visit MESSAGE_CONSTRAINTS","messageBody":"","fileTypesAndContributionMap":{"functional-code":{"insertions":2,"deletions":1}}},{"hash":"447dde8aa6a56cf84886be011b89bb599c161dc5","isMergeCommit":false,"messageTitle":"Add initial version of DelLastVisitCommand","messageBody":"","fileTypesAndContributionMap":{"functional-code":{"insertions":48,"deletions":0}}},{"hash":"82510c08e043e1cc9dac1a793f01abf0f82ef5c5","isMergeCommit":false,"messageTitle":"Implement DelLastVisitCommandParser.java","messageBody":"","fileTypesAndContributionMap":{"functional-code":{"insertions":32,"deletions":0}}},{"hash":"f1efd4ca24cac3dc54557df68a8bc209a0b48704","isMergeCommit":false,"messageTitle":"Add DelLastVisitParser to the main parser","messageBody":"","fileTypesAndContributionMap":{"functional-code":{"insertions":4,"deletions":0}}},{"hash":"a4d4c6db70b6e657745cfd5224b70976b3d6ee33","isMergeCommit":false,"messageTitle":"Implement delLastVisit","messageBody":"","fileTypesAndContributionMap":{"functional-code":{"insertions":31,"deletions":4}}},{"hash":"c4bf027f7abf8abdf726cde1cd6da105b125f1e6","isMergeCommit":false,"messageTitle":"Clean out commented code","messageBody":"","fileTypesAndContributionMap":{"functional-code":{"insertions":0,"deletions":13}}},{"hash":"7aa351f1ad000862886fc43cdab11673d842bfd7","isMergeCommit":false,"messageTitle":"Add some javadocs","messageBody":"","fileTypesAndContributionMap":{"functional-code":{"insertions":18,"deletions":0}}},{"hash":"ce7265d6ef950fc8e214c1d1200bccc8fd3bafbb","isMergeCommit":false,"messageTitle":"Add some javadocs","messageBody":"","fileTypesAndContributionMap":{"functional-code":{"insertions":3,"deletions":0}}},{"hash":"47011c4c7d01c8d28eb74250220331ced9ef3c32","isMergeCommit":false,"messageTitle":"Add some javadocs","messageBody":"","fileTypesAndContributionMap":{"functional-code":{"insertions":5,"deletions":2}}},{"hash":"3d7f0a0f256ca576c63e1b1358df01de3aa149a2","isMergeCommit":false,"messageTitle":"Fix codestyle","messageBody":"","fileTypesAndContributionMap":{"functional-code":{"insertions":2,"deletions":2}}},{"hash":"d26ba1d5cf2df673b6dffb9bbcc2a0a0f5497b6b","isMergeCommit":false,"messageTitle":"Initialize test files","messageBody":"","fileTypesAndContributionMap":{"test-code":{"insertions":20,"deletions":0}}},{"hash":"e47b32e7a1529c020301dbbfe191941287e29464","isMergeCommit":false,"messageTitle":"Add static variable for  and change to","messageBody":"","fileTypesAndContributionMap":{"functional-code":{"insertions":2,"deletions":1}}},{"hash":"80cc22f1391d1ab309305a9ed02685a175d856c2","isMergeCommit":false,"messageTitle":"Rename None to NONE since it is final","messageBody":"","fileTypesAndContributionMap":{"functional-code":{"insertions":2,"deletions":2}}},{"hash":"6ce0e719fd751009c1f1b00ebe067d1bfad6a64d","isMergeCommit":false,"messageTitle":"Implement first DelLastVisitCommand test","messageBody":"","fileTypesAndContributionMap":{"test-code":{"insertions":50,"deletions":1}}},{"hash":"57a96e9dcfd0696ec20dee2b1057c06248ac224e","isMergeCommit":false,"messageTitle":"Fix codestyle","messageBody":"","fileTypesAndContributionMap":{"test-code":{"insertions":1,"deletions":8}}},{"hash":"5bca692b8b99f70a0a711e18b404ab40d336710b","isMergeCommit":false,"messageTitle":"Rename test function","messageBody":"","fileTypesAndContributionMap":{"test-code":{"insertions":1,"deletions":1}}},{"hash":"1c7c268d65278009154d34e5ddb61183c52c67bf","isMergeCommit":false,"messageTitle":"Implement equals method for DelLastVisitCommand","messageBody":"","fileTypesAndContributionMap":{"functional-code":{"insertions":15,"deletions":0}}},{"hash":"a46e16c10ab610525a3c4deca9feaa2f4e806c08","isMergeCommit":false,"messageTitle":"Add tests for DelLastVisitCommandParserTest","messageBody":"","fileTypesAndContributionMap":{"test-code":{"insertions":25,"deletions":2}}},{"hash":"3a2d5e629a5ebf9afd0772970b5df3dc629d58da","isMergeCommit":true,"messageTitle":"Merge pull request #52 from szelingtan/unprescribe-command-branch","messageBody":"Unprescribe command branch","fileTypesAndContributionMap":{}}]},{"date":"2025-03-16","commitResults":[{"hash":"d3ec412ec6be98baeb23d71100d3b49725e9d028","isMergeCommit":false,"messageTitle":"Fix typo in function name","messageBody":"","fileTypesAndContributionMap":{"test-code":{"insertions":1,"deletions":1}}},{"hash":"c63774d89f29b81475000adc5685136c7313bad0","isMergeCommit":false,"messageTitle":"Disable some JUnit tests temporarily","messageBody":"Currently reworking the lastVisit attribute so that it can be\nnull, and this would cause the current test to fail.\n","fileTypesAndContributionMap":{"test-code":{"insertions":43,"deletions":30}}},{"hash":"20d35895fae65a7a10c1e0cb7389bd1b1b1ea7cd","isMergeCommit":false,"messageTitle":"Add ability to display nothing for last visit","messageBody":"Done in preparation to make the cmd delLastVisit set the lastVisit\nattribute to null rather than using some placeholder String like\n\"NONE\".\n","fileTypesAndContributionMap":{"functional-code":{"insertions":5,"deletions":1}}},{"hash":"2ceecb0ddfba26821daa144a18faa87a0a37611c","isMergeCommit":false,"messageTitle":"Add ability to read and write null for lastVisit","messageBody":"Done as part of enabling the lastVisit attribute to be null and\nto make delLastVisit set the attribute to null rather than use some\nplaceholder string like \"None\"\n","fileTypesAndContributionMap":{"functional-code":{"insertions":16,"deletions":5}}},{"hash":"a63c7a39fbc06e5f5c568cef033d69413d4a4b9f","isMergeCommit":false,"messageTitle":"Make delLastVisit set the attribute to null","messageBody":"","fileTypesAndContributionMap":{"functional-code":{"insertions":2,"deletions":1}}},{"hash":"0de07213e5f72bac4024eb0512791f9da1e147ca","isMergeCommit":false,"messageTitle":"Fix codestyle","messageBody":"","fileTypesAndContributionMap":{"functional-code":{"insertions":6,"deletions":7}}}]},{"date":"2025-03-17","commitResults":[{"hash":"390d312e5cc262460e126c7363310c6c6cd1f696","isMergeCommit":false,"messageTitle":"Fix NPE bug with lastVisit since it can be null now","messageBody":"","fileTypesAndContributionMap":{"functional-code":{"insertions":9,"deletions":1}}},{"hash":"f3158476e4e457a5773b4d0e7bae097a5af016eb","isMergeCommit":false,"messageTitle":"Fix buggy `withLastVisit()` function","messageBody":"Accidentally returned `null` instead of setting the attribute\nto `null` and returning the `PatientBuilder` object\n","fileTypesAndContributionMap":{"test-code":{"insertions":5,"deletions":1}}},{"hash":"01386a843b8669c636ea61d95f84787dd7927562","isMergeCommit":false,"messageTitle":"Fix first DelLastVisitCommandTest test","messageBody":"","fileTypesAndContributionMap":{"test-code":{"insertions":32,"deletions":31}}},{"hash":"bb88a5b6a63489972f766fae5e65fa9126f2eec3","isMergeCommit":false,"messageTitle":"Fix codestyle","messageBody":"","fileTypesAndContributionMap":{"test-code":{"insertions":10,"deletions":10}}},{"hash":"68c5ad9b08a43bf5035f6193950ff11a8d85a974","isMergeCommit":false,"messageTitle":"Delete blank test","messageBody":"","fileTypesAndContributionMap":{"test-code":{"insertions":0,"deletions":13}}},{"hash":"5e1c1d1994c63f14415d7cbbace09449747c6e98","isMergeCommit":false,"messageTitle":"Add delLastVisit to the command summary","messageBody":"","fileTypesAndContributionMap":{"docs":{"insertions":11,"deletions":10}}},{"hash":"06743889ead7b0e38bba08928dea27fcc52ed8f9","isMergeCommit":false,"messageTitle":"Add default msg if Patient.lastVisit is null","messageBody":"","fileTypesAndContributionMap":{"functional-code":{"insertions":1,"deletions":1}}},{"hash":"5cf6081aec3c9c9fb5f62e3446cd91119a766281","isMergeCommit":false,"messageTitle":"Separate example to new column in Command Summary","messageBody":"","fileTypesAndContributionMap":{"docs":{"insertions":11,"deletions":11}}},{"hash":"120764104c7ce38ac29331302c2480dceb0a4690","isMergeCommit":false,"messageTitle":"Add cmd info for delLastVisit","messageBody":"","fileTypesAndContributionMap":{"docs":{"insertions":9,"deletions":0}}},{"hash":"fbbb916b4344b614063b2f1b6e0b7c69434be9cc","isMergeCommit":true,"messageTitle":"Merge pull request #63 from Eun777/branch-update-ug-last-visit","messageBody":"Update user guide to include Last Visit command","fileTypesAndContributionMap":{}},{"hash":"5e4c7054105da0153fdfe5129d47519b899bf89b","isMergeCommit":true,"messageTitle":"Merge pull request #66 from szelingtan/add_tests_branch","messageBody":"Update command string","fileTypesAndContributionMap":{}},{"hash":"0feecf0c047cf68cc9cec460430126c0cf039829","isMergeCommit":false,"messageTitle":"Update help link","messageBody":"","fileTypesAndContributionMap":{"functional-code":{"insertions":1,"deletions":1}}},{"hash":"d5cd30685dece3d0f7b46971c6cddcef4768fcd5","isMergeCommit":true,"messageTitle":"Merge pull request #75 from Eun777/branch-edit-last-visit-output","messageBody":"Edit outputs for Last Visit command","fileTypesAndContributionMap":{}},{"hash":"eadcb46541f379e3293b172a627735d64ec7ec45","isMergeCommit":true,"messageTitle":"Merge pull request #76 from Luoq1-Xu/branch-fix-patient-display","messageBody":"Branch fix patient display","fileTypesAndContributionMap":{}},{"hash":"3b279ab49dcc652f4ade921f373e3c820a4f2822","isMergeCommit":true,"messageTitle":"Merge pull request #78 from Luoq1-Xu/branch-fix-filepath","messageBody":"Fix incorrect FXML filepath preventing jar build","tags":["v1.3"],"fileTypesAndContributionMap":{}}]},{"date":"2025-03-19","commitResults":[{"hash":"f4a5e4c62cf18628d1b4a006ea563513c62fcd44","isMergeCommit":false,"messageTitle":"Rename Title from `Address App` to `CareConnect`","messageBody":"","fileTypesAndContributionMap":{"functional-code":{"insertions":1,"deletions":1}}}]},{"date":"2025-03-26","commitResults":[{"hash":"10fa3e78c8981493ff1ca67a2b4bd43da24f88c0","isMergeCommit":true,"messageTitle":"Merge pull request #87 from szelingtan/unprescribe_uml_branch","messageBody":"Add UnprescribeSequenceDiagram-Logic.puml","fileTypesAndContributionMap":{}},{"hash":"e92fe506cc1f6d79ee6bf0aa7e72f04c95dd2e2e","isMergeCommit":true,"messageTitle":"Merge pull request #93 from Eun777/branch-update-ui","messageBody":"Update Ui for CareConnect","fileTypesAndContributionMap":{}},{"hash":"c1e9262b48a5f75d1332eb486549755fdd60a757","isMergeCommit":true,"messageTitle":"Merge pull request #96 from Eun777/branch-update-command-result","messageBody":"Update result for commands","fileTypesAndContributionMap":{}},{"hash":"f8656aac721ae259f8e74de5167069219e106ed3","isMergeCommit":false,"messageTitle":"Enable assertions in gradle","messageBody":"","fileTypesAndContributionMap":{"other":{"insertions":5,"deletions":0}}}]}]},"authorFileTypeContributionMap":{"szelingtan":{"docs":98,"functional-code":126,"test-code":61},"Eun777":{"docs":26,"functional-code":612,"test-code":177},"Luoq1-Xu":{"docs":221,"functional-code":389,"test-code":414,"other":3},"Liu-Jihan":{"docs":94,"functional-code":478,"test-code":803},"Bryce-3D":{"docs":58,"functional-code":281,"test-code":125,"other":5}},"authorContributionVariance":{"szelingtan":1.03304872E8,"Eun777":35195.977,"Luoq1-Xu":16990.566,"Liu-Jihan":207363.5,"Bryce-3D":19388.229},"authorDisplayNameMap":{"szelingtan":"CS2103T-T17-2 TAN ..LING","Eun777":"CS2103T-T17-2 NG W..NICE","Luoq1-Xu":"CS2103T-T17-2 XU L..UOQI","Liu-Jihan":"CS2103T-T17-2 LIU ..IHAN","Bryce-3D":"CS2103T-T17-2 SANC.. ANG"}}
