{"authorDailyContributionsMap":{"xinniyee":[{"date":"2025-03-03","commitResults":[{"hash":"d3b8e4afe0038d45d52925beb21653f375fb6313","isMergeCommit":false,"messageTitle":"Add AboutUs page (Xin Ni)","messageBody":"","fileTypesAndContributionMap":{"docs":{"insertions":5,"deletions":6}}}]},{"date":"2025-03-06","commitResults":[{"hash":"95f061abd81cae2340490a8e214952633583f601","isMergeCommit":false,"messageTitle":"Updated Developer Guide for User stories, NFR, and Glossary","messageBody":"","fileTypesAndContributionMap":{"docs":{"insertions":48,"deletions":11}}}]},{"date":"2025-03-13","commitResults":[{"hash":"e2e6b71b5d1609bd879952fe84f1613fbc9092b2","isMergeCommit":false,"messageTitle":"Improve find command to support multiple fields","messageBody":"","fileTypesAndContributionMap":{"functional-code":{"insertions":159,"deletions":15},"test-code":{"insertions":119,"deletions":30}}},{"hash":"c8c25bd8ff984c59b7c86cec08a7d4c273fe228d","isMergeCommit":false,"messageTitle":"Moving import statements","messageBody":"","fileTypesAndContributionMap":{"test-code":{"insertions":1,"deletions":1}}},{"hash":"a8a3f9a6b267c65b07c8a8ffc896058c804356f2","isMergeCommit":false,"messageTitle":"Moving import statement","messageBody":"","fileTypesAndContributionMap":{"test-code":{"insertions":1,"deletions":1}}},{"hash":"6f348864757de43486abd5b803ae22640f27c65a","isMergeCommit":true,"messageTitle":"Merge branch \u0027master\u0027 into branch-BetterSearch","messageBody":"# Conflicts:\n#\tsrc/test/java/seedu/address/logic/parser/AddressBookParserTest.java\n","fileTypesAndContributionMap":{}},{"hash":"f2c53e8bfe42e85fdc682f310ce1ba0324d59111","isMergeCommit":false,"messageTitle":"Solve checkstyle error","messageBody":"","fileTypesAndContributionMap":{"functional-code":{"insertions":22,"deletions":9},"test-code":{"insertions":1,"deletions":4}}},{"hash":"16c9436310681ac9a978dcb87cd01de37ced32f8","isMergeCommit":false,"messageTitle":"Change test names","messageBody":"","fileTypesAndContributionMap":{"test-code":{"insertions":20,"deletions":13}}},{"hash":"48499a0d2d7568a4e05e055ca0778731603c37e8","isMergeCommit":false,"messageTitle":"Add unit tests for PersonContainsKeywordsPredicate","messageBody":"","fileTypesAndContributionMap":{"test-code":{"insertions":82,"deletions":0}}},{"hash":"eb04338f071be381ae8baab6ff8431d3fa1a9162","isMergeCommit":false,"messageTitle":"Resolve checkstyle issues","messageBody":"","fileTypesAndContributionMap":{"test-code":{"insertions":24,"deletions":12}}},{"hash":"fa0122c169cf6685e92230e9bbaecd0ce3718967","isMergeCommit":false,"messageTitle":"Add unit test for toString()","messageBody":"","fileTypesAndContributionMap":{"test-code":{"insertions":22,"deletions":0}}},{"hash":"f58126ca0ed5eecfe123a16d14e6983cb0bc692d","isMergeCommit":false,"messageTitle":"Remove debugging sentence","messageBody":"","fileTypesAndContributionMap":{"functional-code":{"insertions":0,"deletions":1}}}]},{"date":"2025-03-18","commitResults":[{"hash":"4bba16a927d8e62f1e1fac75894a52f486b17870","isMergeCommit":false,"messageTitle":"Change variable name","messageBody":"","fileTypesAndContributionMap":{"functional-code":{"insertions":32,"deletions":32}}}]},{"date":"2025-03-19","commitResults":[{"hash":"d3d5ac6c5a8d3686aee45e509a1352cdd12597b5","isMergeCommit":false,"messageTitle":"Add Levenshtein distance","messageBody":"","fileTypesAndContributionMap":{"functional-code":{"insertions":37,"deletions":6}}},{"hash":"48d3a5150b0ae61844bad556e77306f91c38c9c2","isMergeCommit":false,"messageTitle":"Change fuzzy search implementation","messageBody":"","fileTypesAndContributionMap":{"functional-code":{"insertions":22,"deletions":1}}},{"hash":"a1bb48f6127cf4897decd02be8201b326a2f7dcb","isMergeCommit":false,"messageTitle":"Add test cases","messageBody":"","fileTypesAndContributionMap":{"test-code":{"insertions":73,"deletions":0}}}]}],"Wrongian":[{"date":"2025-03-02","commitResults":[{"hash":"16c5e73aba2a28aef1a0e53f9b3f3c30f7159608","isMergeCommit":false,"messageTitle":"Update AboutUs page","messageBody":"","fileTypesAndContributionMap":{"docs":{"insertions":5,"deletions":6}}},{"hash":"132a72132ae7c8cf3e928d563d2697efe2a0b882","isMergeCommit":false,"messageTitle":"Update Github Actions build status badge","messageBody":"","fileTypesAndContributionMap":{"docs":{"insertions":1,"deletions":1}}},{"hash":"24378bc9d289a2f7661a4ee026e7a07b6445489f","isMergeCommit":false,"messageTitle":"Update readme to match project","messageBody":"","fileTypesAndContributionMap":{"docs":{"insertions":6,"deletions":9}}}]},{"date":"2025-03-03","commitResults":[{"hash":"7a5c469e650f78052ef6bd4d92987cf21850255e","isMergeCommit":true,"messageTitle":"Merge pull request #7 from clx3210/feat/update-aboutus","messageBody":"Add details to AboutUs.md","fileTypesAndContributionMap":{}},{"hash":"3c905f19248fa4fe920b74d71cfedd92e557374d","isMergeCommit":true,"messageTitle":"Merge pull request #18 from xinniyee/branch-AddPhoto","messageBody":"Add Xin Ni\u0027s photo","fileTypesAndContributionMap":{}},{"hash":"983b5a29ad8b5c6f51dc7eb3f0e58b106ae5325e","isMergeCommit":false,"messageTitle":"Fix typo in readme","messageBody":"","fileTypesAndContributionMap":{"docs":{"insertions":1,"deletions":1}}},{"hash":"487d7cb7d87797ddab3c85e9558cfe99a9b0ce36","isMergeCommit":true,"messageTitle":"Merge pull request #22 from carineang/branch-add-carine-photo","messageBody":"Add Carine\u0027s photo","fileTypesAndContributionMap":{}}]},{"date":"2025-03-05","commitResults":[{"hash":"c983542c4e43c02c752e634f04dd672d26e5535e","isMergeCommit":true,"messageTitle":"Merge pull request #21 from carineang/branch-add-carine-details","messageBody":"Add AboutUs page (Carine)","fileTypesAndContributionMap":{}},{"hash":"79edc132eb2c2534a5be4d35b035f148aa789502","isMergeCommit":false,"messageTitle":"Update roles in about us page to be more consistent","messageBody":"","fileTypesAndContributionMap":{"docs":{"insertions":9,"deletions":11}}},{"hash":"9be6d00c5a093188293e0637ae0b8f236535f4a2","isMergeCommit":true,"messageTitle":"Merge pull request #34 from Wrongian/branch-update-about-us","messageBody":"Update roles in about us page to be more consistent","fileTypesAndContributionMap":{}}]},{"date":"2025-03-06","commitResults":[{"hash":"1b08d72be77b9c28544773e57add551ec86b245d","isMergeCommit":true,"messageTitle":"Merge pull request #36 from xinniyee/branch-DeveloperGuide","messageBody":"Updated Developer Guide for User stories, NFR, and Glossary","fileTypesAndContributionMap":{}},{"hash":"d3fca91d107381ac6b709025297b640f587d9560","isMergeCommit":false,"messageTitle":"Add use cases to developer guide","messageBody":"","fileTypesAndContributionMap":{"docs":{"insertions":101,"deletions":0}}},{"hash":"f947d8272dd8da9e64de29e11b7263f09fca48e7","isMergeCommit":false,"messageTitle":"Update cases to have an actor of user","messageBody":"","fileTypesAndContributionMap":{"docs":{"insertions":3,"deletions":3}}},{"hash":"20f6c4a0e4eb7c86920632a3668910b1bb454fe8","isMergeCommit":true,"messageTitle":"Merge pull request #39 from carineang/ui-design","messageBody":"Add UI mockup","fileTypesAndContributionMap":{}},{"hash":"6d6c7555f6169c479d3e66f0c603d47be1561b06","isMergeCommit":false,"messageTitle":"Update non functional requirements","messageBody":"","fileTypesAndContributionMap":{"docs":{"insertions":9,"deletions":4}}},{"hash":"af18ad551f9fa8ebf04a65b3740cfc7a004a4a72","isMergeCommit":false,"messageTitle":"Update glossary with new terms","messageBody":"","fileTypesAndContributionMap":{"docs":{"insertions":5,"deletions":2}}},{"hash":"97ab5dc5281e0abda4278db2dcb54058963e9c76","isMergeCommit":false,"messageTitle":"Fix formatting issues","messageBody":"","fileTypesAndContributionMap":{"docs":{"insertions":1,"deletions":3}}},{"hash":"0aec2f8a02bdd587c28fc3d0a7795ee62a350488","isMergeCommit":true,"messageTitle":"Merge remote-tracking branch \u0027upstream/master\u0027 into branch-update-DG","messageBody":"# Conflicts:\n#\tdocs/DeveloperGuide.md\n","fileTypesAndContributionMap":{}},{"hash":"0b331dd7bc7d262b8017f463d16842a8a8faaee8","isMergeCommit":false,"messageTitle":"Fix minor errors in DG","messageBody":"","fileTypesAndContributionMap":{"docs":{"insertions":2,"deletions":2}}},{"hash":"e1e78e0ab8354a1119d84284170e76b3f9ed7f5f","isMergeCommit":false,"messageTitle":"Fix formatting of DG again","messageBody":"","fileTypesAndContributionMap":{"docs":{"insertions":9,"deletions":9}}},{"hash":"a7708a1ea952e4a7afd12ea2d1e08d8fda7e2d46","isMergeCommit":false,"messageTitle":"Fix minor spelling mistake in DG","messageBody":"","fileTypesAndContributionMap":{"docs":{"insertions":1,"deletions":1}}},{"hash":"a8a7428ed8b131e47df2d8e0752acc57e16e1b88","isMergeCommit":false,"messageTitle":"Fix more errors in DG","messageBody":"","fileTypesAndContributionMap":{"docs":{"insertions":2,"deletions":3}}},{"hash":"62b38b5cfee67d0151cc5f150c926ec5da961fa9","isMergeCommit":false,"messageTitle":"Fix more errors in DG","messageBody":"","fileTypesAndContributionMap":{"docs":{"insertions":24,"deletions":9}}},{"hash":"3c474ecb97612e3e6a36e1629e55f29f0762ec77","isMergeCommit":false,"messageTitle":"Fix minor issue in DG again","messageBody":"","fileTypesAndContributionMap":{"docs":{"insertions":1,"deletions":1}}},{"hash":"00734248c5e55b5dd7621dfe4516b671687874d5","isMergeCommit":false,"messageTitle":"Fix error in markdown in DG","messageBody":"","fileTypesAndContributionMap":{"docs":{"insertions":1,"deletions":1}}},{"hash":"323c78e6d764be2898f0fcbef46780129d40d6c2","isMergeCommit":false,"messageTitle":"Fix minor formatting error in DG","messageBody":"","fileTypesAndContributionMap":{"docs":{"insertions":1,"deletions":1}}},{"hash":"73854061a4395d291561b19153b5fd0559a8baa3","isMergeCommit":true,"messageTitle":"Merge pull request #37 from Wrongian/branch-update-DG","messageBody":"Add use cases to developer guide and do some final fixes","fileTypesAndContributionMap":{}}]},{"date":"2025-03-11","commitResults":[{"hash":"92735ce7ed3bf1e8750e75013cf3571850695f48","isMergeCommit":false,"messageTitle":"Add note class and methods","messageBody":"","fileTypesAndContributionMap":{"functional-code":{"insertions":66,"deletions":0}}},{"hash":"3328a86fa6944bc21e606604d7070812d4a1df21","isMergeCommit":false,"messageTitle":"Add notes functionality to various classes","messageBody":"","fileTypesAndContributionMap":{"functional-code":{"insertions":43,"deletions":23}}},{"hash":"aeb607a43ad97a995055f76f15dbbb2fd323a9ca","isMergeCommit":false,"messageTitle":"Fix test cases","messageBody":"","fileTypesAndContributionMap":{"test-code":{"insertions":40,"deletions":24}}},{"hash":"08269dc7fa39406c0f4f336380a8a9943ac1dc17","isMergeCommit":false,"messageTitle":"Fix error in test cases","messageBody":"","fileTypesAndContributionMap":{"functional-code":{"insertions":5,"deletions":3},"test-code":{"insertions":3,"deletions":2}}},{"hash":"055c82c4a18392735456d6b05e30628e1dd21a59","isMergeCommit":false,"messageTitle":"Fix checkstyle errors","messageBody":"","fileTypesAndContributionMap":{"functional-code":{"insertions":22,"deletions":6},"test-code":{"insertions":24,"deletions":10}}},{"hash":"cb4cef9dc076c072b34a1cd11b00af27abc91b43","isMergeCommit":false,"messageTitle":"Add clarification to choice of default note value","messageBody":"","fileTypesAndContributionMap":{"test-code":{"insertions":1,"deletions":0}}},{"hash":"b737ce912ae90f335a9d1fde1481a82d3c65343e","isMergeCommit":false,"messageTitle":"Add test cases","messageBody":"","fileTypesAndContributionMap":{"test-code":{"insertions":4,"deletions":0}}},{"hash":"7fde6518df820be4d32c7c41f10656f27b4394fe","isMergeCommit":false,"messageTitle":"Fix checkstyle errors","messageBody":"","fileTypesAndContributionMap":{"test-code":{"insertions":89,"deletions":0}}},{"hash":"ffc97800e4f22e6d3300b7e742999cf2692012e2","isMergeCommit":false,"messageTitle":"Update test cases with note functionality","messageBody":"","fileTypesAndContributionMap":{"test-code":{"insertions":9,"deletions":6}}},{"hash":"8ba1d24166fe4fdf37826ad03eea6814e8f6468a","isMergeCommit":false,"messageTitle":"Fix checkstyle","messageBody":"","fileTypesAndContributionMap":{"test-code":{"insertions":6,"deletions":1}}},{"hash":"8e3eb57f597af46a2019b449b0222362b9b1631d","isMergeCommit":false,"messageTitle":"Move EditPersonDescriptor as another class and change references to it","messageBody":"","fileTypesAndContributionMap":{"functional-code":{"insertions":128,"deletions":116},"test-code":{"insertions":8,"deletions":8}}},{"hash":"98a37e816071423d3a3acd7af306503bdd71cb57","isMergeCommit":false,"messageTitle":"Add note command","messageBody":"","fileTypesAndContributionMap":{"functional-code":{"insertions":160,"deletions":27}}}]},{"date":"2025-03-12","commitResults":[{"hash":"3862e9ac9a65cc5aecfad33196f30d6614e6bddf","isMergeCommit":false,"messageTitle":"Fix checkstyle and other minor bugs","messageBody":"","fileTypesAndContributionMap":{"functional-code":{"insertions":25,"deletions":10}}},{"hash":"d312f89fc0932f7b284dd4d78eca7433e7c46df5","isMergeCommit":false,"messageTitle":"Update test cases","messageBody":"","fileTypesAndContributionMap":{"test-code":{"insertions":224,"deletions":7}}},{"hash":"470ea833d0bb3d0fb8d898a5bec2bacc639c7b71","isMergeCommit":true,"messageTitle":"Merge branch \u0027master\u0027 into branch-add-notes","messageBody":"# Conflicts:\n#\tsrc/main/java/seedu/address/logic/parser/AddressBookParser.java\n","fileTypesAndContributionMap":{}},{"hash":"75ed8fd2d92749d8f013cf7389dd199ebe0eaf2a","isMergeCommit":false,"messageTitle":"Fix residual merge conflict","messageBody":"","fileTypesAndContributionMap":{"functional-code":{"insertions":0,"deletions":3}}},{"hash":"e4f03c0469b2203b8d2b962b62f7c9ed38dac075","isMergeCommit":false,"messageTitle":"Add test case to AddressBookParserTest","messageBody":"","fileTypesAndContributionMap":{"test-code":{"insertions":10,"deletions":0}}},{"hash":"d5691871d9ae80127270a60d477bcd1c8eb9141c","isMergeCommit":false,"messageTitle":"Move EditPersonDescriptor to be under model/descriptors","messageBody":"","fileTypesAndContributionMap":{"functional-code":{"insertions":5,"deletions":3},"other":{"insertions":1,"deletions":1},"test-code":{"insertions":7,"deletions":4}}},{"hash":"feb1ceef2766aa989c7160d2713b6994c3212385","isMergeCommit":true,"messageTitle":"Merge pull request #55 from Wrongian/branch-add-notes","messageBody":"Feature - Change a note of a contact","fileTypesAndContributionMap":{}},{"hash":"72dfd395b7de97d1b9d033a9456c9334285a54bf","isMergeCommit":true,"messageTitle":"Merge pull request #59 from clx3210/fix/help-command-url","messageBody":"Fix - Update help command UG url","fileTypesAndContributionMap":{}}]},{"date":"2025-03-13","commitResults":[{"hash":"dfd02b264c8c47d278c1d59910f0c11430c34f0f","isMergeCommit":true,"messageTitle":"Merge pull request #61 from xinniyee/branch-BetterSearch","messageBody":"Improve find command to support multiple fields","fileTypesAndContributionMap":{}}]},{"date":"2025-03-19","commitResults":[{"hash":"7b2122359286a9f8a3982ec0c0585f2bbf6dc805","isMergeCommit":true,"messageTitle":"Merge pull request #71 from clx3210/fix/phone-number-length","messageBody":"[Enhancement] Update phone number length and message","fileTypesAndContributionMap":{}},{"hash":"2337147ab7ead6c63d64edb34fac0d385d7fd75f","isMergeCommit":false,"messageTitle":"Add viewnote command","messageBody":"","fileTypesAndContributionMap":{"functional-code":{"insertions":142,"deletions":1}}},{"hash":"68ded7b3f548975e5ff89507ae750b364e4ed7d3","isMergeCommit":false,"messageTitle":"Remove note UI elements for later iterations","messageBody":"","fileTypesAndContributionMap":{"functional-code":{"insertions":0,"deletions":31}}},{"hash":"2c763184b3b4a467fb8ef3ae9a4389a3b63c7701","isMergeCommit":false,"messageTitle":"Remove NotePanel fxml file","messageBody":"","fileTypesAndContributionMap":{"functional-code":{"insertions":0,"deletions":8}}},{"hash":"cacca6cd688b86f5f372b9ecee3179f5e704869e","isMergeCommit":false,"messageTitle":"Add viewnote command functionality","messageBody":"","fileTypesAndContributionMap":{"functional-code":{"insertions":15,"deletions":2}}},{"hash":"c4581a51c8e0f1baead36a94f4fe1709fec078de","isMergeCommit":false,"messageTitle":"Add test cases","messageBody":"","fileTypesAndContributionMap":{"test-code":{"insertions":143,"deletions":0}}},{"hash":"910e09232f0927543bb21f5be5b4ce76a6c3f97f","isMergeCommit":false,"messageTitle":"Fix checkstyle errors","messageBody":"","fileTypesAndContributionMap":{"functional-code":{"insertions":4,"deletions":9}}},{"hash":"395a0572c5ff61df3932684edfb92c3d4160433e","isMergeCommit":true,"messageTitle":"Merge branch \u0027master\u0027 into branch-add_notes","messageBody":"# Conflicts:\n#\tsrc/main/java/seedu/address/logic/parser/AddressBookParser.java\n","fileTypesAndContributionMap":{}},{"hash":"d352b92898deb2dc2993e4764ebd04a3279dfeec","isMergeCommit":false,"messageTitle":"Fix checkstyle errors","messageBody":"","fileTypesAndContributionMap":{"functional-code":{"insertions":1,"deletions":1}}},{"hash":"4571031f02072ed944e72cd59e7b3801b343d497","isMergeCommit":false,"messageTitle":"Add AddressBookParser test case","messageBody":"","fileTypesAndContributionMap":{"test-code":{"insertions":8,"deletions":0}}},{"hash":"d77196b1b056a6e9051c31e7a2d179253f2c8131","isMergeCommit":false,"messageTitle":"Add clarification to ViewNoteCommandParser test cases","messageBody":"","fileTypesAndContributionMap":{"test-code":{"insertions":3,"deletions":2}}}]},{"date":"2025-03-20","commitResults":[{"hash":"f9dc7ad6b5662c5689d7e80039bb2cc9d2c9daa4","isMergeCommit":false,"messageTitle":"Change version number in MainApp.java","messageBody":"","fileTypesAndContributionMap":{"functional-code":{"insertions":1,"deletions":1}}},{"hash":"b981bf0d310f95d46131e4350a2a7705d367b63d","isMergeCommit":true,"messageTitle":"Merge branch \u0027master\u0027 into branch-release_v1.3_prep","messageBody":"","fileTypesAndContributionMap":{}},{"hash":"e68cd3c338aee21b4cf9c38207791c4a0e0496fe","isMergeCommit":false,"messageTitle":"Change version to v1.3 instead","messageBody":"","fileTypesAndContributionMap":{"functional-code":{"insertions":1,"deletions":1}}},{"hash":"a124beecd587efd68b368775d311eda8b52aa493","isMergeCommit":true,"messageTitle":"Merge pull request #76 from Wrongian/branch-release_v1.3_prep","messageBody":"Release V1.3 Prep","fileTypesAndContributionMap":{}},{"hash":"42fd38990919557022f9084c1878fae6a6c1b9d4","isMergeCommit":false,"messageTitle":"Change build.gradle to have the name of our product","messageBody":"","fileTypesAndContributionMap":{"other":{"insertions":1,"deletions":1}}}]},{"date":"2025-03-24","commitResults":[{"hash":"05e52a82745facec40d204f39a7c47cda89eaefd","isMergeCommit":true,"messageTitle":"Merge pull request #79 from carineang/branch-ui-design","messageBody":"Change UI theme colours","fileTypesAndContributionMap":{}}]}],"carineang":[{"date":"2025-03-03","commitResults":[{"hash":"c21105de46fc8eb87f7ea903ce6218bb1bf65aa5","isMergeCommit":false,"messageTitle":"Add photo","messageBody":"","fileTypesAndContributionMap":{"docs":{"insertions":3,"deletions":3}}}]},{"date":"2025-03-06","commitResults":[{"hash":"603effdd3d00eafc0bdf3047a0548322ee9732c3","isMergeCommit":false,"messageTitle":"Add UI image","messageBody":"","fileTypesAndContributionMap":{"functional-code":{"insertions":1,"deletions":0}}},{"hash":"4b1980ad2b8dc1d8ff83c25d2fc64027f06714b1","isMergeCommit":false,"messageTitle":"Remove window title","messageBody":"","fileTypesAndContributionMap":{"functional-code":{"insertions":0,"deletions":1}}},{"hash":"1126be8c43829a73d883c15dc87f854380292d83","isMergeCommit":false,"messageTitle":"Add window title","messageBody":"","fileTypesAndContributionMap":{"functional-code":{"insertions":1,"deletions":1}}}]},{"date":"2025-03-15","commitResults":[{"hash":"08a2ed9df286459b2977ef3e5156b01554924af1","isMergeCommit":false,"messageTitle":"Implement sort command for names.","messageBody":"","fileTypesAndContributionMap":{"functional-code":{"insertions":146,"deletions":3}}},{"hash":"fd0064c5635b60308b196e52f2d54dfcf0e2f7eb","isMergeCommit":false,"messageTitle":"Implement sort command for phone, email and address","messageBody":"","fileTypesAndContributionMap":{"functional-code":{"insertions":50,"deletions":14}}},{"hash":"6241e6baa96c240f599c313fd40cbe4792d82241","isMergeCommit":false,"messageTitle":"Implement sort command for tags","messageBody":"","fileTypesAndContributionMap":{"functional-code":{"insertions":13,"deletions":1}}},{"hash":"99182bd50eb6a29b2f460976f1f58466fe71f1b7","isMergeCommit":false,"messageTitle":"Update java imports","messageBody":"","fileTypesAndContributionMap":{"functional-code":{"insertions":11,"deletions":2}}},{"hash":"e467120e293db31d0f45ed05da64af4cf82e9fd5","isMergeCommit":false,"messageTitle":"Add logging messages","messageBody":"","fileTypesAndContributionMap":{"functional-code":{"insertions":25,"deletions":8}}},{"hash":"d6b42be64cb6dcef14713d0ec930712a17cca99c","isMergeCommit":false,"messageTitle":"Add unit tests","messageBody":"","fileTypesAndContributionMap":{"functional-code":{"insertions":5,"deletions":1},"test-code":{"insertions":275,"deletions":2}}},{"hash":"c8cbd1d78ecd35a257362f03c3f45a275d1ba732","isMergeCommit":false,"messageTitle":"Fix checkstyle errors","messageBody":"","fileTypesAndContributionMap":{"functional-code":{"insertions":20,"deletions":12}}}]},{"date":"2025-03-16","commitResults":[{"hash":"7a5bcee15d1989f7ff9189c145cec4259f65ce2e","isMergeCommit":false,"messageTitle":"Fix checkstyle errors","messageBody":"","fileTypesAndContributionMap":{"test-code":{"insertions":22,"deletions":9}}}]},{"date":"2025-03-19","commitResults":[{"hash":"2d05ffd619d3543720f41696ac925e7c6fdfd12d","isMergeCommit":true,"messageTitle":"Merge pull request #65 from carineang/branch-sort-command","messageBody":"Implement sort command","fileTypesAndContributionMap":{}}]},{"date":"2025-03-20","commitResults":[{"hash":"35aba3fef04a33fa0421c4c342a53dd361b97bf6","isMergeCommit":false,"messageTitle":"Fix long phone numbers issue","messageBody":"","fileTypesAndContributionMap":{"functional-code":{"insertions":2,"deletions":1},"test-code":{"insertions":18,"deletions":0}}},{"hash":"625f470440394897ea3895abe5962c94a0c89073","isMergeCommit":false,"messageTitle":"Add main theme","messageBody":"","fileTypesAndContributionMap":{"functional-code":{"insertions":12,"deletions":0}}},{"hash":"4a47d625d89189656590959f964b9be202605693","isMergeCommit":false,"messageTitle":"Update UI for help window","messageBody":"","fileTypesAndContributionMap":{"functional-code":{"insertions":11,"deletions":4}}},{"hash":"cf9dc496a7f763e8cec0565acb197f531e505cae","isMergeCommit":false,"messageTitle":"Update UI","messageBody":"","fileTypesAndContributionMap":{"functional-code":{"insertions":141,"deletions":75}}}]},{"date":"2025-03-21","commitResults":[{"hash":"f36c05f767fceb8b3a6c6cb20790d2731924cca5","isMergeCommit":false,"messageTitle":"Fix checkstyle errors","messageBody":"","fileTypesAndContributionMap":{"functional-code":{"insertions":6,"deletions":6}}}]},{"date":"2025-03-24","commitResults":[{"hash":"5f693f4d7de98d731c7bb019b48b2b20ab17c87f","isMergeCommit":false,"messageTitle":"Fix output colour error","messageBody":"","fileTypesAndContributionMap":{"functional-code":{"insertions":1,"deletions":1}}},{"hash":"ba8cbba13300a680e20a946f3d9a87648dbb55d4","isMergeCommit":true,"messageTitle":"Merge pull request #84 from carineang/branch-ui-design","messageBody":"Fix output colour error","fileTypesAndContributionMap":{}}]}],"clx3210":[{"date":"2025-03-01","commitResults":[{"hash":"31c17e682bfa3c203c1e37cb1b1e9045182d53a0","isMergeCommit":false,"messageTitle":"Add details to AboutUs.md","messageBody":"","fileTypesAndContributionMap":{"docs":{"insertions":5,"deletions":6}}}]},{"date":"2025-03-03","commitResults":[{"hash":"b4da6bf50dfe1311022a58838eff9c7a04fb8c10","isMergeCommit":true,"messageTitle":"Merge pull request #14 from Wrongian/branch-update-readme","messageBody":"Update readme to match project","fileTypesAndContributionMap":{}},{"hash":"bc3bbcd4f14f7a49549c12f86e640f3271782c51","isMergeCommit":true,"messageTitle":"Merge pull request #19 from xinniyee/branch-AboutUs","messageBody":"Add AboutUs page (Xin Ni)","fileTypesAndContributionMap":{}},{"hash":"b415c037fd5718a042c7199d997449278e198af2","isMergeCommit":true,"messageTitle":"Merge pull request #11 from Wrongian/branch-update-wrongian-about-us","messageBody":"Update AboutUs page (Wrongian)","fileTypesAndContributionMap":{}},{"hash":"23cf56ddbecaca70559bcb1ea2e3a85d1772cc9b","isMergeCommit":false,"messageTitle":"Update references to be project specific","messageBody":"","fileTypesAndContributionMap":{"other":{"insertions":2,"deletions":2},"docs":{"insertions":12,"deletions":11}}},{"hash":"77d1c3fa7952f1a3eadd5046f58a2ac436757f10","isMergeCommit":false,"messageTitle":"Fix index.html Ui image link","messageBody":"","fileTypesAndContributionMap":{"docs":{"insertions":1,"deletions":1}}}]},{"date":"2025-03-05","commitResults":[{"hash":"45a1818dd006058df2d36d704dd6dbaf77b8c499","isMergeCommit":true,"messageTitle":"Merge pull request #26 from clx3210/chore/update-site-wide-settings","messageBody":"Update site-wide settings","fileTypesAndContributionMap":{}},{"hash":"3aa5cc9357fe0e4628758e5d9d698b40f4604cbf","isMergeCommit":true,"messageTitle":"Merge pull request #27 from pranavyey/Add-Pranav-Photo","messageBody":"Add Pranav\u0027s Photo","fileTypesAndContributionMap":{}},{"hash":"89fb5b8294cbfa0f0e88d5b4298141c32d6bf5b5","isMergeCommit":true,"messageTitle":"Merge pull request #29 from pranavyey/Update-AboutUs-Pranav","messageBody":"Update AboutUs page to include Pranav","fileTypesAndContributionMap":{}},{"hash":"b4954f9bec6e71bb4d0cad5e8c8a79e912027053","isMergeCommit":false,"messageTitle":"Add some use cases and minor changes","messageBody":"","fileTypesAndContributionMap":{"docs":{"insertions":166,"deletions":31}}},{"hash":"7308d66871d21e684fbc1af9a6a9c0937e93df4f","isMergeCommit":true,"messageTitle":"Merge pull request #31 from clx3210/chore/update-site-wide-settings","messageBody":"Update css content to remove AB-3","fileTypesAndContributionMap":{}},{"hash":"3f0a672d9bff061a0a674caa5f9bb4e32a26e21a","isMergeCommit":true,"messageTitle":"Merge pull request #33 from clx3210/docs/developer-guide","messageBody":"Add some use cases and minor changes","fileTypesAndContributionMap":{}}]},{"date":"2025-03-09","commitResults":[{"hash":"d27e3d14399fd9a68de6be398e079906f2b1d8d9","isMergeCommit":false,"messageTitle":"Add command history model and logic methods","messageBody":"","fileTypesAndContributionMap":{"functional-code":{"insertions":30,"deletions":0},"test-code":{"insertions":10,"deletions":0}}},{"hash":"47370bcdfb4839343e79905f04c8832ab0bba257","isMergeCommit":false,"messageTitle":"Implement initial command history Ui classes","messageBody":"","fileTypesAndContributionMap":{"functional-code":{"insertions":122,"deletions":11}}},{"hash":"ba2569e5aff177ac2097365acd09399214c4df26","isMergeCommit":false,"messageTitle":"Improve input command history abstraction","messageBody":"","fileTypesAndContributionMap":{"functional-code":{"insertions":64,"deletions":9}}},{"hash":"60c39b082992117850290c765566f265996d570b","isMergeCommit":false,"messageTitle":"Add test cases","messageBody":"","fileTypesAndContributionMap":{"test-code":{"insertions":58,"deletions":0}}},{"hash":"73a3de8328557d653b360813a25219ed8ddaaf8c","isMergeCommit":false,"messageTitle":"Fix minor bugs and improve abstraction","messageBody":"","fileTypesAndContributionMap":{"functional-code":{"insertions":32,"deletions":13}}},{"hash":"7123479b04fe0a10ebca89a6d7402240461dc86f","isMergeCommit":false,"messageTitle":"Improve component cohesion and coverage","messageBody":"","fileTypesAndContributionMap":{"functional-code":{"insertions":159,"deletions":69},"test-code":{"insertions":158,"deletions":0}}},{"hash":"3c546b6e64c0878805aaecbf109924b4900e21c1","isMergeCommit":false,"messageTitle":"Remove redundant setter","messageBody":"","fileTypesAndContributionMap":{"functional-code":{"insertions":1,"deletions":5},"test-code":{"insertions":16,"deletions":7}}}]},{"date":"2025-03-11","commitResults":[{"hash":"51e3251bbea1072eb4891d44b92784931c198e2e","isMergeCommit":true,"messageTitle":"Merge pull request #57 from pranavyey/feature-Pin-Unpin","messageBody":"Feature: Pin contact","fileTypesAndContributionMap":{}}]},{"date":"2025-03-12","commitResults":[{"hash":"2ff3b8167a11ab8c373898d466d21fe78d81e9c3","isMergeCommit":false,"messageTitle":"Update help command UG url","messageBody":"","fileTypesAndContributionMap":{"functional-code":{"insertions":1,"deletions":1}}}]},{"date":"2025-03-16","commitResults":[{"hash":"15baea17a88298909275e803b8ba831eaf9b292f","isMergeCommit":false,"messageTitle":"Update history selection logic","messageBody":"","fileTypesAndContributionMap":{"functional-code":{"insertions":69,"deletions":27}}},{"hash":"bd3090d105b46637ad15eb3dd62c75cdb5b1fdd2","isMergeCommit":false,"messageTitle":"Update Ui and testing","messageBody":"","fileTypesAndContributionMap":{"functional-code":{"insertions":32,"deletions":7},"test-code":{"insertions":45,"deletions":29}}},{"hash":"a119a701fec25f15d40915c582493e617808b788","isMergeCommit":false,"messageTitle":"Fix styling issues","messageBody":"","fileTypesAndContributionMap":{"functional-code":{"insertions":11,"deletions":3}}},{"hash":"45540a59af7fa9bb7037311783248a9a21cc1380","isMergeCommit":false,"messageTitle":"Improve code coverage","messageBody":"","fileTypesAndContributionMap":{"test-code":{"insertions":68,"deletions":18}}},{"hash":"1b30412fefb1ff51e95502471891fc3a35b2efbc","isMergeCommit":false,"messageTitle":"Add some JavaDocs","messageBody":"","fileTypesAndContributionMap":{"functional-code":{"insertions":14,"deletions":0}}}]},{"date":"2025-03-18","commitResults":[{"hash":"3ac1a1fb2873d0e3fcfb62b62129116c68598bab","isMergeCommit":true,"messageTitle":"Merge pull request #67 from clx3210/feat/command-history-gui","messageBody":"Feat - Command History GUI","fileTypesAndContributionMap":{}}]},{"date":"2025-03-19","commitResults":[{"hash":"d73db377b7e3098061cd8334c3e4081012dd1900","isMergeCommit":false,"messageTitle":"Update phone number length and message","messageBody":"","fileTypesAndContributionMap":{"functional-code":{"insertions":2,"deletions":2}}}]},{"date":"2025-03-20","commitResults":[{"hash":"d884d81e5496c2e08bc94c4e396dc7f47bcc8006","isMergeCommit":true,"messageTitle":"Merge pull request #74 from Wrongian/branch-add_notes","messageBody":"Add viewnotes command","fileTypesAndContributionMap":{}},{"hash":"bed87e9615767098ca2eca62913c240d90723ccc","isMergeCommit":true,"messageTitle":"Merge pull request #73 from xinniyee/branch-FuzzySearch","messageBody":"Branch fuzzy search","fileTypesAndContributionMap":{}},{"hash":"2e8387daa5747f045d99e2328e13825a58460a90","isMergeCommit":true,"messageTitle":"Merge pull request #75 from carineang/branch-sort-command","messageBody":"","fileTypesAndContributionMap":{}},{"hash":"2d1314a07cb98c706f8ff7ab8ccd3c5520645274","isMergeCommit":true,"messageTitle":"Merge pull request #78 from Wrongian/branch-change_shadowJar_name","messageBody":"Change build.gradle to have the name of our product","tags":["v1.3"],"fileTypesAndContributionMap":{}}]},{"date":"2025-03-26","commitResults":[{"hash":"de0eaedeba154ae00e755801fd6250d02e77e9a3","isMergeCommit":false,"messageTitle":"Add command history sequence diagrams","messageBody":"","fileTypesAndContributionMap":{"docs":{"insertions":58,"deletions":0}}},{"hash":"6f02afbb66dd70035c818df3fbfac689f878c644","isMergeCommit":false,"messageTitle":"Fix formatting","messageBody":"","fileTypesAndContributionMap":{"docs":{"insertions":9,"deletions":9}}}]}],"pranavyey":[{"date":"2025-03-04","commitResults":[{"hash":"6020bbd70a416241f84484d1cabf84254d03f304","isMergeCommit":false,"messageTitle":"Update AboutUs page to include Pranav","messageBody":"","fileTypesAndContributionMap":{"docs":{"insertions":4,"deletions":5}}}]},{"date":"2025-03-05","commitResults":[{"hash":"5311e7d5166bef6a37606cbcd416662a53b4214d","isMergeCommit":false,"messageTitle":"Change Pranav\u0027s photo to passport photo","messageBody":"","fileTypesAndContributionMap":{"docs":{"insertions":1,"deletions":1}}}]},{"date":"2025-03-10","commitResults":[{"hash":"4e1979a83c4509143c2517acf829b59fcc5b31ca","isMergeCommit":true,"messageTitle":"Merge pull request #53 from clx3210/feat/command-history","messageBody":"Feature - Command history (v1.2)","fileTypesAndContributionMap":{}}]},{"date":"2025-03-11","commitResults":[{"hash":"ea10369a91080df60f825684cac87f200139abac","isMergeCommit":false,"messageTitle":"Add PinCommand class in commands","messageBody":"","fileTypesAndContributionMap":{"functional-code":{"insertions":13,"deletions":0}}},{"hash":"3484e8233220b7f820666096415b8e4ac776fd5a","isMergeCommit":false,"messageTitle":"Add PinCommandParser class in parser package","messageBody":"","fileTypesAndContributionMap":{"functional-code":{"insertions":41,"deletions":0}}},{"hash":"a670e7f0013458ec1a143795e38be5efad701a8d","isMergeCommit":false,"messageTitle":"Add support for PinCommand in AddressBookParser","messageBody":"","fileTypesAndContributionMap":{"functional-code":{"insertions":4,"deletions":0}}},{"hash":"2197ec9b1bce9738bfcd24d5cbf95c8934df4c9f","isMergeCommit":false,"messageTitle":"Update execute method in PinCommand class to use the last person listing","messageBody":"","fileTypesAndContributionMap":{"functional-code":{"insertions":19,"deletions":6}}},{"hash":"0919a18de799fd0c62b9d90e7a104cd85dbe28b5","isMergeCommit":false,"messageTitle":"Implement basic tests for PinCommand","messageBody":"","fileTypesAndContributionMap":{"functional-code":{"insertions":4,"deletions":1},"test-code":{"insertions":51,"deletions":0}}},{"hash":"b7e9162d04a49bf1aa3db139e55a2da5c4431dce","isMergeCommit":false,"messageTitle":"Modify basic tests for PinCommand","messageBody":"","fileTypesAndContributionMap":{"functional-code":{"insertions":15,"deletions":0},"test-code":{"insertions":6,"deletions":2}}},{"hash":"377ae37e730d7f50a9678e581011e92e2b30b286","isMergeCommit":false,"messageTitle":"Implement pin logic and functionality","messageBody":"","fileTypesAndContributionMap":{"functional-code":{"insertions":40,"deletions":3}}},{"hash":"acef20e650c4c05b5f3559f79e67073b6db37b86","isMergeCommit":false,"messageTitle":"Fix import groups and order","messageBody":"","fileTypesAndContributionMap":{"functional-code":{"insertions":20,"deletions":5}}},{"hash":"5fda2d5c938c66af4d494804191f84a3452d078d","isMergeCommit":false,"messageTitle":"Fix whitespace errors","messageBody":"","fileTypesAndContributionMap":{"functional-code":{"insertions":3,"deletions":3}}},{"hash":"85f81279863a52edd94855b7793f42f6acc12063","isMergeCommit":false,"messageTitle":"Fix ModelStub to implement pinPerson method","messageBody":"","fileTypesAndContributionMap":{"test-code":{"insertions":5,"deletions":0}}},{"hash":"30bfafff0cc3097ff9e7bab365fa3326924e56a9","isMergeCommit":false,"messageTitle":"Remove unneccessary imports from PinCommandTest","messageBody":"","fileTypesAndContributionMap":{"test-code":{"insertions":0,"deletions":9}}},{"hash":"78a1dc0edc9d72253e4b738af69f0bde7757ae34","isMergeCommit":false,"messageTitle":"Add tests to cover new functionality","messageBody":"","fileTypesAndContributionMap":{"test-code":{"insertions":66,"deletions":4}}},{"hash":"af148a37f7dba258590f5564d470a4c3522bcb6d","isMergeCommit":false,"messageTitle":"Remove more unused imports","messageBody":"","fileTypesAndContributionMap":{"test-code":{"insertions":3,"deletions":3}}}]},{"date":"2025-03-26","commitResults":[{"hash":"985635191d46288f1f1ecec4ce87fc18aa26c31e","isMergeCommit":true,"messageTitle":"Merge pull request #93 from clx3210/docs/command-history-sq","messageBody":"Docs: Add command history sequence diagrams","fileTypesAndContributionMap":{}}]}]},"authorFileTypeContributionMap":{"xinniyee":{"docs":38,"functional-code":223,"test-code":312},"Wrongian":{"docs":131,"functional-code":523,"test-code":548,"other":1},"carineang":{"docs":2,"functional-code":381,"test-code":304},"clx3210":{"docs":221,"functional-code":395,"test-code":301,"other":3},"pranavyey":{"docs":3,"functional-code":141,"test-code":113}},"authorContributionVariance":{"xinniyee":8708.558,"Wrongian":25655.262,"carineang":11541.336,"clx3210":19866.168,"pranavyey":3030.0212},"authorDisplayNameMap":{"xinniyee":"CS2103T-T17-1 YEE ..N NI","Wrongian":"CS2103T-T17-1 IAN ..OONG","carineang":"CS2103T-T17-1 CARI..I QI","clx3210":"CS2103T-T17-1 CHEN..NXIN","pranavyey":"CS2103T-T17-1 PRAN..ATMA"}}
