{"authorDailyContributionsMap":{"ryanlow64":[{"date":"2025-03-02","commitResults":[{"hash":"abc41fd266be27dd0f8b68496d4edadff4c9b06d","isMergeCommit":true,"messageTitle":"Merge pull request #13 from githubcsuser/branch-photo","messageBody":"Add Zheng Feng\u0027s Photo","fileTypesAndContributionMap":{}},{"hash":"8eec9e839882d80827c77b2fa65dc1b3e078c52e","isMergeCommit":false,"messageTitle":"Update AboutUs.md","messageBody":"","fileTypesAndContributionMap":{"docs":{"insertions":4,"deletions":4}}},{"hash":"9f3968f1caf3453f56a4aaaf8ce751d0e6bdf1e8","isMergeCommit":true,"messageTitle":"Merge pull request #35 from mjyan02/branch-mj-aboutus","messageBody":"Update MJ\u0027s details in AboutUs.md","fileTypesAndContributionMap":{}}]},{"date":"2025-03-12","commitResults":[{"hash":"1ff13a3633636d9ca4bbcbd272d506d706c49baa","isMergeCommit":false,"messageTitle":"Update Developer Guide","messageBody":"* Add user stories\n* Reformat use cases\n* Revise use cases content and phrasing\n","fileTypesAndContributionMap":{"docs":{"insertions":136,"deletions":83}}},{"hash":"4e82b7f037b7f4906bf977d833bcedaa1642cbc7","isMergeCommit":false,"messageTitle":"Update DeveloperGuide.md","messageBody":"","fileTypesAndContributionMap":{"docs":{"insertions":3,"deletions":1}}}]},{"date":"2025-03-18","commitResults":[{"hash":"93a4e9e5a0b13c7ea589f5ac41c42d8a65ea3efa","isMergeCommit":false,"messageTitle":"Add support for event management","messageBody":"* Implement `add_event`, `delete_event`, `list_event` functionalities without writing to disk drive.\n\n* Changed \"schedule/viewing\" to \"event\" for more applicability. This will accommodate more general \"events\" in a schedule.\n","fileTypesAndContributionMap":{"functional-code":{"insertions":526,"deletions":49},"other":{"insertions":14,"deletions":13},"docs":{"insertions":3,"deletions":3},"test-code":{"insertions":8,"deletions":8}}},{"hash":"61cf4a567735afdc21c90ae8f340eb17d8dfc7a4","isMergeCommit":false,"messageTitle":"Fix checkstyle","messageBody":"","fileTypesAndContributionMap":{"functional-code":{"insertions":40,"deletions":25}}},{"hash":"3c375dbef9624c738fa74ae7b1ac76ffaaa5dc67","isMergeCommit":true,"messageTitle":"Merge branch \u0027master\u0027","messageBody":"","fileTypesAndContributionMap":{}},{"hash":"838878bbb7a31e4b01ad354db9ebc1aa85bf7b46","isMergeCommit":false,"messageTitle":"Fix repeated declaration bug","messageBody":"","fileTypesAndContributionMap":{"functional-code":{"insertions":0,"deletions":1}}},{"hash":"22664f2698cedbf88a44df06ff5bb554baaa0b5a","isMergeCommit":true,"messageTitle":"Merge branch \u0027master\u0027 into branch-events-v1.2","messageBody":"# Conflicts:\n#\tsrc/main/java/seedu/address/logic/parser/ParserUtil.java\n#\tsrc/main/java/seedu/address/model/AddressBook.java\n#\tsrc/main/java/seedu/address/model/Model.java\n#\tsrc/main/java/seedu/address/model/ModelManager.java\n#\tsrc/main/java/seedu/address/model/ReadOnlyAddressBook.java\n","fileTypesAndContributionMap":{}},{"hash":"710209a39d08387e6190fe28ef2764af7cc08a48","isMergeCommit":false,"messageTitle":"Fix AddressBook bug","messageBody":"","fileTypesAndContributionMap":{"functional-code":{"insertions":3,"deletions":14}}},{"hash":"554e02be8d48921af9bec5a4906da50933b15b41","isMergeCommit":false,"messageTitle":"Fix concrete implementation bugs in stubs","messageBody":"","fileTypesAndContributionMap":{"test-code":{"insertions":33,"deletions":0}}},{"hash":"535fb0321a517a3133808d403469c7fac53a8cfc","isMergeCommit":false,"messageTitle":"Fix DG use case","messageBody":"","fileTypesAndContributionMap":{"docs":{"insertions":5,"deletions":5}}},{"hash":"f28b999ca4b2a9cf70fa34471aa0d6d09e064777","isMergeCommit":false,"messageTitle":"Update AddressBookParser.java","messageBody":"","fileTypesAndContributionMap":{"functional-code":{"insertions":0,"deletions":2}}},{"hash":"35fbb2955af2112f88762f9145cbbf28398fd0e3","isMergeCommit":true,"messageTitle":"Merge pull request #72 from chenxu20/branch-EditClientFeature","messageBody":"Adjust EditClientFeature","fileTypesAndContributionMap":{}}]},{"date":"2025-03-19","commitResults":[{"hash":"5e3576b0a03541e17eb1bae816f9b84cf9b7d97c","isMergeCommit":true,"messageTitle":"Merge branch \u0027master\u0027 into branch-events-v1.2","messageBody":"# Conflicts:\n#\tsrc/main/java/seedu/address/logic/Messages.java\n#\tsrc/main/java/seedu/address/logic/parser/CliSyntax.java\n#\tsrc/main/java/seedu/address/logic/parser/ParserUtil.java\n#\tsrc/main/java/seedu/address/model/event/UniqueScheduleList.java\n#\tsrc/main/java/seedu/address/model/event/exceptions/DuplicateScheduleException.java\n#\tsrc/main/java/seedu/address/model/event/exceptions/ScheduleNotFoundException.java\n#\tsrc/main/java/seedu/address/model/schedule/Schedule.java\n#\tsrc/test/java/seedu/address/model/AddressBookTest.java\n","fileTypesAndContributionMap":{}},{"hash":"1e7656a98bbb13f39c7ca4bdb313612698b5c7e5","isMergeCommit":false,"messageTitle":"Fix UI compatibility with Event feature","messageBody":"Currently, we have schedules in a schedule, which is an amazing way to confuse people.\n\nA \"schedule\" in a schedule shall be renamed to an \"event\", giving it leeway to fulfil various purposes: client meetings, property viewings, agent\u0027s own activities, etc.\n","fileTypesAndContributionMap":{"functional-code":{"insertions":283,"deletions":281},"other":{"insertions":2,"deletions":2},"test-code":{"insertions":4,"deletions":11}}},{"hash":"bb3f9e2fcc7a432eee2c78b0c72aaa52c896cd81","isMergeCommit":false,"messageTitle":"Update GUI interface for events","messageBody":"","fileTypesAndContributionMap":{"functional-code":{"insertions":34,"deletions":18},"test-code":{"insertions":25,"deletions":0}}},{"hash":"3ce2733507efb137cf676aa46a17a9ccadfd3266","isMergeCommit":false,"messageTitle":"Fix checkstyle","messageBody":"","fileTypesAndContributionMap":{"test-code":{"insertions":2,"deletions":3}}},{"hash":"2e1a66a2f8a08cb2532e4a9c31a7a98623760c8d","isMergeCommit":true,"messageTitle":"Merge pull request #83 from ryanlow64/branch-events-v1.2","messageBody":"Implement events functionality","fileTypesAndContributionMap":{}}]},{"date":"2025-03-20","commitResults":[{"hash":"da08668aeb9d167b4b908f89bd0ae5386fbfe703","isMergeCommit":false,"messageTitle":"Integrate Event feature with Storage","messageBody":"","fileTypesAndContributionMap":{"functional-code":{"insertions":124,"deletions":6}}},{"hash":"1fbbf6e1667233f4fb58f800230a3b5480adc699","isMergeCommit":false,"messageTitle":"Update AddressBookTest test case","messageBody":"","fileTypesAndContributionMap":{"test-code":{"insertions":3,"deletions":1}}},{"hash":"0ee78132002d10dfb0b576772f32ab0a96fe1fd7","isMergeCommit":true,"messageTitle":"Merge pull request #90 from ryanlow64/event-storage-integration","messageBody":"Integrate Event feature with Storage","fileTypesAndContributionMap":{}},{"hash":"30754eb6ba95aa1d9130b162905aaee8786ed801","isMergeCommit":true,"messageTitle":"Merge pull request #92 from kumar2215/prepare-for-release","messageBody":"Prepare for release","tags":["MVP"],"fileTypesAndContributionMap":{}}]},{"date":"2025-03-26","commitResults":[{"hash":"77c9b4c9c4457e631d73df593f2cf2b2d8a367e2","isMergeCommit":false,"messageTitle":"Update: maintain events in chronological order","messageBody":"","fileTypesAndContributionMap":{"functional-code":{"insertions":20,"deletions":4}}}]}],"mjyan02":[{"date":"2025-03-02","commitResults":[{"hash":"a24e67125585ee5c13cd98fbbe38097096996f93","isMergeCommit":true,"messageTitle":"Merge pull request #14 from ryanlow64/branch-ryanlow64-photo","messageBody":"Add ryanlow64 profile photo","fileTypesAndContributionMap":{}},{"hash":"327cb8366cbbc2f6b5d939c35a674030744767b2","isMergeCommit":false,"messageTitle":"Revert \"Add Zheng Feng\u0027s Photo\"","messageBody":"","fileTypesAndContributionMap":{"functional-code":{"insertions":18,"deletions":187},"test-code":{"insertions":2,"deletions":14}}},{"hash":"71b3a09ec71a9c2c02d615f6217088595080a2a7","isMergeCommit":false,"messageTitle":"Update: update AboutUs.md","messageBody":"","fileTypesAndContributionMap":{"docs":{"insertions":3,"deletions":3}}},{"hash":"7a960e3b975bb1fd71dd49bc9fa519494c20268e","isMergeCommit":false,"messageTitle":"Update: update AboutUs.md","messageBody":"","fileTypesAndContributionMap":{"docs":{"insertions":2,"deletions":2}}},{"hash":"5dbcebee7f39981bccb7532cb98b27870dbd287e","isMergeCommit":false,"messageTitle":"Update: update AboutUs.md","messageBody":"","fileTypesAndContributionMap":{"docs":{"insertions":1,"deletions":1}}},{"hash":"281dfc42798292b64df7455a355cf67732f787be","isMergeCommit":true,"messageTitle":"Merge pull request #27 from kumar2215/update-aboutUs","messageBody":"Update my details in AboutUs.md","fileTypesAndContributionMap":{}}]},{"date":"2025-03-09","commitResults":[{"hash":"e604f8f4f2024b8734e0acce927f5a5a47164c85","isMergeCommit":false,"messageTitle":"Update: add terms into Glossary section in DG","messageBody":"","fileTypesAndContributionMap":{"docs":{"insertions":7,"deletions":2}}}]},{"date":"2025-03-10","commitResults":[{"hash":"65544e3f9b833dc8304c0c25634623d3faeaf47e","isMergeCommit":true,"messageTitle":"Merge pull request #51 from kumar2215/restructure-project-for-REconnect","messageBody":"Restructure project for reconnect","fileTypesAndContributionMap":{}}]},{"date":"2025-03-16","commitResults":[{"hash":"c9ea80b5063711cdc8d143c29a5da0baa21956bd","isMergeCommit":false,"messageTitle":"Update: add in property features including adding, deleting, listing and editing properties","messageBody":"","fileTypesAndContributionMap":{"functional-code":{"insertions":1331,"deletions":35}}},{"hash":"310f34fded4068ddeb36aedbff57baeddd7a243c","isMergeCommit":false,"messageTitle":"Update: add in property features including adding, deleting, listing and editing properties","messageBody":"","fileTypesAndContributionMap":{"functional-code":{"insertions":1330,"deletions":35}}},{"hash":"cfd41767abafc1a13a7e09fc2610169e28237d14","isMergeCommit":true,"messageTitle":"Update: add new lines at end of files","messageBody":"","fileTypesAndContributionMap":{}},{"hash":"4632d89a6bde14593ab93661f3ba9eeb00ba1763","isMergeCommit":false,"messageTitle":"Update: fix checkstyle and multiple bugs","messageBody":"","fileTypesAndContributionMap":{"functional-code":{"insertions":184,"deletions":80},"other":{"insertions":22,"deletions":21},"test-code":{"insertions":38,"deletions":0}}},{"hash":"b588eefaaac86f420c7628aa77b19a6a62e37523","isMergeCommit":false,"messageTitle":"Update: fix multiple bugs and duplicate classes","messageBody":"","fileTypesAndContributionMap":{"functional-code":{"insertions":10,"deletions":105}}},{"hash":"b7bff45bbccb3ee172e2ca190bca131c4235038c","isMergeCommit":false,"messageTitle":"Update: fix multiple bugs and added in test cases","messageBody":"","fileTypesAndContributionMap":{"functional-code":{"insertions":45,"deletions":2},"test-code":{"insertions":740,"deletions":0}}},{"hash":"69027cd7927a6f0356ca275a0ee968c921f3bff5","isMergeCommit":false,"messageTitle":"Update: implement storage for properties","messageBody":"","fileTypesAndContributionMap":{"functional-code":{"insertions":108,"deletions":5},"test-code":{"insertions":0,"deletions":47}}}]},{"date":"2025-03-19","commitResults":[{"hash":"dc27ce1306e9b290c8b29f2920275714ab62de11","isMergeCommit":false,"messageTitle":"Update: change Price into non-optional field and fix bugs","messageBody":"","fileTypesAndContributionMap":{"functional-code":{"insertions":51,"deletions":62},"test-code":{"insertions":1,"deletions":1}}},{"hash":"b891969be2db6762b6ebbe0eeb945b1c6a45af18","isMergeCommit":false,"messageTitle":"Update: fix bugs","messageBody":"","fileTypesAndContributionMap":{"functional-code":{"insertions":51,"deletions":62},"test-code":{"insertions":1,"deletions":1}}},{"hash":"b09199918ea9deb69f268ce1593b7c41d0f97083","isMergeCommit":true,"messageTitle":"Update: fix bugs","messageBody":"","fileTypesAndContributionMap":{}},{"hash":"cbecbd88847949089d454810c7dbc18afb550be1","isMergeCommit":true,"messageTitle":"Update: fix bugs with test files","messageBody":"","fileTypesAndContributionMap":{}},{"hash":"70788176787ccac15f3a5e6a46714e3fd7b57eca","isMergeCommit":true,"messageTitle":"Merge remote-tracking branch \u0027origin/branch-bug-fixing\u0027 into branch-bug-fixing","messageBody":"","fileTypesAndContributionMap":{}}]},{"date":"2025-03-20","commitResults":[{"hash":"7bc2a95e9050a56438dbe537cbece8e9f1792510","isMergeCommit":false,"messageTitle":"Update: insert test files and fix bugs","messageBody":"","fileTypesAndContributionMap":{"functional-code":{"insertions":5,"deletions":1},"test-code":{"insertions":815,"deletions":7}}},{"hash":"b0d0ae37f2437376158843b8690944d45e13967f","isMergeCommit":false,"messageTitle":"Update: fix bugs for optional fields","messageBody":"","fileTypesAndContributionMap":{"functional-code":{"insertions":27,"deletions":15},"test-code":{"insertions":1,"deletions":1}}}]},{"date":"2025-03-24","commitResults":[{"hash":"a3d5711feb33f1de4bb5495cee8365b36e5ab2a6","isMergeCommit":false,"messageTitle":"Update: add owner field of ClientName class to Property","messageBody":"","fileTypesAndContributionMap":{"functional-code":{"insertions":93,"deletions":22},"test-code":{"insertions":60,"deletions":19}}}]},{"date":"2025-03-25","commitResults":[{"hash":"f5fe05360de6a6a0d25ab87f2ca415c3744490d3","isMergeCommit":false,"messageTitle":"Update: add FindPropertyCommand and FindPropertyCommandParser classes","messageBody":"","fileTypesAndContributionMap":{"functional-code":{"insertions":102,"deletions":1},"test-code":{"insertions":92,"deletions":0}}},{"hash":"ed7f22569e37a7f2bf9197a48cd2d77da1ced952","isMergeCommit":false,"messageTitle":"Implement: add new test cases for code coverage","messageBody":"","fileTypesAndContributionMap":{"test-code":{"insertions":450,"deletions":2}}}]}],"chenxu20":[{"date":"2025-03-02","commitResults":[{"hash":"6845c7f3cbd1820987d5ca2c943599eeb0c3c63d","isMergeCommit":false,"messageTitle":"Update CommandBox.java","messageBody":"","fileTypesAndContributionMap":{"functional-code":{"insertions":1,"deletions":1}}},{"hash":"4f7ae88828f1ad5e22888645bf89074bdcc80288","isMergeCommit":false,"messageTitle":"Revert CommandBox.java","messageBody":"","fileTypesAndContributionMap":{"functional-code":{"insertions":1,"deletions":1}}},{"hash":"16f9106198f6eb81a61782c2c446604b7abebe84","isMergeCommit":false,"messageTitle":"Add personal description","messageBody":"","fileTypesAndContributionMap":{"docs":{"insertions":3,"deletions":3}}},{"hash":"80cb761a81de54560a8b4da3851979e4e5894dd4","isMergeCommit":false,"messageTitle":"Revert \"Add personal description\"","messageBody":"This reverts commit 16f9106198f6eb81a61782c2c446604b7abebe84.\n","fileTypesAndContributionMap":{"docs":{"insertions":3,"deletions":3}}},{"hash":"31b7ec7993ec3172264f51bb73e037d48eed1e2a","isMergeCommit":false,"messageTitle":"Add description to AboutUs.md","messageBody":"","fileTypesAndContributionMap":{"docs":{"insertions":3,"deletions":3}}},{"hash":"0c9a7beb12f6e32a68b92279aa76d68550c10297","isMergeCommit":true,"messageTitle":"Merge pull request #34 from githubcsuser/Branch-Add-AboutUs","messageBody":"Update Zheng Feng\u0027s AboutUs.md","fileTypesAndContributionMap":{}}]},{"date":"2025-03-09","commitResults":[{"hash":"d15d8ce90088d6b50bd08c92af343ebff01bf46d","isMergeCommit":true,"messageTitle":"Merge pull request #47 from githubcsuser/branch-update-DG","messageBody":"Update Target User Profile, Value Proposition, and User Stories","fileTypesAndContributionMap":{}},{"hash":"cdd5927f6c53572f30eafadcf8aeddd62ff16615","isMergeCommit":false,"messageTitle":"Update Use Case and NFR in DG","messageBody":"","fileTypesAndContributionMap":{"docs":{"insertions":104,"deletions":14}}}]},{"date":"2025-03-17","commitResults":[{"hash":"ce74a9442aaa399bd69af805a7b1fe5151302fb8","isMergeCommit":false,"messageTitle":"Add AddClientDetailsFeature","messageBody":"","fileTypesAndContributionMap":{"functional-code":{"insertions":16,"deletions":10},"other":{"insertions":7,"deletions":7},"test-code":{"insertions":20,"deletions":18}}},{"hash":"a1bf5fd3f6c661087c563eb83e40b680cd635187","isMergeCommit":false,"messageTitle":"Add phone number restrictions","messageBody":"","fileTypesAndContributionMap":{"functional-code":{"insertions":5,"deletions":5},"test-code":{"insertions":13,"deletions":13}}},{"hash":"8ae4c3d2623f3fb17573e5e0a98e4d30f9ae8f64","isMergeCommit":false,"messageTitle":"Change add client command","messageBody":"","fileTypesAndContributionMap":{"functional-code":{"insertions":4,"deletions":3},"test-code":{"insertions":6,"deletions":4}}},{"hash":"8fdbda74e75c1a353788ca617abe80f13c14cc93","isMergeCommit":false,"messageTitle":"Fix issue where JSON file could not be properly read","messageBody":"","fileTypesAndContributionMap":{"functional-code":{"insertions":2,"deletions":2}}}]},{"date":"2025-03-18","commitResults":[{"hash":"e00d1521d5afd51262ea5093f8006d2598c0ff8a","isMergeCommit":false,"messageTitle":"Adjust EditClientFeature","messageBody":"","fileTypesAndContributionMap":{"functional-code":{"insertions":4,"deletions":3}}},{"hash":"18a2563c40c1ab452d6677886d5e12bbccf02de3","isMergeCommit":false,"messageTitle":"Adjust DeleteClientFeature","messageBody":"","fileTypesAndContributionMap":{"functional-code":{"insertions":3,"deletions":3},"test-code":{"insertions":1,"deletions":1}}},{"hash":"3b7a1745050ff03e7fb95d474ecb4f0205bb1d0f","isMergeCommit":false,"messageTitle":"Remove Tags from the application, and fix raw type issues in some files","messageBody":"","fileTypesAndContributionMap":{"functional-code":{"insertions":34,"deletions":301},"test-code":{"insertions":50,"deletions":284}}},{"hash":"8b3c2f075d7aea87a115d81f73a6ca3ad1bc351a","isMergeCommit":false,"messageTitle":"Update diagram and developer\u0027s guide after removing client tags","messageBody":"","fileTypesAndContributionMap":{"functional-code":{"insertions":0,"deletions":27},"docs":{"insertions":6,"deletions":53}}}]},{"date":"2025-03-19","commitResults":[{"hash":"8d56f97c8a60405b7624c0656da8cb7448d051d6","isMergeCommit":false,"messageTitle":"Update client name command syntax","messageBody":"","fileTypesAndContributionMap":{"functional-code":{"insertions":1,"deletions":1}}}]},{"date":"2025-03-24","commitResults":[{"hash":"d5d74d09c9cc04bdc68c10902839eeb462c8c1d4","isMergeCommit":false,"messageTitle":"Update list client feature","messageBody":"","fileTypesAndContributionMap":{"functional-code":{"insertions":1,"deletions":1},"test-code":{"insertions":3,"deletions":3}}}]},{"date":"2025-03-25","commitResults":[{"hash":"d8a095f3cf7d3200e3abadcdc144a9505c570c3d","isMergeCommit":false,"messageTitle":"Implement FindClientCommand and made FindCommand abstract","messageBody":"","fileTypesAndContributionMap":{"functional-code":{"insertions":105,"deletions":58},"test-code":{"insertions":246,"deletions":117}}}]},{"date":"2025-03-26","commitResults":[{"hash":"85b3fb6860411b07a6cc57188e1fba5c4816788d","isMergeCommit":true,"messageTitle":"Resolve merge conflict","messageBody":"","fileTypesAndContributionMap":{}}]}],"kumar2215":[{"date":"2025-02-24","commitResults":[{"hash":"957f2a0ed00095d655bb6a3710e9d7355a9ab61e","isMergeCommit":true,"messageTitle":"Merge pull request from AY2425S2-CS2103T-T12-3/switch-docs-to-markbind","messageBody":"Switch docs to markbind","fileTypesAndContributionMap":{}},{"hash":"d1b4f475541f604ebc48986ab0153b5a37260fcb","isMergeCommit":false,"messageTitle":"Add product name","messageBody":"","fileTypesAndContributionMap":{"docs":{"insertions":1,"deletions":1}}},{"hash":"bcc080cfbc2bd9a4264434e126d520147c92e882","isMergeCommit":false,"messageTitle":"Add Codecov to workflow","messageBody":"","fileTypesAndContributionMap":{"other":{"insertions":5,"deletions":0}}},{"hash":"fedf18d575b7fdb1418dd8a6bd87c7def8d25439","isMergeCommit":false,"messageTitle":"Add Codecov badge to README","messageBody":"","fileTypesAndContributionMap":{"docs":{"insertions":1,"deletions":0}}}]},{"date":"2025-03-02","commitResults":[{"hash":"d669a5c271117332dd2f558bbe219f650667fcfa","isMergeCommit":true,"messageTitle":"Merge pull request #18 from AY2425S2-CS2103T-T12-3/revert-13-branch-photo","messageBody":"Revert \"Add Zheng Feng\u0027s Photo\"","fileTypesAndContributionMap":{}},{"hash":"efebebe89358fc16ba952f3cc51be6281da654db","isMergeCommit":false,"messageTitle":"Update my details in AboutUs.md","messageBody":"","fileTypesAndContributionMap":{"docs":{"insertions":3,"deletions":4}}},{"hash":"83f0ff96a34f080aefde7f9e4f7078758e6e1cdc","isMergeCommit":true,"messageTitle":"Merge pull request #33 from ryanlow64/branch-about-ryanlow64","messageBody":"Update AboutUs.md","fileTypesAndContributionMap":{}}]},{"date":"2025-03-07","commitResults":[{"hash":"52f16f4361cdab5e13666b9cdb9a3b69bfe9120f","isMergeCommit":false,"messageTitle":"Update README to match our project","messageBody":"","fileTypesAndContributionMap":{"docs":{"insertions":6,"deletions":10}}},{"hash":"f529f414f514e75bc1a0fff003472f81f8306ea2","isMergeCommit":false,"messageTitle":"Update newline to end of README","messageBody":"","fileTypesAndContributionMap":{"docs":{"insertions":1,"deletions":1}}}]},{"date":"2025-03-09","commitResults":[{"hash":"0ccb2e697fbeea309e318189c21ef312f1ab14c5","isMergeCommit":false,"messageTitle":"Change Person to Client","messageBody":"","fileTypesAndContributionMap":{"functional-code":{"insertions":585,"deletions":538},"other":{"insertions":197,"deletions":197},"test-code":{"insertions":1040,"deletions":1031}}},{"hash":"6518e054ae676316a89d000b0a477824ba9d8dfa","isMergeCommit":false,"messageTitle":"Refactor Edit and Delete commands","messageBody":"","fileTypesAndContributionMap":{"functional-code":{"insertions":477,"deletions":360},"other":{"insertions":2,"deletions":2},"test-code":{"insertions":579,"deletions":542}}},{"hash":"c3bed8af37e0b6ddc706e820fa400798ad802278","isMergeCommit":true,"messageTitle":"Merge pull request #49 from mjyan02/branch-Glossary-DG","messageBody":"Update: add terms into Glossary section in DG","fileTypesAndContributionMap":{}},{"hash":"c0c95a3aa9f6d1caef286e4ffa1b2a3f5f11d1b0","isMergeCommit":true,"messageTitle":"Merge pull request #50 from chenxu20/branch-DG","messageBody":"Update Use Case and NFR in DG","fileTypesAndContributionMap":{}}]},{"date":"2025-03-10","commitResults":[{"hash":"44ada4b50416162ac40b5f3beaeb3df9e47be399","isMergeCommit":false,"messageTitle":"Refactor List command","messageBody":"","fileTypesAndContributionMap":{"functional-code":{"insertions":32,"deletions":14},"test-code":{"insertions":41,"deletions":22}}},{"hash":"adc2bea0a46a0a1d913e31f83f8ad5518afa3fa5","isMergeCommit":false,"messageTitle":"Add models for REconnect + fix checkstyle","messageBody":"","fileTypesAndContributionMap":{"functional-code":{"insertions":243,"deletions":87},"other":{"insertions":12,"deletions":10},"test-code":{"insertions":266,"deletions":248}}}]},{"date":"2025-03-12","commitResults":[{"hash":"4ac1c6aa8ceed6e1121ea3022cdc5d85a9b80772","isMergeCommit":true,"messageTitle":"Merge pull request #54 from ryanlow64/branch-dg-v1.1","messageBody":"Update Developer Guide","fileTypesAndContributionMap":{}}]},{"date":"2025-03-15","commitResults":[{"hash":"649744c85ba94cec2dd5ccb20e21c212d6f8e709","isMergeCommit":false,"messageTitle":"Remake basic UI","messageBody":"","fileTypesAndContributionMap":{"functional-code":{"insertions":271,"deletions":82},"other":{"insertions":24,"deletions":88}}}]},{"date":"2025-03-16","commitResults":[{"hash":"9857012d7c9745b496dcc0bcbb2c6fe552f95d02","isMergeCommit":false,"messageTitle":"Add some improvements","messageBody":"","fileTypesAndContributionMap":{"functional-code":{"insertions":636,"deletions":15},"other":{"insertions":7,"deletions":7},"test-code":{"insertions":36,"deletions":0}}},{"hash":"13b5c3803257f05262c4d445eee0bb7f119f84f5","isMergeCommit":false,"messageTitle":"Complete basic UI","messageBody":"","fileTypesAndContributionMap":{"functional-code":{"insertions":426,"deletions":22},"test-code":{"insertions":18,"deletions":0}}},{"hash":"d0fa38a83ebff001c7116306ab0405efbc848313","isMergeCommit":false,"messageTitle":"Fix checkstyle issues","messageBody":"","fileTypesAndContributionMap":{"functional-code":{"insertions":6,"deletions":7}}}]},{"date":"2025-03-17","commitResults":[{"hash":"98768ff39c8a871248b1037ef751a483543aa47c","isMergeCommit":true,"messageTitle":"Merge pull request #60 from githubcsuser/Implement-Porperty-Deals-Feature","messageBody":"Implement add property deals feature","fileTypesAndContributionMap":{}},{"hash":"7f19d0efde86c4b9a878105b3e7a15dc4f9b72f6","isMergeCommit":false,"messageTitle":"Revert \"Merge pull request #60 from githubcsuser/Implement-Porperty-Deals-Feature\"","messageBody":"This reverts commit 98768ff39c8a871248b1037ef751a483543aa47c, reversing\nchanges made to 197fa9202a8fad370da35e9ca827229ffe98b8c1.\n","fileTypesAndContributionMap":{"functional-code":{"insertions":26,"deletions":829},"other":{"insertions":15,"deletions":27},"docs":{"insertions":2,"deletions":2},"test-code":{"insertions":20,"deletions":714}}},{"hash":"cc1e5d42a462a4162b7f3b72220c75357ba38efc","isMergeCommit":true,"messageTitle":"Merge pull request #67 from chenxu20/branch-AddClientFeature","messageBody":"Add AddClientDetailsFeature","fileTypesAndContributionMap":{}},{"hash":"d3c492cf7eb3023c9c61d44bf8d3b435bc67935a","isMergeCommit":true,"messageTitle":"Merge branch \u0027master\u0027 into branch-Properties-Features","messageBody":"","fileTypesAndContributionMap":{}},{"hash":"0a0b461a32aa9a334ed7a20269d39f58021264f3","isMergeCommit":true,"messageTitle":"Merge pull request #65 from mjyan02/branch-Properties-Features","messageBody":"Update: add property features","fileTypesAndContributionMap":{}}]},{"date":"2025-03-18","commitResults":[{"hash":"3fe7bfee8f4a2ac61d55df725aedf336a199e04b","isMergeCommit":true,"messageTitle":"Fix merge conflict for PR#73","messageBody":"","fileTypesAndContributionMap":{}},{"hash":"497053f58df2baa86beb9d85a27efb878f4ab42d","isMergeCommit":false,"messageTitle":"Remove duplicated Price class","messageBody":"","fileTypesAndContributionMap":{"functional-code":{"insertions":1,"deletions":76}}},{"hash":"92148c66bb98b46d235fda4db0c59800c735bcfc","isMergeCommit":false,"messageTitle":"Remove redundant DealList class","messageBody":"","fileTypesAndContributionMap":{"functional-code":{"insertions":0,"deletions":68}}},{"hash":"6631d51183b6ac97f0714ce7728dbfcf5f659af5","isMergeCommit":true,"messageTitle":"Merge pull request #73 from githubcsuser/Implement-Porperty-Deals-Feature","messageBody":"Implement add property deals feature","fileTypesAndContributionMap":{}}]},{"date":"2025-03-19","commitResults":[{"hash":"47cc25e45cfd0967e3ed58b187b9225dac6bf1d8","isMergeCommit":true,"messageTitle":"Merge new changes from master","messageBody":"","fileTypesAndContributionMap":{}},{"hash":"03fafef42df6ea7aa19d77fb44137036158659ee","isMergeCommit":true,"messageTitle":"Merge pull request #78 from chenxu20/branch-DeleteClientFeature","messageBody":"Adjust DeleteClientFeature","fileTypesAndContributionMap":{}},{"hash":"72eec0240b9df099f72820033acb53ec43f2e8ff","isMergeCommit":true,"messageTitle":"Merge pull request #81 from chenxu20/branch-RemoveClientTags","messageBody":"Remove client tags","fileTypesAndContributionMap":{}},{"hash":"35e5899dc06a86e7eec9684300b864af7c1b0514","isMergeCommit":true,"messageTitle":"Merge branch \u0027master\u0027 into complete-UI","messageBody":"","fileTypesAndContributionMap":{}},{"hash":"c9ba34a50168a676b9ac2161bf361b9cd495c2fa","isMergeCommit":true,"messageTitle":"Merge pull request #85 from mjyan02/branch-bug-fixing","messageBody":"Branch bug fixing","fileTypesAndContributionMap":{}}]},{"date":"2025-03-20","commitResults":[{"hash":"076b1463192b528ad76c5ce6aa682267d0a36b3b","isMergeCommit":true,"messageTitle":"Merge pull request #87 from mjyan02/branch-bug-fixing","messageBody":"Update: insert test files and fix bugs","fileTypesAndContributionMap":{}},{"hash":"1eb697aa1397d615caa2a77ab212b5d925660445","isMergeCommit":true,"messageTitle":"Merge pull request #88 from githubcsuser/Implement-update-status-feature","messageBody":"Implement update status feature","fileTypesAndContributionMap":{}},{"hash":"805b8d48b165dd752a775ee20334351c6769c75c","isMergeCommit":false,"messageTitle":"Fix issues + improve UI","messageBody":"","fileTypesAndContributionMap":{"functional-code":{"insertions":144,"deletions":70},"test-code":{"insertions":1,"deletions":1}}},{"hash":"b3eb346b094844bcd8c895b8bdd7f1cd15aa7138","isMergeCommit":false,"messageTitle":"Fix bug","messageBody":"","fileTypesAndContributionMap":{"functional-code":{"insertions":3,"deletions":0}}},{"hash":"bb7f10597e10c3e5e6c9618a9d7c16228c7b61b7","isMergeCommit":true,"messageTitle":"Update Property","messageBody":"","fileTypesAndContributionMap":{}},{"hash":"58a87812a78670b8995615e5993592e5c63ca2d1","isMergeCommit":true,"messageTitle":"Merge pull request #91 from mjyan02/branch-optional-bugs","messageBody":"Update: fix bugs for optional fields","fileTypesAndContributionMap":{}},{"hash":"e4b8e2b40a9f140de4a515716180d89f13366b11","isMergeCommit":true,"messageTitle":"Merge branch \u0027master\u0027 into prepare-for-release","messageBody":"","fileTypesAndContributionMap":{}},{"hash":"bd6275d3275b601374e7ecb8a2bd9a3e9d820cd6","isMergeCommit":false,"messageTitle":"Fix checkstyle","messageBody":"","fileTypesAndContributionMap":{"functional-code":{"insertions":0,"deletions":1}}},{"hash":"bfcfd8c71c18c79d00a2ecc5bd6d2668d842394a","isMergeCommit":true,"messageTitle":"Merge remote-tracking branch \u0027refs/remotes/origin/prepare-for-release\u0027 into prepare-for-release","messageBody":"","fileTypesAndContributionMap":{}},{"hash":"7f7702e74931d86ffd07210c6c713cb2c76aafb0","isMergeCommit":false,"messageTitle":"Update UI.png + add slight changes to UG","messageBody":"","fileTypesAndContributionMap":{"functional-code":{"insertions":1,"deletions":1},"other":{"insertions":5,"deletions":1},"docs":{"insertions":14,"deletions":18}}},{"hash":"c1984eff0fa15417d4a0c892f2a40bd4d86cd267","isMergeCommit":true,"messageTitle":"Merge pull request #93 from kumar2215/prepare-for-release","messageBody":"Update UI.png and add slight changes to UG","fileTypesAndContributionMap":{}}]},{"date":"2025-03-24","commitResults":[{"hash":"3039e93baf54abb38cfcfef1a558b7cae4e06cd5","isMergeCommit":false,"messageTitle":"Enable assertions","messageBody":"","fileTypesAndContributionMap":{"other":{"insertions":4,"deletions":0}}},{"hash":"04e3e3234bb033894c5033984c98458d323b6575","isMergeCommit":false,"messageTitle":"Change Application icon","messageBody":"","fileTypesAndContributionMap":{"functional-code":{"insertions":2,"deletions":2},"test-code":{"insertions":1,"deletions":1}}},{"hash":"dc89c3b7b5ec4b78218b9e6b3ebb747ff7652af7","isMergeCommit":false,"messageTitle":"Add some assertions and log statements","messageBody":"","fileTypesAndContributionMap":{"functional-code":{"insertions":28,"deletions":3}}},{"hash":"25d2a52d10d7c7750ddc4279c6715a36c378d4eb","isMergeCommit":false,"messageTitle":"Add codecov.yml","messageBody":"","fileTypesAndContributionMap":{"other":{"insertions":12,"deletions":0}}},{"hash":"51348424b8adb6dd2a7758b3dd451e191e694a8e","isMergeCommit":false,"messageTitle":"Add newline to codecov.yml","messageBody":"","fileTypesAndContributionMap":{"other":{"insertions":1,"deletions":1}}},{"hash":"bc666179f877d822011de4440aa1a6b39320e133","isMergeCommit":false,"messageTitle":"Add workflow.yml","messageBody":"","fileTypesAndContributionMap":{"other":{"insertions":22,"deletions":0}}},{"hash":"6b01cab507ad11a0cb92750cd0520f11f27ba5aa","isMergeCommit":false,"messageTitle":"Revert \"Add workflow.yml\"","messageBody":"This reverts commit bc666179f877d822011de4440aa1a6b39320e133.\n","fileTypesAndContributionMap":{"other":{"insertions":0,"deletions":22}}},{"hash":"8a414af86822f6e6f6d0101a94234e842e5aaedb","isMergeCommit":false,"messageTitle":"Add workflow.yml","messageBody":"","fileTypesAndContributionMap":{"other":{"insertions":22,"deletions":0}}},{"hash":"188517383c4b456dd602e661bd3f94012a2a42a0","isMergeCommit":false,"messageTitle":"Update workflow.yml","messageBody":"","fileTypesAndContributionMap":{"other":{"insertions":7,"deletions":2}}},{"hash":"70c4f797c12ba4ca2831491276262da8853f0699","isMergeCommit":false,"messageTitle":"Remove workflow.yml","messageBody":"","fileTypesAndContributionMap":{"other":{"insertions":1,"deletions":28}}}]},{"date":"2025-03-25","commitResults":[{"hash":"05de3e928a091135648071c2e6899d2df27ef820","isMergeCommit":false,"messageTitle":"Update Model and Ui UML diagrams","messageBody":"","fileTypesAndContributionMap":{"docs":{"insertions":85,"deletions":26}}},{"hash":"09494e32db32c21f3ee2ec09d12166417a34226b","isMergeCommit":true,"messageTitle":"Merge pull request #105 from kumar2215/add-defensive-programming","messageBody":"Add defensive programming","fileTypesAndContributionMap":{}},{"hash":"00efbd8916735b2a14a1396e04aaa81826870cdc","isMergeCommit":true,"messageTitle":"Merge pull request #108 from kumar2215/update-UML","messageBody":"Update UML for Ui and Model","fileTypesAndContributionMap":{}},{"hash":"a8e4d4e5034dacd7298cfcba9143a3cc8623ca47","isMergeCommit":true,"messageTitle":"Merge pull request #104 from chenxu20/branch-UpdateListClientCommand","messageBody":"Update list client command","fileTypesAndContributionMap":{}}]},{"date":"2025-03-26","commitResults":[{"hash":"e25ff4795c326abe5a0db93d250d22ade107d4ea","isMergeCommit":true,"messageTitle":"Merge pull request #107 from mjyan02/branch-owner-field","messageBody":"Update: add owner field of ClientName class to Property","fileTypesAndContributionMap":{}},{"hash":"c682e5357811ee035ef03c4bf586d1bebda68daa","isMergeCommit":false,"messageTitle":"Update UG to a temporary one","messageBody":"","fileTypesAndContributionMap":{"docs":{"insertions":252,"deletions":59}}},{"hash":"4da9066282f8bcc8d985edfec45291fca1aba0a2","isMergeCommit":true,"messageTitle":"Merge pull request #112 from kumar2215/Update-UG","messageBody":"Update UG to a more updated temporary one","fileTypesAndContributionMap":{}},{"hash":"1b74103713b20b61a8bb7903bec675edef7a0d90","isMergeCommit":true,"messageTitle":"Merge pull request #113 from ryanlow64/event-chronological-sorting","messageBody":"Update: maintain events in chronological order","fileTypesAndContributionMap":{}},{"hash":"24a49bda3b710827b273a1fae037e0acb45f4a45","isMergeCommit":true,"messageTitle":"Merge pull request #109 from mjyan02/branch-findproperty-command","messageBody":"Update: add FindPropertyCommand and FindPropertyCommandParser classes for Property","fileTypesAndContributionMap":{}},{"hash":"414d7065156355aa33c0b292600e78e59ede7c63","isMergeCommit":true,"messageTitle":"Merge pull request #111 from chenxu20/branch-UpdateFindClientCommand","messageBody":"Implement Find Client feature","fileTypesAndContributionMap":{}},{"hash":"ee83a031c518a9295759b046eb4208aa82607769","isMergeCommit":true,"messageTitle":"Merge branch \u0027master\u0027 into branch-code-coverage","messageBody":"","fileTypesAndContributionMap":{}},{"hash":"32d8b1d00c6d152c0cfeb4f08961b20acf99c0fa","isMergeCommit":true,"messageTitle":"Merge pull request #110 from mjyan02/branch-code-coverage","messageBody":"Branch code coverage","fileTypesAndContributionMap":{}}]}],"githubcsuser":[{"date":"2025-03-01","commitResults":[{"hash":"283634fa2a5d8399e90d16ea25aba05bc3a9fce8","isMergeCommit":false,"messageTitle":"Add remark command","messageBody":"","fileTypesAndContributionMap":{"functional-code":{"insertions":187,"deletions":18},"test-code":{"insertions":14,"deletions":2}}}]},{"date":"2025-03-02","commitResults":[{"hash":"c7ecbc1e465145bd12c4f83b85a588a74367afa5","isMergeCommit":false,"messageTitle":"Update AboutUs.md","messageBody":"","fileTypesAndContributionMap":{"docs":{"insertions":3,"deletions":3}}},{"hash":"9c6f0540a73e624ee635a862c699f772f3d88cf4","isMergeCommit":true,"messageTitle":"Merge pull request #30 from chenxu20/branch-aboutus","messageBody":"Add personal description to AboutUs.md","fileTypesAndContributionMap":{}}]},{"date":"2025-03-07","commitResults":[{"hash":"518d409867a663576ce696848bc59e0824226e98","isMergeCommit":true,"messageTitle":"Merge pull request #42 from kumar2215/update-readme","messageBody":"","fileTypesAndContributionMap":{}}]},{"date":"2025-03-08","commitResults":[{"hash":"b1cce95918b60870e08e3a1e7ab9423353f58a3d","isMergeCommit":false,"messageTitle":"Update Target User Profile","messageBody":"","fileTypesAndContributionMap":{"docs":{"insertions":2,"deletions":2}}},{"hash":"908eb8676fea77ed41b8877e5f3e06f1ed9ece88","isMergeCommit":false,"messageTitle":"Update Value Proposition","messageBody":"","fileTypesAndContributionMap":{"docs":{"insertions":2,"deletions":1}}},{"hash":"d1f7824d9cc6babd5270d56818f53e02913f5717","isMergeCommit":false,"messageTitle":"Update User Stories","messageBody":"","fileTypesAndContributionMap":{"docs":{"insertions":14,"deletions":8}}}]},{"date":"2025-03-15","commitResults":[{"hash":"197fa9202a8fad370da35e9ca827229ffe98b8c1","isMergeCommit":true,"messageTitle":"Merge pull request #55 from kumar2215/remake-UI","messageBody":"Remake basic UI","fileTypesAndContributionMap":{}},{"hash":"4e2d13332592296a458ff5193d22082431194526","isMergeCommit":false,"messageTitle":"Implement basic add_deal feature","messageBody":"","fileTypesAndContributionMap":{"functional-code":{"insertions":671,"deletions":177},"test-code":{"insertions":503,"deletions":0}}}]},{"date":"2025-03-16","commitResults":[{"hash":"9db3cdcd8e2c3fe3aaf337522a083c84e360d90e","isMergeCommit":false,"messageTitle":"Update property deal feature","messageBody":"","fileTypesAndContributionMap":{"functional-code":{"insertions":156,"deletions":1}}},{"hash":"fd6e68cf47d2e3f43dcc684d44f15e9953ad3856","isMergeCommit":false,"messageTitle":"Update checkstyle errors","messageBody":"","fileTypesAndContributionMap":{"functional-code":{"insertions":22,"deletions":40},"other":{"insertions":22,"deletions":23},"test-code":{"insertions":40,"deletions":64}}},{"hash":"9bd00fa34e951da5361a74088024b6d04da0b5ac","isMergeCommit":false,"messageTitle":"Update tests","messageBody":"","fileTypesAndContributionMap":{"functional-code":{"insertions":8,"deletions":2},"test-code":{"insertions":31,"deletions":17}}},{"hash":"bd40388f0c846a658cfbbd8c1d5cb78df166ffbe","isMergeCommit":false,"messageTitle":"Update documentation","messageBody":"","fileTypesAndContributionMap":{"functional-code":{"insertions":1,"deletions":1}}},{"hash":"4c6f5874ac4a15a9ac886413ba3f4e85ebf60e57","isMergeCommit":false,"messageTitle":"Fix checkstyle errors","messageBody":"","fileTypesAndContributionMap":{"functional-code":{"insertions":1,"deletions":1},"docs":{"insertions":2,"deletions":2}}},{"hash":"bf807c1fea50fb068e658ead491a11bab75f1b7a","isMergeCommit":false,"messageTitle":"Implement storage for add property deals feature","messageBody":"","fileTypesAndContributionMap":{"functional-code":{"insertions":184,"deletions":5},"test-code":{"insertions":202,"deletions":1}}},{"hash":"dca77ef31fe9fe968d3571f9551a8f0b3a36b6ed","isMergeCommit":false,"messageTitle":"Update for checkstyle","messageBody":"","fileTypesAndContributionMap":{"functional-code":{"insertions":1,"deletions":1}}}]},{"date":"2025-03-17","commitResults":[{"hash":"17950dce93c18e0802547092bf4ae8159c7ed4ed","isMergeCommit":false,"messageTitle":"Update Add deals feature to use names instead of id","messageBody":"","fileTypesAndContributionMap":{"functional-code":{"insertions":194,"deletions":130},"test-code":{"insertions":163,"deletions":191}}}]},{"date":"2025-03-18","commitResults":[{"hash":"2275cab7bf20c9348a4be6cad068728a85b10ea8","isMergeCommit":false,"messageTitle":"Update for merge conflict","messageBody":"","fileTypesAndContributionMap":{"functional-code":{"insertions":1639,"deletions":234},"other":{"insertions":44,"deletions":5},"docs":{"insertions":2,"deletions":2},"test-code":{"insertions":711,"deletions":204}}},{"hash":"a7fe62cbea58edf2ef6880c3ea2f2dfacd91251d","isMergeCommit":false,"messageTitle":"Update for checkstyle","messageBody":"","fileTypesAndContributionMap":{"functional-code":{"insertions":6,"deletions":5},"test-code":{"insertions":2,"deletions":16}}},{"hash":"2aea5e3ab7034106ff8ba44750ee155cbd347de2","isMergeCommit":false,"messageTitle":"Fix add deals feature merge conflict","messageBody":"","fileTypesAndContributionMap":{"functional-code":{"insertions":116,"deletions":14},"test-code":{"insertions":37,"deletions":21}}},{"hash":"fd6bdc57cb95b6d4d1c4aaf0a82b6f6e31157fff","isMergeCommit":true,"messageTitle":"Merge pull request #2 from kumar2215/fix-PR73","messageBody":"Help fix PR#73","fileTypesAndContributionMap":{}}]},{"date":"2025-03-19","commitResults":[{"hash":"c58e680f7111446ffc4b120caf7cd455b8d45f9d","isMergeCommit":true,"messageTitle":"Merge pull request #82 from kumar2215/complete-UI","messageBody":"","fileTypesAndContributionMap":{}},{"hash":"1a0512fc2086212e0e9fe5976a4cb4537b7f45b8","isMergeCommit":false,"messageTitle":"Update add deals feature","messageBody":"","fileTypesAndContributionMap":{"functional-code":{"insertions":129,"deletions":95},"test-code":{"insertions":165,"deletions":53}}},{"hash":"5d2a146534dee3690a9ef62219e39638a45412f6","isMergeCommit":false,"messageTitle":"Implement update deal status feature","messageBody":"","fileTypesAndContributionMap":{"functional-code":{"insertions":406,"deletions":32},"test-code":{"insertions":6,"deletions":0}}},{"hash":"16f5dd0442c37188ac33f7a6783069a0dca4a100","isMergeCommit":true,"messageTitle":"Merge pull request #86 from chenxu20/branch-RemoveClientTags","messageBody":"Update client name command syntax","fileTypesAndContributionMap":{}}]},{"date":"2025-03-20","commitResults":[{"hash":"1d8eb94040de352ff2ae477611954041538b91a3","isMergeCommit":false,"messageTitle":"Add Update Deal feature tests","messageBody":"","fileTypesAndContributionMap":{"test-code":{"insertions":553,"deletions":0}}},{"hash":"941894a108065337f392cc7936660571132abeb8","isMergeCommit":true,"messageTitle":"Update add deal command","messageBody":"","fileTypesAndContributionMap":{}}]}]},"authorFileTypeContributionMap":{"ryanlow64":{"docs":136,"functional-code":904,"test-code":65},"mjyan02":{"docs":5,"functional-code":825,"test-code":1630},"chenxu20":{"docs":43,"functional-code":161,"test-code":337},"kumar2215":{"docs":348,"functional-code":1837,"test-code":1531,"other":26},"githubcsuser":{"docs":7,"functional-code":1886,"test-code":1789}},"authorContributionVariance":{"ryanlow64":28827.162,"mjyan02":507972.2,"chenxu20":24375.309,"kumar2215":965073.75,"githubcsuser":345854.72},"authorDisplayNameMap":{"ryanlow64":"CS2103T-T12-3 LOW ..RYAN","mjyan02":"CS2103T-T12-3 YAN ..GJUN","chenxu20":"CS2103T-T12-3 CHEN..N XU","kumar2215":"CS2103T-T12-3 KUMA..ASAN","githubcsuser":"CS2103T-T12-3 LIM ..FENG"}}
