{"authorDailyContributionsMap":{"senshir":[{"date":"2025-03-06T00:00:00","commitResults":[{"hash":"8d880d1f6a2ad9e449a8729a72de9f83152ea6bf","isMergeCommit":false,"messageTitle":"Update AboutUs page","messageBody":"Added information about myself\n","fileTypesAndContributionMap":{"docs":{"insertions":3,"deletions":2}}},{"hash":"472a075dec4198986b8d8e5c3cc1eba3d6873817","isMergeCommit":false,"messageTitle":"Update GitHub link","messageBody":"Added a GitHub link for personal information\n","fileTypesAndContributionMap":{"docs":{"insertions":1,"deletions":3}}}]},{"date":"2025-03-10T00:00:00","commitResults":[{"hash":"92c9ecb50545b14c15e4d07ba8d9bbde9856544c","isMergeCommit":false,"messageTitle":"Update AboutUs and ReadMe pages","messageBody":"* Changed the user interface mockup of the platform.\n* Removed unnecessary profiles of members and updated links for readme.\n","fileTypesAndContributionMap":{"docs":{"insertions":2,"deletions":12}}},{"hash":"070012ddf2dbac48e4cdd079bc374a7818dc42e9","isMergeCommit":false,"messageTitle":"Add new line at EOF","messageBody":"Fixing a merge pull request with a new line\n","fileTypesAndContributionMap":{"docs":{"insertions":2,"deletions":1}}},{"hash":"de24ecacd5f212faa24b9ce04893d5747a79c2cb","isMergeCommit":true,"messageTitle":"Merge pull request #35 from senshir/branch-update-project-web","messageBody":"Update AboutUs and ReadMe pages","fileTypesAndContributionMap":{}}]},{"date":"2025-03-17T00:00:00","commitResults":[{"hash":"14ed4d9cf7db5d57d11efa10547f4e5f3ed46d58","isMergeCommit":false,"messageTitle":"Add tagging function","messageBody":"Added a functionality to tag people using an addtag command.\nThis has been separated from AB3\u0027s previous type of tag\n","fileTypesAndContributionMap":{"functional-code":{"insertions":327,"deletions":56},"test-code":{"insertions":2,"deletions":10}}},{"hash":"77898312fbe1e54130f10f5e5b1ebd47e25f4fab","isMergeCommit":false,"messageTitle":"Add remove tag function","messageBody":"Added functionality to remove tags that have already been added.\n","fileTypesAndContributionMap":{"functional-code":{"insertions":154,"deletions":0}}},{"hash":"57148939b827528e1445063866bad5895d3fdbdc","isMergeCommit":false,"messageTitle":"Fix test files","messageBody":"Fixed many different command test files, as well as added two tests for addtag and removetag.\n","fileTypesAndContributionMap":{"functional-code":{"insertions":2,"deletions":1},"test-code":{"insertions":271,"deletions":101}}},{"hash":"e38b11e6c001a38e168512363890413983b58b68","isMergeCommit":false,"messageTitle":"Fix PR auto checks","messageBody":"Fixed some new line at EOF and trailing white spaces errors\n","fileTypesAndContributionMap":{"functional-code":{"insertions":6,"deletions":3},"docs":{"insertions":1,"deletions":1},"test-code":{"insertions":2,"deletions":1}}},{"hash":"d65dd63a70b0a29821f4b273d79a618dc12474ca","isMergeCommit":false,"messageTitle":"Fix more style errors","messageBody":"Fixed some PR checkstyle errors\n","fileTypesAndContributionMap":{"functional-code":{"insertions":5,"deletions":9}}},{"hash":"567b0a256ded696e486d65ef6755f1fe29acf732","isMergeCommit":false,"messageTitle":"Fix more errors","messageBody":"Fixed line length and import errors\n","fileTypesAndContributionMap":{"test-code":{"insertions":85,"deletions":42}}},{"hash":"8405dcd2147616373694f5b4541fed3f36a6c385","isMergeCommit":false,"messageTitle":"Fix more checkstyle issues","messageBody":"More ordering of imports\n","fileTypesAndContributionMap":{"test-code":{"insertions":3,"deletions":4}}},{"hash":"aa0e22a8b1cb8ba33bee78b6d093087f62c5af50","isMergeCommit":true,"messageTitle":"Merge pull request #48 from senshir/branch-tag-commands","messageBody":"Branch for addtag and removetag functions","fileTypesAndContributionMap":{}}]},{"date":"2025-03-20T00:00:00","commitResults":[{"hash":"c762221a2a05ae7cc8719b3125d0ca43a16b0e2f","isMergeCommit":false,"messageTitle":"Add view function","messageBody":"Will later allow us to view a person\u0027s details after improving the UI\n","fileTypesAndContributionMap":{"functional-code":{"insertions":115,"deletions":1}}},{"hash":"1e710126e973d7442fe0d0a8ffee31c1bc6acbcd","isMergeCommit":false,"messageTitle":"Update the UI","messageBody":"Shifted the current implementation to the left half, while right half shows a more detailed view of a person\nMade the UI light mode\n","fileTypesAndContributionMap":{"functional-code":{"insertions":602,"deletions":29}}},{"hash":"2099e94e3dfc42471931eaa5cd0db33c1024bc91","isMergeCommit":false,"messageTitle":"Fix checkstyle main errors","messageBody":"","fileTypesAndContributionMap":{"functional-code":{"insertions":14,"deletions":3}}},{"hash":"4d31040ac8ba5ff5cf67c0dc6a6a85a0a3853c13","isMergeCommit":false,"messageTitle":"Fix spacing error","messageBody":"","fileTypesAndContributionMap":{"functional-code":{"insertions":0,"deletions":2}}}]},{"date":"2025-03-26T00:00:00","commitResults":[{"hash":"0ef6c0b3992dd243d53c7931df3986c20bd88b88","isMergeCommit":false,"messageTitle":"Add tests for ViewCommand and ViewCommandParser","messageBody":"* Implemented unit tests for ViewCommand to verify correct execution\n* Added ViewCommandParserTest to check parsing behavior, including valid and invalid inputs\n* Ensured error messages match expected formats in test cases\n","fileTypesAndContributionMap":{"functional-code":{"insertions":1,"deletions":1},"test-code":{"insertions":131,"deletions":16}}},{"hash":"50213bd8a3d299b46eb8704dc1901e0edc13c006","isMergeCommit":false,"messageTitle":"Fix Attendance style errors","messageBody":"","fileTypesAndContributionMap":{"functional-code":{"insertions":4,"deletions":4}}},{"hash":"5049f208f8b40b4265cdd4b0cf9ed36802af40b9","isMergeCommit":false,"messageTitle":"Revert \"Add tests for ViewCommand and ViewCommandParser\"","messageBody":"This reverts commit 0ef6c0b3992dd243d53c7931df3986c20bd88b88.\n","fileTypesAndContributionMap":{"functional-code":{"insertions":1,"deletions":1},"test-code":{"insertions":16,"deletions":131}}},{"hash":"b6f0d68f0a70ddea5b7720ffdd0dd8456b8eb859","isMergeCommit":false,"messageTitle":"Revert \"Fix Attendance style errors\"","messageBody":"This reverts commit 50213bd8a3d299b46eb8704dc1901e0edc13c006.\n","fileTypesAndContributionMap":{"functional-code":{"insertions":4,"deletions":4}}},{"hash":"4e5e6904928d367c9b5e23835f2125d6d93e6324","isMergeCommit":false,"messageTitle":"Add tests for View command and parser","messageBody":"Added some test cases for view command and its parser.\nNeed to work on the remaining tests to ensure these function properly\n","fileTypesAndContributionMap":{"test-code":{"insertions":84,"deletions":0}}}]},{"date":"2025-03-27T00:00:00","commitResults":[{"hash":"be7973a4ffe2f1911a1f94caae36b3551edec280","isMergeCommit":false,"messageTitle":"Add table for leave","messageBody":"Table can be seen but not properly displayed yet\n","fileTypesAndContributionMap":{"functional-code":{"insertions":219,"deletions":78}}},{"hash":"ae79119964c8a07c2e849f67113bc6bce3577a4e","isMergeCommit":false,"messageTitle":"Add working table","messageBody":"Table is now correctly viewable.\nNeed to work on implementing the attendance record now.\n","fileTypesAndContributionMap":{"functional-code":{"insertions":58,"deletions":73}}},{"hash":"b9e60fcac45e95caf73d8d75e2b484a15529521d","isMergeCommit":false,"messageTitle":"Fix table issue","messageBody":"Table can now be shown between the person details and attendance records\n","fileTypesAndContributionMap":{"functional-code":{"insertions":41,"deletions":48}}},{"hash":"b93398e39c05cd60536f6fb6fd035a4a204375ba","isMergeCommit":false,"messageTitle":"Fix table visibility issue","messageBody":"","fileTypesAndContributionMap":{"functional-code":{"insertions":3,"deletions":3}}},{"hash":"eb7ac396c6a747621e7380e8970901ba818999b1","isMergeCommit":false,"messageTitle":"Fix table spacing","messageBody":"Table had space occupied even when there was no leave records found\n","fileTypesAndContributionMap":{"functional-code":{"insertions":2,"deletions":0}}},{"hash":"c2a4a13d4e1fc0f1fd8aa6342eace55eee242b52","isMergeCommit":false,"messageTitle":"Add attendance records to details","messageBody":"Attendance details can now be seen when a person is viewed\n","fileTypesAndContributionMap":{"functional-code":{"insertions":25,"deletions":2}}},{"hash":"5750ecb9bef2712746316dcc227aaeb2fd4aa62c","isMergeCommit":false,"messageTitle":"Fix attendance format","messageBody":"* Fixed the look of attendance\n* Updated style (imports, unused attributes)\n","fileTypesAndContributionMap":{"functional-code":{"insertions":38,"deletions":15}}},{"hash":"0fde3fd2e06d43cafeebe595f7f113fee587d2ff","isMergeCommit":true,"messageTitle":"Merge branch \u0027master\u0027 into branch-update-ui","messageBody":"# Conflicts:\n#\tsrc/main/java/seedu/address/ui/PersonDetailsPanel.java\n#\tsrc/main/resources/view/PersonDetailsPanel.fxml\n","fileTypesAndContributionMap":{}},{"hash":"c7086a67a249ae4f0d8009e1a530fb208f432069","isMergeCommit":false,"messageTitle":"Fix EOF and whitespace style","messageBody":"","fileTypesAndContributionMap":{"functional-code":{"insertions":12,"deletions":7},"docs":{"insertions":1,"deletions":1},"test-code":{"insertions":6,"deletions":3}}},{"hash":"640e521969ae73e2aec7a52345be25468ec95c84","isMergeCommit":false,"messageTitle":"Fix checkstyle issues in PR","messageBody":"","fileTypesAndContributionMap":{"functional-code":{"insertions":36,"deletions":27}}},{"hash":"665a8b9381a6eab3aa16b65e2f9046ecddf43b78","isMergeCommit":false,"messageTitle":"Fix checkstyle issues in test files","messageBody":"","fileTypesAndContributionMap":{"test-code":{"insertions":9,"deletions":4}}},{"hash":"1faf03977582b7d93a0fd4ed594b31c347bb7930","isMergeCommit":true,"messageTitle":"Merge pull request #68 from senshir/branch-update-ui","messageBody":"Branch update UI\n\nTo fix test cases in the future milestone","fileTypesAndContributionMap":{}}]},{"date":"2025-03-30T00:00:00","commitResults":[{"hash":"116761339d5353a30e1efc1260ca1d09ebc747e3","isMergeCommit":false,"messageTitle":"Update UI class diagram","messageBody":"","fileTypesAndContributionMap":{"docs":{"insertions":27,"deletions":1}}}]},{"date":"2025-04-01T00:00:00","commitResults":[{"hash":"c3d6a2fbe25d9b94dfcfcba0b93c7ada4ccc7164","isMergeCommit":false,"messageTitle":"Fix whitespace and EOF style","messageBody":"","fileTypesAndContributionMap":{"docs":{"insertions":10,"deletions":10}}},{"hash":"f84dfdf3f2f6fafb941bdb96630f5fd63d270a13","isMergeCommit":true,"messageTitle":"Merge pull request #77 from senshir/branch-ui-uml-diagram","messageBody":"Update UI class diagram","fileTypesAndContributionMap":{}},{"hash":"d4e3e5610411e3aaa701689878a20a17bb04f900","isMergeCommit":false,"messageTitle":"Add description of parameters","messageBody":"","fileTypesAndContributionMap":{"docs":{"insertions":8,"deletions":0}}},{"hash":"d1edec9da5369a0f3e45d1d7a25f8e747005efca","isMergeCommit":true,"messageTitle":"Merge pull request #85 from senshir/branch-update-UG","messageBody":"Update UG for addtags \u0026 removetags","fileTypesAndContributionMap":{}}]},{"date":"2025-04-03T00:00:00","commitResults":[{"hash":"83f617bb18b2d85884a1bfce592e6f945d0bf914","isMergeCommit":false,"messageTitle":"Fix removetag description","messageBody":"","fileTypesAndContributionMap":{"docs":{"insertions":1,"deletions":1}}},{"hash":"68cefcd7103fcf6c304f13c3a71a03807bcd1b11","isMergeCommit":false,"messageTitle":"Correct tag error messages","messageBody":"","fileTypesAndContributionMap":{"functional-code":{"insertions":58,"deletions":14}}},{"hash":"343b0da0552a6cbb7d4b1b31266ddd9a91c5546f","isMergeCommit":false,"messageTitle":"Allow punctuation for tags","messageBody":"","fileTypesAndContributionMap":{"functional-code":{"insertions":8,"deletions":5}}},{"hash":"9ae32b402ed331456a10ff7ba484540388fb67dd","isMergeCommit":false,"messageTitle":"Update user guide for tags","messageBody":"","fileTypesAndContributionMap":{"docs":{"insertions":2,"deletions":2}}},{"hash":"8a4b76a17f7b0652c7323df9f9eb02389a4f7c69","isMergeCommit":false,"messageTitle":"Remove unused tag class","messageBody":"","fileTypesAndContributionMap":{"functional-code":{"insertions":0,"deletions":62}}},{"hash":"3b100fcfecfeca87a9b4e5143cccef0bf5b972ae","isMergeCommit":false,"messageTitle":"Remove usage of old Tag class","messageBody":"","fileTypesAndContributionMap":{"functional-code":{"insertions":1,"deletions":22}}},{"hash":"4ed466051de9f64391a9d95578e0e07623f87155","isMergeCommit":false,"messageTitle":"Update empty state of UI","messageBody":"Correctly shows how no person is selected to view. No longer shows leave and attendance labels\n","fileTypesAndContributionMap":{"functional-code":{"insertions":27,"deletions":10}}},{"hash":"4b2f0034f535ed9d2944b310646e9d09bc34426c","isMergeCommit":false,"messageTitle":"Fix attendance resetting","messageBody":"Attendance was being reset to 0 when tag commands were input.\nFixed as there originally was no attendance copied over\n","fileTypesAndContributionMap":{"functional-code":{"insertions":2,"deletions":3}}},{"hash":"3a6c9cd5813bfca9c409a507f921dd6a0f2797db","isMergeCommit":true,"messageTitle":"Merge pull request #106 from nicholasdaijh/branch-alphatest","messageBody":"Update title of ui main window","fileTypesAndContributionMap":{}},{"hash":"fe437332817948f2cb553bad5616627e327bb114","isMergeCommit":true,"messageTitle":"Merge pull request #93 from wilsonh0/branch-update-help","messageBody":"Update HelpWindow url","fileTypesAndContributionMap":{}},{"hash":"421899ccd5788cdb81c08977aeddd27099e1f3e7","isMergeCommit":false,"messageTitle":"Remove unused imports","messageBody":"","fileTypesAndContributionMap":{"functional-code":{"insertions":0,"deletions":3}}},{"hash":"f91fac9a2016dbe45479e776fa665bb37d042916","isMergeCommit":false,"messageTitle":"Fix Tag test cases","messageBody":"Refactored the test classes to use the correct class instead\n","fileTypesAndContributionMap":{"other":{"insertions":1,"deletions":1},"test-code":{"insertions":3,"deletions":3}}}]},{"date":"2025-04-07T00:00:00","commitResults":[{"hash":"206528c1fc6163026cbd935fc94b89be1afe97ff","isMergeCommit":false,"messageTitle":"Set character warning and limit for tags","messageBody":"Added 13 lines of code\n","fileTypesAndContributionMap":{"functional-code":{"insertions":13,"deletions":2}}},{"hash":"846991b354bc717122590555bed300496a09614e","isMergeCommit":false,"messageTitle":"Fix confusing term in attendance","messageBody":"More clear that attendance may not be always taken\n","fileTypesAndContributionMap":{"functional-code":{"insertions":1,"deletions":1}}},{"hash":"f16ef78f50e835104978a212641299300da725d4","isMergeCommit":false,"messageTitle":"Fix scrollbar for result window","messageBody":"Text can now wrap and be scrolled\n","fileTypesAndContributionMap":{"functional-code":{"insertions":7,"deletions":3}}}]},{"date":"2025-04-08T00:00:00","commitResults":[{"hash":"77e7d2416fdb7a48606adf9584d49dcb3350c5db","isMergeCommit":false,"messageTitle":"Add a way to refresh UI","messageBody":"Added a few helper methods so that the panel can be refreshed even when external classes want to use it\nAdded about 30 LOC\n","fileTypesAndContributionMap":{"functional-code":{"insertions":29,"deletions":0}}}]}],"aaronlim02":[{"date":"2025-03-06T00:00:00","commitResults":[{"hash":"9a73120d772316afb237b322d70532cbcd380368","isMergeCommit":false,"messageTitle":"Update the AboutUs page for Aaron","messageBody":"","fileTypesAndContributionMap":{"docs":{"insertions":2,"deletions":5}}},{"hash":"4a6e2851e4a7c17db213d5c22a81caf387ead96c","isMergeCommit":false,"messageTitle":"Update AboutUs.md","messageBody":"","fileTypesAndContributionMap":{"docs":{"insertions":3,"deletions":0}}}]},{"date":"2025-03-10T00:00:00","commitResults":[{"hash":"4b7f65188af9ecd44820a0af72e31f53cf71d9ab","isMergeCommit":false,"messageTitle":"Update Use Cases","messageBody":"","fileTypesAndContributionMap":{"docs":{"insertions":110,"deletions":7}}},{"hash":"716ffb07a4ccef130bba9dac563630dfb9254a27","isMergeCommit":true,"messageTitle":"Merge pull request #36 from aaronlim02/branch-update-use-cases","messageBody":"Update Use Cases","fileTypesAndContributionMap":{}}]},{"date":"2025-03-15T00:00:00","commitResults":[{"hash":"32f06289b2f8c133cd23bcc116c4882e720c50d5","isMergeCommit":false,"messageTitle":"Add nric and hire fields and fix edit command","messageBody":"","fileTypesAndContributionMap":{"functional-code":{"insertions":262,"deletions":88}}},{"hash":"42bccd3dbf5c1442a0c5e2d967c1d6e96f31bc0a","isMergeCommit":false,"messageTitle":"Fix display for new fields","messageBody":"","fileTypesAndContributionMap":{"functional-code":{"insertions":31,"deletions":11}}},{"hash":"e27e04a7a2420e7f2ebddf0262de8d0d002a98d7","isMergeCommit":false,"messageTitle":"Fix style","messageBody":"","fileTypesAndContributionMap":{"functional-code":{"insertions":28,"deletions":8}}},{"hash":"782cbec93074ea601f2379df04a625ec1c12586e","isMergeCommit":false,"messageTitle":"Fix style","messageBody":"","fileTypesAndContributionMap":{"functional-code":{"insertions":21,"deletions":3}}},{"hash":"0216eefb0da4aebc866cda7962a5eb9f4949f8ad","isMergeCommit":false,"messageTitle":"Fix testcases","messageBody":"","fileTypesAndContributionMap":{"functional-code":{"insertions":1,"deletions":0},"test-code":{"insertions":132,"deletions":44}}},{"hash":"f2379422508b2b89dbc9de2b5eba67c61780bbab","isMergeCommit":false,"messageTitle":"Fix testcases","messageBody":"","fileTypesAndContributionMap":{"test-code":{"insertions":6,"deletions":6}}},{"hash":"454511c011a27e889d2d86febdcea7efa34670d8","isMergeCommit":false,"messageTitle":"fix testcases","messageBody":"","fileTypesAndContributionMap":{"test-code":{"insertions":14,"deletions":1}}}]},{"date":"2025-03-16T00:00:00","commitResults":[{"hash":"0b8d2227b2751b2399369bbac401d5207fd819ff","isMergeCommit":false,"messageTitle":"Revert \"fix testcases\"","messageBody":"This reverts commit 454511c011a27e889d2d86febdcea7efa34670d8.\n","fileTypesAndContributionMap":{"test-code":{"insertions":1,"deletions":14}}},{"hash":"4d9caf219156b0076b9c892080af873005945480","isMergeCommit":false,"messageTitle":"Revert \"Fix testcases\"","messageBody":"This reverts commit f2379422508b2b89dbc9de2b5eba67c61780bbab.\n","fileTypesAndContributionMap":{"test-code":{"insertions":6,"deletions":6}}},{"hash":"e087d1be4326f3f2cbd6018cf87d7c94db37da5c","isMergeCommit":false,"messageTitle":"Revert \"Fix testcases\"","messageBody":"This reverts commit 0216eefb0da4aebc866cda7962a5eb9f4949f8ad.\n","fileTypesAndContributionMap":{"functional-code":{"insertions":0,"deletions":1},"test-code":{"insertions":44,"deletions":132}}},{"hash":"e14e9aab4bdb5c9214a7908cc1c0035d014e5544","isMergeCommit":true,"messageTitle":"Merge pull request #40 from aaronlim02/branch-edit-and-list","messageBody":"Add Nric and Hire fields and Modify edit and list","fileTypesAndContributionMap":{}}]},{"date":"2025-03-20T00:00:00","commitResults":[{"hash":"73c8996aa472c4ca3d14a4909a2c1e4d1fe5691b","isMergeCommit":true,"messageTitle":"Merge pull request #56 from nicholasdaijh/branch-AttendanceCommand","messageBody":"Implement AttendanceCommand","fileTypesAndContributionMap":{}},{"hash":"318c01dc60b2f8615c1c7361d535bcac5aa4f885","isMergeCommit":true,"messageTitle":"Merge branch \u0027master\u0027 into branch-view-and-ui","messageBody":"","fileTypesAndContributionMap":{}},{"hash":"763aa3d878355276a1b773695cb7e827ee127167","isMergeCommit":true,"messageTitle":"Merge pull request #57 from senshir/branch-view-and-ui","messageBody":"Branch view and UI","fileTypesAndContributionMap":{}},{"hash":"2601be5438828d051e16a6390c2a72f45f4d9881","isMergeCommit":true,"messageTitle":"Merge pull request #58 from wilsonh0/branch-leave-delete","messageBody":"Improve error messages for clarity","fileTypesAndContributionMap":{}},{"hash":"f942708b9b9d297bb6a0c71e7e36e8d9f32fa208","isMergeCommit":false,"messageTitle":"Change version number and address book jar filename to \"HRNexus.jar\"","messageBody":"","fileTypesAndContributionMap":{"functional-code":{"insertions":1,"deletions":1},"other":{"insertions":1,"deletions":1}}},{"hash":"f1ae2c3c98d153f6b0b722ebef3bd0d136c61a79","isMergeCommit":true,"messageTitle":"Merge pull request #59 from aaronlim02/master","messageBody":"Change version number and address book jar filename to \"HRNexus.jar\"","tags":["v0.0.0"],"fileTypesAndContributionMap":{}},{"hash":"aa113e91d2ad69b8342f8100804f567e001df0d5","isMergeCommit":false,"messageTitle":"Fix AboutUs.md","messageBody":"","fileTypesAndContributionMap":{"docs":{"insertions":1,"deletions":1}}},{"hash":"2e93aa4758ca12ceff8c79863f00d65ce779f7a8","isMergeCommit":true,"messageTitle":"Merge pull request #60 from aaronlim02/master","messageBody":"Fix AboutUs.md","fileTypesAndContributionMap":{}}]},{"date":"2025-03-25T00:00:00","commitResults":[{"hash":"5d5f279606f933d4e168485dc04db25fa525d9bd","isMergeCommit":false,"messageTitle":"Add sort command","messageBody":"","fileTypesAndContributionMap":{"functional-code":{"insertions":79,"deletions":14}}}]},{"date":"2025-03-26T00:00:00","commitResults":[{"hash":"2ad5021216eeef91a48ce86db0f799e9dd3ee40b","isMergeCommit":false,"messageTitle":"Implement sorting command logic","messageBody":"","fileTypesAndContributionMap":{"functional-code":{"insertions":236,"deletions":16}}}]},{"date":"2025-03-27T00:00:00","commitResults":[{"hash":"6994c004cc7bc54700f6ea17ddedacf050ef8036","isMergeCommit":false,"messageTitle":"Fix code style issue and bugs","messageBody":"","fileTypesAndContributionMap":{"functional-code":{"insertions":17,"deletions":3}}},{"hash":"584e2a2b8e942cbb6b1a8c8078c2801ffb4edf33","isMergeCommit":false,"messageTitle":"Fix code styling for comparators","messageBody":"","fileTypesAndContributionMap":{"functional-code":{"insertions":6,"deletions":6}}},{"hash":"1d029a645174ec34e544d590e57d17f35b65d580","isMergeCommit":true,"messageTitle":"Merge branch \u0027master\u0027 into branch-fix-sort-command","messageBody":"","fileTypesAndContributionMap":{}},{"hash":"39ca04ec78640657dc21a38d38a1300943268264","isMergeCommit":true,"messageTitle":"Merge pull request #70 from aaronlim02/branch-fix-sort-command","messageBody":"Branch fix sort command","fileTypesAndContributionMap":{}},{"hash":"17186d509279d01a56f41e4c7d4462acd1d28235","isMergeCommit":false,"messageTitle":"Implement SortCommandTest.java and fix SortCommand accordingly","messageBody":"","fileTypesAndContributionMap":{"functional-code":{"insertions":16,"deletions":2},"test-code":{"insertions":358,"deletions":0}}},{"hash":"a2ea2b9437fc75514a8de8ab37208055a7d3dcff","isMergeCommit":false,"messageTitle":"Implement SortCommandParserTest and fix discovered errors","messageBody":"","fileTypesAndContributionMap":{"functional-code":{"insertions":21,"deletions":14},"test-code":{"insertions":83,"deletions":0}}},{"hash":"5ab038f70dfae50ca1f885d8a16bbd1b0bc570b7","isMergeCommit":false,"messageTitle":"Implement testcases for each of the comparators","messageBody":"","fileTypesAndContributionMap":{"test-code":{"insertions":204,"deletions":0}}},{"hash":"57b8cb9d1e6549b6bd37a125f7e178303c2ca767","isMergeCommit":false,"messageTitle":"Fix documentation","messageBody":"","fileTypesAndContributionMap":{"functional-code":{"insertions":4,"deletions":4}}},{"hash":"7c09ddd0897d3603c1076b0976b034a8e3eb9207","isMergeCommit":true,"messageTitle":"Merge pull request #71 from aaronlim02/branch-testcases-sort","messageBody":"Branch testcases sort","tags":["v0.1.0"],"fileTypesAndContributionMap":{}}]},{"date":"2025-03-28T00:00:00","commitResults":[{"hash":"27f175b6562882692e4c055f85930d7848d9cf59","isMergeCommit":false,"messageTitle":"Edit ModelClassDiagram.puml","messageBody":"","fileTypesAndContributionMap":{"docs":{"insertions":15,"deletions":5}}}]},{"date":"2025-04-01T00:00:00","commitResults":[{"hash":"d1b15dedaf19e612bd5064a3ae6e849277a717dd","isMergeCommit":false,"messageTitle":"Fix bugs related to Hire class","messageBody":"","fileTypesAndContributionMap":{"functional-code":{"insertions":16,"deletions":10}}},{"hash":"f06989271c5f41b5075b24a57b595830b3b8ceb4","isMergeCommit":false,"messageTitle":"Fix NRIC class","messageBody":"","fileTypesAndContributionMap":{"functional-code":{"insertions":16,"deletions":15}}}]},{"date":"2025-04-02T00:00:00","commitResults":[{"hash":"d7fef343ce1419c38174aebc408e1acfbe2bb6a6","isMergeCommit":true,"messageTitle":"Merge pull request #86 from aaronlim02/branch-fix-bug-hire-error-message","messageBody":"Fix bugs related to Hire class","fileTypesAndContributionMap":{}},{"hash":"2c4c0a9c7796b7e14b8896ffe9a0e89b9ab873c9","isMergeCommit":false,"messageTitle":"Fix Person.java and TypicalPersons.java","messageBody":"","fileTypesAndContributionMap":{"functional-code":{"insertions":1,"deletions":1},"test-code":{"insertions":1,"deletions":1}}},{"hash":"49237d8f2e1a9a613c605da5bc30202a5ae5de11","isMergeCommit":false,"messageTitle":"Fix documentation","messageBody":"","fileTypesAndContributionMap":{"functional-code":{"insertions":1,"deletions":1}}},{"hash":"23254d3fca630948f17c5200498cca2921d6c362","isMergeCommit":true,"messageTitle":"Merge pull request #87 from aaronlim02/branch-fix-nric-class","messageBody":"Fix NRIC class","fileTypesAndContributionMap":{}},{"hash":"42a410a42b619df8800e72f45fb8589691aeb74b","isMergeCommit":true,"messageTitle":"Merge pull request #95 from aaronlim02/branch-fix-unique-identifier","messageBody":"Fix duplicate NRIC issue","fileTypesAndContributionMap":{}}]},{"date":"2025-04-03T00:00:00","commitResults":[{"hash":"b76ef1d8cc3517f790ccd39716f14919b26bd6e0","isMergeCommit":false,"messageTitle":"Fix bug in email regex format","messageBody":"","fileTypesAndContributionMap":{"functional-code":{"insertions":2,"deletions":2}}},{"hash":"aecf97b12f9ecbc16dee97440e1f71cf49f2997e","isMergeCommit":false,"messageTitle":"Update sort error messages","messageBody":"","fileTypesAndContributionMap":{"functional-code":{"insertions":9,"deletions":10}}},{"hash":"d2f52be635ec121a137f3b5a464b9d93b8718834","isMergeCommit":true,"messageTitle":"Merge pull request #121 from aaronlim02/branch-fix-sort-error-messages","messageBody":"Branch fix sort error messages","fileTypesAndContributionMap":{}},{"hash":"1d25dfa6c0006563fed9ca92a0870616b33c574b","isMergeCommit":false,"messageTitle":"Added comprehensive error catching","messageBody":"","fileTypesAndContributionMap":{"functional-code":{"insertions":30,"deletions":12}}},{"hash":"58a37912306d377f157317bfb1da4de640b1ac0d","isMergeCommit":true,"messageTitle":"Merge pull request #122 from wilsonh0/branch-update-leave-check","messageBody":"Added some reasonable constraints for leave dates","fileTypesAndContributionMap":{}},{"hash":"1670836ce4b4a9cef76bb4adfa7028dd9208fbfb","isMergeCommit":true,"messageTitle":"Merge pull request #123 from aaronlim02/branch-improve-edit-command-error","messageBody":"Added comprehensive error catching","tags":["v0.2.0"],"fileTypesAndContributionMap":{}}]},{"date":"2025-04-04T00:00:00","commitResults":[{"hash":"fce246e80b7d2cb0dab9198d4a356ed2bf8ce6e4","isMergeCommit":false,"messageTitle":"Update edit command section under user guide","messageBody":"","fileTypesAndContributionMap":{"docs":{"insertions":4,"deletions":0}}},{"hash":"e4921dc65d3f0686f9bbb685cfaf41f7b0975e8d","isMergeCommit":true,"messageTitle":"Merge pull request #124 from aaronlim02/branch-update-ug-edit-command","messageBody":"Update edit command section under user guide","fileTypesAndContributionMap":{}}]},{"date":"2025-04-07T00:00:00","commitResults":[{"hash":"1b4ddf5609cece454636bb20d8ef52e3936de9ad","isMergeCommit":false,"messageTitle":"Fix bug: \"Edit command breaks guarantee that Leave should be only after the employee join date\"","messageBody":"","fileTypesAndContributionMap":{"functional-code":{"insertions":11,"deletions":0}}},{"hash":"b1c85e0d31a4b1054e7ea6ad6f1bedb1bbb78db2","isMergeCommit":false,"messageTitle":"Revert \"Fix bug: \"Edit command breaks guarantee that Leave should be only after\"","messageBody":"This reverts commit 1b4ddf5609cece454636bb20d8ef52e3936de9ad.\n","fileTypesAndContributionMap":{"functional-code":{"insertions":0,"deletions":11}}},{"hash":"fa56139a07993154f0f0e26b3febbb5b4d75ad27","isMergeCommit":false,"messageTitle":"Fix bug: \"Edit command breaks guarantee that Leave should be only after the employee join date\"","messageBody":"","fileTypesAndContributionMap":{"functional-code":{"insertions":11,"deletions":0}}},{"hash":"e79528f78f8e378bd1a2a26c539a51b2585526d8","isMergeCommit":true,"messageTitle":"Merge pull request #180 from aaronlim02/branch-fix-edit-bug-2","messageBody":"Branch fix edit bug 2","fileTypesAndContributionMap":{}},{"hash":"ed5c70077babf015fa1b37840a3ccf1aca3b3385","isMergeCommit":false,"messageTitle":"Fix bug: \"Error message for invalid person index for edit command can be more specific\"","messageBody":"","fileTypesAndContributionMap":{"functional-code":{"insertions":13,"deletions":8}}},{"hash":"8aff5c2c11f5f79a8fa464718bae06d957dafd44","isMergeCommit":false,"messageTitle":"Fix bug: \"Wrong error message shown when invalid edit command format is used\"","messageBody":"","fileTypesAndContributionMap":{"functional-code":{"insertions":3,"deletions":6}}},{"hash":"91956f9d061492b294ff50402543feb5f13cc974","isMergeCommit":true,"messageTitle":"Merge pull request #182 from aaronlim02/branch-fix-edit-bug-3","messageBody":"Branch fix edit bug 3","fileTypesAndContributionMap":{}},{"hash":"8c21b5ef02796a5e1cbaf66ce8925467b56577b6","isMergeCommit":false,"messageTitle":"Fix \"Error message for duplicate NRIC not specific enough\"","messageBody":"","fileTypesAndContributionMap":{"functional-code":{"insertions":6,"deletions":4}}},{"hash":"a14345ce8bd7af72e3e69a571db526539efd5908","isMergeCommit":false,"messageTitle":"Fix bugs and edit UG for \u0027edit\u0027 command","messageBody":"","fileTypesAndContributionMap":{"functional-code":{"insertions":6,"deletions":3},"docs":{"insertions":4,"deletions":0}}}]},{"date":"2025-04-08T00:00:00","commitResults":[{"hash":"ca7f5f649f2fa2fbb94c9b1f9488bed716e5219c","isMergeCommit":false,"messageTitle":"Fix #139","messageBody":"","fileTypesAndContributionMap":{"docs":{"insertions":0,"deletions":1}}},{"hash":"186f407214247773a363ab3c188e1fe2f2784b6c","isMergeCommit":true,"messageTitle":"Merge pull request #192 from aaronlim02/branch-fix-ug","messageBody":"Fixed bugs in UG related to GUI","fileTypesAndContributionMap":{}},{"hash":"1cb84ce1adab82be6b6d17d59dedede5ad163fb1","isMergeCommit":false,"messageTitle":"Add warnings in UG","messageBody":"","fileTypesAndContributionMap":{"docs":{"insertions":15,"deletions":0}}},{"hash":"dd8f9f0181c1c8b842cc38418c9e39c307f11f2e","isMergeCommit":true,"messageTitle":"Merge pull request #193 from aaronlim02/branch-fix-dangerous-commands","messageBody":"Added warnings in UG","fileTypesAndContributionMap":{}},{"hash":"2637c2fbf844f6a1489a5abb2615592a1def5d84","isMergeCommit":false,"messageTitle":"Fix formatting","messageBody":"","fileTypesAndContributionMap":{"docs":{"insertions":7,"deletions":6}}},{"hash":"b8470acabca7c32395d3eed7be6e25a0d00f9675","isMergeCommit":true,"messageTitle":"Merge pull request #194 from aaronlim02/branch-fix-ug-2","messageBody":"Fix formatting","fileTypesAndContributionMap":{}},{"hash":"49bbaa0fa3b0a2fad566e65c8100204fb68442d2","isMergeCommit":false,"messageTitle":"Fix DG manual testcases","messageBody":"","fileTypesAndContributionMap":{"docs":{"insertions":44,"deletions":10}}},{"hash":"c1b0527d984ffa2c57132d141424b76a28e28fe5","isMergeCommit":true,"messageTitle":"Merge pull request #195 from aaronlim02/branch-fix-dg","messageBody":"Fix DG manual testcases","fileTypesAndContributionMap":{}},{"hash":"efaf01883a52239e89c551fcaff2abe8a9490e85","isMergeCommit":false,"messageTitle":"Update Product scope in DG","messageBody":"","fileTypesAndContributionMap":{"docs":{"insertions":10,"deletions":6}}},{"hash":"833fa34bec880ed4dbcd12e11fb2f760cfa9dc21","isMergeCommit":true,"messageTitle":"Merge pull request #190 from nicholasdaijh/branch-v1.6.1","messageBody":"Improve error message on delete and view command","fileTypesAndContributionMap":{}},{"hash":"89e9e9545072d23fd0535b22702829b7c2b5c03e","isMergeCommit":true,"messageTitle":"Merge pull request #191 from nicholasdaijh/branch-v1.6.2","messageBody":"Edit target user profile in DG","fileTypesAndContributionMap":{}},{"hash":"721488c1e0d3c575203891936ac4d3004042acd2","isMergeCommit":false,"messageTitle":"Fix DG","messageBody":"","fileTypesAndContributionMap":{"docs":{"insertions":0,"deletions":4}}},{"hash":"50b5ed7df5df457fff24fcca3a0d0f5fc7dbcd49","isMergeCommit":false,"messageTitle":"Update Ug","messageBody":"","fileTypesAndContributionMap":{"docs":{"insertions":1,"deletions":1}}},{"hash":"be87ebdb070be1213db1cf7c5da75769f49a4979","isMergeCommit":false,"messageTitle":"Fix UG","messageBody":"","fileTypesAndContributionMap":{"docs":{"insertions":1,"deletions":0}}},{"hash":"9a5be6bfd4a11987f11d392a74cedad90db2a321","isMergeCommit":true,"messageTitle":"Merge branch \u0027master\u0027 into branch-fix-dg-2","messageBody":"","fileTypesAndContributionMap":{}},{"hash":"b58bb35fa586c33156cdea2da6e8a59c648c5264","isMergeCommit":true,"messageTitle":"Merge pull request #199 from aaronlim02/branch-fix-dg-2","messageBody":"Branch fix dg 2","fileTypesAndContributionMap":{}}]}],"wilsonh0":[{"date":"2025-03-06T00:00:00","commitResults":[{"hash":"694a9bd016788f75705d3e04f656803c33407020","isMergeCommit":false,"messageTitle":"Update AboutUs page","messageBody":"","fileTypesAndContributionMap":{"docs":{"insertions":4,"deletions":5}}},{"hash":"76f67386d2a5dfb53d5dd38a2c91b42b7ff7ab1e","isMergeCommit":true,"messageTitle":"Merge pull request #17 from wilsonh0/branch-update-aboutus","messageBody":"Update the AboutUs page For Wilson","fileTypesAndContributionMap":{}}]},{"date":"2025-03-10T00:00:00","commitResults":[{"hash":"e4b503f1164ed3aa96dda001a1b5c9b6e229a8c7","isMergeCommit":true,"messageTitle":"Merge pull request #15 from aaronlim02/branch-update-aboutus-page-aaron","messageBody":"Update the AboutUs page for Aaron","fileTypesAndContributionMap":{}},{"hash":"d8ad85f7bc9e7e0730bfe010c6c9d354ca008641","isMergeCommit":true,"messageTitle":"Merge pull request #16 from senshir/branch-update-aboutus-page","messageBody":"Update the AboutUs page For Shishir","fileTypesAndContributionMap":{}},{"hash":"8142aae876bd4d74e1d254289fc27f3c2a82da72","isMergeCommit":true,"messageTitle":"Merge pull request #18 from nicholasdaijh/branch-update-aboutus","messageBody":"Update the AboutUs page for Nicholas","fileTypesAndContributionMap":{}},{"hash":"e1ee09e1cd6e7e5205598967821457c4b219203c","isMergeCommit":false,"messageTitle":"Update README.md","messageBody":"","fileTypesAndContributionMap":{"docs":{"insertions":25,"deletions":10}}},{"hash":"4b62a606e20074da3abee947f9c466f2bbf6674c","isMergeCommit":false,"messageTitle":"Update site-wide settings","messageBody":"","fileTypesAndContributionMap":{"other":{"insertions":1,"deletions":1}}},{"hash":"ee56c02960523f54a52d53168d5505ad7bdb9407","isMergeCommit":true,"messageTitle":"Merge pull request #29 from wilsonh0/branch-update-readme","messageBody":"Update README.md","fileTypesAndContributionMap":{}},{"hash":"f43489dfc5798dd80f22a7f6f7c15f2c52342eb8","isMergeCommit":true,"messageTitle":"Merge pull request #30 from wilsonh0/branch-update-site-wide","messageBody":"Update site-wide settings","fileTypesAndContributionMap":{}},{"hash":"0f5f7b7e9650780bb72312429c49d547719faa70","isMergeCommit":false,"messageTitle":"Update target user and value proposition","messageBody":"","fileTypesAndContributionMap":{"docs":{"insertions":17,"deletions":10}}},{"hash":"cdfa2804ea99c29f297c4158ada49123fc3f9069","isMergeCommit":true,"messageTitle":"Merge pull request #32 from wilsonh0/branch-update-developer-guide","messageBody":"Update target user profile and value proposition","fileTypesAndContributionMap":{}},{"hash":"4306d456d2ee772b74299732ff8336340d9baf60","isMergeCommit":false,"messageTitle":"Update MVP user stories","messageBody":"","fileTypesAndContributionMap":{"docs":{"insertions":10,"deletions":9}}},{"hash":"7522ac9907d9f5f4556d3180c07e8c21b5653229","isMergeCommit":true,"messageTitle":"Merge pull request #33 from wilsonh0/branch-update-developer-guide","messageBody":"Update user stories","fileTypesAndContributionMap":{}},{"hash":"8243a0eaf9ca1c309fd395fa25a324a1e0671c9d","isMergeCommit":false,"messageTitle":"Fix user stories formatting","messageBody":"","fileTypesAndContributionMap":{"docs":{"insertions":11,"deletions":10}}},{"hash":"3bc7106611abeae8ba274c2bc72d85c1aa31d8dd","isMergeCommit":true,"messageTitle":"Merge pull request #37 from wilsonh0/branch-update-developer-guide","messageBody":"Fix user stories formatting","fileTypesAndContributionMap":{}}]},{"date":"2025-03-16T00:00:00","commitResults":[{"hash":"df2fa2dcc15cabfac30362dd15c77ee0a011e1fc","isMergeCommit":false,"messageTitle":"Add ability to add and store employee leaves","messageBody":"Currently, there is no functionality to add employee leave\nrecords.\n\nThe following changes have been made:\n- Create Leave model to store leave records\n- Implement LeaveCommand to handle adding leave records\n- Implement LeaveCommandParser to parse leave input\n- Implement JsonAdaptedLeave for JSON serialization\n- Update JsonAdaptedPerson to store leave data\n- Modify SampleDataUtil to include sample leave records\n- Add JsonAdaptedLeaveTest for unit testing JSON serialization\n\nSupport for deleting leave records will be added in a future update.\n","fileTypesAndContributionMap":{"functional-code":{"insertions":398,"deletions":12},"test-code":{"insertions":86,"deletions":1}}},{"hash":"1aa41736132dda4667938d474d9e463621d42d6a","isMergeCommit":false,"messageTitle":"Fix test checkstyle errors","messageBody":"","fileTypesAndContributionMap":{"test-code":{"insertions":2,"deletions":2}}},{"hash":"15cad4f0dff33df6ce620b73021cdbd202298e56","isMergeCommit":false,"messageTitle":"Update JsonAdaptedPersonTest to support leave records","messageBody":"","fileTypesAndContributionMap":{"test-code":{"insertions":39,"deletions":11}}},{"hash":"40611d1ceb1ccea6209f69aef5eae0bd2925c003","isMergeCommit":false,"messageTitle":"Add some tests for new parameters (nric and hire)","messageBody":"","fileTypesAndContributionMap":{"test-code":{"insertions":17,"deletions":0}}},{"hash":"d219d62a0ebddf1d9325ef1f0aebfb75dd5f0b7e","isMergeCommit":false,"messageTitle":"Fix test case for PersonTest.java","messageBody":"","fileTypesAndContributionMap":{"test-code":{"insertions":3,"deletions":2}}}]},{"date":"2025-03-17T00:00:00","commitResults":[{"hash":"359bc8059dffdecb17f44f5d25e0a8c3df9f862d","isMergeCommit":true,"messageTitle":"Merge branch \u0027master\u0027 into branch-leave-system","messageBody":"","fileTypesAndContributionMap":{}},{"hash":"1c3ec6dca584c0e0a9e15c6315085e8af2f6290c","isMergeCommit":true,"messageTitle":"Merge pull request #45 from wilsonh0/branch-leave-system","messageBody":"Add ability to add and store employee leaves + Fixing some broken testcases","fileTypesAndContributionMap":{}},{"hash":"cb69f5278100e6d88fd4a66e07f396733e433e58","isMergeCommit":false,"messageTitle":"Update new tag commands to use leaves","messageBody":"","fileTypesAndContributionMap":{"functional-code":{"insertions":4,"deletions":2}}},{"hash":"fa546cb25cc288b12b1a9ed91c9dfb3efd4991dc","isMergeCommit":false,"messageTitle":"Fix checkstyle errors","messageBody":"","fileTypesAndContributionMap":{"functional-code":{"insertions":3,"deletions":4},"test-code":{"insertions":1,"deletions":0}}},{"hash":"25b31091bd59627b828bfd44970544f6c6dce982","isMergeCommit":false,"messageTitle":"Fix bug in JsonAdaptedPerson.java","messageBody":"","fileTypesAndContributionMap":{"functional-code":{"insertions":1,"deletions":1}}},{"hash":"511ad0644b6f43225c31d1186ceb1332aec77123","isMergeCommit":false,"messageTitle":"Fix failing test cases","messageBody":"","fileTypesAndContributionMap":{"test-code":{"insertions":12,"deletions":24}}},{"hash":"e24ab6c82ded90bfc35d9d80cafba345c161f4e2","isMergeCommit":false,"messageTitle":"Fix Nric validation to use proper message constraints","messageBody":"Previously, it incorrectly used Name\u0027s MESSAGE_CONSTRAINTS instead\nof Nric\u0027s.\n","fileTypesAndContributionMap":{"functional-code":{"insertions":3,"deletions":2}}},{"hash":"3a231e2880bc34be22ef176c279cd73195148c79","isMergeCommit":false,"messageTitle":"Remove unintended default tag assignment","messageBody":"Previously, PersonBuilder always initialized person with the\n\"friends\" tag by default, even when no tags were provided. This\ncaused unexpected behavior when loading or comparing persons.\n\nNow, PersonBuilder initializes tags as an empty set, ensuring tags\nare only added when explicitly specified.\n","fileTypesAndContributionMap":{"test-code":{"insertions":3,"deletions":3}}},{"hash":"7a78b1c6b50fa1c84061d937456b7692cbfa71b6","isMergeCommit":false,"messageTitle":"Update test data to reflect new parameters so test cases work again","messageBody":"","fileTypesAndContributionMap":{"test-code":{"insertions":4,"deletions":0}}},{"hash":"3ee34563ee801ac52f042100a660a45079d9b0f5","isMergeCommit":false,"messageTitle":"Improve readability and update to use new parameters","messageBody":"","fileTypesAndContributionMap":{"test-code":{"insertions":112,"deletions":32}}},{"hash":"cac767b0756058291be388d49c945ed9d809f8a9","isMergeCommit":false,"messageTitle":"Add support for new parameters and fix associated test cases","messageBody":"","fileTypesAndContributionMap":{"test-code":{"insertions":41,"deletions":12}}},{"hash":"8110c64baeaf094670832d4bb2483cb3912447e6","isMergeCommit":false,"messageTitle":"Fix CommandTestUtil and update LogicManagerTest to use new params","messageBody":"","fileTypesAndContributionMap":{"test-code":{"insertions":14,"deletions":5}}},{"hash":"a55d6861e2f656847d58be31617310b1f634b67d","isMergeCommit":false,"messageTitle":"Fix checkstyle errors","messageBody":"","fileTypesAndContributionMap":{"test-code":{"insertions":8,"deletions":1}}},{"hash":"b69102624be98b5a6d69d2167e3a129fdc6d4ed9","isMergeCommit":false,"messageTitle":"Update PersonUtil.java to use correct parameters.","messageBody":"AddressBookParserTest now passes due to these changes.\n","fileTypesAndContributionMap":{"test-code":{"insertions":5,"deletions":3}}}]},{"date":"2025-03-18T00:00:00","commitResults":[{"hash":"3367edabedbe1b3f3fdbd942ad8cb96fa4642c4d","isMergeCommit":true,"messageTitle":"Merge pull request #53 from wilsonh0/branch-fix-merge-issues","messageBody":"Fix merge issues and most test cases","fileTypesAndContributionMap":{}}]},{"date":"2025-03-19T00:00:00","commitResults":[{"hash":"3f6c44ce3f14e5804146259653bed2aafdd5f336","isMergeCommit":false,"messageTitle":"Add remove function and support deletion by index/NRIC for leaves","messageBody":"","fileTypesAndContributionMap":{"functional-code":{"insertions":301,"deletions":56}}},{"hash":"80915d8dd49536474e78edd8a34a17726e34aba8","isMergeCommit":false,"messageTitle":"Fix checkstyle and minor errors","messageBody":"","fileTypesAndContributionMap":{"functional-code":{"insertions":0,"deletions":2},"test-code":{"insertions":3,"deletions":12}}},{"hash":"e75ceeb1c381dcc65e69b348093a33db0c0c0e30","isMergeCommit":true,"messageTitle":"Merge branch \u0027master\u0027 into branch-leave-delete","messageBody":"","fileTypesAndContributionMap":{}},{"hash":"0ec18c0183b242e6af1baf165c05a53df3d8b680","isMergeCommit":false,"messageTitle":"Fix checkstyle errors","messageBody":"","fileTypesAndContributionMap":{"test-code":{"insertions":2,"deletions":2}}},{"hash":"4f2e8ec5d3d534add61f73fd3492e1076af6f432","isMergeCommit":true,"messageTitle":"Merge pull request #55 from wilsonh0/branch-leave-delete","messageBody":"Add remove function for leave records","fileTypesAndContributionMap":{}}]},{"date":"2025-03-20T00:00:00","commitResults":[{"hash":"620dc05831dc0a7475535d5b742877b4a3b3a935","isMergeCommit":false,"messageTitle":"Improve error messages","messageBody":"","fileTypesAndContributionMap":{"functional-code":{"insertions":75,"deletions":52}}},{"hash":"28e2785c0bc04e24aba14b327470665881ab4454","isMergeCommit":false,"messageTitle":"Fix identifier parsing to ignore extra characters","messageBody":"","fileTypesAndContributionMap":{"functional-code":{"insertions":4,"deletions":7}}}]},{"date":"2025-03-27T00:00:00","commitResults":[{"hash":"6d96b75b1d991027f008ce25db27ed5ff012f8c3","isMergeCommit":false,"messageTitle":"Switch docs to MarkBind","messageBody":"","fileTypesAndContributionMap":{"other":{"insertions":195,"deletions":39},"docs":{"insertions":247,"deletions":258}}},{"hash":"6cf0cabd81b9d8e8c176eb3cf1f941afbf9ed30c","isMergeCommit":false,"messageTitle":"Create docs.yml for MarkBind","messageBody":"","fileTypesAndContributionMap":{"other":{"insertions":25,"deletions":0}}},{"hash":"fd298bbb0b3ebd4d9b872832b9a65cfebbaebf5f","isMergeCommit":true,"messageTitle":"Merge branch \u0027branch-update-user-guide\u0027","messageBody":"","fileTypesAndContributionMap":{}},{"hash":"a1113829665bbd897013a79289e4d5e4fc3c3255","isMergeCommit":true,"messageTitle":"Merge branch \u0027AY2425S2-CS2103T-T15-3:master\u0027 into master","messageBody":"","fileTypesAndContributionMap":{}},{"hash":"dd803b48f94e4ee3124e4f39bb3115165c811230","isMergeCommit":true,"messageTitle":"Merge pull request #69 from wilsonh0/master","messageBody":"Switch docs to MarkBind","fileTypesAndContributionMap":{}},{"hash":"363efea851c357839d3dc4f05d650cdbab04c9a3","isMergeCommit":false,"messageTitle":"Update UserGuide","messageBody":"","fileTypesAndContributionMap":{"docs":{"insertions":36,"deletions":28}}}]},{"date":"2025-03-28T00:00:00","commitResults":[{"hash":"0396d0464fa6219d9d3fb52f2db19fcb0d0fcaf3","isMergeCommit":false,"messageTitle":"Update theme and styling","messageBody":"","fileTypesAndContributionMap":{"other":{"insertions":6,"deletions":0}}},{"hash":"57f98eb654cf062dd5a07554db82a6c9cdb3731d","isMergeCommit":false,"messageTitle":"Update user guide formatting","messageBody":"","fileTypesAndContributionMap":{"docs":{"insertions":199,"deletions":81}}},{"hash":"e6952e6b1309be878027439758d9790c409276ef","isMergeCommit":false,"messageTitle":"Update User Guide and docs styling","messageBody":"","fileTypesAndContributionMap":{"other":{"insertions":96,"deletions":7},"docs":{"insertions":200,"deletions":27}}},{"hash":"addf65655596045e5945593ad42c6867f52bbd7b","isMergeCommit":false,"messageTitle":"Add Attendance command to User Guide","messageBody":"","fileTypesAndContributionMap":{"docs":{"insertions":60,"deletions":36}}},{"hash":"57514fac90db48d2ced19ad8f7a068414c92b64e","isMergeCommit":true,"messageTitle":"Merge pull request #72 from wilsonh0/branch-update-user-guide","messageBody":"Update user guide","fileTypesAndContributionMap":{}}]},{"date":"2025-03-30T00:00:00","commitResults":[{"hash":"dd3f74f2822ae310ce56c402f18e284ba2378bde","isMergeCommit":false,"messageTitle":"Update Commands to trigger UI changes in PersonDetailsPanel","messageBody":"","fileTypesAndContributionMap":{"functional-code":{"insertions":8,"deletions":5}}},{"hash":"ad2a92b85e9b2000287ec3110db1dd06cae9111b","isMergeCommit":false,"messageTitle":"Fix NRIC validation triggering on wrong input","messageBody":"","fileTypesAndContributionMap":{"functional-code":{"insertions":6,"deletions":0}}},{"hash":"4c7aa1b1a853232fd3f6ab89e9779fb9200522ed","isMergeCommit":false,"messageTitle":"Update test cases relating to ui updates","messageBody":"","fileTypesAndContributionMap":{"test-code":{"insertions":12,"deletions":2}}},{"hash":"8834e962ca172123ff0cda88579ba33819adc730","isMergeCommit":false,"messageTitle":"Add test cases for leave management","messageBody":"","fileTypesAndContributionMap":{"test-code":{"insertions":360,"deletions":0}}},{"hash":"869e027eb002028470814183a5eff3c66673d3d0","isMergeCommit":false,"messageTitle":"Add missing newline at EOF","messageBody":"","fileTypesAndContributionMap":{"docs":{"insertions":5,"deletions":5}}},{"hash":"1ba715c7a43fc4c6504b0ec34b7bb78622e4edfc","isMergeCommit":false,"messageTitle":"Update StorageClassDiagram.puml","messageBody":"","fileTypesAndContributionMap":{"docs":{"insertions":4,"deletions":0}}},{"hash":"9f59e0655fbc1ed34ea40048924f560f5cdbcb84","isMergeCommit":true,"messageTitle":"Merge pull request #76 from wilsonh0/branch-update-uml-diagram","messageBody":"Update StorageClassDiagram.puml","fileTypesAndContributionMap":{}},{"hash":"6df9887582c9a53329d53ea0d95ddf8ef806ac51","isMergeCommit":false,"messageTitle":"Use personToCopy\u0027s attendance in PersonBuilder to fix test cases","messageBody":"","fileTypesAndContributionMap":{"test-code":{"insertions":1,"deletions":1}}}]},{"date":"2025-04-01T00:00:00","commitResults":[{"hash":"c099b31a5856357923323ae1f9306a95c68e5215","isMergeCommit":true,"messageTitle":"Merge pull request #75 from wilsonh0/branch-update-ui-updates","messageBody":"Trigger UI updates after commands and add test cases for leave management","fileTypesAndContributionMap":{}},{"hash":"5635dd28d731a12ac920b1b5e9fb005890aaaf39","isMergeCommit":false,"messageTitle":"Fix issue where invalid dates were converted to valid values","messageBody":"","fileTypesAndContributionMap":{"functional-code":{"insertions":72,"deletions":28},"test-code":{"insertions":6,"deletions":1}}}]},{"date":"2025-04-02T00:00:00","commitResults":[{"hash":"b39a37eadce0de92295f47315128665e165c5b15","isMergeCommit":false,"messageTitle":"Update HelpWindow url","messageBody":"","fileTypesAndContributionMap":{"functional-code":{"insertions":1,"deletions":1}}},{"hash":"502db8099e4b682ab54037b8894cab5ad8a2010b","isMergeCommit":false,"messageTitle":"Add more edge cases for date validation","messageBody":"","fileTypesAndContributionMap":{"test-code":{"insertions":20,"deletions":1}}},{"hash":"aa03c58a348a7d2a55b5bbdc1fd337d22b85c555","isMergeCommit":false,"messageTitle":"Update message to specify inclusive year range for clarity","messageBody":"","fileTypesAndContributionMap":{"functional-code":{"insertions":1,"deletions":1}}},{"hash":"baefde9e8b9b2231f9951f12e9f64d6ca386dc7e","isMergeCommit":true,"messageTitle":"Merge pull request #88 from wilsonh0/branch-fix-leave-bug","messageBody":"Fix issue with automatic conversion of invalid dates in leave command","fileTypesAndContributionMap":{}}]},{"date":"2025-04-03T00:00:00","commitResults":[{"hash":"21a82a784de346c2cfec0d83364c2681578ed92d","isMergeCommit":false,"messageTitle":"Update Developer guide links","messageBody":"","fileTypesAndContributionMap":{"docs":{"insertions":8,"deletions":8}}},{"hash":"ea58992a3de4d1e016f6485f8c258cafe2a83359","isMergeCommit":false,"messageTitle":"Update badges in index.md","messageBody":"","fileTypesAndContributionMap":{"docs":{"insertions":2,"deletions":3}}},{"hash":"71b2aad494b158a94b69d3b29b87f0ecaa436b46","isMergeCommit":false,"messageTitle":"Update badge in README.md","messageBody":"","fileTypesAndContributionMap":{"docs":{"insertions":1,"deletions":1}}},{"hash":"d4f18f5a2f212666ba245d75894b6b3d6d283736","isMergeCommit":false,"messageTitle":"Add check to ensure leave start date cannot be before hire date","messageBody":"","fileTypesAndContributionMap":{"functional-code":{"insertions":22,"deletions":8}}},{"hash":"a0a92901bc5572ffe6f7b6ac936ac4c9c60e0b1e","isMergeCommit":false,"messageTitle":"Add maximum leave duration limit (30 days)","messageBody":"","fileTypesAndContributionMap":{"functional-code":{"insertions":23,"deletions":3},"test-code":{"insertions":6,"deletions":0}}},{"hash":"d95e41e948f9ecfdfd52a06f2487b2ff39d05d76","isMergeCommit":false,"messageTitle":"Update sample data to respect leave limit","messageBody":"","fileTypesAndContributionMap":{"functional-code":{"insertions":5,"deletions":5},"test-code":{"insertions":3,"deletions":3}}},{"hash":"42b304942383e9037db23822d0aac6c0006fe3f4","isMergeCommit":true,"messageTitle":"Merge pull request #117 from wilsonh0/branch-update-dg-links","messageBody":"Update developer guide links, project name and badges","fileTypesAndContributionMap":{}}]},{"date":"2025-04-07T00:00:00","commitResults":[{"hash":"ba60f9cdd2d9d3e462cd584ec00b57c6a5016208","isMergeCommit":false,"messageTitle":"Fix error message bug when index is invalid","messageBody":"","fileTypesAndContributionMap":{"functional-code":{"insertions":7,"deletions":1}}},{"hash":"9b54c5c1d11ae4cec5317c748a30c7149b26400e","isMergeCommit":false,"messageTitle":"Change Max Year for Leave to align with other date constraints","messageBody":"","fileTypesAndContributionMap":{"functional-code":{"insertions":1,"deletions":1}}}]},{"date":"2025-04-08T00:00:00","commitResults":[{"hash":"4f668db2ae5808f28f0de4cf0615e2594f8dc1ee","isMergeCommit":false,"messageTitle":"Improve invalid index message","messageBody":"","fileTypesAndContributionMap":{"functional-code":{"insertions":1,"deletions":1}}},{"hash":"4588aca14a0fa70ddfac890aa505c56ceb8d6ded","isMergeCommit":true,"messageTitle":"Merge pull request #181 from senshir/branch-bugfixing","messageBody":"Functionality bugfixing - Tag character count, attendance term, scrollbar for results","fileTypesAndContributionMap":{}},{"hash":"65fbd94871e52536ad67531b6a48c8b0c0de2b81","isMergeCommit":true,"messageTitle":"Merge pull request #183 from aaronlim02/branch-fix-nric-error-message","messageBody":"Fix \"Error message for duplicate NRIC not specific enough\"","fileTypesAndContributionMap":{}},{"hash":"779dc4843f483543621a54c89d9e94ee110ecc03","isMergeCommit":true,"messageTitle":"Merge pull request #184 from aaronlim02/branch-fix-edit-bug-4","messageBody":"Fix bugs and edit UG for \u0027edit\u0027 command","fileTypesAndContributionMap":{}},{"hash":"84b43fde6f19a5864a0f6216a3a15de38c2c6e95","isMergeCommit":true,"messageTitle":"Merge pull request #185 from wilsonh0/branch-fix-bugs","messageBody":"Fix bugs related to Leave","fileTypesAndContributionMap":{}},{"hash":"0e27006617abe3495e1bc6582b4a38bf8b1f0d34","isMergeCommit":true,"messageTitle":"Merge pull request #186 from nicholasdaijh/branch-v1.6","messageBody":"Branch v1.6","fileTypesAndContributionMap":{}},{"hash":"e86dc46598e4e633981d6c83d29ecc33da4f95a0","isMergeCommit":true,"messageTitle":"Merge pull request #187 from senshir/branch-lastupdate-persondetailspanel","messageBody":"Add a way to refresh UI","fileTypesAndContributionMap":{}},{"hash":"44439a29a0fefa24919109fcbe5d01f5f01eb4df","isMergeCommit":false,"messageTitle":"Fix panel behavior for attendance/view/clear/delete commands","messageBody":"","fileTypesAndContributionMap":{"functional-code":{"insertions":47,"deletions":11}}},{"hash":"fca1c84e627e196588697bc361d09c8948c5649e","isMergeCommit":true,"messageTitle":"Merge pull request #188 from wilsonh0/branch-fix-ui-bugs","messageBody":"Fix UI panel behavior for attendance/clear/delete commands","fileTypesAndContributionMap":{}},{"hash":"b3d0b29ea5152006b9bb72f710d1731e03c1b578","isMergeCommit":false,"messageTitle":"Update UG format","messageBody":"","fileTypesAndContributionMap":{"docs":{"insertions":295,"deletions":184}}},{"hash":"db40348f0dd41241a50f5d010cd6939bc6aee4be","isMergeCommit":true,"messageTitle":"Merge branch \u0027branch-update-UG\u0027","messageBody":"","fileTypesAndContributionMap":{}},{"hash":"1d83c0a767cf5264ef74e744ec1c69a063644832","isMergeCommit":true,"messageTitle":"Merge pull request #197 from wilsonh0/branch-update-UG","messageBody":"Update UG format","fileTypesAndContributionMap":{}},{"hash":"6803974f76f88dfb2d274fd3fe9747216cb8d202","isMergeCommit":false,"messageTitle":"Update acknowledgements","messageBody":"","fileTypesAndContributionMap":{"docs":{"insertions":8,"deletions":1}}},{"hash":"00cb7b696097d5c42f5758ff9c94280b9a9a479c","isMergeCommit":false,"messageTitle":"Update glossary","messageBody":"","fileTypesAndContributionMap":{"docs":{"insertions":8,"deletions":2}}},{"hash":"2b181612f5b715719c12501edb06062e207dd507","isMergeCommit":false,"messageTitle":"Update user stories","messageBody":"","fileTypesAndContributionMap":{"docs":{"insertions":13,"deletions":13}}},{"hash":"0a2611726cf0ef90294ab5341d6cdd72f737e480","isMergeCommit":true,"messageTitle":"Merge pull request #198 from wilsonh0/branch-update-dg","messageBody":"Update glossary and acknowledgements","fileTypesAndContributionMap":{}},{"hash":"7b2aef8902be43171d3e0e7a6970f7b1e1657deb","isMergeCommit":false,"messageTitle":"Add planned improvements","messageBody":"","fileTypesAndContributionMap":{"docs":{"insertions":12,"deletions":0}}},{"hash":"d0e59fb395fe42078aa4dc7dc55442421181154f","isMergeCommit":true,"messageTitle":"Merge pull request #200 from wilsonh0/branch-update-dg","messageBody":"Add planned improvements","fileTypesAndContributionMap":{}}]}],"nicholasdaijh":[{"date":"2025-03-06T00:00:00","commitResults":[{"hash":"783ad38447aa623c83af08aaf25e52b834368aa8","isMergeCommit":false,"messageTitle":"Update Aboutus","messageBody":"","fileTypesAndContributionMap":{"docs":{"insertions":3,"deletions":3}}}]},{"date":"2025-03-10T00:00:00","commitResults":[{"hash":"3b6bf3960abd8786d09b493ff853e1cd811f7dea","isMergeCommit":false,"messageTitle":"Edit NFR and glossary","messageBody":"","fileTypesAndContributionMap":{"docs":{"insertions":7,"deletions":3}}},{"hash":"a38f8c56835efdd4750205c4abfc07a792786870","isMergeCommit":true,"messageTitle":"Merge pull request #34 from nicholasdaijh/branch-nfr-glossary","messageBody":"Edit NFR and glossary","fileTypesAndContributionMap":{}}]},{"date":"2025-03-16T00:00:00","commitResults":[{"hash":"b40cab2eddd01ddddb4bea21a2f3866304a6aeb3","isMergeCommit":false,"messageTitle":"Edit AddCommand","messageBody":"","fileTypesAndContributionMap":{"functional-code":{"insertions":34,"deletions":29},"docs":{"insertions":1,"deletions":1},"test-code":{"insertions":11,"deletions":11}}},{"hash":"b0cea6221ebe173c08821267e26acf00af8982ca","isMergeCommit":true,"messageTitle":"Merge commit \u0027e14e9aab4bdb5c9214a7908cc1c0035d014e5544\u0027 into branch-add","messageBody":"* commit \u0027e14e9aab4bdb5c9214a7908cc1c0035d014e5544\u0027:\n  Revert \"Fix testcases\"\n  Revert \"Fix testcases\"\n  Revert \"fix testcases\"\n  fix testcases\n  Fix testcases\n  Fix testcases\n  Fix style\n  Fix style\n  Fix display for new fields\n  Add nric and hire fields and fix edit command\n\n# Conflicts:\n#\tsrc/main/java/seedu/address/logic/commands/AddCommand.java\n#\tsrc/main/java/seedu/address/logic/commands/EditCommand.java\n#\tsrc/main/java/seedu/address/logic/parser/AddCommandParser.java\n#\tsrc/main/java/seedu/address/logic/parser/CliSyntax.java\n#\tsrc/main/java/seedu/address/logic/parser/EditCommandParser.java\n","fileTypesAndContributionMap":{}},{"hash":"77fdcc5f6892f696dc4118d24e652c9cb7627fe2","isMergeCommit":false,"messageTitle":"Merge commit","messageBody":"","fileTypesAndContributionMap":{"functional-code":{"insertions":0,"deletions":12}}},{"hash":"b22c0e01e6ab733515deab778b56ec86ed1d0ff1","isMergeCommit":false,"messageTitle":"Change prefix and implement hire and nric","messageBody":"","fileTypesAndContributionMap":{"functional-code":{"insertions":42,"deletions":32}}},{"hash":"e0f3d1d7cc688f6aecf165b5caff4fb9c486504e","isMergeCommit":false,"messageTitle":"Edit lexicographical order of imports for AddCommandParser.java","messageBody":"","fileTypesAndContributionMap":{"functional-code":{"insertions":1,"deletions":1}}},{"hash":"75dac91de6bb9c9c12c6c69d1eb4448e94260603","isMergeCommit":false,"messageTitle":"Fix checkstyle","messageBody":"","fileTypesAndContributionMap":{"functional-code":{"insertions":12,"deletions":2}}},{"hash":"d9a09c13a7d727078352318c65c55afee04daf83","isMergeCommit":true,"messageTitle":"Merge pull request #42 from nicholasdaijh/branch-add","messageBody":"Edit add feature (test cases not fixed yet but will be done in the near future)","fileTypesAndContributionMap":{}}]},{"date":"2025-03-17T00:00:00","commitResults":[{"hash":"690bd2e1c4952d6624eb12a3b852d9dbba5a3827","isMergeCommit":false,"messageTitle":"Fix test cases","messageBody":"","fileTypesAndContributionMap":{"functional-code":{"insertions":17,"deletions":2},"test-code":{"insertions":146,"deletions":40}}},{"hash":"62e9992eb6ef8b2a61cca6f3d8eff795dd5c2f26","isMergeCommit":false,"messageTitle":"Fix checkstyle","messageBody":"","fileTypesAndContributionMap":{"test-code":{"insertions":5,"deletions":8}}},{"hash":"5d656bfe47d3df1a75e2f283602f8f265217171c","isMergeCommit":false,"messageTitle":"Fix test case","messageBody":"","fileTypesAndContributionMap":{"test-code":{"insertions":3,"deletions":2}}}]},{"date":"2025-03-18T00:00:00","commitResults":[{"hash":"5c53c6a479f24a8103012c13485640a9f3c7db01","isMergeCommit":true,"messageTitle":"Merge branch \u0027master\u0027 into branch-add-testcases","messageBody":"","fileTypesAndContributionMap":{}},{"hash":"9ab46db8e23e95dbe553b8703bc3b94ad1f96e3f","isMergeCommit":true,"messageTitle":"Merge pull request #47 from nicholasdaijh/branch-add-testcases","messageBody":"Fix test cases","fileTypesAndContributionMap":{}},{"hash":"9f1838a1aec3c9552a3218a423d444afedd92700","isMergeCommit":false,"messageTitle":"Fix EditCommand","messageBody":"","fileTypesAndContributionMap":{"functional-code":{"insertions":16,"deletions":9}}},{"hash":"69fb9ebba182cd8371fb40696d59b68812a062af","isMergeCommit":true,"messageTitle":"Merge pull request #54 from nicholasdaijh/branch-fix-editCommand","messageBody":"Fix EditCommand","fileTypesAndContributionMap":{}}]},{"date":"2025-03-20T00:00:00","commitResults":[{"hash":"6395701a3893ea6442ec03339d3b9ad4bd7e02d3","isMergeCommit":false,"messageTitle":"Implement AttendanceCommand","messageBody":"","fileTypesAndContributionMap":{"functional-code":{"insertions":377,"deletions":10}}},{"hash":"887b3e27423c758bff53f483279ada4edac43b8d","isMergeCommit":false,"messageTitle":"Fix some minor bugs for Attendance and Person class","messageBody":"","fileTypesAndContributionMap":{"functional-code":{"insertions":10,"deletions":8}}},{"hash":"e84f0438006544e709b97385c473a8af4540c0ef","isMergeCommit":false,"messageTitle":"Fix minor bugs for JsonAdaptedAttendance","messageBody":"","fileTypesAndContributionMap":{"functional-code":{"insertions":19,"deletions":8}}}]},{"date":"2025-03-26T00:00:00","commitResults":[{"hash":"66fa9ea07310cd29603d60f26fb90fcb6243f123","isMergeCommit":false,"messageTitle":"Add test cases for Attendance command and edit logic of Attendance command","messageBody":"","fileTypesAndContributionMap":{"functional-code":{"insertions":135,"deletions":62},"test-code":{"insertions":483,"deletions":15}}},{"hash":"9259420262e9de071b0d2cbd395b6d2141995348","isMergeCommit":false,"messageTitle":"Add attendance feature onto UI","messageBody":"","fileTypesAndContributionMap":{"functional-code":{"insertions":48,"deletions":2}}},{"hash":"cc9df6662f4d60d61fe236360cf21c6a3165a638","isMergeCommit":false,"messageTitle":"Allow multiple whitespaces to exist between NRICs","messageBody":"","fileTypesAndContributionMap":{"functional-code":{"insertions":10,"deletions":2}}}]},{"date":"2025-03-27T00:00:00","commitResults":[{"hash":"40dfd497f4f22e775886461741d6bca7a4a7dc94","isMergeCommit":true,"messageTitle":"Merge pull request #66 from nicholasdaijh/branch-Testcases2","messageBody":"Branch testcases2","fileTypesAndContributionMap":{}},{"hash":"153824d3e8bd617d84ba1e5c826168a53ae000f0","isMergeCommit":true,"messageTitle":"Merge pull request #67 from aaronlim02/branch-sort-command","messageBody":"Branch sort command","fileTypesAndContributionMap":{}},{"hash":"9958b62beab0fa29e0ca4a393b3c094af33e707e","isMergeCommit":true,"messageTitle":"Merge pull request #65 from senshir/branch-view-tests","messageBody":"Add tests for ViewCommand and ViewCommandParser","fileTypesAndContributionMap":{}},{"hash":"996564ed27e69fad69aea9997c5eb6f2ceb3231d","isMergeCommit":false,"messageTitle":"Edit UML Diagram","messageBody":"","fileTypesAndContributionMap":{"docs":{"insertions":12,"deletions":10}}}]},{"date":"2025-03-29T00:00:00","commitResults":[{"hash":"ea6bc2820b78a7108c9711597410c1d175802a60","isMergeCommit":true,"messageTitle":"Merge pull request #73 from nicholasdaijh/branch-UML","messageBody":"Edit UML Diagram","fileTypesAndContributionMap":{}},{"hash":"5f9356bece44e2a3df8400284d94a5bbfd50f9b0","isMergeCommit":true,"messageTitle":"Merge pull request #74 from aaronlim02/branch-uml-model-class-diagram","messageBody":"Edit ModelClassDiagram.puml","fileTypesAndContributionMap":{}}]},{"date":"2025-04-02T00:00:00","commitResults":[{"hash":"717e52c7bfdbf2037cefcf3dbf72c8d381eec366","isMergeCommit":false,"messageTitle":"Add more details and specifications to our available commands","messageBody":"","fileTypesAndContributionMap":{"docs":{"insertions":109,"deletions":41}}},{"hash":"33aed293739e8574eb13f10e4e6fbeb6985fd64c","isMergeCommit":false,"messageTitle":"Update email specification","messageBody":"","fileTypesAndContributionMap":{"docs":{"insertions":3,"deletions":3}}}]},{"date":"2025-04-03T00:00:00","commitResults":[{"hash":"7678ae88c9ed885ce0a937daa3d07c2c1043f1b2","isMergeCommit":false,"messageTitle":"Update title of ui main window","messageBody":"","fileTypesAndContributionMap":{"functional-code":{"insertions":1,"deletions":1}}},{"hash":"97b5057cbfc81feafa219c7aca68d0a32a0f36d6","isMergeCommit":false,"messageTitle":"Edit NRIC specification","messageBody":"","fileTypesAndContributionMap":{"docs":{"insertions":5,"deletions":5}}},{"hash":"9bc80e65ce8de1430adf548c549508fefa4247ff","isMergeCommit":false,"messageTitle":"Edit attendance command message","messageBody":"","fileTypesAndContributionMap":{"functional-code":{"insertions":2,"deletions":1},"docs":{"insertions":1,"deletions":1}}},{"hash":"84e76ea3524e8609fa8981f665990f5436a8a066","isMergeCommit":false,"messageTitle":"Add more behaviour of attendance command","messageBody":"","fileTypesAndContributionMap":{"docs":{"insertions":1,"deletions":0}}},{"hash":"a443365e96e1f9c3c19e95290fdf49d6faad36c9","isMergeCommit":false,"messageTitle":"Allow case-insensitivity of nric in attendance command","messageBody":"","fileTypesAndContributionMap":{"functional-code":{"insertions":2,"deletions":2}}},{"hash":"e787216c359bf6cee18a505f5accff07b6f2f38c","isMergeCommit":true,"messageTitle":"Merge pull request #107 from nicholasdaijh/branch-caseinsensitivityattendance","messageBody":"Allow case-insensitivity of nric in attendance command","fileTypesAndContributionMap":{}},{"hash":"c198f050e850bfeff979f86195f80a94302e77c9","isMergeCommit":true,"messageTitle":"Merge pull request #111 from aaronlim02/branch-fix-email","messageBody":"Fix bug in email regex format","fileTypesAndContributionMap":{}},{"hash":"311da3213ff089c87e3862643e93f949c3e3327a","isMergeCommit":true,"messageTitle":"Merge pull request #104 from nicholasdaijh/branch-UG","messageBody":"Add more details and specifications to our available commands on UG","fileTypesAndContributionMap":{}},{"hash":"d7606abcc7199b2426a6fad0a7a44379ceb60a08","isMergeCommit":true,"messageTitle":"Merge branch \u0027master\u0027 into branch-fix-shishir-bugs","messageBody":"","fileTypesAndContributionMap":{}},{"hash":"ce8640b0fba361ed6c058d96141bb6caf618fd3b","isMergeCommit":true,"messageTitle":"Merge pull request #108 from senshir/branch-fix-shishir-bugs","messageBody":"Fix tag error messages, update user guide for tags, and update empty state of UI","fileTypesAndContributionMap":{}},{"hash":"4316000bea1a4ab4ad7de1eca1943e21d0e65ee9","isMergeCommit":false,"messageTitle":"Fix error message for remove tag when index exceed number of employees in the list","messageBody":"","fileTypesAndContributionMap":{"functional-code":{"insertions":1,"deletions":1}}},{"hash":"65e29ca6c4a31c8716a2541f38fa2b088b514516","isMergeCommit":false,"messageTitle":"Edit email specification","messageBody":"","fileTypesAndContributionMap":{"docs":{"insertions":14,"deletions":14}}},{"hash":"b2de0042737293d8cf608cc580e262a0fa6eb14a","isMergeCommit":true,"messageTitle":"Merge pull request #114 from nicholasdaijh/branch-alphatestv2.0","messageBody":"Branch alphatestv2.0","fileTypesAndContributionMap":{}},{"hash":"b7454f6050394990f5a9a49778a58b9225dd668c","isMergeCommit":false,"messageTitle":"Add clarity for NRIC","messageBody":"","fileTypesAndContributionMap":{"docs":{"insertions":5,"deletions":5}}},{"hash":"be7c8e59eeb6151714c13483619b62f8b451e1c6","isMergeCommit":true,"messageTitle":"Merge pull request #115 from nicholasdaijh/branch-alphatestv2.0","messageBody":"Add clarity for NRIC","fileTypesAndContributionMap":{}}]},{"date":"2025-04-07T00:00:00","commitResults":[{"hash":"60407f2025d7b6154d7ac98ec1d9d78da2c221ba","isMergeCommit":false,"messageTitle":"Make error message for invalid date more specific","messageBody":"","fileTypesAndContributionMap":{"functional-code":{"insertions":10,"deletions":2},"docs":{"insertions":21,"deletions":6}}}]},{"date":"2025-04-08T00:00:00","commitResults":[{"hash":"be9cd1ac7bf125d1d62c4d790c2fc854877dfc67","isMergeCommit":false,"messageTitle":"Edit user stories","messageBody":"","fileTypesAndContributionMap":{"docs":{"insertions":12,"deletions":8}}},{"hash":"a4690c1f29ab65dc7143f8ea5679ed12f86bbe07","isMergeCommit":false,"messageTitle":"Update use cases in DG","messageBody":"","fileTypesAndContributionMap":{"functional-code":{"insertions":1,"deletions":1},"docs":{"insertions":273,"deletions":9}}},{"hash":"801883e72c8c9c896f1011e8ac25c9bf6f5ea0b5","isMergeCommit":true,"messageTitle":"Merge pull request #189 from nicholasdaijh/branch-v1.6","messageBody":"Update use cases in DG","fileTypesAndContributionMap":{}},{"hash":"185a1cd9a8eb17f80926a666db431c96fd811566","isMergeCommit":false,"messageTitle":"Improve error message on delete and view command","messageBody":"","fileTypesAndContributionMap":{"functional-code":{"insertions":8,"deletions":4},"docs":{"insertions":17,"deletions":13},"test-code":{"insertions":25,"deletions":10}}},{"hash":"9b8b70733826f5e51dd73197b62f356ac0c9456e","isMergeCommit":false,"messageTitle":"Add tag into user story in DG","messageBody":"","fileTypesAndContributionMap":{"docs":{"insertions":1,"deletions":0}}},{"hash":"c6060c8f1c4d01283d25dae9b45fcf72baffd28e","isMergeCommit":false,"messageTitle":"Edit target user profile in DG","messageBody":"","fileTypesAndContributionMap":{"docs":{"insertions":8,"deletions":8}}}]}]},"authorFileTypeContributionMap":{"senshir":{"docs":34,"functional-code":1417,"test-code":294},"aaronlim02":{"docs":82,"functional-code":625,"test-code":646,"other":1},"wilsonh0":{"docs":835,"functional-code":795,"test-code":677,"other":290},"nicholasdaijh":{"docs":335,"functional-code":549,"test-code":559}},"authorContributionVariance":{"senshir":47880.31,"aaronlim02":21372.928,"wilsonh0":41212.28,"nicholasdaijh":19575.59},"authorDisplayNameMap":{"senshir":"CS2103T-T15-3 AUDR.. SEN","aaronlim02":"CS2103T-T15-3 LIM ..ARON","wilsonh0":"CS2103T-T15-3 HO J..LSON","nicholasdaijh":"CS2103T-T15-3 DAI ..OLAS"}}
