{"authorDailyContributionsMap":{"chuahziyang":[{"date":"2025-03-20","commitResults":[{"hash":"f2bce72d3c1c55a6bf08e2ce9f691f77a2429cc6","isMergeCommit":false,"messageTitle":"add: ziyang/aboutus","messageBody":"","fileTypesAndContributionMap":{"docs":{"insertions":4,"deletions":6}}},{"hash":"05885af8f606aa2c93525776316bb1fe4791fc4a","isMergeCommit":false,"messageTitle":"feat: added tag command","messageBody":"","fileTypesAndContributionMap":{"functional-code":{"insertions":140,"deletions":0}}},{"hash":"9fae45c61f1c6decc188b2eaaab7b487ab47073c","isMergeCommit":false,"messageTitle":"fix: checkstyle","messageBody":"","fileTypesAndContributionMap":{"functional-code":{"insertions":4,"deletions":3}}},{"hash":"f2487b8f9ec1edaf98c9f32edd80001699ff7096","isMergeCommit":true,"messageTitle":"Merge pull request #26 from chuahziyang/ziyang/aboutus","messageBody":"add: ziyang/aboutus","fileTypesAndContributionMap":{}},{"hash":"9698ef7248364037a6292834a0feb1c35eaf561b","isMergeCommit":true,"messageTitle":"Merge pull request #25 from chuahziyang/ziyang/feat","messageBody":"feat: added tag command","fileTypesAndContributionMap":{}}]}],"jhwan0707":[{"date":"2025-03-20","commitResults":[{"hash":"7e02fafe81dbfe15e3a717272bb41a418add9bde","isMergeCommit":false,"messageTitle":"Add Junghwan\u0027s photo to AboutUs page","messageBody":"","fileTypesAndContributionMap":{"docs":{"insertions":3,"deletions":5}}},{"hash":"fac249c775cdf4710e7d94e7ecdacd5ba179975d","isMergeCommit":true,"messageTitle":"Merge pull request #9 from jhwan0707/add-junghwan-photo","messageBody":"Add Junghwan\u0027s photo to AboutUs page","fileTypesAndContributionMap":{}},{"hash":"7ecdf104dfa29d704192d6d6cf22d099b3346851","isMergeCommit":false,"messageTitle":"Add Junghwan\u0027s details to AboutUs page (#10)","messageBody":"","fileTypesAndContributionMap":{"docs":{"insertions":1,"deletions":1}}},{"hash":"934e051b5e540d666da08dc883c8c07b2cc20a43","isMergeCommit":true,"messageTitle":"Merge pull request #11 from jhwan0707/add-junghwan-aboutus","messageBody":"Add Junghwan\u0027s details to AboutUs page (#10)","fileTypesAndContributionMap":{}},{"hash":"4e7e8241d5ac9221fb11179927afae1941d450d1","isMergeCommit":false,"messageTitle":"Update build status badge in README (#14)","messageBody":"","fileTypesAndContributionMap":{"docs":{"insertions":1,"deletions":1}}},{"hash":"2c1cee1b02b8b1b9d856aa38434971e16f277160","isMergeCommit":true,"messageTitle":"Merge pull request #15 from jhwan0707/update-build-badge","messageBody":"Update build status badge in README (#14)","fileTypesAndContributionMap":{}},{"hash":"5ca9c845a0abda0816c56bb4c0411ad61c02ad40","isMergeCommit":false,"messageTitle":"Acknowledge AB3 source in README (#16)","messageBody":"","fileTypesAndContributionMap":{"docs":{"insertions":2,"deletions":0}}},{"hash":"cb012c2089bdf5a1d08c9b2c52ad9b848abe5c1f","isMergeCommit":false,"messageTitle":"Add newline to README.md to fix EOF error","messageBody":"","fileTypesAndContributionMap":{"docs":{"insertions":2,"deletions":1}}},{"hash":"1fe3f499339c8b82b117dab3019c3b3e41bc0272","isMergeCommit":true,"messageTitle":"Merge pull request #17 from jhwan0707/acknowledge-ab3","messageBody":"Acknowledge AB3 source in README (#16)","fileTypesAndContributionMap":{}},{"hash":"760dbf457f0c423af053718b71762e4d73b09d29","isMergeCommit":true,"messageTitle":"Merge pull request #6 from cerulyean/Update-the-DG","messageBody":"Updated user stories, glossary, NFRs, use cases in the DeveloperGuide.md","fileTypesAndContributionMap":{}},{"hash":"a2188a5c92f324171df5e38fc4a8c3e637991889","isMergeCommit":false,"messageTitle":"Add AB3 acknowledgement to README:","messageBody":"","fileTypesAndContributionMap":{"docs":{"insertions":0,"deletions":1}}},{"hash":"6e06c9ce921f4d7572c2e21e739de2e1e01378d2","isMergeCommit":true,"messageTitle":"Merge branch \u0027master\u0027 into acknowledge-ab3 Sync acknowledge-ab3 with master after PR merges","messageBody":"","fileTypesAndContributionMap":{}},{"hash":"530495e14f5a7da46562aca0e70a641033b71187","isMergeCommit":true,"messageTitle":"Merge pull request #20 from jhwan0707/acknowledge-ab3","messageBody":"Acknowledge ab3","fileTypesAndContributionMap":{}},{"hash":"ff9300fa6ee52ba753e19aad0ed3007488200098","isMergeCommit":false,"messageTitle":"Update README contents to match ConnectEase project (#21)","messageBody":"","fileTypesAndContributionMap":{"docs":{"insertions":26,"deletions":10}}},{"hash":"acce08e3d2db52c876cde197bf3ee4f934ed7706","isMergeCommit":true,"messageTitle":"Merge pull request #22 from jhwan0707/update-readme-connectease","messageBody":"Update README contents to match ConnectEase project (#21)","fileTypesAndContributionMap":{}},{"hash":"5d24317e3df21a4516089c2e5a4f82a278911bec","isMergeCommit":false,"messageTitle":"Add leadStatus field to Person class with null default (#55)","messageBody":"","fileTypesAndContributionMap":{"functional-code":{"insertions":5,"deletions":1}}},{"hash":"0177629fe8d2780aa8eff5d0f84529425288ac69","isMergeCommit":true,"messageTitle":"Merge pull request #28 from jhwan0707/add-leadstatus-field","messageBody":"Add leadStatus field to Person class with null default (#23) and Add getLeadStatus() method","fileTypesAndContributionMap":{}},{"hash":"dce7a66f24b117389bf25a822fbd264956112afc","isMergeCommit":false,"messageTitle":"Add leadStatus to Person class constructor and methods (#29)","messageBody":"","fileTypesAndContributionMap":{"functional-code":{"insertions":18,"deletions":6}}},{"hash":"0345e9030b5f9a701de0e1f7f1cb8da9e0d794aa","isMergeCommit":true,"messageTitle":"Merge pull request #31 from jhwan0707/update-person-leadstatus","messageBody":"Add leadStatus to Person class constructor and methods (#29)","fileTypesAndContributionMap":{}},{"hash":"98fdea65972720ad21fc446e9490c5283013db78","isMergeCommit":true,"messageTitle":"Merge pull request #36 from cerulyean/fix/20/3/25","messageBody":"Update README.md","fileTypesAndContributionMap":{}},{"hash":"86a828cc2425ee7a36d280bf12f770acb6d345c1","isMergeCommit":true,"messageTitle":"Merge pull request #35 from cerulyean/leadStatus-UI","messageBody":"UI: Display leadStatus for Person if not null(#32)","fileTypesAndContributionMap":{}},{"hash":"52326f00267a0487600a98de50ebded48bb8ffb6","isMergeCommit":false,"messageTitle":"Add debug print for leadStatus in AddCommand for v1.3 release (#37)","messageBody":"","fileTypesAndContributionMap":{"functional-code":{"insertions":1,"deletions":0}}},{"hash":"76a5ca46f24af01a8cb3c2199290ae458823cef7","isMergeCommit":false,"messageTitle":"Fix trailing whitespace in DeveloperGuide.md and DarkTheme.css (#51)","messageBody":"","fileTypesAndContributionMap":{"functional-code":{"insertions":0,"deletions":1},"docs":{"insertions":3,"deletions":3}}},{"hash":"d55b14f0834ba710b6237a6f293f918938fe34cf","isMergeCommit":true,"messageTitle":"Merge pull request #38 from jhwan0707/release-v13-prep","messageBody":"Fixes #37. Added debug print to AddCommand and fixed trailing whitespace in DeveloperGuide.md and DarkTheme.css for v1.3. Builds on #37.","tags":["v1.3"],"fileTypesAndContributionMap":{}}]}],"cerulyean":[{"date":"2025-03-11","commitResults":[{"hash":"1f69173143b6c612aff687d3bbdf13caacef55a6","isMergeCommit":false,"messageTitle":"Edit AboutUs.md text Added cerulyean.png","messageBody":"","fileTypesAndContributionMap":{"docs":{"insertions":3,"deletions":5}}},{"hash":"2f7ba6cb7f75c6f2cdd9772ac2c0e27f139eb0f3","isMergeCommit":false,"messageTitle":"Updated user stories, glossary, NFRs, use cases in the DeveloperGuide.md","messageBody":"","fileTypesAndContributionMap":{"docs":{"insertions":117,"deletions":14}}}]},{"date":"2025-03-12","commitResults":[{"hash":"7909a9f873a1f745fefd6f48c117b8537bc9f273","isMergeCommit":true,"messageTitle":"Merge pull request #3 from cerulyean/update-cerulyean-AboutUs","messageBody":"Edit AboutUs.md text for cerulyean","fileTypesAndContributionMap":{}}]},{"date":"2025-03-18","commitResults":[{"hash":"0e0f4a629617764b5b8d8f5db6e2b2a5891654ae","isMergeCommit":false,"messageTitle":"Updated user stories, glossary, NFRs, use cases in the DeveloperGuide.md","messageBody":"","fileTypesAndContributionMap":{"other":{"insertions":2,"deletions":2},"docs":{"insertions":6,"deletions":7}}}]},{"date":"2025-03-20","commitResults":[{"hash":"a87fd432a0d5110a518ec7e4cb22b72f5507d583","isMergeCommit":false,"messageTitle":"UI: Display leadStatus for Person if not null","messageBody":"- Added UI representation for Person\u0027s leadStatus.\n- Fixed Person#toString to pass PersonTest when using isBuyer check (temporary fix).\n\nPerson toString method does not pass PersonTest when isBuyer check is used.\n","fileTypesAndContributionMap":{"functional-code":{"insertions":26,"deletions":4}}},{"hash":"93991b0bd04c5d7963816e532f8ac47b8b012a28","isMergeCommit":false,"messageTitle":"Update README.md","messageBody":"Removed some whitespace the CI was complaining about","fileTypesAndContributionMap":{"docs":{"insertions":7,"deletions":7}}},{"hash":"e95e6cfbe9bf30058e954314ad5bf599a0e91489","isMergeCommit":false,"messageTitle":"Update DarkTheme.css","messageBody":"","fileTypesAndContributionMap":{"functional-code":{"insertions":2,"deletions":1}}}]}],"Gu0Fengming":[{"date":"2025-03-20","commitResults":[{"hash":"0567e892e74ac09463f60b562f5e279a85fdb67d","isMergeCommit":false,"messageTitle":"Update AboutUs","messageBody":"","fileTypesAndContributionMap":{"docs":{"insertions":8,"deletions":0}}},{"hash":"5f1ce8bfce58f1f1b222256cee6392a0adc41df2","isMergeCommit":false,"messageTitle":"Add isBuyer to Person class constructor and methods","messageBody":"","fileTypesAndContributionMap":{"functional-code":{"insertions":13,"deletions":4}}},{"hash":"790854538a37b11aee30551aac320ce3037574d2","isMergeCommit":true,"messageTitle":"Merge pull request #34 from Gu0Fengming/master","messageBody":"Add isBuyer to Person constructor and methods(#33)","fileTypesAndContributionMap":{}}]}]},"authorFileTypeContributionMap":{"chuahziyang":{"docs":4,"functional-code":141,"test-code":0},"jhwan0707":{"docs":31,"functional-code":19,"test-code":0},"cerulyean":{"docs":123,"functional-code":26,"test-code":0,"other":2},"Gu0Fengming":{"docs":3,"functional-code":9,"test-code":0}},"authorContributionVariance":{"chuahziyang":848.88135,"jhwan0707":291.4898,"cerulyean":726.6875,"Gu0Fengming":21.524235},"authorDisplayNameMap":{"chuahziyang":"CS2103T-T15-4 CHUA..YANG","jhwan0707":"CS2103T-T15-4 CHIN..HWAN","cerulyean":"CS2103T-T15-4 CHEO..FENG","Gu0Fengming":"CS2103T-T15-4 GUO ..MING"}}
