{"authorDailyContributionsMap":{"DiligentPenguinn":[{"date":"2025-02-21","commitResults":[{"hash":"69820ff64b6237d3857dccc8b23ac4f9af70932e","isMergeCommit":true,"messageTitle":"Merge pull request #2 from mervyn-teo/patch-1","messageBody":"Create UML.drawio","fileTypesAndContributionMap":{}}]},{"date":"2025-02-27","commitResults":[{"hash":"88b9e450bdad6172ed3f0d20a6cfb30d4317ad53","isMergeCommit":false,"messageTitle":"Update AboutUs page","messageBody":"","fileTypesAndContributionMap":{"docs":{"insertions":6,"deletions":45}}},{"hash":"fa94af0a88015da25fc58e2fe993622c560115fa","isMergeCommit":false,"messageTitle":"Add new line at EOF","messageBody":"","fileTypesAndContributionMap":{"docs":{"insertions":1,"deletions":1}}},{"hash":"15e773574a9a965c160aeaa85dd4de6866e8f114","isMergeCommit":true,"messageTitle":"Merge pull request #25 from awlarpi/update-yikhong-details-in-aboutus","messageBody":"Update YikHong details in AboutUs page","fileTypesAndContributionMap":{}},{"hash":"5be643acb23914729b9514775d4f5c89524dc06c","isMergeCommit":true,"messageTitle":"Resolve merge conflict","messageBody":"","fileTypesAndContributionMap":{}},{"hash":"8afa227aa19c2d5744b63ffdfd5a34c38d4da77f","isMergeCommit":false,"messageTitle":"Update site-wide settings","messageBody":"","fileTypesAndContributionMap":{"other":{"insertions":1,"deletions":1}}},{"hash":"29c18cdc487a7ad4d928083bf003d19f11ffc081","isMergeCommit":true,"messageTitle":"Merge pull request #36 from mervyn-teo/master","messageBody":"Update the DG","fileTypesAndContributionMap":{}},{"hash":"37c6e5de4926fa25f52cefef1584fe9860a4b5bc","isMergeCommit":false,"messageTitle":"Rename methods and variables containing addressbook to klinix","messageBody":"","fileTypesAndContributionMap":{"functional-code":{"insertions":135,"deletions":134},"other":{"insertions":70,"deletions":70},"test-code":{"insertions":224,"deletions":224}}}]}],"mervyn-teo":[{"date":"2025-02-27","commitResults":[{"hash":"cc2092dfc5de8e0ce8e03ff2e46dc98fa5730ea1","isMergeCommit":false,"messageTitle":"Update Mervyn\u0027s details in AboutUs page","messageBody":"","fileTypesAndContributionMap":{"docs":{"insertions":30,"deletions":46}}},{"hash":"af58acd3505fcf6aa8f88aad780c84c9d71705a5","isMergeCommit":false,"messageTitle":"Update Mervyn\u0027s details in AboutUs page","messageBody":"","fileTypesAndContributionMap":{"docs":{"insertions":1,"deletions":1}}},{"hash":"a223d80b17ccdda58bdb336587df6e22ebb9f6ef","isMergeCommit":true,"messageTitle":"Merge branch \u0027master\u0027 into master","messageBody":"","fileTypesAndContributionMap":{}},{"hash":"00a9f2dbf3307084305621ede65be7416b2c9bf4","isMergeCommit":true,"messageTitle":"Merge pull request #24 from mervyn-teo/master","messageBody":"Update Mervyn\u0027s details in AboutUs page","fileTypesAndContributionMap":{}},{"hash":"f87512814cb5d5ee81bf92d61617e8d37bd7a9b6","isMergeCommit":true,"messageTitle":"Merge pull request #27 from mervyn-teo/A1-Add-UI-Mockup","messageBody":"Add Ui mockup","fileTypesAndContributionMap":{}},{"hash":"af6c3212ffa74065aa0d7ffcef487cf79f58ff4c","isMergeCommit":false,"messageTitle":"Update the DG","messageBody":"","fileTypesAndContributionMap":{"docs":{"insertions":249,"deletions":31}}},{"hash":"ec79b45b5865e4749a7c615c717e953d1c05598b","isMergeCommit":true,"messageTitle":"Merge pull request #35 from DiligentPenguinn/branch-site-wide-setting","messageBody":"Update site-wide settings","fileTypesAndContributionMap":{}},{"hash":"ff87ff2cfc30b8965c1d6bb190cbc63b4cf24ec7","isMergeCommit":true,"messageTitle":"Merge pull request #51 from DiligentPenguinn/branch-rename-addressbook","messageBody":"Rename methods and variables containing addressbook to klinix","fileTypesAndContributionMap":{}}]}],"zhenglong1603":[{"date":"2025-02-27","commitResults":[{"hash":"438295d4af29a04915ae0f9c6b580c940fbb4c93","isMergeCommit":false,"messageTitle":"Update Zheng Long\u0027s details in aboutUs page","messageBody":"","fileTypesAndContributionMap":{"docs":{"insertions":4,"deletions":43}}},{"hash":"78f5b29b079dddf2cce6d7b5c7d38cf6b307dd34","isMergeCommit":true,"messageTitle":"Merge branch \u0027master\u0027 into branch-zheng-long-aboutUs","messageBody":"","fileTypesAndContributionMap":{}},{"hash":"2e81c6d8285c454d59088833a33570215ed8bb83","isMergeCommit":true,"messageTitle":"Merge pull request #23 from zhenglong1603/branch-zheng-long-aboutUs","messageBody":"Update Zheng Long\u0027s details in aboutUs page","fileTypesAndContributionMap":{}},{"hash":"ea0c64707da20a4e834b9aaa2cb37e7c3e3d7863","isMergeCommit":false,"messageTitle":"Update remaining contents of the README.md","messageBody":"","fileTypesAndContributionMap":{"docs":{"insertions":11,"deletions":11}}},{"hash":"8b1c36c7b58f64087ac84476b0d932d51b5b3b3d","isMergeCommit":true,"messageTitle":"Merge pull request #53 from zhenglong1603/w7/update-readme","messageBody":"Update remaining contents of the README.md","fileTypesAndContributionMap":{}}]},{"date":"2025-02-28","commitResults":[{"hash":"90c4f9ed10b2154544698b698f95e3e2671b2857","isMergeCommit":false,"messageTitle":"Update README.md","messageBody":"","fileTypesAndContributionMap":{"docs":{"insertions":1,"deletions":1}}},{"hash":"36588c6d3f7647639ade470c21be42f7606c67c8","isMergeCommit":true,"messageTitle":"Merge pull request #54 from zhenglong1603/w7/update-readme","messageBody":"Update README.md","fileTypesAndContributionMap":{}}]}],"awlarpi":[{"date":"2025-02-27","commitResults":[{"hash":"323a2ab903236d9acc757a4f51a98c76b725a371","isMergeCommit":false,"messageTitle":"Update Yik Hong\u0027s details in AboutUs.md","messageBody":"","fileTypesAndContributionMap":{"docs":{"insertions":5,"deletions":45}}},{"hash":"02c2e2b4a8c0599cd79e83ce9ceff2a9b95475d4","isMergeCommit":true,"messageTitle":"Merge pull request #21 from DiligentPenguinn/update-about-us","messageBody":"Update Hoang Duy\u0027s details in AboutUs page","fileTypesAndContributionMap":{}},{"hash":"fdb73b63154036fbfbec4b250e817cc3f75d93f8","isMergeCommit":false,"messageTitle":"Update CI badge links in README and index documentation","messageBody":"","fileTypesAndContributionMap":{"docs":{"insertions":3,"deletions":3}}},{"hash":"82cbcb4bb95e20980fb8005c98390348e675a9cd","isMergeCommit":true,"messageTitle":"Merge pull request #33 from awlarpi/w7/update-github-actions-status-badge","messageBody":"Update CI badge links in README and index documentation","fileTypesAndContributionMap":{}}]}],"limshaoqi":[{"date":"2025-02-27","commitResults":[{"hash":"b749c13f47d2006c95a4c0b7dc9fe126f4323dba","isMergeCommit":false,"messageTitle":"Update Shao Qi\u0027s details in AboutUs","messageBody":"","fileTypesAndContributionMap":{"docs":{"insertions":4,"deletions":44}}},{"hash":"37ff94493cb219ad9f84701c2d8081a5f1209e23","isMergeCommit":true,"messageTitle":"Merge branch \u0027master\u0027 into Update-Shao-Qi-details-in-AboutUs-page","messageBody":"","fileTypesAndContributionMap":{}},{"hash":"23f23c8eab2239da33c647a907b09c3c074b8753","isMergeCommit":true,"messageTitle":"Merge pull request #22 from limshaoqi/Update-Shao-Qi-details-in-AboutUs-page","messageBody":"Update Shao Qi\u0027s details in AboutUs page","fileTypesAndContributionMap":{}},{"hash":"b82e4fe5d957bc746fd74d618f4b155c20711f88","isMergeCommit":true,"messageTitle":"Merge branch \u0027master\u0027 of https://github.com/limshaoqi/tp","messageBody":"","fileTypesAndContributionMap":{}},{"hash":"079589f3d22d212ef8daa4999db53c4217be2742","isMergeCommit":false,"messageTitle":"Update README.md to acknowledge original source","messageBody":"","fileTypesAndContributionMap":{"docs":{"insertions":1,"deletions":0}}},{"hash":"875096a952b236fca37214b17a4cbbad85cb9cda","isMergeCommit":false,"messageTitle":"Update README.md to include newline","messageBody":"","fileTypesAndContributionMap":{"docs":{"insertions":1,"deletions":1}}},{"hash":"90496dd1ce1e396e89eb04dfd7b8ac41fddb5a72","isMergeCommit":true,"messageTitle":"Merge pull request #32 from limshaoqi/Acknowledge-original-source","messageBody":"Acknowledge original source","fileTypesAndContributionMap":{}}]}]},"authorFileTypeContributionMap":{"DiligentPenguinn":{"docs":6,"functional-code":167,"test-code":262,"other":1},"mervyn-teo":{"docs":264,"functional-code":0,"test-code":0},"zhenglong1603":{"docs":16,"functional-code":0,"test-code":0},"awlarpi":{"docs":8,"functional-code":0,"test-code":0},"limshaoqi":{"docs":5,"functional-code":0,"test-code":0}},"authorContributionVariance":{"DiligentPenguinn":90972.0,"mervyn-teo":14017.9375,"zhenglong1603":516.8594,"awlarpi":343.0,"limshaoqi":284.48438},"authorDisplayNameMap":{"DiligentPenguinn":"CS2103T-T09-2 DANG.. DUY","mervyn-teo":"CS2103T-T09-2 MERV.. YAN","zhenglong1603":"CS2103T-T09-2 SUE ..LONG","awlarpi":"CS2103T-T09-2 PUN ..HONG","limshaoqi":"CS2103T-T09-2 LIM ..O QI"}}
