{"authorDailyContributionsMap":{"Leeisateam":[{"date":"2025-03-06T00:00:00","commitResults":[{"hash":"6bc4c78568e3a453c3c7b91276e2024e28606326","isMergeCommit":false,"messageTitle":"Add Isaac\u0027s photo; add Isaac\u0027s details to AboutUs","messageBody":"","fileTypesAndContributionMap":{"docs":{"insertions":8,"deletions":0}}},{"hash":"8845d35127a13763dc293fc167f060eb42b19b92","isMergeCommit":false,"messageTitle":"remove AboutUs edit","messageBody":"","fileTypesAndContributionMap":{"docs":{"insertions":0,"deletions":8}}},{"hash":"68316461583c38b19391d0cf394e45938a7211d8","isMergeCommit":false,"messageTitle":"Add Isaac\u0027s info to AboutUs.","messageBody":"","fileTypesAndContributionMap":{"docs":{"insertions":8,"deletions":0}}},{"hash":"e03411bf72f926f218a6ffab70dfebbd770a75a4","isMergeCommit":false,"messageTitle":"Revert \"Add Isaac\u0027s info to AboutUs.\"","messageBody":"This reverts commit 68316461583c38b19391d0cf394e45938a7211d8.\n","fileTypesAndContributionMap":{"docs":{"insertions":0,"deletions":8}}},{"hash":"a9950d0eeecf1772a67de69638626cf808962530","isMergeCommit":false,"messageTitle":"Add Isaac\u0027s info to AboutUs","messageBody":"","fileTypesAndContributionMap":{"docs":{"insertions":8,"deletions":0}}}]},{"date":"2025-04-08T00:00:00","commitResults":[{"hash":"33cab08564c0373b3fbdaf1230e7be9bc338baae","isMergeCommit":false,"messageTitle":"Update Isaac\u0027s AboutUs page","messageBody":"","fileTypesAndContributionMap":{"docs":{"insertions":3,"deletions":11}}},{"hash":"fe555e9763885662969c03d18620e969b9d7ad52","isMergeCommit":false,"messageTitle":"Add a newline just before EOF in AboutUs to pass automatic test","messageBody":"","fileTypesAndContributionMap":{"docs":{"insertions":1,"deletions":1}}},{"hash":"43356a3cbaf1430b74a4463fcb8d08272d3d59db","isMergeCommit":false,"messageTitle":"Correct grammatical errors so that people will have less to report during PE","messageBody":"","fileTypesAndContributionMap":{"docs":{"insertions":57,"deletions":57}}},{"hash":"b7bdb4959c0032875efca31174a8e9ff4f16f735","isMergeCommit":false,"messageTitle":"Add planned enhancements to Developer Guide. Correct grammatical errors.","messageBody":"","fileTypesAndContributionMap":{"docs":{"insertions":76,"deletions":32}}}]}],"Taoseeker":[{"date":"2025-03-05T00:00:00","commitResults":[{"hash":"357c22b662ded829d630996923a3b638bd658ee9","isMergeCommit":false,"messageTitle":"Update AboutUs.md","messageBody":"","fileTypesAndContributionMap":{"docs":{"insertions":13,"deletions":0}}},{"hash":"4fbecbee40b5a6185bb1c76b1d5455bfa87209af","isMergeCommit":false,"messageTitle":"Add a new line at EOF","messageBody":"","fileTypesAndContributionMap":{"docs":{"insertions":1,"deletions":1}}}]},{"date":"2025-03-08T00:00:00","commitResults":[{"hash":"8c72d69cf562f3f1bf74f409222fb77506ad84d3","isMergeCommit":false,"messageTitle":"Update AboutUs according to change in lekang\u0027s photo name","messageBody":"","fileTypesAndContributionMap":{"docs":{"insertions":1,"deletions":1}}}]},{"date":"2025-03-10T00:00:00","commitResults":[{"hash":"19a90d35165b9ddbebefc1bd391dfd6af17460ea","isMergeCommit":true,"messageTitle":"Merge branch \u0027master\u0027 into branch-about","messageBody":"","fileTypesAndContributionMap":{}},{"hash":"390673561977cb222cc2a2092b2ad37c9439329b","isMergeCommit":false,"messageTitle":"Update AboutUs.md according to change in photo name","messageBody":"","fileTypesAndContributionMap":{"docs":{"insertions":1,"deletions":1}}},{"hash":"17a2c9cd9c44bdf175b656e98e690d183e807793","isMergeCommit":true,"messageTitle":"Merge branch \u0027master\u0027 into branch-update-aboutus","messageBody":"# Conflicts:\n#\tdocs/AboutUs.md\n# Resolution:\n# Keep both\n","fileTypesAndContributionMap":{}},{"hash":"4c8fe2f45bb1703018250fe5c6534c86eac6f724","isMergeCommit":true,"messageTitle":"Merge pull request #11 from Taoseeker/branch-update-aboutus","messageBody":"Update AboutUs.md","fileTypesAndContributionMap":{}}]},{"date":"2025-03-14T00:00:00","commitResults":[{"hash":"5ecc5a1b19e9801bb40d3954d1d848391280511d","isMergeCommit":false,"messageTitle":"Add new field Date to a visit","messageBody":"","fileTypesAndContributionMap":{"functional-code":{"insertions":152,"deletions":49},"test-code":{"insertions":13,"deletions":9}}},{"hash":"225ab30afb4958e84409ae8baeefa287c4c21321","isMergeCommit":false,"messageTitle":"Correct style probelm","messageBody":"","fileTypesAndContributionMap":{"functional-code":{"insertions":15,"deletions":2}}},{"hash":"569f7d4594c2f25f22e4dd6f70545b92028efee4","isMergeCommit":false,"messageTitle":"Correct all style problem","messageBody":"","fileTypesAndContributionMap":{"functional-code":{"insertions":32,"deletions":8}}},{"hash":"dc906f8e030e511a413977f267b9044e2fc11741","isMergeCommit":false,"messageTitle":"Update test","messageBody":"","fileTypesAndContributionMap":{"test-code":{"insertions":48,"deletions":18}}}]},{"date":"2025-03-20T00:00:00","commitResults":[{"hash":"cf490095669a02d98b81598b9e0495c4ea17ecaf","isMergeCommit":true,"messageTitle":"Merge pull request #43 from nhocmt227/change-personcard-ui","messageBody":"Make PersonCard more descriptive","fileTypesAndContributionMap":{}}]},{"date":"2025-03-26T00:00:00","commitResults":[{"hash":"62c6d9a2be7fd2ec86b804da02f0cb0050af4486","isMergeCommit":false,"messageTitle":"Add new class Visit","messageBody":"","fileTypesAndContributionMap":{"functional-code":{"insertions":42,"deletions":0}}}]},{"date":"2025-03-27T00:00:00","commitResults":[{"hash":"05deedcde68f6eaa1d01ff1e7024b1fbb774da34","isMergeCommit":false,"messageTitle":"Add JavaDoc for Visit class","messageBody":"","fileTypesAndContributionMap":{"functional-code":{"insertions":13,"deletions":1}}},{"hash":"eb18dcdb8d7c5067cb9eba4055162c8a31a0c47a","isMergeCommit":false,"messageTitle":"Add AddVisitCommand","messageBody":"","fileTypesAndContributionMap":{"functional-code":{"insertions":107,"deletions":2}}}]},{"date":"2025-03-28T00:00:00","commitResults":[{"hash":"c2540dba7122b965516391b17128552c61ccf75a","isMergeCommit":true,"messageTitle":"Merge pull request #52 from DengTianle/branch-Visit","messageBody":"Add Visit and modify Person","fileTypesAndContributionMap":{}},{"hash":"8d9997f9be8ce8add23d40eda53baf884df484e7","isMergeCommit":false,"messageTitle":"Rename AddCommand class to AddPersonCommand and change command key word \u0027add\u0027 to \u0027person\u0027","messageBody":"","fileTypesAndContributionMap":{"functional-code":{"insertions":10,"deletions":10},"other":{"insertions":33,"deletions":32},"test-code":{"insertions":8,"deletions":8}}},{"hash":"cecc857cbfda641e734bfdddee0112b07480e941","isMergeCommit":true,"messageTitle":"Merge pull request #57 from Taoseeker/branch-rename-AddCommand","messageBody":"Rename AddCommand class to AddPersonCommand","fileTypesAndContributionMap":{}}]},{"date":"2025-03-30T00:00:00","commitResults":[{"hash":"bef4fcad49aa09b911c07603f0044e3a9f9960fb","isMergeCommit":false,"messageTitle":"Complete AddVisitCommand","messageBody":"","fileTypesAndContributionMap":{"functional-code":{"insertions":4,"deletions":0},"other":{"insertions":1,"deletions":1}}},{"hash":"cee91ee30f036e732facc416b5d91fa6be5fecd7","isMergeCommit":false,"messageTitle":"Complete AddVisitCommand","messageBody":"","fileTypesAndContributionMap":{"functional-code":{"insertions":110,"deletions":15},"test-code":{"insertions":1,"deletions":1}}},{"hash":"10000ef92e56407a176fb6dea4ede3c39452f6b3","isMergeCommit":false,"messageTitle":"Correct style format","messageBody":"","fileTypesAndContributionMap":{"functional-code":{"insertions":32,"deletions":16}}}]},{"date":"2025-04-01T00:00:00","commitResults":[{"hash":"fbce71b6ddbd00471a05cdf23d4d80c85236dc79","isMergeCommit":false,"messageTitle":"Update DG on implementation of AddVisitCommand","messageBody":"","fileTypesAndContributionMap":{"docs":{"insertions":9,"deletions":0}}}]},{"date":"2025-04-03T00:00:00","commitResults":[{"hash":"de7b1a2347f3385a9dff635d34b603da51b9937b","isMergeCommit":false,"messageTitle":"Add DeleteVisitCommand","messageBody":"","fileTypesAndContributionMap":{"functional-code":{"insertions":117,"deletions":0}}},{"hash":"38f027db8c5351196dda9bf10442eafeab4ae4f4","isMergeCommit":false,"messageTitle":"Correct code style","messageBody":"","fileTypesAndContributionMap":{"functional-code":{"insertions":5,"deletions":1}}},{"hash":"302341efbd9c91eff656b6639e5a9c61a87e0078","isMergeCommit":false,"messageTitle":"Update test","messageBody":"","fileTypesAndContributionMap":{"test-code":{"insertions":5,"deletions":0}}}]},{"date":"2025-04-04T00:00:00","commitResults":[{"hash":"1e9546160b445e4bbaa8c1a7334fa6a2e068542e","isMergeCommit":false,"messageTitle":"Update userguide","messageBody":"","fileTypesAndContributionMap":{"docs":{"insertions":23,"deletions":5}}},{"hash":"ab7f68f110a327c1c65d58ce02044bb544818ce0","isMergeCommit":true,"messageTitle":"Merge pull request #81 from Taoseeker/branch-update-UG","messageBody":"Update userguide","fileTypesAndContributionMap":{}},{"hash":"e4ed2ae83e689cb6eb77bc501313cd7a1d0c0eb2","isMergeCommit":true,"messageTitle":"Merge pull request #114 from DengTianle/branch-ug-v15","messageBody":"Update UG","fileTypesAndContributionMap":{}}]},{"date":"2025-04-07T00:00:00","commitResults":[{"hash":"9f337793a7eb9a675499f29b003d166b0ebdf7c4","isMergeCommit":false,"messageTitle":"Fix bug: list with negative limit fails silently","messageBody":"","fileTypesAndContributionMap":{"functional-code":{"insertions":7,"deletions":0}}},{"hash":"f63a860b701f73ea546c520d2479f0a420f632e9","isMergeCommit":false,"messageTitle":"Change GUI behaviour after adding a new visit","messageBody":"Previously if listvisits is called with a limit n,  after adding a new visit, the GUI will only show the first n visits.\nNow the GUI will show all visits after adding a new visit\n","fileTypesAndContributionMap":{"functional-code":{"insertions":1,"deletions":0}}},{"hash":"b8707da6b65621bc7f3426023ae175a4a2984aef","isMergeCommit":false,"messageTitle":"Fix bug deleting a  person does not delete the visits of the person","messageBody":"This bug is caused by clear the current data. Before this fix, clear will reset persons and visits list and dictionary of Medlloger\nto that of a new Medlogger. The reset logic of visits and persons are clear current list and copy from new list, but the reset logic\nof dictionary is copy key-value pairs of new dictionary to current dictionary. This means after clear, dictionary still holds old\nkey-value pairs, hence leading to bug after inserting person with duplicate details after clear.\n","fileTypesAndContributionMap":{"functional-code":{"insertions":3,"deletions":0}}},{"hash":"3369625c7ef37e86658e3eda0bb6fd4e00b220dc","isMergeCommit":false,"messageTitle":"Fix bug which allow a field to accept multiple parameters when adding a visit","messageBody":"","fileTypesAndContributionMap":{"functional-code":{"insertions":2,"deletions":1}}},{"hash":"637d300639efc73363a1c478baf6bba38d8d5ca1","isMergeCommit":false,"messageTitle":"Fix similar bugs in other commands","messageBody":"","fileTypesAndContributionMap":{"functional-code":{"insertions":5,"deletions":0}}},{"hash":"4dbcfa44fa751ce0e55e204679a7e46b9a7775c4","isMergeCommit":false,"messageTitle":"Fix bug that clear visits only clear the displayed visits in GUI but does not delete data","messageBody":"","fileTypesAndContributionMap":{"functional-code":{"insertions":20,"deletions":1}}},{"hash":"913fc4dc0f1d3540b43a8e696365106f13fdda5c","isMergeCommit":false,"messageTitle":"Correct style format","messageBody":"","fileTypesAndContributionMap":{"functional-code":{"insertions":4,"deletions":1}}},{"hash":"df26304e77a07be1ce6d540d029a276bbc7b4232","isMergeCommit":false,"messageTitle":"Fix bug stated in issue 84","messageBody":"","fileTypesAndContributionMap":{"functional-code":{"insertions":2,"deletions":2}}},{"hash":"57f9f371bc426af4695bea57d5158659350d64f2","isMergeCommit":false,"messageTitle":"Fix test error","messageBody":"","fileTypesAndContributionMap":{"test-code":{"insertions":4,"deletions":1}}},{"hash":"6512b05a51f0c58d82c9f7f5309eeb634997dcc5","isMergeCommit":false,"messageTitle":"Modify test to march behaviour of current version","messageBody":"","fileTypesAndContributionMap":{"functional-code":{"insertions":0,"deletions":1}}},{"hash":"702e49da0dee0cc4a2481b4f4095413d60118a25","isMergeCommit":false,"messageTitle":"Fix bug in logic of removing a person in PersonVisitDictionary","messageBody":"","fileTypesAndContributionMap":{"functional-code":{"insertions":3,"deletions":3}}},{"hash":"94cd32e471773f2e6c6f750a7c54188e7c47956c","isMergeCommit":false,"messageTitle":"Update UG","messageBody":"","fileTypesAndContributionMap":{"docs":{"insertions":54,"deletions":40}}},{"hash":"14a356d59f3778f7c31cd34330f5308dc2f09418","isMergeCommit":false,"messageTitle":"Update UI image","messageBody":"","fileTypesAndContributionMap":{"docs":{"insertions":1,"deletions":1}}},{"hash":"e7ee744857e8593a158eabf3449307d7621b43c6","isMergeCommit":false,"messageTitle":"Update UML","messageBody":"","fileTypesAndContributionMap":{"docs":{"insertions":20,"deletions":0}}}]},{"date":"2025-04-08T00:00:00","commitResults":[{"hash":"e92f2bcd1a27ba6baf6cf11bcfb8f9ba8222b407","isMergeCommit":false,"messageTitle":"Correct format error","messageBody":"","fileTypesAndContributionMap":{"docs":{"insertions":1,"deletions":1}}},{"hash":"fd1835ebcd242b338424a1d5fed92a87b995250e","isMergeCommit":true,"messageTitle":"Merge pull request #210 from DengTianle/branch-improve-ug","messageBody":"Update UG final","fileTypesAndContributionMap":{}}]}],"ceilingFan456":[{"date":"2025-03-04T00:00:00","commitResults":[{"hash":"28ede5d7439778570ec6bddd924e58be455b4e81","isMergeCommit":false,"messageTitle":"Update AboutUs","messageBody":"","fileTypesAndContributionMap":{"docs":{"insertions":7,"deletions":43}}},{"hash":"09312d87297811d7c16f21ed380a5703817e38cc","isMergeCommit":true,"messageTitle":"Merge branch \u0027branch-W7-AddPhoto\u0027 into branch-W7-UpdateAboutUs","messageBody":"","fileTypesAndContributionMap":{}},{"hash":"788a937b2346f16ad957cb035f53de4dd1b48c7c","isMergeCommit":false,"messageTitle":"Update AboutUs","messageBody":"","fileTypesAndContributionMap":{"docs":{"insertions":1,"deletions":1}}},{"hash":"180326c6edf38df8f2f12d2aa779f81db9996d6b","isMergeCommit":true,"messageTitle":"Merge branch \u0027branch-W7-UpdateAboutUs\u0027 into branch-W7-AddPhoto","messageBody":"","fileTypesAndContributionMap":{}},{"hash":"1a026b63c689ac98d52e9d9e069c303acaee69f7","isMergeCommit":false,"messageTitle":"Update format in qiming.md","messageBody":"","fileTypesAndContributionMap":{"docs":{"insertions":1,"deletions":1}}},{"hash":"c8f1bcc232c2508573e0ecd0345a83a967bfb4c7","isMergeCommit":false,"messageTitle":"Update Ui.png and README.md","messageBody":"","fileTypesAndContributionMap":{"docs":{"insertions":9,"deletions":0}}},{"hash":"2572d84360828e5804953f4f3434f84192c0edc9","isMergeCommit":false,"messageTitle":"Update format in README.md","messageBody":"","fileTypesAndContributionMap":{"docs":{"insertions":1,"deletions":1}}},{"hash":"4020a85124d3cd8d075474f105986139e216b39b","isMergeCommit":false,"messageTitle":"Update site-wide settings","messageBody":"","fileTypesAndContributionMap":{"docs":{"insertions":1,"deletions":1}}},{"hash":"25743f89b1aa81d48334fb718a9666924726a60e","isMergeCommit":false,"messageTitle":"Update DG on Product scope","messageBody":"","fileTypesAndContributionMap":{"docs":{"insertions":77,"deletions":36}}}]},{"date":"2025-03-09T00:00:00","commitResults":[{"hash":"e45c029aede77a0ce42520fd03d968f5cf6e4fe6","isMergeCommit":true,"messageTitle":"Merge branch \u0027master\u0027 into add-details-to-aboutus","messageBody":"","fileTypesAndContributionMap":{}},{"hash":"dd2897960d10a4762d2150ee9ad8b682b8f21d4e","isMergeCommit":false,"messageTitle":"Update AboutUs.md","messageBody":"Add blank space at the end of file","fileTypesAndContributionMap":{"docs":{"insertions":1,"deletions":1}}}]},{"date":"2025-03-10T00:00:00","commitResults":[{"hash":"5ab02b41f9967b4f2c0b4a8f8c9799ea7212b974","isMergeCommit":true,"messageTitle":"Merge pull request #14 from DengTianle/branch-about","messageBody":"Add Tianle\u0027s details to AboutUs","fileTypesAndContributionMap":{}}]},{"date":"2025-04-03T00:00:00","commitResults":[{"hash":"c5313c84a9d11e167a0c22fbad25e4265ae37786","isMergeCommit":false,"messageTitle":"Implement VisitListPanel and relevant functions","messageBody":"","fileTypesAndContributionMap":{"functional-code":{"insertions":196,"deletions":4},"test-code":{"insertions":10,"deletions":0}}},{"hash":"7ec3ac299514e2611af8222a9836f9bd37ec4477","isMergeCommit":true,"messageTitle":"Merge branch \u0027branch_v1_5\u0027","messageBody":"","fileTypesAndContributionMap":{}},{"hash":"0136e73013f11c7f478a84cc032dc782bca337bb","isMergeCommit":true,"messageTitle":"Merge pull request #73 from DengTianle/branch-enable-assertions","messageBody":"Enable assertions","fileTypesAndContributionMap":{}},{"hash":"cef0c560b1f7f6ecd6afb852925792ca5c85f6bb","isMergeCommit":true,"messageTitle":"Merge pull request #72 from DengTianle/branch-remove-circular","messageBody":"Remove circular reference","fileTypesAndContributionMap":{}},{"hash":"7cba1d20be88c90e746525a6dddbd04824468b7d","isMergeCommit":true,"messageTitle":"Merge pull request #63 from Taoseeker/branch-update-DG-UML","messageBody":"Update DG on implementation of AddVisitCommand","fileTypesAndContributionMap":{}},{"hash":"ed50a7baba7e0f5d55bd904935be06233212e5fa","isMergeCommit":false,"messageTitle":"Initial implementation of listvisits","messageBody":"","fileTypesAndContributionMap":{"functional-code":{"insertions":32,"deletions":0}}},{"hash":"c65dce5ae9b091545b9b3364aa5242904ed35c71","isMergeCommit":false,"messageTitle":"Implement listvisits command","messageBody":"","fileTypesAndContributionMap":{"functional-code":{"insertions":7,"deletions":1}}},{"hash":"a7be90b8af755f0db1b39a073944bde53dee6dd3","isMergeCommit":false,"messageTitle":"Implement l/LIMIT for listvisits","messageBody":"","fileTypesAndContributionMap":{"functional-code":{"insertions":75,"deletions":9}}},{"hash":"97ae6dbabd8423cc9a96cb915f8192358613c174","isMergeCommit":false,"messageTitle":"Implement listvisits with limit","messageBody":"","fileTypesAndContributionMap":{"functional-code":{"insertions":1,"deletions":1},"test-code":{"insertions":5,"deletions":0}}},{"hash":"e7559ec6a8c63916e10d71c4f77c16f4a632e078","isMergeCommit":false,"messageTitle":"Add clearvisits command for debugging","messageBody":"","fileTypesAndContributionMap":{"functional-code":{"insertions":25,"deletions":0}}},{"hash":"2d1d9a1b8eebe1cf547f4b1b7c22dacee10ca1d1","isMergeCommit":false,"messageTitle":"Remove trailing white space","messageBody":"","fileTypesAndContributionMap":{"functional-code":{"insertions":1,"deletions":1}}},{"hash":"eda9bb1a850c49951db5a6a52cb58fee93fdfca8","isMergeCommit":false,"messageTitle":"Implement sortvisits in two orders with respect to current panel display","messageBody":"","fileTypesAndContributionMap":{"functional-code":{"insertions":67,"deletions":0}}},{"hash":"50f1c3ee20ac34bd5a2cfa39fe72612fa59dd1e9","isMergeCommit":false,"messageTitle":"Remove trailing white spaces","messageBody":"","fileTypesAndContributionMap":{"functional-code":{"insertions":1,"deletions":1}}},{"hash":"918df764c295606bdcfce94047b310095db51df7","isMergeCommit":false,"messageTitle":"Add LocalDateTime converter for DateTime class","messageBody":"","fileTypesAndContributionMap":{"functional-code":{"insertions":10,"deletions":2}}},{"hash":"834f47f835cda54448148a418dc430544506c0f7","isMergeCommit":true,"messageTitle":"Merge branch \u0027master\u0027 into branch-listvisit","messageBody":"","fileTypesAndContributionMap":{}},{"hash":"7ebdc55949c86e697ce05f59fe8d1f9d4c316ae4","isMergeCommit":false,"messageTitle":"Remove trailing white spaces","messageBody":"","fileTypesAndContributionMap":{"functional-code":{"insertions":2,"deletions":2}}},{"hash":"49ad7bad4dfbfd205f628c526f878dd71e198d60","isMergeCommit":true,"messageTitle":"Merge pull request #75 from Taoseeker/branch-Add-RemoveVisitCommand","messageBody":"Branch add remove visit command","fileTypesAndContributionMap":{}}]},{"date":"2025-04-04T00:00:00","commitResults":[{"hash":"9ffdf1363b197e780181d9b752c2d32de1c3457c","isMergeCommit":false,"messageTitle":"Save","messageBody":"","fileTypesAndContributionMap":{"functional-code":{"insertions":20,"deletions":7},"test-code":{"insertions":7,"deletions":0}}},{"hash":"279be03c3e953b30ab371788364546e9c660776c","isMergeCommit":true,"messageTitle":"Merge branch \u0027master\u0027 into branch-sortvisits","messageBody":"","fileTypesAndContributionMap":{}},{"hash":"fa1abd38d6bf346235ed12fe7bd1e5b03e80d691","isMergeCommit":false,"messageTitle":"Replace filteredlist with sortedlist for visits implementation","messageBody":"","fileTypesAndContributionMap":{"functional-code":{"insertions":22,"deletions":5}}},{"hash":"29517e4c3ad08b93c02eb0c3ffb4c245f207ce74","isMergeCommit":false,"messageTitle":"Fix testing code","messageBody":"","fileTypesAndContributionMap":{"test-code":{"insertions":5,"deletions":0}}},{"hash":"587d7f5b8997762548db2296eda6de0a743e7884","isMergeCommit":true,"messageTitle":"Merge pull request #83 from DengTianle/branch-bug-remark","messageBody":"Fix bug when editing remark of visit","fileTypesAndContributionMap":{}},{"hash":"7df87df897a5b6eaaa97a13d21b57ea8b22a9487","isMergeCommit":false,"messageTitle":"Fix type for NRIC prefix","messageBody":"","fileTypesAndContributionMap":{"functional-code":{"insertions":52,"deletions":27}}},{"hash":"d7a8e30b41e996b2791e910ae0d8c388cc24f9d7","isMergeCommit":false,"messageTitle":"Improve Visit class with more realistic fields","messageBody":"","fileTypesAndContributionMap":{"functional-code":{"insertions":268,"deletions":53}}},{"hash":"3b2b7c3389d07519bc603d26ade44e5f0f498e6c","isMergeCommit":false,"messageTitle":"Fix formatting errors","messageBody":"","fileTypesAndContributionMap":{"functional-code":{"insertions":127,"deletions":24}}},{"hash":"91bff0cd21a7c23fab7e43acf319159598b45976","isMergeCommit":false,"messageTitle":"Update sample editvisit command to match new visit class","messageBody":"","fileTypesAndContributionMap":{"functional-code":{"insertions":15,"deletions":3}}},{"hash":"77ba99c8c21d553ffca424d3eb0becc6f50675f4","isMergeCommit":false,"messageTitle":"Abstract out dummyperson object","messageBody":"","fileTypesAndContributionMap":{"functional-code":{"insertions":17,"deletions":6}}},{"hash":"61d5920175232cc73164e26c748b53b52aa5ca55","isMergeCommit":false,"messageTitle":"Update UG and DG for visit related features","messageBody":"","fileTypesAndContributionMap":{"docs":{"insertions":255,"deletions":12}}},{"hash":"e25c254d9bd972e4924245495d922571a64b81e7","isMergeCommit":false,"messageTitle":"Click person card to filter visitlist","messageBody":"","fileTypesAndContributionMap":{"functional-code":{"insertions":34,"deletions":0}}},{"hash":"26d87444311eca013d51c65999b3b4799a66d958","isMergeCommit":false,"messageTitle":"Update visitListCard to display all fields","messageBody":"","fileTypesAndContributionMap":{"functional-code":{"insertions":27,"deletions":10}}},{"hash":"2b0f1d6064a09762d3a4adf31851dc19cd40272e","isMergeCommit":false,"messageTitle":"Remark is now optional","messageBody":"","fileTypesAndContributionMap":{"functional-code":{"insertions":11,"deletions":13}}},{"hash":"337e829d2cc36ff195354adad51cfb8b9ee598c6","isMergeCommit":false,"messageTitle":"Fix bugs in EditVisit","messageBody":"first bug is editing new fields has no effect.\nsecond bug is cannot edit new fields alone.\nthird bug is edited visit will disappear from filtered visit.\n","fileTypesAndContributionMap":{"functional-code":{"insertions":34,"deletions":6}}},{"hash":"6247832814f45c7fad1f73a9b22d537477da419b","isMergeCommit":true,"messageTitle":"Merge branch \u0027master\u0027 into branch-fix-editvisit","messageBody":"","fileTypesAndContributionMap":{}},{"hash":"18fd04db12ad479464d6ef1b0e48306713417dae","isMergeCommit":false,"messageTitle":"Argument validation for sortvisits","messageBody":"","fileTypesAndContributionMap":{"functional-code":{"insertions":13,"deletions":2}}},{"hash":"a4b96bf4def3db29c2f5954d30f50d638148a562","isMergeCommit":true,"messageTitle":"Merge branch \u0027master\u0027 into branch-sortvisits-parser","messageBody":"","fileTypesAndContributionMap":{}},{"hash":"bcc892e22a8fa5cdc27b5225a3d5cc7837ab884b","isMergeCommit":false,"messageTitle":"Better Ui","messageBody":"","fileTypesAndContributionMap":{"functional-code":{"insertions":30,"deletions":5}}},{"hash":"1548cb31c656c9f5cc093fe2c802906219fdf84e","isMergeCommit":true,"messageTitle":"Merge branch \u0027master\u0027 into branch-better-ui-2","messageBody":"","fileTypesAndContributionMap":{}},{"hash":"44bb5de526c5183b93edf3713b3467bfa4d3fc5a","isMergeCommit":false,"messageTitle":"Add: Date Filtering Support for listvisits","messageBody":"","fileTypesAndContributionMap":{"functional-code":{"insertions":60,"deletions":8}}},{"hash":"5c361600fc2dc5bf04caff1d3ddcdb0501a8c74a","isMergeCommit":true,"messageTitle":"Merge branch \u0027master\u0027 into branch-efficiency","messageBody":"","fileTypesAndContributionMap":{}},{"hash":"177e448b0b8384e59ad1a945ee3d134b4283155c","isMergeCommit":false,"messageTitle":"Fix formatting error","messageBody":"","fileTypesAndContributionMap":{"functional-code":{"insertions":7,"deletions":5}}},{"hash":"63738088530395431e0dc2c73c06dd8f06c79ede","isMergeCommit":false,"messageTitle":"Add filtering for Symptom, Diagnosis, and Medication","messageBody":"","fileTypesAndContributionMap":{"functional-code":{"insertions":104,"deletions":3}}},{"hash":"744da4c33a47332c15f0d121a38bb3eb2a81be09","isMergeCommit":true,"messageTitle":"Merge branch \u0027master\u0027 into branch-fix-editvisit","messageBody":"","fileTypesAndContributionMap":{}},{"hash":"bddb11ccdb9221bf373170a58a5d65185accf838","isMergeCommit":true,"messageTitle":"Merge pull request #107 from ceilingFan456/branch-fix-editvisit","messageBody":"Fix bugs between new features and editvisit","fileTypesAndContributionMap":{}},{"hash":"6b107102573ddca61346c300fa08528e9091e0f5","isMergeCommit":false,"messageTitle":"Add light mode","messageBody":"","fileTypesAndContributionMap":{"functional-code":{"insertions":33,"deletions":1}}},{"hash":"40b739b37ffb1bee92ed25638671113797a58bb4","isMergeCommit":false,"messageTitle":"Fix format issue","messageBody":"","fileTypesAndContributionMap":{"functional-code":{"insertions":21,"deletions":16}}}]},{"date":"2025-04-07T00:00:00","commitResults":[{"hash":"1c3dd2d36c7e5e4172247fea6dbf2bdd78cb5203","isMergeCommit":false,"messageTitle":"Check wrong preamble and invalid or duplicated dates in listvisit","messageBody":"","fileTypesAndContributionMap":{"functional-code":{"insertions":19,"deletions":2}}},{"hash":"ae4849d1f135e87559b9105b986280e8348e3509","isMergeCommit":false,"messageTitle":"Update message usage for listvisits","messageBody":"","fileTypesAndContributionMap":{"functional-code":{"insertions":4,"deletions":1}}},{"hash":"e14db409bbc287af4244d31ac9e527486390a00a","isMergeCommit":false,"messageTitle":"For listvisits fix error msg and accept date alone","messageBody":"","fileTypesAndContributionMap":{"functional-code":{"insertions":26,"deletions":6}}},{"hash":"ce9e8035ba4bbdd50f6364e4243004415abcfc88","isMergeCommit":false,"messageTitle":"Fix format error","messageBody":"","fileTypesAndContributionMap":{"functional-code":{"insertions":3,"deletions":3}}},{"hash":"9d004269871906363b352a52cae216ba77a2d102","isMergeCommit":true,"messageTitle":"Merge pull request #199 from DengTianle/branch-fix-visit","messageBody":"Remove n/ for visit","fileTypesAndContributionMap":{}},{"hash":"af439cdce33b28a5ba6741f8e2c9a05c560f4d26","isMergeCommit":true,"messageTitle":"Merge pull request #187 from DengTianle/branch-improve-dg","messageBody":"Improve DG","fileTypesAndContributionMap":{}},{"hash":"1dedae99a5a36d8c42cde90e2a39464a8b565fa1","isMergeCommit":true,"messageTitle":"Merge pull request #194 from Taoseeker/branch-fix-bug-clearvisits-only-clear-GUI-not-data","messageBody":"Fix bug that clear visits only clear the displayed visits in GUI but …","fileTypesAndContributionMap":{}},{"hash":"d4298c0fa30a31c09e539e776b12f14d9c97f4bf","isMergeCommit":true,"messageTitle":"Merge branch \u0027master\u0027 into branch-debug-0","messageBody":"","fileTypesAndContributionMap":{}},{"hash":"14b9116ce4875589f39c876e0ea5197fd1d5ebef","isMergeCommit":false,"messageTitle":"Change success message for listvisits","messageBody":"","fileTypesAndContributionMap":{"functional-code":{"insertions":3,"deletions":2}}},{"hash":"bb10c8db7b2289e4fe581582792078c953077f3f","isMergeCommit":false,"messageTitle":"Handle invalid sg phone number","messageBody":"","fileTypesAndContributionMap":{"functional-code":{"insertions":2,"deletions":2}}},{"hash":"b48b2f82cbb4e3edcc1a19c232178124aba33594","isMergeCommit":false,"messageTitle":"Update message constraint for phone number","messageBody":"","fileTypesAndContributionMap":{"functional-code":{"insertions":1,"deletions":1}}},{"hash":"f14041e185c32b24eaeb2dd58a8d30b9c2bd6d5c","isMergeCommit":false,"messageTitle":"Update all dummy phone numbers in code and tests","messageBody":"","fileTypesAndContributionMap":{"test-code":{"insertions":13,"deletions":13}}}]},{"date":"2025-04-08T00:00:00","commitResults":[{"hash":"4833d19490ed05210cf7e4e7b5f0ce27763f4d1e","isMergeCommit":false,"messageTitle":"Update testcases to pass 76 cases","messageBody":"","fileTypesAndContributionMap":{"functional-code":{"insertions":1,"deletions":1},"test-code":{"insertions":7,"deletions":7}}},{"hash":"ebed2516700ff1972f81dcb72db136c35e1b0ead","isMergeCommit":true,"messageTitle":"Merge pull request #202 from Taoseeker/branch-finalise-UG","messageBody":"Branch finalise ug","fileTypesAndContributionMap":{}},{"hash":"6df2a274506fd800b5b7795e7fe8b5d93e7b2ac4","isMergeCommit":false,"messageTitle":"Fix bug in toggling darkmode","messageBody":"","fileTypesAndContributionMap":{"functional-code":{"insertions":22,"deletions":6}}},{"hash":"edb75dbd4de17055675067a477f2176311735cd7","isMergeCommit":true,"messageTitle":"Merge pull request #203 from Taoseeker/branch-update-UML","messageBody":"Update UML","fileTypesAndContributionMap":{}},{"hash":"f440e5343e66e93535fa42ad623ba660213bfa1b","isMergeCommit":true,"messageTitle":"Merge branch \u0027master\u0027 into branch-debug-ui","messageBody":"","fileTypesAndContributionMap":{}},{"hash":"e4170949cd0301bbb3a53d47d7c192be2f8809e0","isMergeCommit":true,"messageTitle":"Merge branch \u0027master\u0027 into branch-debug-1","messageBody":"","fileTypesAndContributionMap":{}},{"hash":"70eb3a24e440f272bf69f34ef684c787e85b0a35","isMergeCommit":true,"messageTitle":"Merge pull request #201 from ceilingFan456/branch-debug-1","messageBody":"change listvisits success msg","fileTypesAndContributionMap":{}},{"hash":"b829aac8a6d5d80f2822a752a521eefdf665ad36","isMergeCommit":true,"messageTitle":"Merge pull request #204 from ceilingFan456/branch-debug-ui","messageBody":"Fix white text bug under light mode","tags":["v1.6.0"],"fileTypesAndContributionMap":{}}]}],"nhocmt227":[{"date":"2025-03-08T00:00:00","commitResults":[{"hash":"5098a4ae1e0a9fe27fa96a5fe13be16aed63d775","isMergeCommit":false,"messageTitle":"Add remark command","messageBody":"","fileTypesAndContributionMap":{"functional-code":{"insertions":201,"deletions":11},"test-code":{"insertions":239,"deletions":10}}}]},{"date":"2025-03-09T00:00:00","commitResults":[{"hash":"9197b6e380d3cb983c7ac8b5e20ef3d51799b797","isMergeCommit":false,"messageTitle":"Add personal details to AboutUs","messageBody":"","fileTypesAndContributionMap":{"docs":{"insertions":7,"deletions":0}}},{"hash":"17b82e2750ce915d01ade2c42fd7526fe869ff8f","isMergeCommit":false,"messageTitle":"Add new end line","messageBody":"","fileTypesAndContributionMap":{"docs":{"insertions":1,"deletions":1}}},{"hash":"2c26f952f64a6518da04113b9b86e1070ea169cb","isMergeCommit":true,"messageTitle":"Merge pull request #21 from Leeisateam/add-isaac-aboutUs","messageBody":"Add isaac\u0027s info to AboutUs page","fileTypesAndContributionMap":{}},{"hash":"424faef68360e41abb8b0b98c9fa628b9665b040","isMergeCommit":false,"messageTitle":"Add personal image to AboutUs","messageBody":"","fileTypesAndContributionMap":{"docs":{"insertions":2,"deletions":0}}},{"hash":"68985f9c96d0fb44894e5c8d08fd6e5329b4f7d2","isMergeCommit":false,"messageTitle":"Add image to AboutUs","messageBody":"","fileTypesAndContributionMap":{"docs":{"insertions":8,"deletions":1}}},{"hash":"9c96444c386ece6e850a6aa9c6d85e0e2fb89ae4","isMergeCommit":true,"messageTitle":"Merge branch \u0027add-details-to-aboutus\u0027 of https://github.com/nhocmt227/tp into add-details-to-aboutus","messageBody":"","fileTypesAndContributionMap":{}},{"hash":"c1a5ff9f3e53faef986571ed5eca1bbca591a230","isMergeCommit":true,"messageTitle":"Merge pull request #29 from nhocmt227/add-details-to-aboutus","messageBody":"Add Phong\u0027s details to AboutUs","fileTypesAndContributionMap":{}}]},{"date":"2025-03-11T00:00:00","commitResults":[{"hash":"3675ac6750933dffcbdeede048560ac048b3afc7","isMergeCommit":true,"messageTitle":"Merge pull request #6 from ceilingFan456/branch-W7-UpdateDG","messageBody":"Close #5 Branch w7 update dg","fileTypesAndContributionMap":{}}]},{"date":"2025-03-13T00:00:00","commitResults":[{"hash":"53ee75c96c7a334a30b672b7b4ae8433d550470f","isMergeCommit":false,"messageTitle":"Rename classes to fit with Med Logger project","messageBody":"","fileTypesAndContributionMap":{"functional-code":{"insertions":64,"deletions":64},"other":{"insertions":74,"deletions":73},"docs":{"insertions":23,"deletions":23},"test-code":{"insertions":73,"deletions":73}}},{"hash":"47272d9277a787aa7b96b4f7356573496943452d","isMergeCommit":true,"messageTitle":"Merge branch \u0027master\u0027 into tutorial-adding-command","messageBody":"","fileTypesAndContributionMap":{}},{"hash":"a42c8b8ca4053fa350e77bb571a72643153d5c7b","isMergeCommit":false,"messageTitle":"Fix EOF new line error","messageBody":"","fileTypesAndContributionMap":{"functional-code":{"insertions":2,"deletions":2},"test-code":{"insertions":2,"deletions":2}}},{"hash":"7a20ac6e99a40555c96678172da62d73d31003a2","isMergeCommit":false,"messageTitle":"Fix styling error","messageBody":"","fileTypesAndContributionMap":{"functional-code":{"insertions":14,"deletions":7}}},{"hash":"f6f4e02b11782c49833f8b6aba09ba5e2994f5de","isMergeCommit":false,"messageTitle":"Fix styling error","messageBody":"","fileTypesAndContributionMap":{"functional-code":{"insertions":6,"deletions":0}}},{"hash":"63a024bedb01f16c23135f2817dee633a9034e2e","isMergeCommit":false,"messageTitle":"Fix styling","messageBody":"","fileTypesAndContributionMap":{"functional-code":{"insertions":1,"deletions":1},"test-code":{"insertions":16,"deletions":21}}},{"hash":"e82a91fe7b02d85080eda1a80ef51e7c78df38be","isMergeCommit":false,"messageTitle":"Fix styling error","messageBody":"","fileTypesAndContributionMap":{"functional-code":{"insertions":1,"deletions":1},"docs":{"insertions":1,"deletions":1}}},{"hash":"708659dd532409d87887a698d78919c84efccd6f","isMergeCommit":false,"messageTitle":"Refactor all AddressBook to MedLogger in /src","messageBody":"","fileTypesAndContributionMap":{"functional-code":{"insertions":125,"deletions":125},"other":{"insertions":4,"deletions":4},"docs":{"insertions":33,"deletions":33},"test-code":{"insertions":124,"deletions":124}}},{"hash":"2e2b463bda50405fc84b7352a2ed6bbd530fcacf","isMergeCommit":true,"messageTitle":"Merge pull request #33 from nhocmt227/tutorial-adding-command","messageBody":"Add `remark` feature - tutorial 2","fileTypesAndContributionMap":{}},{"hash":"08148e9088e79af4c63c1b3b87ea03153a0a950b","isMergeCommit":true,"messageTitle":"Merge branch \u0027master\u0027 into rename-classes","messageBody":"","fileTypesAndContributionMap":{}},{"hash":"39bff90254bbc84afaa1569ad91efbefad796fdb","isMergeCommit":false,"messageTitle":"Merge with remark branch","messageBody":"","fileTypesAndContributionMap":{"test-code":{"insertions":7,"deletions":7}}},{"hash":"7c00065d0c331b8954716d2fe86f62b6b81a7c2d","isMergeCommit":false,"messageTitle":"Change json file name","messageBody":"","fileTypesAndContributionMap":{"functional-code":{"insertions":1,"deletions":1},"test-code":{"insertions":1,"deletions":1}}}]},{"date":"2025-03-17T00:00:00","commitResults":[{"hash":"a72d3d2745c63474be22702f83cc86f0a5a30189","isMergeCommit":true,"messageTitle":"Merge pull request #39 from Taoseeker/branch-add-Date","messageBody":"Add new field Date to a visit","fileTypesAndContributionMap":{}},{"hash":"3d652fefad675c82f67f2f704e84ec2dac646340","isMergeCommit":false,"messageTitle":"Change Codecov configuration","messageBody":"","fileTypesAndContributionMap":{"other":{"insertions":1,"deletions":0}}},{"hash":"47249c9e8c8614680a175efc6fd77f22f03fc790","isMergeCommit":true,"messageTitle":"Merge branch \u0027master\u0027 into rename-classes","messageBody":"","fileTypesAndContributionMap":{}},{"hash":"4eb819da4e0a527edb32ee77b6a96002fd57528e","isMergeCommit":true,"messageTitle":"Merge pull request #40 from nhocmt227/configure-codecov","messageBody":"Change Codecov configuration","fileTypesAndContributionMap":{}},{"hash":"76fd3ee1e5e680d1b563e2eeb16c67d8d41adbb2","isMergeCommit":true,"messageTitle":"Merge branch \u0027master\u0027 into rename-classes","messageBody":"","fileTypesAndContributionMap":{}},{"hash":"631ff5d6a4423e16b93cd3b7cb65189cfdfca9aa","isMergeCommit":true,"messageTitle":"Merge branch \u0027master\u0027 into rename-classes","messageBody":"","fileTypesAndContributionMap":{}},{"hash":"3b456147ed8d49e1825ee97ded2d0004040f2fb3","isMergeCommit":false,"messageTitle":"Change annotation to exclude from Codecov","messageBody":"","fileTypesAndContributionMap":{"functional-code":{"insertions":8,"deletions":0}}}]},{"date":"2025-03-18T00:00:00","commitResults":[{"hash":"e036394461f26318f47d4ee1f449c87f9d400709","isMergeCommit":false,"messageTitle":"Configure codecov yml file","messageBody":"","fileTypesAndContributionMap":{"functional-code":{"insertions":0,"deletions":8},"other":{"insertions":11,"deletions":0}}},{"hash":"d41e771014b3e6b5906546a228cdd05298ba546e","isMergeCommit":false,"messageTitle":"Configure codecov yml file","messageBody":"","fileTypesAndContributionMap":{"other":{"insertions":2,"deletions":1}}},{"hash":"39c1950cd64c87e7decd3fce7234c912ba9735df","isMergeCommit":false,"messageTitle":"Configure codecov yml file","messageBody":"","fileTypesAndContributionMap":{"other":{"insertions":1,"deletions":1}}},{"hash":"76c39f6e0ba16609428c78461d9fab763543116d","isMergeCommit":true,"messageTitle":"Merge pull request #34 from nhocmt227/rename-classes","messageBody":"Rename classes from AddressBook to MedLogger","fileTypesAndContributionMap":{}}]},{"date":"2025-03-20T00:00:00","commitResults":[{"hash":"8620d7b8d8df4674bee3e889d63a91939b97d934","isMergeCommit":false,"messageTitle":"Make PersonCard more descriptive","messageBody":"","fileTypesAndContributionMap":{"functional-code":{"insertions":7,"deletions":6}}},{"hash":"86f8210cadcd141128089e9b4d22fe4b94a9942f","isMergeCommit":false,"messageTitle":"Improve User Guide and change help URL","messageBody":"","fileTypesAndContributionMap":{"functional-code":{"insertions":1,"deletions":1},"docs":{"insertions":20,"deletions":7}}}]},{"date":"2025-03-21T00:00:00","commitResults":[{"hash":"ad8d825b2f5b47cdda628979278d229a92707ecf","isMergeCommit":false,"messageTitle":"Improve user guide","messageBody":"","fileTypesAndContributionMap":{"functional-code":{"insertions":2,"deletions":1},"docs":{"insertions":35,"deletions":12}}},{"hash":"5e2e1f8c13926f600f5ca7dc6eb4012dd05d2e28","isMergeCommit":true,"messageTitle":"Merge pull request #49 from nhocmt227/change-help-url-to-userguide","messageBody":"Improve user guide","fileTypesAndContributionMap":{}},{"hash":"eedb12ddeba72f4c6a45cd6d85e00bdcbe7ad7a7","isMergeCommit":false,"messageTitle":"Improve user guide","messageBody":"","fileTypesAndContributionMap":{"docs":{"insertions":7,"deletions":25}}},{"hash":"31eee4561890d83606bd660887e9a68f1b20ae13","isMergeCommit":true,"messageTitle":"Merge pull request #46 from DengTianle/branch-DateTime","messageBody":"Add time","fileTypesAndContributionMap":{}},{"hash":"1f694388aac0b1f0638b0259226ad95066d42334","isMergeCommit":true,"messageTitle":"Merge branch \u0027master\u0027 into fix-remark-bug","messageBody":"","fileTypesAndContributionMap":{}},{"hash":"0de72c5446244bc63fa928965cb74d2757c02284","isMergeCommit":false,"messageTitle":"Fix remark bug","messageBody":"","fileTypesAndContributionMap":{"functional-code":{"insertions":1,"deletions":1},"test-code":{"insertions":4,"deletions":3}}}]},{"date":"2025-03-27T00:00:00","commitResults":[{"hash":"2faf547456b285de5ec2ffa677093eecd4e99592","isMergeCommit":false,"messageTitle":"Update UserGuide style","messageBody":"","fileTypesAndContributionMap":{"docs":{"insertions":9,"deletions":8}}},{"hash":"c12f8ee2b4e05a32ddac34ee7221686472f4dfff","isMergeCommit":false,"messageTitle":"Implement limit items in list command","messageBody":"","fileTypesAndContributionMap":{"functional-code":{"insertions":72,"deletions":3}}},{"hash":"dc79eb55d81a56ec5cf1e232a1e87f78bf7f0e04","isMergeCommit":false,"messageTitle":"Fix list limit bug and update userguide","messageBody":"","fileTypesAndContributionMap":{"functional-code":{"insertions":18,"deletions":10},"docs":{"insertions":3,"deletions":2},"test-code":{"insertions":12,"deletions":1}}},{"hash":"4568b31e62933d8cbfabf5406c5e42511d5d72bb","isMergeCommit":true,"messageTitle":"Merge pull request #55 from nhocmt227/list-limit-command","messageBody":"List limit command","fileTypesAndContributionMap":{}}]},{"date":"2025-03-31T00:00:00","commitResults":[{"hash":"0981637c5223fab0cd009dd1f1f57a0c215601e7","isMergeCommit":false,"messageTitle":"Implement export command","messageBody":"","fileTypesAndContributionMap":{"functional-code":{"insertions":211,"deletions":0}}},{"hash":"fa36e1884ffb2630e2a2addaa5de242c9d256891","isMergeCommit":false,"messageTitle":"Write test cases for export-related command","messageBody":"","fileTypesAndContributionMap":{"functional-code":{"insertions":76,"deletions":27},"test-code":{"insertions":175,"deletions":0}}},{"hash":"1e53430dfbfbcf7f8d460634f7051bf30009d404","isMergeCommit":false,"messageTitle":"Update UserGuide.md","messageBody":"","fileTypesAndContributionMap":{"docs":{"insertions":8,"deletions":0}}},{"hash":"c152191154890061e98fcdda15f43d1a2e76030a","isMergeCommit":true,"messageTitle":"Resolve conflict and merge","messageBody":"","fileTypesAndContributionMap":{}},{"hash":"ca039b06c6441224efb377026216807d204b3a2e","isMergeCommit":false,"messageTitle":"Update UserGuild.md","messageBody":"","fileTypesAndContributionMap":{"docs":{"insertions":1,"deletions":1}}},{"hash":"2c030771c3f30d955da6cc27ba97d3a4e95591f7","isMergeCommit":false,"messageTitle":"Refactor fileUtil for better code modularity","messageBody":"","fileTypesAndContributionMap":{"functional-code":{"insertions":38,"deletions":18}}},{"hash":"cd634b9574765df906530a2c4dee59e8d9d00844","isMergeCommit":true,"messageTitle":"Merge pull request #61 from nhocmt227/export-command","messageBody":"Export command","fileTypesAndContributionMap":{}}]}],"DengTianle":[{"date":"2025-03-05T00:00:00","commitResults":[{"hash":"a079a789fb348652ddeb70c3853319ae8c24cc06","isMergeCommit":true,"messageTitle":"Merge pull request #2 from ceilingFan456/branch-W7-AddPhoto","messageBody":"Close #1 Add Qiming\u0027s Photo","fileTypesAndContributionMap":{}},{"hash":"bce767baf7b906263580c6bf970df65435c0c4d0","isMergeCommit":false,"messageTitle":"Update AboutUs","messageBody":"Update Tianle\u0027s details in AboutUs, create portfolio.\n","fileTypesAndContributionMap":{"docs":{"insertions":12,"deletions":0}}},{"hash":"5ada2c318d50c651beedd1b89871586aa9916178","isMergeCommit":false,"messageTitle":"Fix integration errors","messageBody":"Fix errors of no newline at EOF for .md files.\n","fileTypesAndContributionMap":{"docs":{"insertions":2,"deletions":1}}}]},{"date":"2025-03-10T00:00:00","commitResults":[{"hash":"e4a5b53ecb225956b3d55da7011ba15f5d9f1a16","isMergeCommit":true,"messageTitle":"Merge pull request #27 from nhocmt227/add-self-image","messageBody":"Add Phong\u0027s photo","fileTypesAndContributionMap":{}},{"hash":"0add37397a1a9c3cd19aa663e5813c5c6662cde1","isMergeCommit":true,"messageTitle":"Merge pull request #24 from Taoseeker/Correct-lekang-photo-name-format","messageBody":"Rename lekang\u0027s photo","fileTypesAndContributionMap":{}}]},{"date":"2025-03-15T00:00:00","commitResults":[{"hash":"ea8c50bf2e1ee6ab246cdd4d9893c7cb28ef7c92","isMergeCommit":false,"messageTitle":"Fix mistakes arising from adding Date","messageBody":"Fix an error where Date is mistaken for java.util.Date, and fix minor\nomission of date in Messages.\n","fileTypesAndContributionMap":{"functional-code":{"insertions":3,"deletions":1}}},{"hash":"73d5439458da107c3662117d136a43140bec906c","isMergeCommit":false,"messageTitle":"Fix integration errors in tests","messageBody":"Fix errors in tests arising from omissions of date.\n","fileTypesAndContributionMap":{"test-code":{"insertions":28,"deletions":44}}},{"hash":"1a3661923ad1dbc2aa78ce7634f8085e86b49b99","isMergeCommit":false,"messageTitle":"Fix integration error in EditCommandParser","messageBody":"Fix errors of omitting dates in EditCommandParser.\n","fileTypesAndContributionMap":{"functional-code":{"insertions":6,"deletions":7}}},{"hash":"3606d85008ed1573a8f1980a937d00c72e887a77","isMergeCommit":false,"messageTitle":"Fix style issues","messageBody":"Fix style issues in EditCommandParser.\n","fileTypesAndContributionMap":{"functional-code":{"insertions":8,"deletions":3}}},{"hash":"6c87d67afb689fe0831df0874b7d836142b8f46e","isMergeCommit":false,"messageTitle":"Fix style issues","messageBody":"Fix issues with import statements ordering and line length.\n","fileTypesAndContributionMap":{"test-code":{"insertions":47,"deletions":8}}}]},{"date":"2025-03-20T00:00:00","commitResults":[{"hash":"b6d757ae6e11134f7ba8285088f0560d9605e20f","isMergeCommit":false,"messageTitle":"Add time","messageBody":"Add time by renaming Date to DateTime and change format to include\nHH:mm.\n","fileTypesAndContributionMap":{"functional-code":{"insertions":44,"deletions":43},"other":{"insertions":11,"deletions":11},"docs":{"insertions":2,"deletions":2},"test-code":{"insertions":24,"deletions":24}}}]},{"date":"2025-03-21T00:00:00","commitResults":[{"hash":"cbff1ba0290ffa8f4158bbdb40a6335100256306","isMergeCommit":true,"messageTitle":"Merge pull request #48 from nhocmt227/change-help-url-to-userguide","messageBody":"Improve User Guide and change help URL","fileTypesAndContributionMap":{}},{"hash":"013a68a3ac150892a4439cc396ce2e642c71f910","isMergeCommit":false,"messageTitle":"Fix bugs","messageBody":"Fix mismatch between java and fxml. Also ensure require all non-null in\nPerson.\n","fileTypesAndContributionMap":{"functional-code":{"insertions":2,"deletions":2}}},{"hash":"057e7befeddac66a04eda70da743db1726c9481b","isMergeCommit":false,"messageTitle":"Bug fixes for DateTime","messageBody":"Fix some errors where Address is present instead of DateTime and enable\nchecking for invalid date and time.\n","fileTypesAndContributionMap":{"functional-code":{"insertions":16,"deletions":8},"test-code":{"insertions":2,"deletions":1}}},{"hash":"6969041e85b93d519546bc7f7bb3d09f14b078ca","isMergeCommit":true,"messageTitle":"Merge branch \u0027master\u0027 into branch-DateTime","messageBody":"Fix merge conflicts\n\nFix merge conflicts with person card.\n","fileTypesAndContributionMap":{}},{"hash":"b564e87f88ccbb0af672c37ae8d436eb7d9fa159","isMergeCommit":true,"messageTitle":"Merge pull request #51 from nhocmt227/fix-remark-bug","messageBody":"Fix remark bug","fileTypesAndContributionMap":{}}]},{"date":"2025-03-26T00:00:00","commitResults":[{"hash":"8a5498ec39f714cbd6e79ff0f482e78c5a6625b0","isMergeCommit":false,"messageTitle":"Modify Person class","messageBody":"Add NRIC field and delete DateTime from Person class.\n","fileTypesAndContributionMap":{"functional-code":{"insertions":175,"deletions":90}}}]},{"date":"2025-03-27T00:00:00","commitResults":[{"hash":"7addf806f7eb76fca95830816fea15076c308d41","isMergeCommit":false,"messageTitle":"Resolve style issues","messageBody":"Resolve style issues.\n","fileTypesAndContributionMap":{"functional-code":{"insertions":49,"deletions":46},"other":{"insertions":10,"deletions":10}}},{"hash":"b0ab95bbf942986c5686a9cfb6d45b19138eff7e","isMergeCommit":false,"messageTitle":"Fix some problems with tests","messageBody":"Fix problems so that tests can compile first.\n","fileTypesAndContributionMap":{"test-code":{"insertions":65,"deletions":63}}},{"hash":"cdc7a3a8b24f4f68a3a1bef7aa517b33c3f47c49","isMergeCommit":false,"messageTitle":"Fix tests","messageBody":"Update tests to fit new Person.\n","fileTypesAndContributionMap":{"functional-code":{"insertions":2,"deletions":2},"test-code":{"insertions":58,"deletions":56}}}]},{"date":"2025-03-28T00:00:00","commitResults":[{"hash":"cc3a3d6210b1aa6fe7aa3f2a86989a5ddc20c3c7","isMergeCommit":false,"messageTitle":"Fix style and tests","messageBody":"Fix import orders and add javadoc. Resolve an issue with stub.\n","fileTypesAndContributionMap":{"functional-code":{"insertions":18,"deletions":7},"test-code":{"insertions":12,"deletions":0}}}]},{"date":"2025-03-30T00:00:00","commitResults":[{"hash":"9af24092eddf9d0e1cc0fb54ba86f4c3c16f8231","isMergeCommit":true,"messageTitle":"Merge pull request #58 from Taoseeker/branch-implement-AddVisitCommand","messageBody":"Branch implement add visit command","fileTypesAndContributionMap":{}}]},{"date":"2025-03-31T00:00:00","commitResults":[{"hash":"4247bc2a89205ba40bf1bfc96fe10d811ceb8460","isMergeCommit":false,"messageTitle":"Add visit storage and UniqueVisitList","messageBody":"Add visit storage and resolve issues arising. For example, add\nUniqueVisitList and modify UniquePersonList, among other corresponding\nchanges.\n","fileTypesAndContributionMap":{"functional-code":{"insertions":319,"deletions":28},"test-code":{"insertions":16,"deletions":1}}},{"hash":"ceecdffe5845ec7032a35871daa25f41afcaa418","isMergeCommit":true,"messageTitle":"Merge pull request #62 from DengTianle/branch-storage","messageBody":"Add storage for visits.","fileTypesAndContributionMap":{}}]},{"date":"2025-04-02T00:00:00","commitResults":[{"hash":"8bd3c2d916bc1edd5028cfce696fc5c5152de6cb","isMergeCommit":false,"messageTitle":"Enable assertions","messageBody":"","fileTypesAndContributionMap":{"other":{"insertions":4,"deletions":0}}},{"hash":"2e0bc0903961aeba8b23f1ca750b4d781b601442","isMergeCommit":false,"messageTitle":"Rename EditCommand to EditPersonCommand","messageBody":"Also rename command name from edit to editperson.\n","fileTypesAndContributionMap":{"functional-code":{"insertions":13,"deletions":12},"other":{"insertions":7,"deletions":7},"test-code":{"insertions":47,"deletions":43}}},{"hash":"3411bfab8cea204f029e21cccddea81b0050fe3a","isMergeCommit":false,"messageTitle":"Rename EditCommandParser","messageBody":"","fileTypesAndContributionMap":{"functional-code":{"insertions":1,"deletions":1},"other":{"insertions":3,"deletions":3}}}]},{"date":"2025-04-03T00:00:00","commitResults":[{"hash":"846478ce5f64f3701639db065f281f1a24b28270","isMergeCommit":false,"messageTitle":"Fix circular reference bug","messageBody":"Add PersonVisitDictionary to manage visits for each person.\n","fileTypesAndContributionMap":{"functional-code":{"insertions":208,"deletions":23},"test-code":{"insertions":7,"deletions":1}}},{"hash":"29206ad9d4aa8cbfc560db3cfb63208bea537cdb","isMergeCommit":true,"messageTitle":"Merge pull request #71 from ceilingFan456/master","messageBody":"","fileTypesAndContributionMap":{}},{"hash":"43a53b9263398156c74927900b97918341f3eb13","isMergeCommit":false,"messageTitle":"Add editvisit command","messageBody":"","fileTypesAndContributionMap":{"functional-code":{"insertions":300,"deletions":5},"test-code":{"insertions":5,"deletions":0}}},{"hash":"7e0aa224f4d0fd5eb4e9cc1b580ebfa55baa443b","isMergeCommit":true,"messageTitle":"Merge pull request #78 from ceilingFan456/branch-clearvisits","messageBody":"","fileTypesAndContributionMap":{}},{"hash":"d40cfdc65c4ff77cf057f4674e1767102f404654","isMergeCommit":true,"messageTitle":"Merge pull request #77 from ceilingFan456/branch-listvisit","messageBody":"","fileTypesAndContributionMap":{}}]},{"date":"2025-04-04T00:00:00","commitResults":[{"hash":"06814e9a81fee0ce90ec2640aa79ebdf416411ea","isMergeCommit":true,"messageTitle":"Merge branch \u0027master\u0027 into branch-edit-visit","messageBody":"","fileTypesAndContributionMap":{}},{"hash":"e08c69d200b669afdc826aa710be73c6887e8720","isMergeCommit":false,"messageTitle":"Fix bugs arising from merge","messageBody":"","fileTypesAndContributionMap":{"functional-code":{"insertions":3,"deletions":3}}},{"hash":"b909a231ee93e37cc736326a809f4005f7badffc","isMergeCommit":true,"messageTitle":"Merge pull request #80 from DengTianle/branch-edit-visit","messageBody":"","tags":["v1.5.0"],"fileTypesAndContributionMap":{}},{"hash":"a8bad941ee35c8c9592035c81e3f0db40a041c37","isMergeCommit":false,"messageTitle":"Fix bug when editing remark of visit","messageBody":"","fileTypesAndContributionMap":{"functional-code":{"insertions":2,"deletions":3}}},{"hash":"14eb055d5365721764d4ea7860b7e9522e4ff0d9","isMergeCommit":true,"messageTitle":"Merge pull request #88 from ceilingFan456/branch-sortvisits","messageBody":"","fileTypesAndContributionMap":{}},{"hash":"de55438457a3603876595038f1d4c13351391d6b","isMergeCommit":true,"messageTitle":"Merge pull request #93 from ceilingFan456/branch-listpatientvisits","messageBody":"","fileTypesAndContributionMap":{}},{"hash":"5a5eb12f3b21732d21d0e489e95a1dbf342ccad7","isMergeCommit":true,"messageTitle":"Merge pull request #98 from ceilingFan456/branch-improve-visit","messageBody":"","fileTypesAndContributionMap":{}},{"hash":"4ddc4c5bab5537d8998ce19761d7f1d9507b6ced","isMergeCommit":true,"messageTitle":"Merge pull request #99 from ceilingFan456/branch-dummy","messageBody":"","fileTypesAndContributionMap":{}},{"hash":"bdeabcbf18c3aec3e397c876fe2aded1eb80669a","isMergeCommit":true,"messageTitle":"Merge pull request #100 from ceilingFan456/branch-DG-v1-5","messageBody":"","fileTypesAndContributionMap":{}},{"hash":"5453ea3c13d1c7fd24fed8e2599bd4e7c46e2007","isMergeCommit":true,"messageTitle":"Merge pull request #101 from ceilingFan456/branch-better-ui","messageBody":"","fileTypesAndContributionMap":{}},{"hash":"1caac5079b47783ab70d67bbc6e17e2d48f8b165","isMergeCommit":true,"messageTitle":"Merge pull request #103 from ceilingFan456/branch-new-visitcard","messageBody":"","fileTypesAndContributionMap":{}},{"hash":"797dce2d194940c89d7c0f684b8e5b11b2ef1aca","isMergeCommit":true,"messageTitle":"Merge pull request #104 from ceilingFan456/branch-optional-remark","messageBody":"","fileTypesAndContributionMap":{}},{"hash":"79d262ac012be6f80ee4d429926645118103ec78","isMergeCommit":true,"messageTitle":"Merge pull request #108 from ceilingFan456/branch-sortvisits-parser","messageBody":"","fileTypesAndContributionMap":{}},{"hash":"bab66d2e60a39a38ed53bee92abd54307c95e5e5","isMergeCommit":true,"messageTitle":"Merge pull request #109 from ceilingFan456/branch-better-ui-2","messageBody":"","fileTypesAndContributionMap":{}},{"hash":"9127bb4c5fb2759ad90b17a673e1d37978fa7399","isMergeCommit":true,"messageTitle":"Merge pull request #110 from ceilingFan456/branch-efficiency","messageBody":"","fileTypesAndContributionMap":{}},{"hash":"a4fd2e8193cfaf982ddb90a65ff344f1afad88a5","isMergeCommit":true,"messageTitle":"Merge pull request #111 from ceilingFan456/branch-efficiency-2","messageBody":"","fileTypesAndContributionMap":{}},{"hash":"3f50d8f4ffb006b0c3df8b621d54008977d53eff","isMergeCommit":true,"messageTitle":"Merge pull request #112 from ceilingFan456/branch-colour","messageBody":"","tags":["v1.5.1"],"fileTypesAndContributionMap":{}},{"hash":"e42cde75aff780799ed3b77ed82448d2f2bb05e5","isMergeCommit":false,"messageTitle":"Update UG","messageBody":"","fileTypesAndContributionMap":{"docs":{"insertions":42,"deletions":42}}},{"hash":"08822b0ab7b6031e8806020425fc49245f3d91e2","isMergeCommit":false,"messageTitle":"Update summary in UG","messageBody":"","fileTypesAndContributionMap":{"docs":{"insertions":7,"deletions":0}}}]},{"date":"2025-04-06T00:00:00","commitResults":[{"hash":"a0b91497a71fc20f3f9d8b0e7cd2f33ddf029319","isMergeCommit":false,"messageTitle":"Improve DG","messageBody":"Fix bugs in DG. Update Model class diagram.\n","fileTypesAndContributionMap":{"docs":{"insertions":17,"deletions":12}}}]},{"date":"2025-04-07T00:00:00","commitResults":[{"hash":"c887c95a96b4ea3d711c8ff6b7d0a619f206f2df","isMergeCommit":true,"messageTitle":"Merge pull request #188 from Taoseeker/branch-debug-list-with-negative-limit","messageBody":"","fileTypesAndContributionMap":{}},{"hash":"3602afa94047c1acc9e6fcba76019ecb8d9ab257","isMergeCommit":true,"messageTitle":"Merge pull request #189 from Taoseeker/branch-fix-visits-person-panel-not-updated","messageBody":"","fileTypesAndContributionMap":{}},{"hash":"d1c34098007d6a062e9616a26a231960a97c7de3","isMergeCommit":true,"messageTitle":"Merge pull request #190 from Taoseeker/branch-fix-bug-deleting-person-does-not-delete-visits-of-the-person","messageBody":"","fileTypesAndContributionMap":{}},{"hash":"f239fc41575e33bbbcc42d0c9b57a15dfcf0fb35","isMergeCommit":true,"messageTitle":"Merge pull request #193 from Taoseeker/branch-fix-bug-duplicate-fields-when-add-visit","messageBody":"","fileTypesAndContributionMap":{}},{"hash":"a94d0d4fc305f801186c1b28412daccb3bafcca5","isMergeCommit":false,"messageTitle":"Remove n/ for visit","messageBody":"","fileTypesAndContributionMap":{"functional-code":{"insertions":7,"deletions":12}}}]},{"date":"2025-04-08T00:00:00","commitResults":[{"hash":"5be466ef5c2f1ede5d8d25adfeeb7c88bd782645","isMergeCommit":true,"messageTitle":"Merge pull request #200 from ceilingFan456/branch-debug-0","messageBody":"","fileTypesAndContributionMap":{}},{"hash":"0375949e526a0047135d2ed27867754b5dea826b","isMergeCommit":true,"messageTitle":"Merge pull request #206 from Leeisateam/master","messageBody":"","fileTypesAndContributionMap":{}},{"hash":"68d9335dc0ac102559b7eacc24ff2669b98d9518","isMergeCommit":true,"messageTitle":"Merge pull request #209 from Leeisateam/master","messageBody":"","fileTypesAndContributionMap":{}},{"hash":"2cd689b254c451381023ccf2a43a53d186a787b1","isMergeCommit":false,"messageTitle":"Update UG final","messageBody":"","fileTypesAndContributionMap":{"docs":{"insertions":16,"deletions":25}}},{"hash":"afacc3135c7871bc37f8e0cd4543da130e88396b","isMergeCommit":false,"messageTitle":"Correct UI file name","messageBody":"","fileTypesAndContributionMap":{"docs":{"insertions":1,"deletions":1}}},{"hash":"701bfc7513bc0ce0d48a480d3fb2481a6f027117","isMergeCommit":true,"messageTitle":"Merge pull request #212 from Leeisateam/master","messageBody":"","fileTypesAndContributionMap":{}}]}]},"authorFileTypeContributionMap":{"Leeisateam":{"docs":103,"functional-code":0,"test-code":0},"Taoseeker":{"docs":86,"functional-code":416,"test-code":50},"ceilingFan456":{"docs":305,"functional-code":1238,"test-code":47},"nhocmt227":{"docs":67,"functional-code":770,"test-code":617,"other":14},"DengTianle":{"docs":76,"functional-code":1026,"test-code":196,"other":2}},"authorContributionVariance":{"Leeisateam":1204.2482,"Taoseeker":4254.327,"ceilingFan456":43042.676,"nhocmt227":36352.85,"DengTianle":12988.312},"authorDisplayNameMap":{"Leeisateam":"CS2103T-W09-3 LEE ..SAAC","Taoseeker":"CS2103T-W09-3 LIU ..KANG","ceilingFan456":"CS2103T-W09-3 HUAN..MING","nhocmt227":"CS2103T-W09-3 CHU ..HONG","DengTianle":"CS2103T-W09-3 DENG..ANLE"}}
