{"authorDailyContributionsMap":{"kylieluk88":[{"date":"2025-03-04","commitResults":[{"hash":"d3d7710c2d6238ecd2306a4614756d02f6239d0e","isMergeCommit":false,"messageTitle":"Update about us","messageBody":"","fileTypesAndContributionMap":{"docs":{"insertions":4,"deletions":4}}},{"hash":"d5e78f871a5f3a9740714ad1265a580506204294","isMergeCommit":true,"messageTitle":"Merge pull request #25 from aisyahally/update-about-us","messageBody":"Update Aisyah\u0027s AboutUs","fileTypesAndContributionMap":{}}]},{"date":"2025-03-07","commitResults":[{"hash":"85a24fe7604c4378e65e0955e4aad29ac52e7d90","isMergeCommit":true,"messageTitle":"Merge pull request #54 from aisyahally/add-user-stories","messageBody":"Aisyah Update DG\u0027s User Stories (12 stories)","fileTypesAndContributionMap":{}},{"hash":"569d117704a4748e7c2466c1468dcb6006021d77","isMergeCommit":false,"messageTitle":"Update README page to match project","messageBody":"","fileTypesAndContributionMap":{"docs":{"insertions":16,"deletions":10}}},{"hash":"3acb82f4208a39f2e6cead6c9f378a63bc48bee0","isMergeCommit":false,"messageTitle":"Add use case for \"add candidate\"","messageBody":"","fileTypesAndContributionMap":{"docs":{"insertions":20,"deletions":0}}},{"hash":"5277ea908f8aecb8dd7140f197418c2b16b48fe1","isMergeCommit":false,"messageTitle":"Edit use case for \"add candidate\"","messageBody":"","fileTypesAndContributionMap":{"docs":{"insertions":3,"deletions":2}}}]},{"date":"2025-03-08","commitResults":[{"hash":"1c130ee6dacdee6ee4428b6c6912803fb345938e","isMergeCommit":false,"messageTitle":"Add use case for \"remove tag\"","messageBody":"","fileTypesAndContributionMap":{"docs":{"insertions":25,"deletions":0}}},{"hash":"cd24d6b340a1b21494afea46b3138b974500837b","isMergeCommit":false,"messageTitle":"Edit format of \"add candidate\" use case to include use case number","messageBody":"","fileTypesAndContributionMap":{"docs":{"insertions":1,"deletions":1}}},{"hash":"a6f7b4293d683429c6423e3ec8bfd7ac5979496e","isMergeCommit":false,"messageTitle":"Edit README page to include correct links","messageBody":"","fileTypesAndContributionMap":{"docs":{"insertions":1,"deletions":1}}},{"hash":"a703891ac75751947022c81741cc828fe1560e56","isMergeCommit":true,"messageTitle":"Merge branch \u0027master\u0027 into add-tag-extension","messageBody":"","fileTypesAndContributionMap":{}},{"hash":"76dc7ac969b5fb79b1db8eeea416942a5eaee04a","isMergeCommit":true,"messageTitle":"Merge pull request #58 from aisyahally/add-delete-candidate","messageBody":"Add use case for \"delete candidate\"","fileTypesAndContributionMap":{}},{"hash":"96709459e67df6761dba822180600695fa105c9d","isMergeCommit":true,"messageTitle":"Merge pull request #57 from aisyahally/add-tag-extension","messageBody":"Add \"tag\" extension for \"find candidate\" use case","fileTypesAndContributionMap":{}}]},{"date":"2025-03-12","commitResults":[{"hash":"f923a85326f4f9da7dd2de980ad9a31a2c19ded7","isMergeCommit":false,"messageTitle":"Edit use case for remove tag to exclude internal details","messageBody":"","fileTypesAndContributionMap":{"docs":{"insertions":3,"deletions":5}}},{"hash":"a4d7e71fe77d9ee266de85fe8ed3dad547299f63","isMergeCommit":false,"messageTitle":"Edit add candidate use case to remove internal details","messageBody":"","fileTypesAndContributionMap":{"docs":{"insertions":3,"deletions":4}}}]},{"date":"2025-03-13","commitResults":[{"hash":"a3837f7711141d90ef5bc673e3ecc21cfbe1d50d","isMergeCommit":false,"messageTitle":"Update tag to allow any values","messageBody":"","fileTypesAndContributionMap":{"functional-code":{"insertions":2,"deletions":2}}},{"hash":"39dfe3846d9fec333a316e42c7690e55a702a8a2","isMergeCommit":false,"messageTitle":"Edit extensions numbering for remove tag use case","messageBody":"","fileTypesAndContributionMap":{"docs":{"insertions":6,"deletions":6}}},{"hash":"39bd2cd06b7930d317405d9fd13242f6a603c8c4","isMergeCommit":false,"messageTitle":"Edit extensions numbering for add candidate use case","messageBody":"","fileTypesAndContributionMap":{"docs":{"insertions":6,"deletions":6}}},{"hash":"d0db7d3fedcf0771db0344da88db983719dba70a","isMergeCommit":false,"messageTitle":"Update tests to align with new tag requirements","messageBody":"","fileTypesAndContributionMap":{"test-code":{"insertions":3,"deletions":3}}},{"hash":"ad352110135321a79837a0384dbf6656079c0871","isMergeCommit":true,"messageTitle":"Merge pull request #76 from aisyahally/edit-delete-candidate","messageBody":"Update UC-003 to remove internal details","fileTypesAndContributionMap":{}},{"hash":"872a756ee6df501a777ab64416f1663472017c66","isMergeCommit":true,"messageTitle":"Merge branch \u0027master\u0027 into update-tag","messageBody":"","fileTypesAndContributionMap":{}},{"hash":"a59b2f444f15259f3022464362d3cda56add3b68","isMergeCommit":false,"messageTitle":"Edit style to comply with checkstyle","messageBody":"","fileTypesAndContributionMap":{"test-code":{"insertions":1,"deletions":1}}},{"hash":"bec4e285c9f406d2c0f2f9b25be62f76e0eed02c","isMergeCommit":true,"messageTitle":"Merge pull request #78 from aisyahally/edit-delete-error","messageBody":"Add empty list error message for delete candidate","fileTypesAndContributionMap":{}}]},{"date":"2025-03-18","commitResults":[{"hash":"177d79ad9cc68eb24993a057dc1825d241d33ec5","isMergeCommit":false,"messageTitle":"Add RemoveTagCommand class","messageBody":"","fileTypesAndContributionMap":{"functional-code":{"insertions":106,"deletions":0}}},{"hash":"b0567af3170781f6ad48f9abc07e4158a0aaa281","isMergeCommit":false,"messageTitle":"Add parser integration for removeTag command","messageBody":"","fileTypesAndContributionMap":{"functional-code":{"insertions":53,"deletions":11}}},{"hash":"810f7a70d405eec503d20d76fb2c599a27a50bf3","isMergeCommit":false,"messageTitle":"Edit to comply with checkstyle","messageBody":"","fileTypesAndContributionMap":{"functional-code":{"insertions":15,"deletions":6}}},{"hash":"7385736194cd90d992b1b7428d4c8458d74ca820","isMergeCommit":false,"messageTitle":"Reorder import statements to comply with checkstyle","messageBody":"","fileTypesAndContributionMap":{"functional-code":{"insertions":5,"deletions":6}}},{"hash":"fedf0ca5a6ea8f56b6b2d0c6a5f8545966c3b88f","isMergeCommit":false,"messageTitle":"Add test for invalid index and execute removeTag","messageBody":"","fileTypesAndContributionMap":{"test-code":{"insertions":56,"deletions":0}}}]},{"date":"2025-03-19","commitResults":[{"hash":"2904fd8cd23f1648029be8dbaadb5243b6bdc8d7","isMergeCommit":false,"messageTitle":"Edit import statements to comply with checkstyle","messageBody":"","fileTypesAndContributionMap":{"test-code":{"insertions":4,"deletions":3}}},{"hash":"ebce1860909cfcb62874777e9aafd5a6a03ddb54","isMergeCommit":false,"messageTitle":"Update JUnit tests for removeTagCommand","messageBody":"","fileTypesAndContributionMap":{"functional-code":{"insertions":1,"deletions":1},"test-code":{"insertions":46,"deletions":0}}},{"hash":"bc74ea646144fa977b4a2b1755f3a2d1ca1806cb","isMergeCommit":false,"messageTitle":"Include JUnit test for removeTagCommand toString","messageBody":"","fileTypesAndContributionMap":{"test-code":{"insertions":12,"deletions":0}}},{"hash":"9219639ca6d9629aad75e4bbbf306ca4f3598d88","isMergeCommit":false,"messageTitle":"Add JUnit tests for RemoveTagCommandParser","messageBody":"","fileTypesAndContributionMap":{"test-code":{"insertions":27,"deletions":0}}},{"hash":"f9906e7c147db18c2dc33af393e612523fe72ebf","isMergeCommit":true,"messageTitle":"Merge pull request #105 from aisyahally/add-find-tag","messageBody":"Add find by tag feature","fileTypesAndContributionMap":{}},{"hash":"f80ae0157cd3f7a9332a8204238b141f82793cef","isMergeCommit":false,"messageTitle":"Update src/main/java/seedu/recruittrackpro/logic/parser/RemoveTagCommandParser.java","messageBody":"Co-authored-by: aisyahally \u003c157112566+aisyahally@users.noreply.github.com\u003e","fileTypesAndContributionMap":{"functional-code":{"insertions":0,"deletions":1}}},{"hash":"727806b3edc1f51ce164c5c44cf60226b61d8597","isMergeCommit":false,"messageTitle":"Update src/main/java/seedu/recruittrackpro/logic/parser/RemoveTagCommandParser.java","messageBody":"Co-authored-by: aisyahally \u003c157112566+aisyahally@users.noreply.github.com\u003e","fileTypesAndContributionMap":{"functional-code":{"insertions":0,"deletions":1}}}]},{"date":"2025-03-20","commitResults":[{"hash":"f0e8307bed53f710c38b236e8070a2c9ca38f73f","isMergeCommit":false,"messageTitle":"Update duplicate handling to check for both name and phone number","messageBody":"","fileTypesAndContributionMap":{"functional-code":{"insertions":1,"deletions":1}}},{"hash":"d5dccab78ddba9837b0e66e386f41de86be9f335","isMergeCommit":false,"messageTitle":"Update isSamePerson test to include phone number","messageBody":"","fileTypesAndContributionMap":{"test-code":{"insertions":2,"deletions":2}}},{"hash":"c31edc0318156e8e26d1c5555f4eec544babac76","isMergeCommit":false,"messageTitle":"Update src/test/java/seedu/recruittrackpro/testutil/PersonBuilder.java","messageBody":"Co-authored-by: twhjames \u003c64539266+twhjames@users.noreply.github.com\u003e","fileTypesAndContributionMap":{"test-code":{"insertions":6,"deletions":0}}},{"hash":"2128aec06b25cb9e24e8673b3330a82564a0fb90","isMergeCommit":false,"messageTitle":"Debug RemoveTagCommand and parser","messageBody":"","fileTypesAndContributionMap":{"functional-code":{"insertions":2,"deletions":2}}},{"hash":"d85876c4dfe3eeebead1b8778af4c261eef387cb","isMergeCommit":false,"messageTitle":"Update src/main/java/seedu/recruittrackpro/logic/commands/RemoveTagCommand.java","messageBody":"Co-authored-by: twhjames \u003c64539266+twhjames@users.noreply.github.com\u003e","fileTypesAndContributionMap":{"functional-code":{"insertions":4,"deletions":3}}},{"hash":"9e44baedc336f3f77998629912bfc732f22268e0","isMergeCommit":false,"messageTitle":"Edit comments to comply with checkstyle","messageBody":"","fileTypesAndContributionMap":{"test-code":{"insertions":2,"deletions":5}}},{"hash":"5d12b8c3a4e8b57c2674b2cd955d5a1711b5da86","isMergeCommit":true,"messageTitle":"Merge branch \u0027remove-tags-command\u0027 of https://github.com/kylieluk88/tp into remove-tags-command","messageBody":"","fileTypesAndContributionMap":{}},{"hash":"5c08d9f78c4f4f6dece6772b60f86aafe99fefd8","isMergeCommit":false,"messageTitle":"Update src/main/java/seedu/recruittrackpro/logic/commands/RemoveTagCommand.java","messageBody":"Co-authored-by: twhjames \u003c64539266+twhjames@users.noreply.github.com\u003e","fileTypesAndContributionMap":{"functional-code":{"insertions":1,"deletions":1}}},{"hash":"7ed5f080f672d73a7c35a507003c92e56a33ad55","isMergeCommit":false,"messageTitle":"Edit JavaDoc comments","messageBody":"","fileTypesAndContributionMap":{"functional-code":{"insertions":2,"deletions":2}}},{"hash":"fb5568ca0dd0cd84f68312e4366b4f926aea2c77","isMergeCommit":true,"messageTitle":"Merge branch \u0027remove-tags-command\u0027 of https://github.com/kylieluk88/tp into remove-tags-command","messageBody":"* \u0027remove-tags-command\u0027 of https://github.com/kylieluk88/tp:\n  Update src/main/java/seedu/recruittrackpro/logic/commands/RemoveTagCommand.java\n","fileTypesAndContributionMap":{}},{"hash":"f2a1d6a3dfba17e40973b4d09ce572a31488b529","isMergeCommit":false,"messageTitle":"Edit RemoveTagCommand to make removal of tags case-insensitive","messageBody":"","fileTypesAndContributionMap":{"functional-code":{"insertions":9,"deletions":2}}},{"hash":"43cb077521da7e6275bfa9df535ebfd31838f127","isMergeCommit":false,"messageTitle":"Remove trailing whitespaces","messageBody":"","fileTypesAndContributionMap":{"functional-code":{"insertions":1,"deletions":1}}}]},{"date":"2025-03-25","commitResults":[{"hash":"b1aca3b80ad672faf5ba405c53eff20ad483fb74","isMergeCommit":true,"messageTitle":"Merge pull request #139 from aisyahally/match-indiv-words","messageBody":"Combine getKeywords methods for find command","fileTypesAndContributionMap":{}},{"hash":"cbb9b06feac5783feea439669c515a822e831c86","isMergeCommit":false,"messageTitle":"Refactor removeTagCommand to use EditPersonDescriptor","messageBody":"","fileTypesAndContributionMap":{"functional-code":{"insertions":21,"deletions":16}}},{"hash":"4a953956b6db2c62c03119056cb88ccbf7b417b8","isMergeCommit":false,"messageTitle":"Add support to allow multiple tag removal","messageBody":"","fileTypesAndContributionMap":{"functional-code":{"insertions":46,"deletions":24},"test-code":{"insertions":27,"deletions":22}}},{"hash":"4c3ba13f2573b2b662040c9ea8c299cf858d8258","isMergeCommit":false,"messageTitle":"Add EditTagCommand and EditTagCommandParser","messageBody":"","fileTypesAndContributionMap":{"functional-code":{"insertions":151,"deletions":12}}},{"hash":"46ed7873144f279af2f84399870814c018e89916","isMergeCommit":false,"messageTitle":"Edit import statements","messageBody":"","fileTypesAndContributionMap":{"functional-code":{"insertions":21,"deletions":6},"test-code":{"insertions":77,"deletions":0}}},{"hash":"6b5b0d6f3c5ba04a268d5650ac7afe8cc6033c46","isMergeCommit":false,"messageTitle":"Add tests for EditTagCommand and parser","messageBody":"","fileTypesAndContributionMap":{"test-code":{"insertions":50,"deletions":4}}},{"hash":"2b4a2e9f8c7b9cab30be26dd5b6ba94fe4d547c4","isMergeCommit":false,"messageTitle":"Edit errir message to catch empty from/ or to/ values","messageBody":"","fileTypesAndContributionMap":{"functional-code":{"insertions":5,"deletions":5}}},{"hash":"b4cf84b095d73c21f1e7486e0019dd39c87b2377","isMergeCommit":false,"messageTitle":"Edit separateNewFromExisting to show tag from existing tags","messageBody":"","fileTypesAndContributionMap":{"functional-code":{"insertions":9,"deletions":4}}}]},{"date":"2025-03-26","commitResults":[{"hash":"4b43c849d60fe177b9a9e3c58ddd8f15a9f07308","isMergeCommit":false,"messageTitle":"Edit Javadoc comments to improve readability","messageBody":"","fileTypesAndContributionMap":{"functional-code":{"insertions":11,"deletions":11}}}]},{"date":"2025-03-27","commitResults":[{"hash":"2d37f7675b08989e8ea76b8c66e93a3c47fda1e9","isMergeCommit":true,"messageTitle":"Merge pull request #138 from aisyahally/add-sort","messageBody":"Add sorting with ascending and descending","fileTypesAndContributionMap":{}},{"hash":"8169380ee3758b74ecace98ba936b9d23cf141e8","isMergeCommit":false,"messageTitle":"Update src/main/java/seedu/recruittrackpro/logic/commands/EditTagCommand.java","messageBody":"Co-authored-by: twhjames \u003c64539266+twhjames@users.noreply.github.com\u003e","fileTypesAndContributionMap":{"functional-code":{"insertions":1,"deletions":1}}},{"hash":"016645e7e9e10f60e53e7ad8f390998f57ff5387","isMergeCommit":false,"messageTitle":"Add encapsulation using replaceTag function","messageBody":"","fileTypesAndContributionMap":{"functional-code":{"insertions":17,"deletions":7},"test-code":{"insertions":11,"deletions":1}}},{"hash":"998f70d62dd0fb1ec3e9ab1dc37795d0d42fcb85","isMergeCommit":true,"messageTitle":"Merge branch \u0027master\u0027 into edit-tag","messageBody":"","fileTypesAndContributionMap":{}},{"hash":"341a9b8afe4ad82a7dc93ae4b3d85257b75a5839","isMergeCommit":false,"messageTitle":"Remove trailing whitespace","messageBody":"","fileTypesAndContributionMap":{"functional-code":{"insertions":1,"deletions":2}}},{"hash":"0f8c0920bf4b9012c25f375278c1621072faff69","isMergeCommit":false,"messageTitle":"Rename command to remove-tags instead of remove-tag to reflect multiple tag removal","messageBody":"","fileTypesAndContributionMap":{"functional-code":{"insertions":3,"deletions":3},"other":{"insertions":41,"deletions":41}}},{"hash":"9c9e83b15a7faf06d8cece147fe73b2dde36582c","isMergeCommit":true,"messageTitle":"Merge branch \u0027master\u0027 into Refactor-remove-tags","messageBody":"# Conflicts:\n#\tsrc/main/java/seedu/recruittrackpro/logic/commands/RemoveTagCommand.java\n#\tsrc/main/java/seedu/recruittrackpro/logic/parser/RecruitTrackProParser.java\n","fileTypesAndContributionMap":{}},{"hash":"83e645266331a3e3f45aa0733eb56132a0029f57","isMergeCommit":false,"messageTitle":"Resolve merge conflicts with master branch","messageBody":"","fileTypesAndContributionMap":{"functional-code":{"insertions":16,"deletions":8}}},{"hash":"1898478a4c230dbc03230afcd1fd60068d1d83bb","isMergeCommit":false,"messageTitle":"Edit indentation to comply with checkstyle","messageBody":"","fileTypesAndContributionMap":{"functional-code":{"insertions":1,"deletions":1}}}]},{"date":"2025-03-28","commitResults":[{"hash":"faea86befbce4a2ef6fafc61c2c9083ddd7bd347","isMergeCommit":false,"messageTitle":"Add UML activity diagrams for remove-tags and edit-tag","messageBody":"","fileTypesAndContributionMap":{"functional-code":{"insertions":1,"deletions":1},"docs":{"insertions":88,"deletions":0}}}]},{"date":"2025-04-01","commitResults":[{"hash":"b2f00a26b27f624aae1a63809a89e254c2badab4","isMergeCommit":false,"messageTitle":"Refactor edit-tag from/ to display user\u0027s existing tag","messageBody":"","fileTypesAndContributionMap":{"functional-code":{"insertions":15,"deletions":10}}},{"hash":"4e14130ab79c2428b489aee63c8f1c822e57ee4a","isMergeCommit":true,"messageTitle":"Merge pull request #177 from aisyahally/find-msg","messageBody":"Inconsistent Format in find Command Usage Message (Extra Space Between Prefix and Value)","fileTypesAndContributionMap":{}},{"hash":"22d04efb8538b1f2c144095718adb3845701b118","isMergeCommit":true,"messageTitle":"Merge pull request #176 from aisyahally/find-tag-error","messageBody":"Unclear Error Message When Finding by Tag with Blank or Whitespace Input","fileTypesAndContributionMap":{}},{"hash":"bab973be730de37c8250bf5bd918e6224cacde70","isMergeCommit":true,"messageTitle":"Merge pull request #150 from aisyahally/edit-uml","messageBody":"Add UML activity diagram for switch-sort","fileTypesAndContributionMap":{}},{"hash":"0320b90f4b181d7e7c4e2f0331c3d0d23072f8a8","isMergeCommit":false,"messageTitle":"Edit edit-tag to display filtered list after execution","messageBody":"","fileTypesAndContributionMap":{"functional-code":{"insertions":0,"deletions":1}}},{"hash":"b8588f7fa212911e19eba564b3c6e666fa74567f","isMergeCommit":true,"messageTitle":"Merge pull request #186 from aisyahally/sort-cohesive","messageBody":"Sort button styling not cohesive","fileTypesAndContributionMap":{}},{"hash":"7b386b66303fdd186a73c12de5b3f3bcbde3f186","isMergeCommit":true,"messageTitle":"Merge pull request #188 from aisyahally/sort-intuitive","messageBody":"Sort button label not intuitive","fileTypesAndContributionMap":{}},{"hash":"6d90445aa297f521d4372282c4fcbf777379b95b","isMergeCommit":false,"messageTitle":"Edit add-tags to display filtered list after execution","messageBody":"","fileTypesAndContributionMap":{"functional-code":{"insertions":0,"deletions":2}}}]}],"aisyahally":[{"date":"2025-03-04","commitResults":[{"hash":"b82f0f699cb4885d01ee8c58ba57df3aba15f4ee","isMergeCommit":false,"messageTitle":"Update AboutUs","messageBody":"","fileTypesAndContributionMap":{"docs":{"insertions":46,"deletions":0}}},{"hash":"ef70126dac2a37cafd5d516adf1cf41c610b86e8","isMergeCommit":false,"messageTitle":"Update AboutUs file","messageBody":"","fileTypesAndContributionMap":{"docs":{"insertions":4,"deletions":4}}},{"hash":"b2b704c4d66c50ff88efa1cc6ca46f459cd704f0","isMergeCommit":false,"messageTitle":"Remove md file","messageBody":"","fileTypesAndContributionMap":{"docs":{"insertions":1,"deletions":47}}},{"hash":"2d6f86e83ad740c7b408036bc34699b173069737","isMergeCommit":true,"messageTitle":"Merge pull request #28 from kylieluk88/update-about-us","messageBody":"Update Kylie\u0027s AboutUs","fileTypesAndContributionMap":{}}]},{"date":"2025-03-07","commitResults":[{"hash":"940d79ffe78f946d65dbd2a0c94ecacad65a527d","isMergeCommit":false,"messageTitle":"Update last 12 user stories","messageBody":"","fileTypesAndContributionMap":{"docs":{"insertions":12,"deletions":14}}},{"hash":"c7d07e806e38da293a55bd583acb349d58db0d0d","isMergeCommit":true,"messageTitle":"Merge pull request #56 from kylieluk88/Update-README-page","messageBody":"Update README page to match project","fileTypesAndContributionMap":{}},{"hash":"c86e3bd0eb46cf9c9921e02d207dd6ebb38ec87c","isMergeCommit":false,"messageTitle":"Add tag extension to find candidate","messageBody":"","fileTypesAndContributionMap":{"docs":{"insertions":5,"deletions":0}}},{"hash":"c53a1b91d40548da598436410d7a7c53d39a63c0","isMergeCommit":false,"messageTitle":"Add delete candidate use case","messageBody":"","fileTypesAndContributionMap":{"docs":{"insertions":23,"deletions":1}}},{"hash":"f3a3cb0fc119491eab790d4a177113d8082669c9","isMergeCommit":false,"messageTitle":"Correct typo","messageBody":"","fileTypesAndContributionMap":{"docs":{"insertions":1,"deletions":1}}}]},{"date":"2025-03-08","commitResults":[{"hash":"8b87511399039f862077b7747be9072b7f1a6e28","isMergeCommit":false,"messageTitle":"Update docs/DeveloperGuide.md","messageBody":"Co-authored-by: Delon \u003c39511155+delonlee01@users.noreply.github.com\u003e","fileTypesAndContributionMap":{"docs":{"insertions":1,"deletions":1}}},{"hash":"9985431cea73e6b2edae62eec66ccbfd968e3f39","isMergeCommit":false,"messageTitle":"Delete sample case","messageBody":"","fileTypesAndContributionMap":{"docs":{"insertions":0,"deletions":23}}},{"hash":"56731f697ef4ad9087cac1cbd8cb3888f76d6a10","isMergeCommit":true,"messageTitle":"Merge pull request #63 from kylieluk88/Update-README-page","messageBody":"Edit README page to include correct link","fileTypesAndContributionMap":{}},{"hash":"c5613ede1a3c5b5805354dbd178258a8c1029821","isMergeCommit":false,"messageTitle":"Remove tag extension","messageBody":"","fileTypesAndContributionMap":{"docs":{"insertions":0,"deletions":5}}},{"hash":"b1114116f3ed626cf2a8ecd77ffb90f6f32d71bf","isMergeCommit":false,"messageTitle":"Update docs/DeveloperGuide.md","messageBody":"","fileTypesAndContributionMap":{"docs":{"insertions":3,"deletions":3}}},{"hash":"359df757380d06a4d1550201491b9b2f21c8d40d","isMergeCommit":true,"messageTitle":"Merge pull request #64 from kylieluk88/remove-tag-use-case","messageBody":"Add use case for \"remove tag\"","fileTypesAndContributionMap":{}}]},{"date":"2025-03-12","commitResults":[{"hash":"aa889b5493a8f15e324e592bbec7a4bc76f95b15","isMergeCommit":false,"messageTitle":"Remove internal details","messageBody":"","fileTypesAndContributionMap":{"docs":{"insertions":2,"deletions":3}}},{"hash":"cb254d4164f43f60ff9906395d4e66adea1b0df8","isMergeCommit":false,"messageTitle":"Add empty list error message","messageBody":"","fileTypesAndContributionMap":{"functional-code":{"insertions":6,"deletions":0}}},{"hash":"64bcab8513f679eab578b89ab341e4c103749840","isMergeCommit":false,"messageTitle":"Edit error message","messageBody":"","fileTypesAndContributionMap":{"functional-code":{"insertions":1,"deletions":1}}},{"hash":"9c2eacfb53a120c0c2c8c9ae3c14cd03e9c4b3fc","isMergeCommit":false,"messageTitle":"Correct delete test in LogicManagerTest","messageBody":"","fileTypesAndContributionMap":{"test-code":{"insertions":2,"deletions":2}}}]},{"date":"2025-03-13","commitResults":[{"hash":"65cba1e4c2ef9018cad114d5f183a7e649dc3d6e","isMergeCommit":true,"messageTitle":"Merge pull request #85 from kylieluk88/edit-remove-tag","messageBody":"Update UC-007 to remove internal details","fileTypesAndContributionMap":{}},{"hash":"dd547fcf711095f7a031d34b9e3ff3a6e7c25754","isMergeCommit":true,"messageTitle":"Merge pull request #86 from kylieluk88/edit-add-candidate","messageBody":"Update UC-001 to remove internal details","fileTypesAndContributionMap":{}},{"hash":"eb2077be0139b425cd895e9d2285ad287759d19e","isMergeCommit":true,"messageTitle":"Merge branch \u0027refs/heads/master\u0027 into edit-delete-error","messageBody":"# Conflicts:\n#\tsrc/test/java/seedu/recruittrackpro/logic/LogicManagerTest.java\n","fileTypesAndContributionMap":{}},{"hash":"267e98cd8aa4b8673c1b216e2f9d6550779bb51e","isMergeCommit":false,"messageTitle":"Edit import statements","messageBody":"","fileTypesAndContributionMap":{"test-code":{"insertions":2,"deletions":2}}},{"hash":"94f822b660126ce76c739c3a3361ac253de14f6e","isMergeCommit":true,"messageTitle":"Merge pull request #96 from kylieluk88/update-tag","messageBody":"Update tags to allow spaces and special characters","fileTypesAndContributionMap":{}}]},{"date":"2025-03-18","commitResults":[{"hash":"c0e1dc3639aed296aecdba42ed632e9a6a9dee97","isMergeCommit":false,"messageTitle":"Add tag to FindCommandParser","messageBody":"","fileTypesAndContributionMap":{"functional-code":{"insertions":13,"deletions":4}}},{"hash":"ae327c6608ca678321cb6c78ef5f994244f1e31d","isMergeCommit":false,"messageTitle":"Add new TagContainsKeywoardsPredicate class","messageBody":"","fileTypesAndContributionMap":{"functional-code":{"insertions":51,"deletions":2}}},{"hash":"74b6bbd1740df4784632604aa9aa258d91df53c6","isMergeCommit":false,"messageTitle":"Edit FindCommandParser to parse tags","messageBody":"","fileTypesAndContributionMap":{"functional-code":{"insertions":37,"deletions":19}}},{"hash":"bf699c12561438a09bf288cca52dbfe8b90dd18d","isMergeCommit":false,"messageTitle":"Allow multiple word tag searches","messageBody":"","fileTypesAndContributionMap":{"functional-code":{"insertions":8,"deletions":4}}},{"hash":"198db25d53ae3cf8c0cc367e4446fbc9be1ef43d","isMergeCommit":false,"messageTitle":"Remove multiple word error in StringUtilTest","messageBody":"","fileTypesAndContributionMap":{"test-code":{"insertions":0,"deletions":6}}},{"hash":"ef44258f02c264153da9076951e9a1690d6fcfa4","isMergeCommit":false,"messageTitle":"Rename classes and move directories","messageBody":"","fileTypesAndContributionMap":{"functional-code":{"insertions":14,"deletions":8},"other":{"insertions":4,"deletions":2},"test-code":{"insertions":10,"deletions":7}}}]},{"date":"2025-03-19","commitResults":[{"hash":"231e39fdd0d5a6043efd620b3daf73f56be800f2","isMergeCommit":false,"messageTitle":"Update predicate constructor","messageBody":"","fileTypesAndContributionMap":{"functional-code":{"insertions":91,"deletions":31},"test-code":{"insertions":4,"deletions":3}}},{"hash":"2c7b1ec305047a286c10defefd70c940a1e38ecc","isMergeCommit":false,"messageTitle":"Correct checkstyle","messageBody":"","fileTypesAndContributionMap":{"functional-code":{"insertions":16,"deletions":8}}},{"hash":"08b6c037e50af72581a21545c6166eb579d65bac","isMergeCommit":false,"messageTitle":"Edit checkstyle","messageBody":"","fileTypesAndContributionMap":{"functional-code":{"insertions":11,"deletions":4}}},{"hash":"448fd29e0bc92f110cb387aeccc5984a5ea058d2","isMergeCommit":false,"messageTitle":"Edit import statements","messageBody":"","fileTypesAndContributionMap":{"test-code":{"insertions":4,"deletions":8}}},{"hash":"4a89cab97a2691caa44e5d43ef1f8c415fe29264","isMergeCommit":false,"messageTitle":"Add tag test case in FindCommandParser","messageBody":"","fileTypesAndContributionMap":{"test-code":{"insertions":13,"deletions":1}}},{"hash":"16c2897255c84d88165f601239bf6ce0605eedda","isMergeCommit":false,"messageTitle":"Add predicate test cases","messageBody":"","fileTypesAndContributionMap":{"functional-code":{"insertions":2,"deletions":2},"other":{"insertions":14,"deletions":9},"test-code":{"insertions":217,"deletions":8}}},{"hash":"27dcb8b9630f6718c8046028e0ed26b8e09086e4","isMergeCommit":false,"messageTitle":"Correct checkstyle","messageBody":"","fileTypesAndContributionMap":{"functional-code":{"insertions":1,"deletions":1}}},{"hash":"241ca08e81c3aa4228370aadd80ab4651c124762","isMergeCommit":false,"messageTitle":"Correct checkstyle","messageBody":"","fileTypesAndContributionMap":{"test-code":{"insertions":10,"deletions":11}}},{"hash":"84f93538d559c223c7cc5d1cf8c9b8632cb9b764","isMergeCommit":false,"messageTitle":"Correct checkstyle","messageBody":"","fileTypesAndContributionMap":{"test-code":{"insertions":6,"deletions":4}}},{"hash":"07644c0c2743735d503903f2e5a6a54d15733b43","isMergeCommit":false,"messageTitle":"Correct checkstyle","messageBody":"","fileTypesAndContributionMap":{"test-code":{"insertions":2,"deletions":2}}},{"hash":"8a26e56d2d5a59cfc5912f0d66173e437937298a","isMergeCommit":false,"messageTitle":"Correct checkstyle","messageBody":"","fileTypesAndContributionMap":{"test-code":{"insertions":2,"deletions":2}}},{"hash":"982c8d4167fc32b939dbb27c5639410f3a36f586","isMergeCommit":false,"messageTitle":"Separate containsWord into smaller methods","messageBody":"","fileTypesAndContributionMap":{"functional-code":{"insertions":11,"deletions":3}}}]},{"date":"2025-03-22","commitResults":[{"hash":"75de05627e0d50112b2bf71d5ecaff2c0b9417e2","isMergeCommit":false,"messageTitle":"Match individual words","messageBody":"","fileTypesAndContributionMap":{"functional-code":{"insertions":4,"deletions":1},"test-code":{"insertions":1,"deletions":1}}},{"hash":"1e8c2998a29d8defffa0532d277a258daaac5c3b","isMergeCommit":false,"messageTitle":"Combine getKeywords to read by word","messageBody":"","fileTypesAndContributionMap":{"functional-code":{"insertions":30,"deletions":89}}},{"hash":"22c4945955df01dcbf34f75e9c8271afe43e68c1","isMergeCommit":false,"messageTitle":"Correct test cases","messageBody":"","fileTypesAndContributionMap":{"functional-code":{"insertions":1,"deletions":1},"test-code":{"insertions":2,"deletions":3}}},{"hash":"8fd0d51734e878d946452424a9cbdf3047f0ae27","isMergeCommit":false,"messageTitle":"Add test cases for coverage","messageBody":"","fileTypesAndContributionMap":{"test-code":{"insertions":8,"deletions":0}}}]},{"date":"2025-03-24","commitResults":[{"hash":"2d829806f0d44d49493356b9bc06bb68927da85c","isMergeCommit":false,"messageTitle":"Add default sorting by name then phone","messageBody":"","fileTypesAndContributionMap":{"functional-code":{"insertions":12,"deletions":0}}},{"hash":"57bc081c4bd26ec91c53c346627f3b71da165e79","isMergeCommit":false,"messageTitle":"Add switching between sorting","messageBody":"","fileTypesAndContributionMap":{"functional-code":{"insertions":65,"deletions":8}}},{"hash":"378e7549cded02c6d83e90b4f378d227b1ab2672","isMergeCommit":false,"messageTitle":"Change command to button","messageBody":"","fileTypesAndContributionMap":{"functional-code":{"insertions":27,"deletions":34}}},{"hash":"c314fa25d7e047f5e3abbc85248fe895b6f483b3","isMergeCommit":false,"messageTitle":"Edit button","messageBody":"","fileTypesAndContributionMap":{"functional-code":{"insertions":6,"deletions":1}}},{"hash":"935487e83db1c1d7df840e6984fbd03c4b51a04c","isMergeCommit":false,"messageTitle":"Add switch command back for CLI","messageBody":"","fileTypesAndContributionMap":{"functional-code":{"insertions":26,"deletions":0}}},{"hash":"a085f5c8d5c60ce249166024f6f7f4217f0b48e9","isMergeCommit":false,"messageTitle":"Combine CLI with button usage","messageBody":"","fileTypesAndContributionMap":{"functional-code":{"insertions":26,"deletions":7}}},{"hash":"335bac39d6413aedea68dc4708a8003fdcf79ee9","isMergeCommit":false,"messageTitle":"Update test cases","messageBody":"","fileTypesAndContributionMap":{"test-code":{"insertions":50,"deletions":0}}}]},{"date":"2025-03-25","commitResults":[{"hash":"e6a9a83cece001462d1a851ea9f076cbfb51bfe5","isMergeCommit":false,"messageTitle":"Retain filtering and edit message","messageBody":"","fileTypesAndContributionMap":{"functional-code":{"insertions":9,"deletions":5}}},{"hash":"d0cad774eca538694d66cfd83b1cfab9a65ecc09","isMergeCommit":false,"messageTitle":"Correct test cases","messageBody":"","fileTypesAndContributionMap":{"functional-code":{"insertions":6,"deletions":5},"test-code":{"insertions":6,"deletions":6}}},{"hash":"fe523fcb8c6ac58f56494047f9ee8124c189276b","isMergeCommit":false,"messageTitle":"Match individual words","messageBody":"","fileTypesAndContributionMap":{"functional-code":{"insertions":2,"deletions":0},"test-code":{"insertions":1,"deletions":1}}},{"hash":"9aed40f6168e04238474325f8ea27ac894518d36","isMergeCommit":false,"messageTitle":"Combine getKeywords to read by word","messageBody":"","fileTypesAndContributionMap":{"functional-code":{"insertions":31,"deletions":88}}},{"hash":"49c5436f3a55c799e86ffaf64bdb7c88db32360e","isMergeCommit":false,"messageTitle":"Correct test cases","messageBody":"","fileTypesAndContributionMap":{"functional-code":{"insertions":1,"deletions":1},"test-code":{"insertions":1,"deletions":2}}},{"hash":"714eeaf9390545043b6503b8f1ddf7c8adee0677","isMergeCommit":false,"messageTitle":"Add test cases for coverage","messageBody":"","fileTypesAndContributionMap":{"test-code":{"insertions":8,"deletions":0}}},{"hash":"91e67d267ffec89901b8a4ebc486c8d0a3a4ad05","isMergeCommit":true,"messageTitle":"Merge branch \u0027match-indiv-words\u0027 of https://github.com/aisyahally/tp into match-indiv-words","messageBody":"","fileTypesAndContributionMap":{}},{"hash":"cbc8bd691c9f3580b0d283bd022444b4346ce3a1","isMergeCommit":true,"messageTitle":"Merge branch \u0027refs/heads/master\u0027 into add-sort","messageBody":"# Conflicts:\n#\tsrc/main/java/seedu/recruittrackpro/model/person/Person.java\n","fileTypesAndContributionMap":{}},{"hash":"de74b4bda6bcbac6b97e87b82bac6c2e353304da","isMergeCommit":false,"messageTitle":"Remove import statements","messageBody":"","fileTypesAndContributionMap":{"functional-code":{"insertions":0,"deletions":2}}},{"hash":"799cb9c4ba822a74fbacb670eb66286b2622f21a","isMergeCommit":false,"messageTitle":"Correct checkstyle","messageBody":"","fileTypesAndContributionMap":{"functional-code":{"insertions":2,"deletions":3}}},{"hash":"0643cafb9d253b2d77686c2bd1dce33cfdb87741","isMergeCommit":false,"messageTitle":"Correct checkstyle","messageBody":"","fileTypesAndContributionMap":{"functional-code":{"insertions":7,"deletions":7}}}]},{"date":"2025-03-26","commitResults":[{"hash":"ec7c4b9c75c97adfeb7e8a4b28c2c81b3ed74a1e","isMergeCommit":false,"messageTitle":"Update src/main/java/seedu/recruittrackpro/logic/Logic.java","messageBody":"Co-authored-by: twhjames \u003c64539266+twhjames@users.noreply.github.com\u003e","fileTypesAndContributionMap":{"functional-code":{"insertions":3,"deletions":1}}},{"hash":"ae41c89dc4cc61fb0343bb38cfe5bbcc8f99d3a0","isMergeCommit":false,"messageTitle":"Adhere to Law of Demeter","messageBody":"","fileTypesAndContributionMap":{"functional-code":{"insertions":24,"deletions":18},"test-code":{"insertions":4,"deletions":4}}}]},{"date":"2025-03-27","commitResults":[{"hash":"fd9a377ea69af5e78b820adb98cc85fd160e2c91","isMergeCommit":true,"messageTitle":"Merge pull request #143 from kylieluk88/edit-tag","messageBody":"Add edit-tag command","fileTypesAndContributionMap":{}},{"hash":"36977b63af61bfb2cd5a725ea84eec51b711fc22","isMergeCommit":true,"messageTitle":"Merge pull request #142 from kylieluk88/Refactor-remove-tags","messageBody":"Refactor remove-tag to use EditPersonDescriptor and allow multiple tag removal","tags":["RecruitTrackPro_v2.0"],"fileTypesAndContributionMap":{}}]},{"date":"2025-03-28","commitResults":[{"hash":"42cdfe6063a76e53cbcac8335b75ebcc05ac04ce","isMergeCommit":false,"messageTitle":"Add UML for switch-sort","messageBody":"","fileTypesAndContributionMap":{"docs":{"insertions":30,"deletions":0}}},{"hash":"a25dc5811e75856a2711edcbc5b8b83edbb52172","isMergeCommit":false,"messageTitle":"Edit title","messageBody":"","fileTypesAndContributionMap":{"docs":{"insertions":1,"deletions":1}}},{"hash":"50d1484af83b0b61b08f7bd7725d134a6c2ab429","isMergeCommit":false,"messageTitle":"Add newline","messageBody":"","fileTypesAndContributionMap":{"docs":{"insertions":1,"deletions":1}}}]},{"date":"2025-04-01","commitResults":[{"hash":"c2f643ed9f257c143f15b91e8a219d3d89d6e791","isMergeCommit":true,"messageTitle":"Merge pull request #152 from kylieluk88/UML-editTag-removeTags","messageBody":"Add UML activity diagrams for remove-tags and edit-tag","fileTypesAndContributionMap":{}},{"hash":"dd12433da9745d8fb49c62e055408e6d92d1dbbd","isMergeCommit":true,"messageTitle":"Merge branch \u0027refs/heads/master\u0027 into edit-uml","messageBody":"# Conflicts:\n#\tdocs/DeveloperGuide.md\n","fileTypesAndContributionMap":{}},{"hash":"7140d4d4f6330a6b460b15d187234aa05d812bdf","isMergeCommit":false,"messageTitle":"Make find-tag error message clearer","messageBody":"","fileTypesAndContributionMap":{"functional-code":{"insertions":2,"deletions":1}}},{"hash":"04c4ac2db2ad852cf5985b3d2d3614354e418d82","isMergeCommit":false,"messageTitle":"Correct find message usage","messageBody":"","fileTypesAndContributionMap":{"functional-code":{"insertions":7,"deletions":5}}},{"hash":"53d1526f19f3f4dfaa58e54a265afb170fe87e8e","isMergeCommit":true,"messageTitle":"Merge pull request #183 from kylieluk88/Refactor-edit-tag","messageBody":"Edit-tag result message \"from\" tag uses user input instead of matched tag #170","fileTypesAndContributionMap":{}},{"hash":"eeff1f22254df3ffaa0bd2468df2f3a7f7917402","isMergeCommit":false,"messageTitle":"Change button colour","messageBody":"","fileTypesAndContributionMap":{"functional-code":{"insertions":9,"deletions":9}}},{"hash":"e199d6f05e1c211cf0b24a33c96765039a6d1fbe","isMergeCommit":false,"messageTitle":"Make sort button more intuitive","messageBody":"","fileTypesAndContributionMap":{"functional-code":{"insertions":2,"deletions":2}}},{"hash":"41f3767918a66f67ac1b544529c8c0932f32988a","isMergeCommit":true,"messageTitle":"Merge pull request #191 from kylieluk88/edit-tag-list-display","messageBody":"Edit-tag on a filtered list should not show full list after execution","fileTypesAndContributionMap":{}},{"hash":"74f46c8068a47b9baeaf5cccd9d0f3fe14dabafd","isMergeCommit":true,"messageTitle":"Merge pull request #192 from kylieluk88/add-tags-list-display","messageBody":"Add-tags on a filtered list should not show full list after execution","fileTypesAndContributionMap":{}}]}],"twhjames":[{"date":"2025-03-04","commitResults":[{"hash":"e81e6732f358940f12e7b630cde75c5a11219bff","isMergeCommit":false,"messageTitle":"Docs: Update James\u0027 AboutUs","messageBody":"","fileTypesAndContributionMap":{"docs":{"insertions":5,"deletions":5}}},{"hash":"3071ff0d84bac3f8f9ae080f1328151dd80e88f8","isMergeCommit":false,"messageTitle":"Docs: Update James\u0027 AboutUs","messageBody":"","fileTypesAndContributionMap":{"docs":{"insertions":2,"deletions":1}}},{"hash":"bec4ca7df9bc2413774e4a90f97184de0d3000b6","isMergeCommit":true,"messageTitle":"Merge pull request #26 from KarKuen/Updating-about-us-","messageBody":"Update KarKuen\u0027s AboutUs","fileTypesAndContributionMap":{}}]},{"date":"2025-03-07","commitResults":[{"hash":"80ada9470e020025381538dcd7f098a3c89712e7","isMergeCommit":false,"messageTitle":"Docs: Update DG\u0027s target user profile, value proposition and 12 user stories","messageBody":"","fileTypesAndContributionMap":{"docs":{"insertions":31,"deletions":20}}},{"hash":"0547edf0c9cad056bfd053a3f6e2899583ce4d06","isMergeCommit":false,"messageTitle":"Docs: Update use case for add tag(s) to a candidate","messageBody":"","fileTypesAndContributionMap":{"docs":{"insertions":25,"deletions":1}}},{"hash":"abb3e6dc8347bdd7164e91d7a02e91d81f7d8d3f","isMergeCommit":true,"messageTitle":"Docs: Update target user profile and user stories","messageBody":"","fileTypesAndContributionMap":{}},{"hash":"5bd6a96ce825103070b4aa89899e88a27d90a044","isMergeCommit":true,"messageTitle":"Merge master into \u0027branch-add-use-case\u0027","messageBody":"","fileTypesAndContributionMap":{}},{"hash":"d70aff57cfec6e1a0e2244543aa4a6f5aee61a78","isMergeCommit":false,"messageTitle":"Docs: Update UC-005","messageBody":"","fileTypesAndContributionMap":{"docs":{"insertions":2,"deletions":1}}},{"hash":"e42a7606cddda7a3498dff82f37446d0712959e9","isMergeCommit":false,"messageTitle":"Docs: Update UC-005","messageBody":"","fileTypesAndContributionMap":{"docs":{"insertions":1,"deletions":1}}},{"hash":"e91faddffb5064e127e58d9ef0512134b2db0aaf","isMergeCommit":true,"messageTitle":"Merge pull request #61 from KarKuen/User-Stories","messageBody":"User Stories x24","fileTypesAndContributionMap":{}},{"hash":"6b7c7b9086e65b22070312500ba5310b73ee35b2","isMergeCommit":true,"messageTitle":"Docs: Update user stories","messageBody":"","fileTypesAndContributionMap":{}},{"hash":"003f38d9b14489154adb0639637932b1aacde946","isMergeCommit":true,"messageTitle":"Docs: Update user stories","messageBody":"","fileTypesAndContributionMap":{}},{"hash":"745f52a3b158ec9a715d8bad09d3d21eb9920e6e","isMergeCommit":false,"messageTitle":"Docs: Resolve merge conflicts","messageBody":"","fileTypesAndContributionMap":{"docs":{"insertions":34,"deletions":4}}}]},{"date":"2025-03-08","commitResults":[{"hash":"89e83801e633f09ca137585c1bcf6a7eceb238e7","isMergeCommit":true,"messageTitle":"Merge pull request #66 from delonlee01/update-glossary","messageBody":"Update DG\u0027s Glossary","fileTypesAndContributionMap":{}}]},{"date":"2025-03-11","commitResults":[{"hash":"9db8aaec6af3e3d1ee82d6f4c0a7ccb7c659d2d4","isMergeCommit":true,"messageTitle":"Merge pull request #68 from delonlee01/format-dg","messageBody":"Format DG \"Appendix: Requirements\" to have a consistent style","fileTypesAndContributionMap":{}}]},{"date":"2025-03-12","commitResults":[{"hash":"6c261e296c18e72ae76fb96ad15d31470baac8ee","isMergeCommit":true,"messageTitle":"Merge master into \u0027branch-add-use-case\u0027","messageBody":"","fileTypesAndContributionMap":{}},{"hash":"50911e3596e8c21dc60c8e01da67c3e157a5bced","isMergeCommit":false,"messageTitle":"Docs: Update UC-005 to remove internal details","messageBody":"","fileTypesAndContributionMap":{"docs":{"insertions":8,"deletions":8}}},{"hash":"e5e038bf999bb0aa53dd76864b8edb1b99df6f8c","isMergeCommit":false,"messageTitle":"Feat(add-tags): Add command without parser","messageBody":"","fileTypesAndContributionMap":{"functional-code":{"insertions":175,"deletions":0},"test-code":{"insertions":176,"deletions":0}}}]},{"date":"2025-03-13","commitResults":[{"hash":"3043388347dd4578c77887f2f2e2d81819626826","isMergeCommit":true,"messageTitle":"Merge pull request #91 from KarKuen/Package-renaming","messageBody":"Rename AddressBook to RecruitTrackPro","fileTypesAndContributionMap":{}},{"hash":"bf09fc7c1d1e6ec59dda4ef81138abf659a32eb6","isMergeCommit":true,"messageTitle":"Merge pull request #94 from KarKuen/update-use-case","messageBody":"Update UC-002 to remove internal details","fileTypesAndContributionMap":{}},{"hash":"c3ae2292416427811996cd2219e648b5467e885b","isMergeCommit":true,"messageTitle":"Merge master into \u0027branch-add-use-case\u0027","messageBody":"","fileTypesAndContributionMap":{}},{"hash":"f5ce77a531dbcd5b353413c56bc76ce73714fd02","isMergeCommit":false,"messageTitle":"Docs: Update UC-005 to remove internal details","messageBody":"","fileTypesAndContributionMap":{"docs":{"insertions":1,"deletions":1}}},{"hash":"f718ab2611b759cbcedd4ad7b33b96473dc89c35","isMergeCommit":true,"messageTitle":"Feat(add-tags): Resolve merge conflicts","messageBody":"","fileTypesAndContributionMap":{}},{"hash":"06e2df662f4111a27c27ee810ae38e1a4510dca1","isMergeCommit":false,"messageTitle":"Refactor: Optimise AddTagsCommand logic and unit tests","messageBody":"","fileTypesAndContributionMap":{"functional-code":{"insertions":10,"deletions":27},"test-code":{"insertions":15,"deletions":6}}},{"hash":"83aa32553bbb9a251d42029db9b3f8b050f18082","isMergeCommit":true,"messageTitle":"Merge pull request #89 from KarKuen/Case-Insensitivity","messageBody":"Update all commands to be case-insensitive","fileTypesAndContributionMap":{}},{"hash":"e53730979d715579d800f6a959e30fa8b5d9f10b","isMergeCommit":true,"messageTitle":"Merge master into \u0027branch-addtags-command\u0027","messageBody":"","fileTypesAndContributionMap":{}},{"hash":"a23c47df5454b058a479857b1cc38e411654667e","isMergeCommit":false,"messageTitle":"Refactor: Optimise AddTagsCommandTest","messageBody":"","fileTypesAndContributionMap":{"test-code":{"insertions":7,"deletions":13}}}]},{"date":"2025-03-18","commitResults":[{"hash":"a3d9c9eb14f18e165553a0c4d36e82e556c7db7a","isMergeCommit":false,"messageTitle":"Feat(add-tags): Integrate command into parser","messageBody":"","fileTypesAndContributionMap":{"functional-code":{"insertions":117,"deletions":5},"test-code":{"insertions":111,"deletions":5}}},{"hash":"70a0b53fab1ef71b778da8a57dbc53d94e5aa042","isMergeCommit":true,"messageTitle":"Merge master branch into \u0027branch-integrate-addtags\u0027","messageBody":"","fileTypesAndContributionMap":{}}]},{"date":"2025-03-19","commitResults":[{"hash":"3805d124c6c75f0b697a648d2382dd113e6d515a","isMergeCommit":false,"messageTitle":"Feat(add-tags): Rename methods and variables for consistency","messageBody":"","fileTypesAndContributionMap":{"functional-code":{"insertions":6,"deletions":6}}}]},{"date":"2025-03-20","commitResults":[{"hash":"e77f06279ebc52ed35dba2c1c3423efae6b0558c","isMergeCommit":true,"messageTitle":"Merge pull request #102 from delonlee01/add-free-form-notes","messageBody":"Add support for free-form notes","fileTypesAndContributionMap":{}},{"hash":"7f599934b571b02609b901678bd1f594cc90c8ee","isMergeCommit":true,"messageTitle":"Merge pull request #109 from kylieluk88/update-duplicate-handling","messageBody":"Update duplicate handling to include phone number","fileTypesAndContributionMap":{}},{"hash":"f430e8ee59fb33fcfc41d263a27c7c1f0d709342","isMergeCommit":true,"messageTitle":"Merge pull request #106 from kylieluk88/remove-tags-command","messageBody":"Add remove tag feature","fileTypesAndContributionMap":{}},{"hash":"452aecccbd60ecde1ecabcc7c5c4b42e7619b431","isMergeCommit":true,"messageTitle":"Merge pull request #113 from delonlee01/fix-gui-comments","messageBody":"Fix GUI to not block the comments on smaller window size","fileTypesAndContributionMap":{}},{"hash":"44f573689863e16ba00d04ac0e860bc4ae598e4e","isMergeCommit":true,"messageTitle":"Merge pull request #115 from kylieluk88/case-insensitive-tag-removal","messageBody":"Edit RemoveTagCommand to make removal of tags case-insensitive","fileTypesAndContributionMap":{}},{"hash":"abced9c9d5cae0bc10aff4e0510c52cfd5a43c1d","isMergeCommit":true,"messageTitle":"Merge pull request #111 from KarKuen/find-candidates-by-other-fields","messageBody":"Find candidates by other fields (e.g. phone, email, address)","fileTypesAndContributionMap":{}},{"hash":"1cce6250c2e054563740a7334b4ad30ff79332e2","isMergeCommit":false,"messageTitle":"Fix: Ensure case-insensitive for name and tag","messageBody":"","fileTypesAndContributionMap":{"functional-code":{"insertions":9,"deletions":4},"test-code":{"insertions":2,"deletions":2}}}]},{"date":"2025-03-21","commitResults":[{"hash":"9f5d084a9bf1b813bfb5178273b0e60c5050d859","isMergeCommit":false,"messageTitle":"Refactor: Ensure case-insensitive for name and tag","messageBody":"","fileTypesAndContributionMap":{"functional-code":{"insertions":15,"deletions":13},"test-code":{"insertions":1,"deletions":1}}}]},{"date":"2025-03-22","commitResults":[{"hash":"71dfd62ff2665b22b15861cb8fe41dca2d1fc46a","isMergeCommit":false,"messageTitle":"Refactor: Abstract EditPersonDescriptor and EditPersonUtil","messageBody":"","fileTypesAndContributionMap":{"functional-code":{"insertions":179,"deletions":155},"test-code":{"insertions":9,"deletions":8}}}]},{"date":"2025-03-23","commitResults":[{"hash":"3478de4f71ba619531fd23d5daa59852dbddc538","isMergeCommit":false,"messageTitle":"Refactor: Encapsulate Set\u003cTag\u003e logic into Tags class","messageBody":"","fileTypesAndContributionMap":{"functional-code":{"insertions":311,"deletions":191},"test-code":{"insertions":229,"deletions":125}}}]},{"date":"2025-03-24","commitResults":[{"hash":"d9fb574455cd631ab0e11c88995900cd7bf0d9be","isMergeCommit":false,"messageTitle":"Refactor: Overload Tags constructor and update method names","messageBody":"","fileTypesAndContributionMap":{"functional-code":{"insertions":119,"deletions":114},"test-code":{"insertions":109,"deletions":85}}},{"hash":"32239d439aeadbd67cc607784f6b10776c9fad31","isMergeCommit":false,"messageTitle":"Refactor: Replace toSet() with toStream()","messageBody":"","fileTypesAndContributionMap":{"functional-code":{"insertions":13,"deletions":9},"test-code":{"insertions":20,"deletions":23}}},{"hash":"3a5d0e3ed2df532f54e88c0c238898648c7307aa","isMergeCommit":false,"messageTitle":"Refactor: Remove un-used imports","messageBody":"","fileTypesAndContributionMap":{"functional-code":{"insertions":0,"deletions":1},"test-code":{"insertions":0,"deletions":3}}},{"hash":"6aa454eb6dbeadcd18178d6fb5bd561566a754dc","isMergeCommit":true,"messageTitle":"Merge pull request #123 from KarKuen/find-by-address","messageBody":"Change find by address to allow multiple keywords","fileTypesAndContributionMap":{}}]},{"date":"2025-03-25","commitResults":[{"hash":"d02216239d981e2f854ed574c5603cd7eb6b2e13","isMergeCommit":true,"messageTitle":"Merge pull request #130 from delonlee01/enable-assertions","messageBody":"Enable assertions in build.gradle","fileTypesAndContributionMap":{}}]},{"date":"2025-03-26","commitResults":[{"hash":"4dadde9aa09d7003dfb1ed168dc75827bf743719","isMergeCommit":false,"messageTitle":"Refactor: AddTagsCommand with EditPersonUtil and EditPersonDescriptor","messageBody":"","fileTypesAndContributionMap":{"functional-code":{"insertions":8,"deletions":5}}},{"hash":"887ddae9d77f11f1e09b3be05860911ff66514af","isMergeCommit":true,"messageTitle":"Merge pull request #137 from KarKuen/find-by-comment","messageBody":"Add find by comment","fileTypesAndContributionMap":{}}]},{"date":"2025-04-01","commitResults":[{"hash":"2f09cd0e22ba922926d1a8e81de702f1c1db46da","isMergeCommit":true,"messageTitle":"Merge pull request #173 from KarKuen/find-contain-all","messageBody":"Find --contain-all option","fileTypesAndContributionMap":{}},{"hash":"645537161a6739ba884d2a62201c883c07d40fca","isMergeCommit":true,"messageTitle":"Merge pull request #189 from KarKuen/Add-UML","messageBody":"Add UML Activity Diagram for Find-Tags","fileTypesAndContributionMap":{}}]}],"KarKuen":[{"date":"2025-03-04","commitResults":[{"hash":"6601d816949baab1d1c7aa43dadafc1ca320e9fa","isMergeCommit":false,"messageTitle":"Update about us page","messageBody":"","fileTypesAndContributionMap":{"docs":{"insertions":18,"deletions":16}}},{"hash":"8054dfa4e2193194d09aeef47cf60a2fac89e1ed","isMergeCommit":false,"messageTitle":"Update about us page","messageBody":"","fileTypesAndContributionMap":{"docs":{"insertions":1,"deletions":2}}},{"hash":"bc063a28fb43a78e3aeb8e7f11f594e029e2d362","isMergeCommit":false,"messageTitle":"Update about us page","messageBody":"","fileTypesAndContributionMap":{"docs":{"insertions":14,"deletions":15}}},{"hash":"22cbf47e6ad704a0dec1a215b083cd07a1ae2aad","isMergeCommit":true,"messageTitle":"Merge pull request #24 from delonlee01/update-about-us","messageBody":"Update Delon\u0027s AboutUs","fileTypesAndContributionMap":{}}]},{"date":"2025-03-06","commitResults":[{"hash":"21c7b78c405a313f503d2c257649a0f4ec4ace0e","isMergeCommit":false,"messageTitle":"Add User Stories","messageBody":"","fileTypesAndContributionMap":{"docs":{"insertions":14,"deletions":8}}},{"hash":"023e917369b7b026923029f045bb643ccdac734f","isMergeCommit":false,"messageTitle":"Add user stories in order of priority","messageBody":"","fileTypesAndContributionMap":{"docs":{"insertions":14,"deletions":14}}},{"hash":"53bf5c571efa1fc0dfc71216f189e25f666b1d8b","isMergeCommit":true,"messageTitle":"Merge pull request #49 from delonlee01/add-find-uc","messageBody":"Add use case for \"find candidate\"","fileTypesAndContributionMap":{}},{"hash":"ad20051c1044595cd98b5070fa0e1861670a2690","isMergeCommit":false,"messageTitle":"Add extension for Find Candidate use case","messageBody":"","fileTypesAndContributionMap":{"docs":{"insertions":11,"deletions":0}}},{"hash":"e02af7fae407d9170537dec99d44f87353e88627","isMergeCommit":false,"messageTitle":"Add use case for list candidate","messageBody":"","fileTypesAndContributionMap":{"docs":{"insertions":5,"deletions":15}}}]},{"date":"2025-03-07","commitResults":[{"hash":"f7042dc2b6c64bdf70fbe79299dd80ab6cc01d27","isMergeCommit":true,"messageTitle":"Merge branch \u0027master\u0027 into Add-use-case-for-list-candidates","messageBody":"# Conflicts:\n#\tdocs/DeveloperGuide.md\n","fileTypesAndContributionMap":{}},{"hash":"413bc7f2b32a6c4b897ee60fc6623f27308e36cd","isMergeCommit":true,"messageTitle":"Merge pull request #46 from delonlee01/update-nfr","messageBody":"Update DG\u0027s NFRs","fileTypesAndContributionMap":{}},{"hash":"f874ac55416dd5b2963b02f9384fb42d2f312488","isMergeCommit":true,"messageTitle":"Merge pull request #52 from delonlee01/add-free-form-notes-uc","messageBody":"Add use case for \"add free-form notes\"","fileTypesAndContributionMap":{}},{"hash":"f804716af1a2e3a23a23db459836e9ab708a1664","isMergeCommit":false,"messageTitle":"Update User Stories","messageBody":"","fileTypesAndContributionMap":{"docs":{"insertions":26,"deletions":14}}},{"hash":"e57b719f16bd037d44c58404791255dd7bddf55c","isMergeCommit":false,"messageTitle":"Fix Typo","messageBody":"","fileTypesAndContributionMap":{"docs":{"insertions":26,"deletions":26}}}]},{"date":"2025-03-12","commitResults":[{"hash":"79f282ee55d67afa62532ae6df594ad5b4317984","isMergeCommit":false,"messageTitle":"Add toLowerCase() to make commands case insensitive","messageBody":"","fileTypesAndContributionMap":{"functional-code":{"insertions":1,"deletions":1}}},{"hash":"424bec2a512fb442e4c204534835d29731a0c89a","isMergeCommit":false,"messageTitle":"Update all commands to be case-insensitive","messageBody":"","fileTypesAndContributionMap":{"functional-code":{"insertions":2,"deletions":2}}},{"hash":"03a2506ec11998f14890ade48aa6dc935b037dfc","isMergeCommit":false,"messageTitle":"Rename AddressBook to RecruitTrackPro","messageBody":"","fileTypesAndContributionMap":{"functional-code":{"insertions":236,"deletions":235},"other":{"insertions":74,"deletions":74},"docs":{"insertions":93,"deletions":93},"test-code":{"insertions":239,"deletions":239}}},{"hash":"37fb0b46a4dc5ce0ded9d9b990c970eb56bb6b09","isMergeCommit":false,"messageTitle":"Fix code style issues","messageBody":"","fileTypesAndContributionMap":{"functional-code":{"insertions":10,"deletions":9},"test-code":{"insertions":14,"deletions":10}}}]},{"date":"2025-03-13","commitResults":[{"hash":"2ea827fc31e784cda49d0600ab84b572f6a71859","isMergeCommit":false,"messageTitle":"Edit address book to recruit track pro","messageBody":"","fileTypesAndContributionMap":{"docs":{"insertions":3,"deletions":3}}},{"hash":"f76b23b5c5bb8e4d3062807737bad0e5d40d4110","isMergeCommit":false,"messageTitle":"Update use case UC-002","messageBody":"","fileTypesAndContributionMap":{"docs":{"insertions":2,"deletions":3}}},{"hash":"6dcde8b2fa1c884839a16cd96e9dabead6d471e9","isMergeCommit":false,"messageTitle":"Edit seedu/address to seedu/recruittrackpro","messageBody":"","fileTypesAndContributionMap":{"other":{"insertions":769,"deletions":769},"docs":{"insertions":5,"deletions":5},"test-code":{"insertions":3,"deletions":3}}},{"hash":"245b0f4b1b44e0244a178ed3b262c55eb3dca4bb","isMergeCommit":true,"messageTitle":"Merge branch \u0027master\u0027 into Case-Insensitivity","messageBody":"","fileTypesAndContributionMap":{}},{"hash":"05ad3896c202ca2becf2941e135300a6fecaa9ef","isMergeCommit":true,"messageTitle":"Merge pull request #72 from delonlee01/update-uc-006","messageBody":"Update UC-006 to exclude internal details of the system","fileTypesAndContributionMap":{}},{"hash":"597218fca9f5877a307b04ba3307380dc8ba4542","isMergeCommit":true,"messageTitle":"Merge pull request #73 from delonlee01/find-use-prefixes","messageBody":"Modify \"find\" command to use prefixes","fileTypesAndContributionMap":{}},{"hash":"9053fd6d72cd90108a4a312c6bc5760d8d2d2201","isMergeCommit":false,"messageTitle":"Update build.gradle file","messageBody":"","fileTypesAndContributionMap":{"other":{"insertions":1,"deletions":1}}}]},{"date":"2025-03-18","commitResults":[{"hash":"f2eecb1608956164db05d6406e29615eab6cacad","isMergeCommit":true,"messageTitle":"Merge pull request #100 from delonlee01/update-gui","messageBody":"Update GUI to follow UI mockup","fileTypesAndContributionMap":{}}]},{"date":"2025-03-20","commitResults":[{"hash":"af7085bb64e0452680c05ffb8b35ccb7dc8a1a20","isMergeCommit":false,"messageTitle":"Add functionality of finding by phone, email, and address field","messageBody":"","fileTypesAndContributionMap":{"functional-code":{"insertions":218,"deletions":9},"test-code":{"insertions":114,"deletions":0}}},{"hash":"6f114362280d86c99af27c7e5d3b1a56b520d1eb","isMergeCommit":false,"messageTitle":"Add tests","messageBody":"","fileTypesAndContributionMap":{"functional-code":{"insertions":3,"deletions":3},"test-code":{"insertions":36,"deletions":0}}},{"hash":"8b6e60200df61fe6cbfde99f9c3a5e6db1f5f839","isMergeCommit":false,"messageTitle":"Add tests","messageBody":"","fileTypesAndContributionMap":{"test-code":{"insertions":33,"deletions":0}}},{"hash":"0e569b59bbb0d34a916f13b948420aaa5808ede2","isMergeCommit":false,"messageTitle":"Add tests to increase codecov hit percent","messageBody":"","fileTypesAndContributionMap":{"test-code":{"insertions":12,"deletions":18}}},{"hash":"841d279259a3686a34311ce5ed9af840c46f98be","isMergeCommit":false,"messageTitle":"Fix test code style","messageBody":"","fileTypesAndContributionMap":{"test-code":{"insertions":15,"deletions":6}}},{"hash":"3c75fa889a7a6969240d929ec6ecaf71bcd6ae5b","isMergeCommit":false,"messageTitle":"Add tests to increase codecov hit percentage","messageBody":"","fileTypesAndContributionMap":{"test-code":{"insertions":15,"deletions":9}}},{"hash":"305ba3c35857a204a08f2598c649d37938f75864","isMergeCommit":false,"messageTitle":"Fix prefixes to accept multiple keywords","messageBody":"","fileTypesAndContributionMap":{"functional-code":{"insertions":12,"deletions":9}}},{"hash":"a5f93dbb13aac3bc3f29c4432759d1b03a7663c4","isMergeCommit":false,"messageTitle":"Change address prefix to only accept one address","messageBody":"","fileTypesAndContributionMap":{"functional-code":{"insertions":1,"deletions":1}}},{"hash":"7a979a333636513a7bea803bd75e9f1f53525879","isMergeCommit":false,"messageTitle":"Commit suggestions","messageBody":"","fileTypesAndContributionMap":{"functional-code":{"insertions":8,"deletions":5}}}]},{"date":"2025-03-22","commitResults":[{"hash":"8d2b066e02584787956f24733a8326907b10da6e","isMergeCommit":false,"messageTitle":"Change find by address to allow multiple keywords","messageBody":"","fileTypesAndContributionMap":{"functional-code":{"insertions":1,"deletions":1},"test-code":{"insertions":1,"deletions":2}}}]},{"date":"2025-03-25","commitResults":[{"hash":"1a98ecebad7fda2d09572a4d9710e7cce485d233","isMergeCommit":false,"messageTitle":"Add find by comment command","messageBody":"","fileTypesAndContributionMap":{"functional-code":{"insertions":73,"deletions":4},"test-code":{"insertions":12,"deletions":0}}},{"hash":"5a82846ff7e4a419f9185d04ef08c60ace08203a","isMergeCommit":false,"messageTitle":"Add CommentContainsKeywordsPredicateTest.java","messageBody":"","fileTypesAndContributionMap":{"test-code":{"insertions":52,"deletions":0}}},{"hash":"eafff776aa92e273d529d600cf230765c3f6ca9b","isMergeCommit":true,"messageTitle":"Merge pull request #129 from delonlee01/improve-ux","messageBody":"Improve GUI user experience","fileTypesAndContributionMap":{}}]},{"date":"2025-03-26","commitResults":[{"hash":"7a89c92f91b4f4611a6a5f28f2ca1232d4455992","isMergeCommit":true,"messageTitle":"Merge pull request #134 from delonlee01/better-help","messageBody":"Modify help command to show list of available commands","fileTypesAndContributionMap":{}},{"hash":"5c25bee283112606133c81adfbc65eea505ed963","isMergeCommit":false,"messageTitle":"Update src/main/java/seedu/recruittrackpro/logic/predicates/CommentContainsKeywordsPredicate.java","messageBody":"Co-authored-by: twhjames \u003c64539266+twhjames@users.noreply.github.com\u003e","fileTypesAndContributionMap":{"functional-code":{"insertions":1,"deletions":1}}},{"hash":"ab97a254a6b5ece4e5d16497425697d3f5669157","isMergeCommit":true,"messageTitle":"Merge branch \u0027master\u0027 into find-by-comment","messageBody":"#Conflicts:\n#src/main/java/seedu/recruittrackpro/logic/parser/FindCommandParser.java\n","fileTypesAndContributionMap":{}},{"hash":"4517ec8d6a8c5b2e00d8a2107f490463c5743db2","isMergeCommit":true,"messageTitle":"Merge branch \u0027find-by-comment\u0027 of https://github.com/KarKuen/tp into find-by-comment","messageBody":"","fileTypesAndContributionMap":{}},{"hash":"6b02c1b02e2d9b67514e9b9531589911c28558e4","isMergeCommit":false,"messageTitle":"Edit error message","messageBody":"","fileTypesAndContributionMap":{"functional-code":{"insertions":3,"deletions":2}}},{"hash":"41cefc6b7801bf8f0431071edb9f2b5a83582eeb","isMergeCommit":false,"messageTitle":"Edit error message for find comment without keywords","messageBody":"","fileTypesAndContributionMap":{"functional-code":{"insertions":2,"deletions":3}}}]},{"date":"2025-03-30","commitResults":[{"hash":"907facacd6cf23ac8b6a6fd54cff0617ee610e41","isMergeCommit":false,"messageTitle":"Add find --contain-all","messageBody":"","fileTypesAndContributionMap":{"functional-code":{"insertions":57,"deletions":17}}},{"hash":"04492b61c1261f800b72bdd13aab77dc6f779548","isMergeCommit":false,"messageTitle":"Fix test formatting","messageBody":"","fileTypesAndContributionMap":{"functional-code":{"insertions":31,"deletions":1},"test-code":{"insertions":79,"deletions":68}}}]},{"date":"2025-03-31","commitResults":[{"hash":"38ba13e8f70556052bac45cff1f6ec05b92d626a","isMergeCommit":false,"messageTitle":"Add contain-all JUnit tests","messageBody":"","fileTypesAndContributionMap":{"test-code":{"insertions":26,"deletions":0}}}]},{"date":"2025-04-01","commitResults":[{"hash":"0b0b46d17884c960abd11b7bad3316bd24aa0e60","isMergeCommit":false,"messageTitle":"Add UML Activity Diagram for Find-Tags","messageBody":"","fileTypesAndContributionMap":{"docs":{"insertions":26,"deletions":0}}},{"hash":"3c49164c31e8796c1d99be5434c5cb6e2e39c889","isMergeCommit":true,"messageTitle":"Merge branch \u0027master\u0027 into Add-UML","messageBody":"# Conflicts:\n#\tdocs/DeveloperGuide.md\n","fileTypesAndContributionMap":{}},{"hash":"ab77095f1ba38ad66bf82a936ec429eab0b9c686","isMergeCommit":true,"messageTitle":"Merge branch \u0027master\u0027 into find-contain-all","messageBody":"# Conflicts:\n#\tsrc/main/java/seedu/recruittrackpro/logic/commands/FindCommand.java\n","fileTypesAndContributionMap":{}}]}],"delonlee01":[{"date":"2025-03-04","commitResults":[{"hash":"1d6c45645f10d405b42ecacfb5bbd35b535f193b","isMergeCommit":false,"messageTitle":"Update about us","messageBody":"","fileTypesAndContributionMap":{"docs":{"insertions":6,"deletions":7}}},{"hash":"3415edc1f5e7f4d389d1041b113697788a4feba0","isMergeCommit":true,"messageTitle":"Merge pull request #27 from twhjames/branch-update-aboutus","messageBody":"Update James\u0027 AboutUs","fileTypesAndContributionMap":{}}]},{"date":"2025-03-05","commitResults":[{"hash":"c289da074561c119d049ef338041a643ba89100d","isMergeCommit":false,"messageTitle":"Fix typo in AboutUs","messageBody":"","fileTypesAndContributionMap":{"docs":{"insertions":1,"deletions":1}}},{"hash":"8ac19365100997fc6f498c0a77baa9df4507f114","isMergeCommit":false,"messageTitle":"Update non-functional requirements","messageBody":"","fileTypesAndContributionMap":{"docs":{"insertions":5,"deletions":4}}},{"hash":"88c4c07579e437bdaf56ca6732b161ea82739718","isMergeCommit":false,"messageTitle":"Add more non-functional requirements","messageBody":"","fileTypesAndContributionMap":{"docs":{"insertions":6,"deletions":3}}}]},{"date":"2025-03-06","commitResults":[{"hash":"5a49225a72619d94ac706bcaf8fe55ef2a96c03d","isMergeCommit":false,"messageTitle":"Add use case for finding candidates","messageBody":"","fileTypesAndContributionMap":{"docs":{"insertions":20,"deletions":1}}},{"hash":"55b33cdc9a84717dfe616f065ade9ad74afe6b13","isMergeCommit":false,"messageTitle":"Fix typo","messageBody":"","fileTypesAndContributionMap":{"docs":{"insertions":1,"deletions":1}}},{"hash":"ee44057d5ce17031bba520a8b59594d6c6900593","isMergeCommit":true,"messageTitle":"Merge pull request #47 from KarKuen/User-Stories","messageBody":"KarKuen Update DG\u0027s User Stories (12 stories)","fileTypesAndContributionMap":{}}]},{"date":"2025-03-07","commitResults":[{"hash":"4402ac1449232a3694d5612637e24b5dd70f244e","isMergeCommit":false,"messageTitle":"Add use case for adding free-form notes","messageBody":"","fileTypesAndContributionMap":{"docs":{"insertions":17,"deletions":0}}},{"hash":"a2545f9700a68c3acab838e05a1cba6573544916","isMergeCommit":true,"messageTitle":"Merge pull request #50 from KarKuen/Add-phone-and-email-extension-for-find-candidate-use-case","messageBody":"Add \"phone, email, and address\" extension for \"find candidate\" use case","fileTypesAndContributionMap":{}},{"hash":"6a68159ec2034c8c3ca5f7d330ece18a39691261","isMergeCommit":true,"messageTitle":"Merge branch \u0027master\u0027 into add-free-form-notes-uc","messageBody":"","fileTypesAndContributionMap":{}},{"hash":"c4a1859f84e7efdd7f37b5be233226545d8eaee1","isMergeCommit":false,"messageTitle":"Remove extra empty line","messageBody":"","fileTypesAndContributionMap":{"docs":{"insertions":0,"deletions":1}}},{"hash":"0ed277e115ae2610a4fa834d7dbcaf54cc582891","isMergeCommit":true,"messageTitle":"Merge pull request #51 from KarKuen/Add-use-case-for-list-candidates","messageBody":"Add use case for \"list candidates\"","fileTypesAndContributionMap":{}},{"hash":"7217c70b4fb9aed534ff952322e82d4e381c8fe0","isMergeCommit":true,"messageTitle":"Merge pull request #53 from twhjames/branch-update-user-stories","messageBody":"Update DG\u0027s Target User Profile, Value Proposition and 12 User Stories","fileTypesAndContributionMap":{}},{"hash":"ec1d7fe9a2bdc9f98f1adcac6e90103b1031dc46","isMergeCommit":true,"messageTitle":"Merge pull request #55 from twhjames/branch-add-use-case","messageBody":"Add use case for \"add tag\"","fileTypesAndContributionMap":{}},{"hash":"2a1b7836e62e9cd684af3e42d495fd0a9cb2f80f","isMergeCommit":true,"messageTitle":"Merge pull request #62 from twhjames/branch-update-site-wide-settings","messageBody":"Update Site-Wide Settings","fileTypesAndContributionMap":{}}]},{"date":"2025-03-08","commitResults":[{"hash":"c80dee3879f025433e4cc62b63133f201d83882e","isMergeCommit":true,"messageTitle":"Merge pull request #59 from kylieluk88/Add-candidate-use-case","messageBody":"Add use case for \"add candidate\"","fileTypesAndContributionMap":{}},{"hash":"56a4161fb0427aea160020d289421eb70d4f1b6d","isMergeCommit":false,"messageTitle":"Update glossary","messageBody":"","fileTypesAndContributionMap":{"docs":{"insertions":1,"deletions":0}}}]},{"date":"2025-03-09","commitResults":[{"hash":"576467cba1c1d402f23149e5770d125a579af72d","isMergeCommit":false,"messageTitle":"Format user stories table","messageBody":"","fileTypesAndContributionMap":{"docs":{"insertions":37,"deletions":37}}},{"hash":"ef00e501bb27b5e6ad7a15553e4f1e0f0d3a48a6","isMergeCommit":false,"messageTitle":"Fix line spacings","messageBody":"","fileTypesAndContributionMap":{"docs":{"insertions":27,"deletions":12}}},{"hash":"d32d2d19192e67b18654e3f8bd80d0563b87056f","isMergeCommit":false,"messageTitle":"Remove irrelevant glossary","messageBody":"","fileTypesAndContributionMap":{"docs":{"insertions":0,"deletions":1}}}]},{"date":"2025-03-11","commitResults":[{"hash":"7137e09ada3cb6173a05c6d114817fcf6c5685c3","isMergeCommit":false,"messageTitle":"Update UC-006 to remove internal details of system","messageBody":"","fileTypesAndContributionMap":{"docs":{"insertions":1,"deletions":2}}},{"hash":"7e027c85977f01b1091e8533d9812082225b41c3","isMergeCommit":false,"messageTitle":"Modify FindCommandParser to use prefix","messageBody":"","fileTypesAndContributionMap":{"functional-code":{"insertions":27,"deletions":5}}}]},{"date":"2025-03-12","commitResults":[{"hash":"113a1f74a829dad5993910766d32ca06857ed88f","isMergeCommit":false,"messageTitle":"Fix tests that uses FindCommandParser","messageBody":"","fileTypesAndContributionMap":{"test-code":{"insertions":5,"deletions":3}}},{"hash":"dc8606f35406c6b6fe05ea9d57c2567d967ef3da","isMergeCommit":false,"messageTitle":"Rename isAtLeastOnePrefixPresent -\u003e hasAtLeastOnePrefixPresent","messageBody":"","fileTypesAndContributionMap":{"functional-code":{"insertions":2,"deletions":2}}},{"hash":"bba81434558b4787059d9f04c3d4a4699aa92046","isMergeCommit":false,"messageTitle":"Add tests for more failure cases","messageBody":"","fileTypesAndContributionMap":{"test-code":{"insertions":12,"deletions":1}}},{"hash":"ab37d02d084ea335280b51985bf89111ec7e8c3b","isMergeCommit":false,"messageTitle":"Refactor tests","messageBody":"","fileTypesAndContributionMap":{"test-code":{"insertions":3,"deletions":5}}},{"hash":"1f8d7cb2a62dbf766d64beb5005c82bfc84b01e3","isMergeCommit":false,"messageTitle":"Refactor FindCommandParser and tests","messageBody":"","fileTypesAndContributionMap":{"functional-code":{"insertions":9,"deletions":8},"test-code":{"insertions":2,"deletions":1}}},{"hash":"6e0352eaa21b3ef985676f6da691fb9e7b23080f","isMergeCommit":false,"messageTitle":"Fix non-empty preamble test","messageBody":"","fileTypesAndContributionMap":{"test-code":{"insertions":1,"deletions":1}}}]},{"date":"2025-03-13","commitResults":[{"hash":"b1a77cdf1ddbbb29fd400aa3b5c3fd4dfe2f4590","isMergeCommit":true,"messageTitle":"Merge branch \u0027master\u0027 into find-use-prefixes","messageBody":"# Conflicts:\n#\tsrc/main/java/seedu/recruittrackpro/logic/parser/FindCommandParser.java\n#\tsrc/test/java/seedu/recruittrackpro/logic/parser/FindCommandParserTest.java\n#\tsrc/test/java/seedu/recruittrackpro/logic/parser/RecruitTrackProParserTest.java\n","fileTypesAndContributionMap":{}},{"hash":"05eb44667e71c666c7e8593f51e97d4c52b6a5d5","isMergeCommit":true,"messageTitle":"Merge pull request #82 from twhjames/branch-add-use-case","messageBody":"Update UC-005 to remove internal details","fileTypesAndContributionMap":{}},{"hash":"e9a0e6d7e65ca622b23a131c67f0b4d72315b4ce","isMergeCommit":true,"messageTitle":"Merge pull request #87 from twhjames/branch-addtags-command","messageBody":"Add `add-tags` Command (Without Parser Integration)","fileTypesAndContributionMap":{}},{"hash":"cebe8c3160fd5ca8c86f20361f2320a6495e0d85","isMergeCommit":false,"messageTitle":"Refine extension of UC-006","messageBody":"","fileTypesAndContributionMap":{"docs":{"insertions":2,"deletions":2}}},{"hash":"e34e297f3b7f1e643aa471acaf5c2dd346b43c70","isMergeCommit":true,"messageTitle":"Merge pull request #97 from KarKuen/Package-renaming","messageBody":"Update build.gradle file","fileTypesAndContributionMap":{}}]},{"date":"2025-03-16","commitResults":[{"hash":"dbffd92f0ac33cb60bf1bb6ee16a4a70b0af53c8","isMergeCommit":false,"messageTitle":"Update GUI to follow UI mockup","messageBody":"","fileTypesAndContributionMap":{"functional-code":{"insertions":32,"deletions":12}}}]},{"date":"2025-03-18","commitResults":[{"hash":"00c92266accb7e56ab56ff7761140550c41b20bf","isMergeCommit":false,"messageTitle":"Add comment field in Person","messageBody":"","fileTypesAndContributionMap":{"functional-code":{"insertions":71,"deletions":4}}},{"hash":"a4aceac7b1e6a3b0e0540af5d1e724448d8b8276","isMergeCommit":false,"messageTitle":"Add support for comment","messageBody":"","fileTypesAndContributionMap":{"functional-code":{"insertions":78,"deletions":20}}},{"hash":"393efd5e5d7b5dc8cf91529227a7a3606760a4af","isMergeCommit":false,"messageTitle":"Fix existing tests","messageBody":"","fileTypesAndContributionMap":{"functional-code":{"insertions":5,"deletions":6},"test-code":{"insertions":43,"deletions":18}}},{"hash":"7db5f9f40bacb4b3125bb33d6a1218809f50ccc4","isMergeCommit":false,"messageTitle":"Add more tests","messageBody":"","fileTypesAndContributionMap":{"test-code":{"insertions":124,"deletions":6}}},{"hash":"aad03bd3cc2ade034cd0e8c9c512df4234d85254","isMergeCommit":false,"messageTitle":"Update GUI to render comments","messageBody":"","fileTypesAndContributionMap":{"functional-code":{"insertions":7,"deletions":3}}},{"hash":"42f66e7c38d67ef5d9f1012c2f756fd787234b0f","isMergeCommit":false,"messageTitle":"Add missing statements","messageBody":"","fileTypesAndContributionMap":{"test-code":{"insertions":5,"deletions":2}}},{"hash":"135e8014e13992d6761bac1bb9604e19ba5a5457","isMergeCommit":false,"messageTitle":"Add missing test","messageBody":"","fileTypesAndContributionMap":{"test-code":{"insertions":5,"deletions":0}}}]},{"date":"2025-03-19","commitResults":[{"hash":"3bee367ac7fbe4cd4b4d596efefd34252314be5a","isMergeCommit":false,"messageTitle":"Fix typo","messageBody":"","fileTypesAndContributionMap":{"functional-code":{"insertions":1,"deletions":1}}},{"hash":"dfedd276fe1b1bb7569b0b0be47d74e3634f5e0e","isMergeCommit":true,"messageTitle":"Merge pull request #107 from twhjames/branch-integrate-addtags","messageBody":"Integrate AddTagsCommand to Parser","fileTypesAndContributionMap":{}},{"hash":"c59c4367911be8a4e5866eb5d641c754595c1b17","isMergeCommit":false,"messageTitle":"Refactor code format","messageBody":"","fileTypesAndContributionMap":{"functional-code":{"insertions":15,"deletions":8},"test-code":{"insertions":1,"deletions":1}}}]},{"date":"2025-03-20","commitResults":[{"hash":"90ed0443ee6f27d54e53234ad14e8fc95bb23319","isMergeCommit":false,"messageTitle":"Fix GUI to unblock comments on smaller windows","messageBody":"","fileTypesAndContributionMap":{"functional-code":{"insertions":34,"deletions":39}}},{"hash":"4a0ba8c021d7163d24e279645abdbaf1b4846beb","isMergeCommit":true,"messageTitle":"Merge pull request #117 from twhjames/branch-case-insensitive-name-tag","messageBody":"Implement case-insensitivity for name and tag attribute","tags":["RecruitTrackPro_v1.0"],"fileTypesAndContributionMap":{}}]},{"date":"2025-03-22","commitResults":[{"hash":"198b3bcdbc0d752e7bf0633b6e9095be63371f9b","isMergeCommit":true,"messageTitle":"Merge pull request #120 from twhjames/branch-case-insensitive-name-tag","messageBody":"Refactor case-insensitivity for name and tag","fileTypesAndContributionMap":{}},{"hash":"1dff78d2c2643a4fb7b5f7cc2e258af4a2cf7868","isMergeCommit":true,"messageTitle":"Merge pull request #121 from twhjames/refactor/person-edit-util","messageBody":"Refactor EditPersonDescriptor for Single-Responsibility Principle","fileTypesAndContributionMap":{}},{"hash":"70ddfb9ccf2ac06946eda5d4535db86ac1d73155","isMergeCommit":false,"messageTitle":"Enable assertions in build.gradle","messageBody":"","fileTypesAndContributionMap":{"other":{"insertions":4,"deletions":0}}}]},{"date":"2025-03-23","commitResults":[{"hash":"1e880506a5b509427e850ec738448733b109213f","isMergeCommit":false,"messageTitle":"Edit GUI to improve user experience","messageBody":"","fileTypesAndContributionMap":{"functional-code":{"insertions":4,"deletions":5}}}]},{"date":"2025-03-24","commitResults":[{"hash":"efc0cb9a20adb9decd12c9e68c365d4c49175316","isMergeCommit":false,"messageTitle":"Modify HelpCommand to not show help window","messageBody":"","fileTypesAndContributionMap":{"functional-code":{"insertions":10,"deletions":21},"test-code":{"insertions":6,"deletions":13}}},{"hash":"7a9a5e32330c86eabd97fb10ecbcadc9c68c4bca","isMergeCommit":false,"messageTitle":"Modify HelpCommand to print available commands","messageBody":"","fileTypesAndContributionMap":{"functional-code":{"insertions":78,"deletions":28}}},{"hash":"db3dea862106a68a3ff0788f2767a0127d4e6ec2","isMergeCommit":false,"messageTitle":"Simplify HelpCommand to use static messages","messageBody":"","fileTypesAndContributionMap":{"functional-code":{"insertions":11,"deletions":29},"test-code":{"insertions":2,"deletions":2}}},{"hash":"1301d8ffc6d192412006b15703d2756e958da4cd","isMergeCommit":false,"messageTitle":"Fix unintentional formatting","messageBody":"","fileTypesAndContributionMap":{"functional-code":{"insertions":6,"deletions":6}}},{"hash":"84ab788c1a3149ce9d7162d42bc64812b22eb301","isMergeCommit":true,"messageTitle":"Merge pull request #126 from twhjames/refactor/encapsulate-tags","messageBody":"Refactor Tag to encapsulate set\u003cTag\u003e logic into Tags class","fileTypesAndContributionMap":{}}]},{"date":"2025-03-25","commitResults":[{"hash":"19a52af15b888847cc22a01970a6ac663d038dd9","isMergeCommit":true,"messageTitle":"Merge branch \u0027master\u0027 into better-help","messageBody":"# Conflicts:\n#\tsrc/main/java/seedu/recruittrackpro/logic/commands/AddCommand.java\n","fileTypesAndContributionMap":{}}]},{"date":"2025-03-26","commitResults":[{"hash":"09de60d61796f542dc118d061ee3013242d20f46","isMergeCommit":true,"messageTitle":"Merge pull request #144 from twhjames/refactor/add-tags-command","messageBody":"Refactor AddTagsCommand using EditPersonUtil and EditPersonDescriptor","fileTypesAndContributionMap":{}}]}]},"authorFileTypeContributionMap":{"kylieluk88":{"docs":148,"functional-code":372,"test-code":281},"aisyahally":{"docs":48,"functional-code":311,"test-code":265},"twhjames":{"docs":72,"functional-code":658,"test-code":477},"KarKuen":{"docs":152,"functional-code":879,"test-code":1010,"other":2},"delonlee01":{"docs":54,"functional-code":222,"test-code":193,"other":4}},"authorContributionVariance":{"kylieluk88":8047.794,"aisyahally":9182.961,"twhjames":28691.637,"KarKuen":104655.61,"delonlee01":5045.4736},"authorDisplayNameMap":{"kylieluk88":"CS2103-F15-3 KYLI.. YAN","aisyahally":"CS2103-F15-3 AISY..ALLY","twhjames":"CS2103-F15-3 TEO ..AMES","KarKuen":"CS2103-F15-3 LEE ..KUEN","delonlee01":"CS2103-F15-3 LEE ..ELON"}}
