{"authorDailyContributionsMap":{"kylieluk88":[{"date":"2025-03-04","commitResults":[{"hash":"d3d7710c2d6238ecd2306a4614756d02f6239d0e","isMergeCommit":false,"messageTitle":"Update about us","messageBody":"","fileTypesAndContributionMap":{"docs":{"insertions":4,"deletions":4}}},{"hash":"d5e78f871a5f3a9740714ad1265a580506204294","isMergeCommit":true,"messageTitle":"Merge pull request #25 from aisyahally/update-about-us","messageBody":"Update Aisyah\u0027s AboutUs","fileTypesAndContributionMap":{}}]},{"date":"2025-03-07","commitResults":[{"hash":"85a24fe7604c4378e65e0955e4aad29ac52e7d90","isMergeCommit":true,"messageTitle":"Merge pull request #54 from aisyahally/add-user-stories","messageBody":"Aisyah Update DG\u0027s User Stories (12 stories)","fileTypesAndContributionMap":{}},{"hash":"569d117704a4748e7c2466c1468dcb6006021d77","isMergeCommit":false,"messageTitle":"Update README page to match project","messageBody":"","fileTypesAndContributionMap":{"docs":{"insertions":16,"deletions":10}}},{"hash":"3acb82f4208a39f2e6cead6c9f378a63bc48bee0","isMergeCommit":false,"messageTitle":"Add use case for \"add candidate\"","messageBody":"","fileTypesAndContributionMap":{"docs":{"insertions":20,"deletions":0}}},{"hash":"5277ea908f8aecb8dd7140f197418c2b16b48fe1","isMergeCommit":false,"messageTitle":"Edit use case for \"add candidate\"","messageBody":"","fileTypesAndContributionMap":{"docs":{"insertions":3,"deletions":2}}}]},{"date":"2025-03-08","commitResults":[{"hash":"1c130ee6dacdee6ee4428b6c6912803fb345938e","isMergeCommit":false,"messageTitle":"Add use case for \"remove tag\"","messageBody":"","fileTypesAndContributionMap":{"docs":{"insertions":25,"deletions":0}}},{"hash":"cd24d6b340a1b21494afea46b3138b974500837b","isMergeCommit":false,"messageTitle":"Edit format of \"add candidate\" use case to include use case number","messageBody":"","fileTypesAndContributionMap":{"docs":{"insertions":1,"deletions":1}}},{"hash":"a6f7b4293d683429c6423e3ec8bfd7ac5979496e","isMergeCommit":false,"messageTitle":"Edit README page to include correct links","messageBody":"","fileTypesAndContributionMap":{"docs":{"insertions":1,"deletions":1}}},{"hash":"a703891ac75751947022c81741cc828fe1560e56","isMergeCommit":true,"messageTitle":"Merge branch \u0027master\u0027 into add-tag-extension","messageBody":"","fileTypesAndContributionMap":{}},{"hash":"76dc7ac969b5fb79b1db8eeea416942a5eaee04a","isMergeCommit":true,"messageTitle":"Merge pull request #58 from aisyahally/add-delete-candidate","messageBody":"Add use case for \"delete candidate\"","fileTypesAndContributionMap":{}},{"hash":"96709459e67df6761dba822180600695fa105c9d","isMergeCommit":true,"messageTitle":"Merge pull request #57 from aisyahally/add-tag-extension","messageBody":"Add \"tag\" extension for \"find candidate\" use case","fileTypesAndContributionMap":{}}]},{"date":"2025-03-12","commitResults":[{"hash":"f923a85326f4f9da7dd2de980ad9a31a2c19ded7","isMergeCommit":false,"messageTitle":"Edit use case for remove tag to exclude internal details","messageBody":"","fileTypesAndContributionMap":{"docs":{"insertions":3,"deletions":5}}},{"hash":"a4d7e71fe77d9ee266de85fe8ed3dad547299f63","isMergeCommit":false,"messageTitle":"Edit add candidate use case to remove internal details","messageBody":"","fileTypesAndContributionMap":{"docs":{"insertions":3,"deletions":4}}}]},{"date":"2025-03-13","commitResults":[{"hash":"a3837f7711141d90ef5bc673e3ecc21cfbe1d50d","isMergeCommit":false,"messageTitle":"Update tag to allow any values","messageBody":"","fileTypesAndContributionMap":{"functional-code":{"insertions":2,"deletions":2}}},{"hash":"39dfe3846d9fec333a316e42c7690e55a702a8a2","isMergeCommit":false,"messageTitle":"Edit extensions numbering for remove tag use case","messageBody":"","fileTypesAndContributionMap":{"docs":{"insertions":6,"deletions":6}}},{"hash":"39bd2cd06b7930d317405d9fd13242f6a603c8c4","isMergeCommit":false,"messageTitle":"Edit extensions numbering for add candidate use case","messageBody":"","fileTypesAndContributionMap":{"docs":{"insertions":6,"deletions":6}}},{"hash":"d0db7d3fedcf0771db0344da88db983719dba70a","isMergeCommit":false,"messageTitle":"Update tests to align with new tag requirements","messageBody":"","fileTypesAndContributionMap":{"test-code":{"insertions":3,"deletions":3}}},{"hash":"ad352110135321a79837a0384dbf6656079c0871","isMergeCommit":true,"messageTitle":"Merge pull request #76 from aisyahally/edit-delete-candidate","messageBody":"Update UC-003 to remove internal details","fileTypesAndContributionMap":{}},{"hash":"872a756ee6df501a777ab64416f1663472017c66","isMergeCommit":true,"messageTitle":"Merge branch \u0027master\u0027 into update-tag","messageBody":"","fileTypesAndContributionMap":{}},{"hash":"a59b2f444f15259f3022464362d3cda56add3b68","isMergeCommit":false,"messageTitle":"Edit style to comply with checkstyle","messageBody":"","fileTypesAndContributionMap":{"test-code":{"insertions":1,"deletions":1}}},{"hash":"bec4e285c9f406d2c0f2f9b25be62f76e0eed02c","isMergeCommit":true,"messageTitle":"Merge pull request #78 from aisyahally/edit-delete-error","messageBody":"Add empty list error message for delete candidate","fileTypesAndContributionMap":{}}]}],"aisyahally":[{"date":"2025-03-04","commitResults":[{"hash":"b82f0f699cb4885d01ee8c58ba57df3aba15f4ee","isMergeCommit":false,"messageTitle":"Update AboutUs","messageBody":"","fileTypesAndContributionMap":{"docs":{"insertions":46,"deletions":0}}},{"hash":"ef70126dac2a37cafd5d516adf1cf41c610b86e8","isMergeCommit":false,"messageTitle":"Update AboutUs file","messageBody":"","fileTypesAndContributionMap":{"docs":{"insertions":4,"deletions":4}}},{"hash":"b2b704c4d66c50ff88efa1cc6ca46f459cd704f0","isMergeCommit":false,"messageTitle":"Remove md file","messageBody":"","fileTypesAndContributionMap":{"docs":{"insertions":1,"deletions":47}}},{"hash":"2d6f86e83ad740c7b408036bc34699b173069737","isMergeCommit":true,"messageTitle":"Merge pull request #28 from kylieluk88/update-about-us","messageBody":"Update Kylie\u0027s AboutUs","fileTypesAndContributionMap":{}}]},{"date":"2025-03-07","commitResults":[{"hash":"940d79ffe78f946d65dbd2a0c94ecacad65a527d","isMergeCommit":false,"messageTitle":"Update last 12 user stories","messageBody":"","fileTypesAndContributionMap":{"docs":{"insertions":12,"deletions":14}}},{"hash":"c7d07e806e38da293a55bd583acb349d58db0d0d","isMergeCommit":true,"messageTitle":"Merge pull request #56 from kylieluk88/Update-README-page","messageBody":"Update README page to match project","fileTypesAndContributionMap":{}},{"hash":"c86e3bd0eb46cf9c9921e02d207dd6ebb38ec87c","isMergeCommit":false,"messageTitle":"Add tag extension to find candidate","messageBody":"","fileTypesAndContributionMap":{"docs":{"insertions":5,"deletions":0}}},{"hash":"c53a1b91d40548da598436410d7a7c53d39a63c0","isMergeCommit":false,"messageTitle":"Add delete candidate use case","messageBody":"","fileTypesAndContributionMap":{"docs":{"insertions":23,"deletions":1}}},{"hash":"f3a3cb0fc119491eab790d4a177113d8082669c9","isMergeCommit":false,"messageTitle":"Correct typo","messageBody":"","fileTypesAndContributionMap":{"docs":{"insertions":1,"deletions":1}}}]},{"date":"2025-03-08","commitResults":[{"hash":"8b87511399039f862077b7747be9072b7f1a6e28","isMergeCommit":false,"messageTitle":"Update docs/DeveloperGuide.md","messageBody":"Co-authored-by: Delon \u003c39511155+delonlee01@users.noreply.github.com\u003e","fileTypesAndContributionMap":{"docs":{"insertions":1,"deletions":1}}},{"hash":"9985431cea73e6b2edae62eec66ccbfd968e3f39","isMergeCommit":false,"messageTitle":"Delete sample case","messageBody":"","fileTypesAndContributionMap":{"docs":{"insertions":0,"deletions":23}}},{"hash":"56731f697ef4ad9087cac1cbd8cb3888f76d6a10","isMergeCommit":true,"messageTitle":"Merge pull request #63 from kylieluk88/Update-README-page","messageBody":"Edit README page to include correct link","fileTypesAndContributionMap":{}},{"hash":"c5613ede1a3c5b5805354dbd178258a8c1029821","isMergeCommit":false,"messageTitle":"Remove tag extension","messageBody":"","fileTypesAndContributionMap":{"docs":{"insertions":0,"deletions":5}}},{"hash":"b1114116f3ed626cf2a8ecd77ffb90f6f32d71bf","isMergeCommit":false,"messageTitle":"Update docs/DeveloperGuide.md","messageBody":"","fileTypesAndContributionMap":{"docs":{"insertions":3,"deletions":3}}},{"hash":"359df757380d06a4d1550201491b9b2f21c8d40d","isMergeCommit":true,"messageTitle":"Merge pull request #64 from kylieluk88/remove-tag-use-case","messageBody":"Add use case for \"remove tag\"","fileTypesAndContributionMap":{}}]},{"date":"2025-03-12","commitResults":[{"hash":"aa889b5493a8f15e324e592bbec7a4bc76f95b15","isMergeCommit":false,"messageTitle":"Remove internal details","messageBody":"","fileTypesAndContributionMap":{"docs":{"insertions":2,"deletions":3}}},{"hash":"cb254d4164f43f60ff9906395d4e66adea1b0df8","isMergeCommit":false,"messageTitle":"Add empty list error message","messageBody":"","fileTypesAndContributionMap":{"functional-code":{"insertions":6,"deletions":0}}},{"hash":"64bcab8513f679eab578b89ab341e4c103749840","isMergeCommit":false,"messageTitle":"Edit error message","messageBody":"","fileTypesAndContributionMap":{"functional-code":{"insertions":1,"deletions":1}}},{"hash":"9c2eacfb53a120c0c2c8c9ae3c14cd03e9c4b3fc","isMergeCommit":false,"messageTitle":"Correct delete test in LogicManagerTest","messageBody":"","fileTypesAndContributionMap":{"test-code":{"insertions":2,"deletions":2}}}]},{"date":"2025-03-13","commitResults":[{"hash":"65cba1e4c2ef9018cad114d5f183a7e649dc3d6e","isMergeCommit":true,"messageTitle":"Merge pull request #85 from kylieluk88/edit-remove-tag","messageBody":"Update UC-007 to remove internal details","fileTypesAndContributionMap":{}},{"hash":"dd547fcf711095f7a031d34b9e3ff3a6e7c25754","isMergeCommit":true,"messageTitle":"Merge pull request #86 from kylieluk88/edit-add-candidate","messageBody":"Update UC-001 to remove internal details","fileTypesAndContributionMap":{}},{"hash":"eb2077be0139b425cd895e9d2285ad287759d19e","isMergeCommit":true,"messageTitle":"Merge branch \u0027refs/heads/master\u0027 into edit-delete-error","messageBody":"# Conflicts:\n#\tsrc/test/java/seedu/recruittrackpro/logic/LogicManagerTest.java\n","fileTypesAndContributionMap":{}},{"hash":"267e98cd8aa4b8673c1b216e2f9d6550779bb51e","isMergeCommit":false,"messageTitle":"Edit import statements","messageBody":"","fileTypesAndContributionMap":{"test-code":{"insertions":2,"deletions":2}}},{"hash":"94f822b660126ce76c739c3a3361ac253de14f6e","isMergeCommit":true,"messageTitle":"Merge pull request #96 from kylieluk88/update-tag","messageBody":"Update tags to allow spaces and special characters","fileTypesAndContributionMap":{}}]}],"twhjames":[{"date":"2025-03-04","commitResults":[{"hash":"e81e6732f358940f12e7b630cde75c5a11219bff","isMergeCommit":false,"messageTitle":"Docs: Update James\u0027 AboutUs","messageBody":"","fileTypesAndContributionMap":{"docs":{"insertions":5,"deletions":5}}},{"hash":"3071ff0d84bac3f8f9ae080f1328151dd80e88f8","isMergeCommit":false,"messageTitle":"Docs: Update James\u0027 AboutUs","messageBody":"","fileTypesAndContributionMap":{"docs":{"insertions":2,"deletions":1}}},{"hash":"bec4ca7df9bc2413774e4a90f97184de0d3000b6","isMergeCommit":true,"messageTitle":"Merge pull request #26 from KarKuen/Updating-about-us-","messageBody":"Update KarKuen\u0027s AboutUs","fileTypesAndContributionMap":{}}]},{"date":"2025-03-07","commitResults":[{"hash":"80ada9470e020025381538dcd7f098a3c89712e7","isMergeCommit":false,"messageTitle":"Docs: Update DG\u0027s target user profile, value proposition and 12 user stories","messageBody":"","fileTypesAndContributionMap":{"docs":{"insertions":31,"deletions":20}}},{"hash":"0547edf0c9cad056bfd053a3f6e2899583ce4d06","isMergeCommit":false,"messageTitle":"Docs: Update use case for add tag(s) to a candidate","messageBody":"","fileTypesAndContributionMap":{"docs":{"insertions":25,"deletions":1}}},{"hash":"abb3e6dc8347bdd7164e91d7a02e91d81f7d8d3f","isMergeCommit":true,"messageTitle":"Docs: Update target user profile and user stories","messageBody":"","fileTypesAndContributionMap":{}},{"hash":"5bd6a96ce825103070b4aa89899e88a27d90a044","isMergeCommit":true,"messageTitle":"Merge master into \u0027branch-add-use-case\u0027","messageBody":"","fileTypesAndContributionMap":{}},{"hash":"d70aff57cfec6e1a0e2244543aa4a6f5aee61a78","isMergeCommit":false,"messageTitle":"Docs: Update UC-005","messageBody":"","fileTypesAndContributionMap":{"docs":{"insertions":2,"deletions":1}}},{"hash":"e42a7606cddda7a3498dff82f37446d0712959e9","isMergeCommit":false,"messageTitle":"Docs: Update UC-005","messageBody":"","fileTypesAndContributionMap":{"docs":{"insertions":1,"deletions":1}}},{"hash":"e91faddffb5064e127e58d9ef0512134b2db0aaf","isMergeCommit":true,"messageTitle":"Merge pull request #61 from KarKuen/User-Stories","messageBody":"User Stories x24","fileTypesAndContributionMap":{}},{"hash":"6b7c7b9086e65b22070312500ba5310b73ee35b2","isMergeCommit":true,"messageTitle":"Docs: Update user stories","messageBody":"","fileTypesAndContributionMap":{}},{"hash":"003f38d9b14489154adb0639637932b1aacde946","isMergeCommit":true,"messageTitle":"Docs: Update user stories","messageBody":"","fileTypesAndContributionMap":{}},{"hash":"745f52a3b158ec9a715d8bad09d3d21eb9920e6e","isMergeCommit":false,"messageTitle":"Docs: Resolve merge conflicts","messageBody":"","fileTypesAndContributionMap":{"docs":{"insertions":34,"deletions":4}}}]},{"date":"2025-03-08","commitResults":[{"hash":"89e83801e633f09ca137585c1bcf6a7eceb238e7","isMergeCommit":true,"messageTitle":"Merge pull request #66 from delonlee01/update-glossary","messageBody":"Update DG\u0027s Glossary","fileTypesAndContributionMap":{}}]},{"date":"2025-03-11","commitResults":[{"hash":"9db8aaec6af3e3d1ee82d6f4c0a7ccb7c659d2d4","isMergeCommit":true,"messageTitle":"Merge pull request #68 from delonlee01/format-dg","messageBody":"Format DG \"Appendix: Requirements\" to have a consistent style","fileTypesAndContributionMap":{}}]},{"date":"2025-03-12","commitResults":[{"hash":"6c261e296c18e72ae76fb96ad15d31470baac8ee","isMergeCommit":true,"messageTitle":"Merge master into \u0027branch-add-use-case\u0027","messageBody":"","fileTypesAndContributionMap":{}},{"hash":"50911e3596e8c21dc60c8e01da67c3e157a5bced","isMergeCommit":false,"messageTitle":"Docs: Update UC-005 to remove internal details","messageBody":"","fileTypesAndContributionMap":{"docs":{"insertions":8,"deletions":8}}},{"hash":"e5e038bf999bb0aa53dd76864b8edb1b99df6f8c","isMergeCommit":false,"messageTitle":"Feat(add-tags): Add command without parser","messageBody":"","fileTypesAndContributionMap":{"functional-code":{"insertions":175,"deletions":0},"test-code":{"insertions":176,"deletions":0}}}]},{"date":"2025-03-13","commitResults":[{"hash":"3043388347dd4578c77887f2f2e2d81819626826","isMergeCommit":true,"messageTitle":"Merge pull request #91 from KarKuen/Package-renaming","messageBody":"Rename AddressBook to RecruitTrackPro","fileTypesAndContributionMap":{}},{"hash":"bf09fc7c1d1e6ec59dda4ef81138abf659a32eb6","isMergeCommit":true,"messageTitle":"Merge pull request #94 from KarKuen/update-use-case","messageBody":"Update UC-002 to remove internal details","fileTypesAndContributionMap":{}},{"hash":"c3ae2292416427811996cd2219e648b5467e885b","isMergeCommit":true,"messageTitle":"Merge master into \u0027branch-add-use-case\u0027","messageBody":"","fileTypesAndContributionMap":{}},{"hash":"f5ce77a531dbcd5b353413c56bc76ce73714fd02","isMergeCommit":false,"messageTitle":"Docs: Update UC-005 to remove internal details","messageBody":"","fileTypesAndContributionMap":{"docs":{"insertions":1,"deletions":1}}},{"hash":"f718ab2611b759cbcedd4ad7b33b96473dc89c35","isMergeCommit":true,"messageTitle":"Feat(add-tags): Resolve merge conflicts","messageBody":"","fileTypesAndContributionMap":{}},{"hash":"06e2df662f4111a27c27ee810ae38e1a4510dca1","isMergeCommit":false,"messageTitle":"Refactor: Optimise AddTagsCommand logic and unit tests","messageBody":"","fileTypesAndContributionMap":{"functional-code":{"insertions":10,"deletions":27},"test-code":{"insertions":15,"deletions":6}}},{"hash":"83aa32553bbb9a251d42029db9b3f8b050f18082","isMergeCommit":true,"messageTitle":"Merge pull request #89 from KarKuen/Case-Insensitivity","messageBody":"Update all commands to be case-insensitive","fileTypesAndContributionMap":{}},{"hash":"e53730979d715579d800f6a959e30fa8b5d9f10b","isMergeCommit":true,"messageTitle":"Merge master into \u0027branch-addtags-command\u0027","messageBody":"","fileTypesAndContributionMap":{}},{"hash":"a23c47df5454b058a479857b1cc38e411654667e","isMergeCommit":false,"messageTitle":"Refactor: Optimise AddTagsCommandTest","messageBody":"","fileTypesAndContributionMap":{"test-code":{"insertions":7,"deletions":13}}}]}],"KarKuen":[{"date":"2025-03-04","commitResults":[{"hash":"6601d816949baab1d1c7aa43dadafc1ca320e9fa","isMergeCommit":false,"messageTitle":"Update about us page","messageBody":"","fileTypesAndContributionMap":{"docs":{"insertions":18,"deletions":16}}},{"hash":"8054dfa4e2193194d09aeef47cf60a2fac89e1ed","isMergeCommit":false,"messageTitle":"Update about us page","messageBody":"","fileTypesAndContributionMap":{"docs":{"insertions":1,"deletions":2}}},{"hash":"bc063a28fb43a78e3aeb8e7f11f594e029e2d362","isMergeCommit":false,"messageTitle":"Update about us page","messageBody":"","fileTypesAndContributionMap":{"docs":{"insertions":14,"deletions":15}}},{"hash":"22cbf47e6ad704a0dec1a215b083cd07a1ae2aad","isMergeCommit":true,"messageTitle":"Merge pull request #24 from delonlee01/update-about-us","messageBody":"Update Delon\u0027s AboutUs","fileTypesAndContributionMap":{}}]},{"date":"2025-03-06","commitResults":[{"hash":"21c7b78c405a313f503d2c257649a0f4ec4ace0e","isMergeCommit":false,"messageTitle":"Add User Stories","messageBody":"","fileTypesAndContributionMap":{"docs":{"insertions":14,"deletions":8}}},{"hash":"023e917369b7b026923029f045bb643ccdac734f","isMergeCommit":false,"messageTitle":"Add user stories in order of priority","messageBody":"","fileTypesAndContributionMap":{"docs":{"insertions":14,"deletions":14}}},{"hash":"53bf5c571efa1fc0dfc71216f189e25f666b1d8b","isMergeCommit":true,"messageTitle":"Merge pull request #49 from delonlee01/add-find-uc","messageBody":"Add use case for \"find candidate\"","fileTypesAndContributionMap":{}},{"hash":"ad20051c1044595cd98b5070fa0e1861670a2690","isMergeCommit":false,"messageTitle":"Add extension for Find Candidate use case","messageBody":"","fileTypesAndContributionMap":{"docs":{"insertions":11,"deletions":0}}},{"hash":"e02af7fae407d9170537dec99d44f87353e88627","isMergeCommit":false,"messageTitle":"Add use case for list candidate","messageBody":"","fileTypesAndContributionMap":{"docs":{"insertions":5,"deletions":15}}}]},{"date":"2025-03-07","commitResults":[{"hash":"f7042dc2b6c64bdf70fbe79299dd80ab6cc01d27","isMergeCommit":true,"messageTitle":"Merge branch \u0027master\u0027 into Add-use-case-for-list-candidates","messageBody":"# Conflicts:\n#\tdocs/DeveloperGuide.md\n","fileTypesAndContributionMap":{}},{"hash":"413bc7f2b32a6c4b897ee60fc6623f27308e36cd","isMergeCommit":true,"messageTitle":"Merge pull request #46 from delonlee01/update-nfr","messageBody":"Update DG\u0027s NFRs","fileTypesAndContributionMap":{}},{"hash":"f874ac55416dd5b2963b02f9384fb42d2f312488","isMergeCommit":true,"messageTitle":"Merge pull request #52 from delonlee01/add-free-form-notes-uc","messageBody":"Add use case for \"add free-form notes\"","fileTypesAndContributionMap":{}},{"hash":"f804716af1a2e3a23a23db459836e9ab708a1664","isMergeCommit":false,"messageTitle":"Update User Stories","messageBody":"","fileTypesAndContributionMap":{"docs":{"insertions":26,"deletions":14}}},{"hash":"e57b719f16bd037d44c58404791255dd7bddf55c","isMergeCommit":false,"messageTitle":"Fix Typo","messageBody":"","fileTypesAndContributionMap":{"docs":{"insertions":26,"deletions":26}}}]},{"date":"2025-03-12","commitResults":[{"hash":"79f282ee55d67afa62532ae6df594ad5b4317984","isMergeCommit":false,"messageTitle":"Add toLowerCase() to make commands case insensitive","messageBody":"","fileTypesAndContributionMap":{"functional-code":{"insertions":1,"deletions":1}}},{"hash":"424bec2a512fb442e4c204534835d29731a0c89a","isMergeCommit":false,"messageTitle":"Update all commands to be case-insensitive","messageBody":"","fileTypesAndContributionMap":{"functional-code":{"insertions":2,"deletions":2}}},{"hash":"03a2506ec11998f14890ade48aa6dc935b037dfc","isMergeCommit":false,"messageTitle":"Rename AddressBook to RecruitTrackPro","messageBody":"","fileTypesAndContributionMap":{"functional-code":{"insertions":236,"deletions":235},"other":{"insertions":74,"deletions":74},"docs":{"insertions":93,"deletions":93},"test-code":{"insertions":239,"deletions":239}}},{"hash":"37fb0b46a4dc5ce0ded9d9b990c970eb56bb6b09","isMergeCommit":false,"messageTitle":"Fix code style issues","messageBody":"","fileTypesAndContributionMap":{"functional-code":{"insertions":10,"deletions":9},"test-code":{"insertions":14,"deletions":10}}}]},{"date":"2025-03-13","commitResults":[{"hash":"2ea827fc31e784cda49d0600ab84b572f6a71859","isMergeCommit":false,"messageTitle":"Edit address book to recruit track pro","messageBody":"","fileTypesAndContributionMap":{"docs":{"insertions":3,"deletions":3}}},{"hash":"f76b23b5c5bb8e4d3062807737bad0e5d40d4110","isMergeCommit":false,"messageTitle":"Update use case UC-002","messageBody":"","fileTypesAndContributionMap":{"docs":{"insertions":2,"deletions":3}}},{"hash":"6dcde8b2fa1c884839a16cd96e9dabead6d471e9","isMergeCommit":false,"messageTitle":"Edit seedu/address to seedu/recruittrackpro","messageBody":"","fileTypesAndContributionMap":{"other":{"insertions":769,"deletions":769},"docs":{"insertions":5,"deletions":5},"test-code":{"insertions":3,"deletions":3}}},{"hash":"245b0f4b1b44e0244a178ed3b262c55eb3dca4bb","isMergeCommit":true,"messageTitle":"Merge branch \u0027master\u0027 into Case-Insensitivity","messageBody":"","fileTypesAndContributionMap":{}},{"hash":"05ad3896c202ca2becf2941e135300a6fecaa9ef","isMergeCommit":true,"messageTitle":"Merge pull request #72 from delonlee01/update-uc-006","messageBody":"Update UC-006 to exclude internal details of the system","fileTypesAndContributionMap":{}},{"hash":"597218fca9f5877a307b04ba3307380dc8ba4542","isMergeCommit":true,"messageTitle":"Merge pull request #73 from delonlee01/find-use-prefixes","messageBody":"Modify \"find\" command to use prefixes","fileTypesAndContributionMap":{}},{"hash":"9053fd6d72cd90108a4a312c6bc5760d8d2d2201","isMergeCommit":false,"messageTitle":"Update build.gradle file","messageBody":"","fileTypesAndContributionMap":{"other":{"insertions":1,"deletions":1}}}]},{"date":"2025-03-18","commitResults":[{"hash":"f2eecb1608956164db05d6406e29615eab6cacad","isMergeCommit":true,"messageTitle":"Merge pull request #100 from delonlee01/update-gui","messageBody":"Update GUI to follow UI mockup","fileTypesAndContributionMap":{}}]}],"delonlee01":[{"date":"2025-03-04","commitResults":[{"hash":"1d6c45645f10d405b42ecacfb5bbd35b535f193b","isMergeCommit":false,"messageTitle":"Update about us","messageBody":"","fileTypesAndContributionMap":{"docs":{"insertions":6,"deletions":7}}},{"hash":"3415edc1f5e7f4d389d1041b113697788a4feba0","isMergeCommit":true,"messageTitle":"Merge pull request #27 from twhjames/branch-update-aboutus","messageBody":"Update James\u0027 AboutUs","fileTypesAndContributionMap":{}}]},{"date":"2025-03-05","commitResults":[{"hash":"c289da074561c119d049ef338041a643ba89100d","isMergeCommit":false,"messageTitle":"Fix typo in AboutUs","messageBody":"","fileTypesAndContributionMap":{"docs":{"insertions":1,"deletions":1}}},{"hash":"8ac19365100997fc6f498c0a77baa9df4507f114","isMergeCommit":false,"messageTitle":"Update non-functional requirements","messageBody":"","fileTypesAndContributionMap":{"docs":{"insertions":5,"deletions":4}}},{"hash":"88c4c07579e437bdaf56ca6732b161ea82739718","isMergeCommit":false,"messageTitle":"Add more non-functional requirements","messageBody":"","fileTypesAndContributionMap":{"docs":{"insertions":6,"deletions":3}}}]},{"date":"2025-03-06","commitResults":[{"hash":"5a49225a72619d94ac706bcaf8fe55ef2a96c03d","isMergeCommit":false,"messageTitle":"Add use case for finding candidates","messageBody":"","fileTypesAndContributionMap":{"docs":{"insertions":20,"deletions":1}}},{"hash":"55b33cdc9a84717dfe616f065ade9ad74afe6b13","isMergeCommit":false,"messageTitle":"Fix typo","messageBody":"","fileTypesAndContributionMap":{"docs":{"insertions":1,"deletions":1}}},{"hash":"ee44057d5ce17031bba520a8b59594d6c6900593","isMergeCommit":true,"messageTitle":"Merge pull request #47 from KarKuen/User-Stories","messageBody":"KarKuen Update DG\u0027s User Stories (12 stories)","fileTypesAndContributionMap":{}}]},{"date":"2025-03-07","commitResults":[{"hash":"4402ac1449232a3694d5612637e24b5dd70f244e","isMergeCommit":false,"messageTitle":"Add use case for adding free-form notes","messageBody":"","fileTypesAndContributionMap":{"docs":{"insertions":17,"deletions":0}}},{"hash":"a2545f9700a68c3acab838e05a1cba6573544916","isMergeCommit":true,"messageTitle":"Merge pull request #50 from KarKuen/Add-phone-and-email-extension-for-find-candidate-use-case","messageBody":"Add \"phone, email, and address\" extension for \"find candidate\" use case","fileTypesAndContributionMap":{}},{"hash":"6a68159ec2034c8c3ca5f7d330ece18a39691261","isMergeCommit":true,"messageTitle":"Merge branch \u0027master\u0027 into add-free-form-notes-uc","messageBody":"","fileTypesAndContributionMap":{}},{"hash":"c4a1859f84e7efdd7f37b5be233226545d8eaee1","isMergeCommit":false,"messageTitle":"Remove extra empty line","messageBody":"","fileTypesAndContributionMap":{"docs":{"insertions":0,"deletions":1}}},{"hash":"0ed277e115ae2610a4fa834d7dbcaf54cc582891","isMergeCommit":true,"messageTitle":"Merge pull request #51 from KarKuen/Add-use-case-for-list-candidates","messageBody":"Add use case for \"list candidates\"","fileTypesAndContributionMap":{}},{"hash":"7217c70b4fb9aed534ff952322e82d4e381c8fe0","isMergeCommit":true,"messageTitle":"Merge pull request #53 from twhjames/branch-update-user-stories","messageBody":"Update DG\u0027s Target User Profile, Value Proposition and 12 User Stories","fileTypesAndContributionMap":{}},{"hash":"ec1d7fe9a2bdc9f98f1adcac6e90103b1031dc46","isMergeCommit":true,"messageTitle":"Merge pull request #55 from twhjames/branch-add-use-case","messageBody":"Add use case for \"add tag\"","fileTypesAndContributionMap":{}},{"hash":"2a1b7836e62e9cd684af3e42d495fd0a9cb2f80f","isMergeCommit":true,"messageTitle":"Merge pull request #62 from twhjames/branch-update-site-wide-settings","messageBody":"Update Site-Wide Settings","fileTypesAndContributionMap":{}}]},{"date":"2025-03-08","commitResults":[{"hash":"c80dee3879f025433e4cc62b63133f201d83882e","isMergeCommit":true,"messageTitle":"Merge pull request #59 from kylieluk88/Add-candidate-use-case","messageBody":"Add use case for \"add candidate\"","fileTypesAndContributionMap":{}},{"hash":"56a4161fb0427aea160020d289421eb70d4f1b6d","isMergeCommit":false,"messageTitle":"Update glossary","messageBody":"","fileTypesAndContributionMap":{"docs":{"insertions":1,"deletions":0}}}]},{"date":"2025-03-09","commitResults":[{"hash":"576467cba1c1d402f23149e5770d125a579af72d","isMergeCommit":false,"messageTitle":"Format user stories table","messageBody":"","fileTypesAndContributionMap":{"docs":{"insertions":37,"deletions":37}}},{"hash":"ef00e501bb27b5e6ad7a15553e4f1e0f0d3a48a6","isMergeCommit":false,"messageTitle":"Fix line spacings","messageBody":"","fileTypesAndContributionMap":{"docs":{"insertions":27,"deletions":12}}},{"hash":"d32d2d19192e67b18654e3f8bd80d0563b87056f","isMergeCommit":false,"messageTitle":"Remove irrelevant glossary","messageBody":"","fileTypesAndContributionMap":{"docs":{"insertions":0,"deletions":1}}}]},{"date":"2025-03-11","commitResults":[{"hash":"7137e09ada3cb6173a05c6d114817fcf6c5685c3","isMergeCommit":false,"messageTitle":"Update UC-006 to remove internal details of system","messageBody":"","fileTypesAndContributionMap":{"docs":{"insertions":1,"deletions":2}}},{"hash":"7e027c85977f01b1091e8533d9812082225b41c3","isMergeCommit":false,"messageTitle":"Modify FindCommandParser to use prefix","messageBody":"","fileTypesAndContributionMap":{"functional-code":{"insertions":27,"deletions":5}}}]},{"date":"2025-03-12","commitResults":[{"hash":"113a1f74a829dad5993910766d32ca06857ed88f","isMergeCommit":false,"messageTitle":"Fix tests that uses FindCommandParser","messageBody":"","fileTypesAndContributionMap":{"test-code":{"insertions":5,"deletions":3}}},{"hash":"dc8606f35406c6b6fe05ea9d57c2567d967ef3da","isMergeCommit":false,"messageTitle":"Rename isAtLeastOnePrefixPresent -\u003e hasAtLeastOnePrefixPresent","messageBody":"","fileTypesAndContributionMap":{"functional-code":{"insertions":2,"deletions":2}}},{"hash":"bba81434558b4787059d9f04c3d4a4699aa92046","isMergeCommit":false,"messageTitle":"Add tests for more failure cases","messageBody":"","fileTypesAndContributionMap":{"test-code":{"insertions":12,"deletions":1}}},{"hash":"ab37d02d084ea335280b51985bf89111ec7e8c3b","isMergeCommit":false,"messageTitle":"Refactor tests","messageBody":"","fileTypesAndContributionMap":{"test-code":{"insertions":3,"deletions":5}}},{"hash":"1f8d7cb2a62dbf766d64beb5005c82bfc84b01e3","isMergeCommit":false,"messageTitle":"Refactor FindCommandParser and tests","messageBody":"","fileTypesAndContributionMap":{"functional-code":{"insertions":9,"deletions":8},"test-code":{"insertions":2,"deletions":1}}},{"hash":"6e0352eaa21b3ef985676f6da691fb9e7b23080f","isMergeCommit":false,"messageTitle":"Fix non-empty preamble test","messageBody":"","fileTypesAndContributionMap":{"test-code":{"insertions":1,"deletions":1}}}]},{"date":"2025-03-13","commitResults":[{"hash":"b1a77cdf1ddbbb29fd400aa3b5c3fd4dfe2f4590","isMergeCommit":true,"messageTitle":"Merge branch \u0027master\u0027 into find-use-prefixes","messageBody":"# Conflicts:\n#\tsrc/main/java/seedu/recruittrackpro/logic/parser/FindCommandParser.java\n#\tsrc/test/java/seedu/recruittrackpro/logic/parser/FindCommandParserTest.java\n#\tsrc/test/java/seedu/recruittrackpro/logic/parser/RecruitTrackProParserTest.java\n","fileTypesAndContributionMap":{}},{"hash":"05eb44667e71c666c7e8593f51e97d4c52b6a5d5","isMergeCommit":true,"messageTitle":"Merge pull request #82 from twhjames/branch-add-use-case","messageBody":"Update UC-005 to remove internal details","fileTypesAndContributionMap":{}},{"hash":"e9a0e6d7e65ca622b23a131c67f0b4d72315b4ce","isMergeCommit":true,"messageTitle":"Merge pull request #87 from twhjames/branch-addtags-command","messageBody":"Add `add-tags` Command (Without Parser Integration)","fileTypesAndContributionMap":{}},{"hash":"cebe8c3160fd5ca8c86f20361f2320a6495e0d85","isMergeCommit":false,"messageTitle":"Refine extension of UC-006","messageBody":"","fileTypesAndContributionMap":{"docs":{"insertions":2,"deletions":2}}},{"hash":"e34e297f3b7f1e643aa471acaf5c2dd346b43c70","isMergeCommit":true,"messageTitle":"Merge pull request #97 from KarKuen/Package-renaming","messageBody":"Update build.gradle file","fileTypesAndContributionMap":{}}]},{"date":"2025-03-16","commitResults":[{"hash":"dbffd92f0ac33cb60bf1bb6ee16a4a70b0af53c8","isMergeCommit":false,"messageTitle":"Update GUI to follow UI mockup","messageBody":"","fileTypesAndContributionMap":{"functional-code":{"insertions":32,"deletions":12}}}]}]},"authorFileTypeContributionMap":{"kylieluk88":{"docs":61,"functional-code":2,"test-code":3},"aisyahally":{"docs":17,"functional-code":6,"test-code":3},"twhjames":{"docs":70,"functional-code":158,"test-code":179},"KarKuen":{"docs":124,"functional-code":575,"test-code":690,"other":2},"delonlee01":{"docs":58,"functional-code":55,"test-code":18}},"authorContributionVariance":{"kylieluk88":164.76482,"aisyahally":517.6745,"twhjames":5489.2153,"KarKuen":148860.1,"delonlee01":634.9364},"authorDisplayNameMap":{"kylieluk88":"CS2103-F15-3 KYLI.. YAN","aisyahally":"CS2103-F15-3 AISY..ALLY","twhjames":"CS2103-F15-3 TEO ..AMES","KarKuen":"CS2103-F15-3 LEE ..KUEN","delonlee01":"CS2103-F15-3 LEE ..ELON"}}
