{"authorDailyContributionsMap":{"dragonesejosh":[{"date":"2025-02-21","commitResults":[{"hash":"0f24b338855c2abe1fcc488c82972ab7e10cf25d","isMergeCommit":false,"messageTitle":"Update README.md","messageBody":"","fileTypesAndContributionMap":{"docs":{"insertions":2,"deletions":0}}}]},{"date":"2025-03-05","commitResults":[{"hash":"8374d0c937831b68d9353a1e2925fe26a3b462e5","isMergeCommit":false,"messageTitle":"Update AboutUs with photo","messageBody":"","fileTypesAndContributionMap":{"docs":{"insertions":3,"deletions":3}}},{"hash":"c67415c2fba236ff9cddc5971ac822529b8b13e4","isMergeCommit":true,"messageTitle":"Merge pull request #20 from gekjunxu/add-about-us","messageBody":"Update AboutUs for Jun Xu","fileTypesAndContributionMap":{}},{"hash":"8c3052aac6259c611eeda75f34decffb062da6f0","isMergeCommit":true,"messageTitle":"Merge pull request #21 from swatirajesh277/branch-update-aboutus","messageBody":"update about us with swati\u0027s photo","fileTypesAndContributionMap":{}},{"hash":"d31309cae49cd23482c2ea364451b4f65af730ad","isMergeCommit":true,"messageTitle":"Merge pull request #22 from ShiJianXi/branch-UpdateAboutUs-JianXi","messageBody":"Update AboutUs by JianXi","fileTypesAndContributionMap":{}},{"hash":"c79d97b04ac3595195444fa7806e99a625a248fd","isMergeCommit":true,"messageTitle":"Merge pull request #23 from dragonesejosh/v1.1-update-about-us","messageBody":"Update AboutUs with Joshua\u0027s photo","fileTypesAndContributionMap":{}},{"hash":"da5c58c2f1bf3f124df2960964fc648eae0b8e12","isMergeCommit":true,"messageTitle":"Merge pull request #24 from weiwong834/branch-Update-AboutUs","messageBody":"Update AboutUs with Wei Yin\u0027s Photo","fileTypesAndContributionMap":{}}]},{"date":"2025-03-13","commitResults":[{"hash":"98399446bc7cee28599a876cf3880fd06ac17f89","isMergeCommit":false,"messageTitle":"Rename Address to Project","messageBody":"","fileTypesAndContributionMap":{"functional-code":{"insertions":43,"deletions":43},"other":{"insertions":20,"deletions":20},"test-code":{"insertions":20,"deletions":20}}},{"hash":"6b874ebf3331349bd654515077153307d3b00f1a","isMergeCommit":false,"messageTitle":"Replace all instances of Address/address with Project/project","messageBody":"","fileTypesAndContributionMap":{"functional-code":{"insertions":57,"deletions":57},"test-code":{"insertions":35,"deletions":35}}},{"hash":"fb5a3199b6e6c17fadbd8bcb59592fd73c9d4be3","isMergeCommit":false,"messageTitle":"Update test cases to work with Project instead of Address","messageBody":"","fileTypesAndContributionMap":{"test-code":{"insertions":85,"deletions":85}}},{"hash":"531e8545690f9afbf0162740b6da5fb165f381ab","isMergeCommit":false,"messageTitle":"Update import order to match checkstyle","messageBody":"","fileTypesAndContributionMap":{"functional-code":{"insertions":9,"deletions":9}}},{"hash":"dd54c93455cf6d5f0877d54ee347ec23d4224728","isMergeCommit":false,"messageTitle":"Update import order in test files to match checkstyle","messageBody":"","fileTypesAndContributionMap":{"test-code":{"insertions":23,"deletions":23}}}]},{"date":"2025-03-14","commitResults":[{"hash":"7ca35d5f9e581097b389adde1faf7b9349514581","isMergeCommit":true,"messageTitle":"Merge pull request #40 from dragonesejosh/v1.2-update-add-command","messageBody":"Update Add command to use Project field","fileTypesAndContributionMap":{}}]},{"date":"2025-03-17","commitResults":[{"hash":"5910f1cbbf01cf6330a74d58907ff1827a34e6c1","isMergeCommit":true,"messageTitle":"Merge pull request #54 from swatirajesh277/branch-change-ui","messageBody":"Add ui changes to match mvp version","fileTypesAndContributionMap":{}},{"hash":"09b28ffd48d44b6fa2104b5c6946adc2391d2e3c","isMergeCommit":true,"messageTitle":"Merge pull request #56 from ShiJianXi/branch-update-readme","messageBody":"Update website link in readme","fileTypesAndContributionMap":{}},{"hash":"792f4a45a4afdfdc343028a5c27130fda608e54b","isMergeCommit":true,"messageTitle":"Merge pull request #62 from gekjunxu/rename-json-file","messageBody":"Rename JSON files","fileTypesAndContributionMap":{}},{"hash":"fdd998eba2b6e05f53559ea08d18a0448dde8a36","isMergeCommit":false,"messageTitle":"Update Title from AB3 to Prof-iler","messageBody":"","fileTypesAndContributionMap":{"other":{"insertions":1,"deletions":1}}}]},{"date":"2025-03-18","commitResults":[{"hash":"956e83479395f654654225612092d645d99791fe","isMergeCommit":false,"messageTitle":"Implement progress update command","messageBody":"","fileTypesAndContributionMap":{"functional-code":{"insertions":119,"deletions":0}}}]},{"date":"2025-03-20","commitResults":[{"hash":"bc54d44201ef204911e0a868146054107268ab0b","isMergeCommit":true,"messageTitle":"Merge pull request #72 from swatirajesh277/branch-add-progress","messageBody":"Add progress ","fileTypesAndContributionMap":{}},{"hash":"2339b788c1b92399fd566d0527bc2a03bc1826af","isMergeCommit":true,"messageTitle":"Merge branch \u0027master\u0027 into branch-add-update-progress-command","messageBody":"","fileTypesAndContributionMap":{}},{"hash":"c7ea3f3616e43bbdcd222fc6ffbfccc8f58580b8","isMergeCommit":false,"messageTitle":"Update command to use Progress instead of Phone","messageBody":"","fileTypesAndContributionMap":{"functional-code":{"insertions":18,"deletions":15}}},{"hash":"170444bec890c522e23507cc21c87edbee576358","isMergeCommit":false,"messageTitle":"Add test cases","messageBody":"","fileTypesAndContributionMap":{"functional-code":{"insertions":8,"deletions":2},"test-code":{"insertions":204,"deletions":0}}},{"hash":"e1246be506c18c5923bbf05b34ccdd43a25c5b99","isMergeCommit":false,"messageTitle":"Fix whitespace","messageBody":"","fileTypesAndContributionMap":{"functional-code":{"insertions":1,"deletions":1}}},{"hash":"f110d089e0ea05de89621a0cc6d7208705c7d8a6","isMergeCommit":true,"messageTitle":"Merge branch \u0027master\u0027 into branch-add-update-progress-command","messageBody":"","fileTypesAndContributionMap":{}},{"hash":"fb646d40d91b5b7e8ce63ae53143d072fbe16cd4","isMergeCommit":false,"messageTitle":"Update ProgressCommand to include ID","messageBody":"","fileTypesAndContributionMap":{"functional-code":{"insertions":2,"deletions":3}}},{"hash":"29b3fe5640099bb9a7d391eb546db16d83dabc50","isMergeCommit":false,"messageTitle":"Add progress command to User Guide","messageBody":"","fileTypesAndContributionMap":{"docs":{"insertions":15,"deletions":0}}},{"hash":"f2074c336a4fc1f633aa5fc76f91af77cd96335d","isMergeCommit":true,"messageTitle":"Merge pull request #84 from swatirajesh277/branch-update-ug","messageBody":"Add progress to ug","tags":["v1.3"],"fileTypesAndContributionMap":{}}]},{"date":"2025-03-24","commitResults":[{"hash":"378d7c39b1f591886c733da2b0b0acc3d46602bb","isMergeCommit":true,"messageTitle":"Merge branch \u0027master\u0027 into rename-log-file-exit-command","messageBody":"","fileTypesAndContributionMap":{}},{"hash":"3a8fd9d18eb73767cf2140a8eaa0825d56a9dd45","isMergeCommit":true,"messageTitle":"Merge pull request #102 from gekjunxu/rename-log-file-exit-command","messageBody":"Rename log file exit command","fileTypesAndContributionMap":{}},{"hash":"fd1b4c42b3c82e04c0e38da3077c0e1cdb9b27ee","isMergeCommit":false,"messageTitle":"Change app title and icon name from \"pro-filer\" to \"prof-iler\"","messageBody":"","fileTypesAndContributionMap":{"functional-code":{"insertions":3,"deletions":3},"test-code":{"insertions":1,"deletions":1}}},{"hash":"d67330477d1c88b513a5d1f30b0d0aaaadac7589","isMergeCommit":false,"messageTitle":"Replace instance of \"i\" in DeveloperGuide with \"I\"","messageBody":"","fileTypesAndContributionMap":{"docs":{"insertions":4,"deletions":4}}}]},{"date":"2025-03-26","commitResults":[{"hash":"79584561dbd6e23394158e662b1f6a0a6e440100","isMergeCommit":false,"messageTitle":"Implement clear by project","messageBody":"","fileTypesAndContributionMap":{"functional-code":{"insertions":106,"deletions":5},"test-code":{"insertions":2,"deletions":2}}},{"hash":"0820b82a6335d5cd33d17eeaa5ae2c0d1eb07152","isMergeCommit":false,"messageTitle":"Add equals and toString to ClearCommand","messageBody":"","fileTypesAndContributionMap":{"functional-code":{"insertions":23,"deletions":1}}},{"hash":"c275417dcbbe363e41405f07b9717374d4380f1c","isMergeCommit":false,"messageTitle":"Add test cases","messageBody":"","fileTypesAndContributionMap":{"functional-code":{"insertions":3,"deletions":0},"test-code":{"insertions":175,"deletions":1}}},{"hash":"e330d6a2be3a6494ae4c0f9371296e363ce43c90","isMergeCommit":false,"messageTitle":"Fix checkstyle","messageBody":"","fileTypesAndContributionMap":{"test-code":{"insertions":4,"deletions":4}}}]},{"date":"2025-03-27","commitResults":[{"hash":"49d3a7f57239859aeeb1023e9895128ca48bd0ff","isMergeCommit":true,"messageTitle":"Merge pull request #123 from swatirajesh277/branch-separate-tiplines","messageBody":"Fix tip issue in user guide","fileTypesAndContributionMap":{}},{"hash":"d35f9cc74c182a60e4e9625ab516392c8060e9a1","isMergeCommit":true,"messageTitle":"Merge pull request #124 from swatirajesh277/branch-ug-edit","messageBody":"Branch ug edit","fileTypesAndContributionMap":{}},{"hash":"f541439a8973564a3adcd40c6d58e49a4b3a5a78","isMergeCommit":true,"messageTitle":"Merge pull request #130 from gekjunxu/enable-assertions","messageBody":"Enable assertions","fileTypesAndContributionMap":{}},{"hash":"2e42aebd1521b9099c427c42bfa8aece49150437","isMergeCommit":false,"messageTitle":"Merge branch \u0027master\u0027 into branch-clear-by-project","messageBody":"# Conflicts:\n#\tsrc/main/java/seedu/address/logic/commands/ClearCommand.java\n#\tsrc/test/java/seedu/address/logic/commands/ClearCommandTest.java\n","fileTypesAndContributionMap":{"functional-code":{"insertions":490,"deletions":23},"other":{"insertions":11,"deletions":7},"docs":{"insertions":20,"deletions":13},"test-code":{"insertions":559,"deletions":71}}},{"hash":"b75cdb6914bc7844224c70bab681a09f29277cf9","isMergeCommit":true,"messageTitle":"Merge branch \u0027master\u0027 into branch-clear-by-project","messageBody":"","fileTypesAndContributionMap":{}},{"hash":"1c752b4c5ba6ea17ec52503126b2725da80bbf4c","isMergeCommit":true,"messageTitle":"Merge branch \u0027master\u0027 into branch-add-log","messageBody":"","fileTypesAndContributionMap":{}},{"hash":"8a1a7cc87234394e9fb1c3cdcb0d749c6628cd9d","isMergeCommit":true,"messageTitle":"Merge pull request #133 from swatirajesh277/branch-add-log","messageBody":"Branch add log","tags":["v1.4"],"fileTypesAndContributionMap":{}}]},{"date":"2025-03-28","commitResults":[{"hash":"d85493aea2eb7b5b18a82f9957137af80fe8aaac","isMergeCommit":true,"messageTitle":"Merge pull request #144 from gekjunxu/add-more-assertions","messageBody":"Add more assertions","fileTypesAndContributionMap":{}}]}],"weiwong834":[{"date":"2025-03-05","commitResults":[{"hash":"1032536f423f222b97ee64b5ede87c14195e79aa","isMergeCommit":false,"messageTitle":"Add photo to AboutUs","messageBody":"","fileTypesAndContributionMap":{"docs":{"insertions":3,"deletions":3}}}]},{"date":"2025-03-10","commitResults":[{"hash":"2bfe1d82c785363ac10107bc65f7b4b85f57e7fd","isMergeCommit":false,"messageTitle":"Update Glossary in DeveloperGuide","messageBody":"","fileTypesAndContributionMap":{"docs":{"insertions":5,"deletions":1}}}]},{"date":"2025-03-12","commitResults":[{"hash":"ddca9d9170270b2525a900e096c6a4bc005a2fe1","isMergeCommit":true,"messageTitle":"Merge pull request #32 from swatirajesh277/branch-update-readme","messageBody":"Update readme ","fileTypesAndContributionMap":{}}]},{"date":"2025-03-16","commitResults":[{"hash":"7f572002c0ba4deec97a085fd7e51ac8563ef6fa","isMergeCommit":false,"messageTitle":"Update command usage in User Guide","messageBody":"","fileTypesAndContributionMap":{"docs":{"insertions":7,"deletions":7}}}]},{"date":"2025-03-19","commitResults":[{"hash":"bc1f9d81d70fcfaa6c36971f2b0f6baf5ff54665","isMergeCommit":false,"messageTitle":"Rename index from id to idx","messageBody":"","fileTypesAndContributionMap":{"functional-code":{"insertions":3,"deletions":3}}},{"hash":"be4b5fd389c81d06fd47637396fcc5c9ad56b72a","isMergeCommit":false,"messageTitle":"Implement Add to include ID","messageBody":"","fileTypesAndContributionMap":{"functional-code":{"insertions":157,"deletions":26}}},{"hash":"2118b554fd54efb9ccc6eda83a92451f0a97db19","isMergeCommit":false,"messageTitle":"Implement tests for new ID field","messageBody":"","fileTypesAndContributionMap":{"test-code":{"insertions":268,"deletions":79}}}]},{"date":"2025-03-20","commitResults":[{"hash":"74f25dadc95f3436406fef5eb21c975000925955","isMergeCommit":false,"messageTitle":"Add test cases for IdTest","messageBody":"","fileTypesAndContributionMap":{"test-code":{"insertions":32,"deletions":6}}},{"hash":"4029d1ebdaa13a26b1d730bc3717bf9dcec47239","isMergeCommit":false,"messageTitle":"Fix checkstyle","messageBody":"","fileTypesAndContributionMap":{"functional-code":{"insertions":20,"deletions":16},"test-code":{"insertions":74,"deletions":76}}},{"hash":"882153ed7abf144818f34002879b662f888776ca","isMergeCommit":false,"messageTitle":"Update Add Id usage in UserGuide","messageBody":"","fileTypesAndContributionMap":{"docs":{"insertions":7,"deletions":7}}},{"hash":"21888a6d7218c239da4b5a12c62245a446938109","isMergeCommit":false,"messageTitle":"Fix edit in UG summary","messageBody":"","fileTypesAndContributionMap":{"docs":{"insertions":1,"deletions":1}}}]},{"date":"2025-03-24","commitResults":[{"hash":"22412e35a938af100d6a627d3e53a757cdc1b450","isMergeCommit":true,"messageTitle":"Merge pull request #100 from gekjunxu/handle-progress-as-string","messageBody":"Handle progress as string","fileTypesAndContributionMap":{}}]},{"date":"2025-03-26","commitResults":[{"hash":"a83441b82c18b52ab5646344df3a3a73a5b1cfa9","isMergeCommit":false,"messageTitle":"Update Delete command to delete multiple entries at once","messageBody":"","fileTypesAndContributionMap":{"functional-code":{"insertions":74,"deletions":25}}},{"hash":"fe66179e2b45bfab669693de8de3f643d3fca9c9","isMergeCommit":false,"messageTitle":"Update test and output fields logic","messageBody":"","fileTypesAndContributionMap":{"functional-code":{"insertions":3,"deletions":1},"test-code":{"insertions":7,"deletions":7}}},{"hash":"439c9ab6129ec26098afc06bb30ea7401d36b6ba","isMergeCommit":false,"messageTitle":"Implement Delete command tests","messageBody":"","fileTypesAndContributionMap":{"test-code":{"insertions":78,"deletions":22}}},{"hash":"e000dd81aeb6fa859770aceb38c41e36e84098a5","isMergeCommit":false,"messageTitle":"Update UG to align with implementation of Delete Command","messageBody":"","fileTypesAndContributionMap":{"docs":{"insertions":8,"deletions":6}}},{"hash":"2d69f0c42da8e44347ce4b8b9e8e3089e27d2caa","isMergeCommit":false,"messageTitle":"Fix checkstyle","messageBody":"","fileTypesAndContributionMap":{"functional-code":{"insertions":0,"deletions":2}}},{"hash":"ab20c11f40bd30141868675c1738afbdc328a7e0","isMergeCommit":false,"messageTitle":"Remove unused code","messageBody":"","fileTypesAndContributionMap":{"functional-code":{"insertions":2,"deletions":17}}}]},{"date":"2025-03-27","commitResults":[{"hash":"2bad03b82176feac8540b91e121298901a6f65d8","isMergeCommit":false,"messageTitle":"Add usages to help window","messageBody":"","fileTypesAndContributionMap":{"functional-code":{"insertions":97,"deletions":25}}},{"hash":"dc1fac5a79e71a6491812d425a0dd8960194a186","isMergeCommit":false,"messageTitle":"Fix bug","messageBody":"","fileTypesAndContributionMap":{"functional-code":{"insertions":1,"deletions":1}}},{"hash":"be653d619bd2627d502d0e7fed2f0ac729332bc6","isMergeCommit":false,"messageTitle":"Fix checkstyle","messageBody":"","fileTypesAndContributionMap":{"functional-code":{"insertions":25,"deletions":25}}},{"hash":"64041a38f08969543448a325ddf84ec6183802d8","isMergeCommit":false,"messageTitle":"Add log command usage to HelpWindow","messageBody":"","fileTypesAndContributionMap":{"functional-code":{"insertions":13,"deletions":9}}},{"hash":"a31175f919bc12103bcf300bb2a01402d950d869","isMergeCommit":false,"messageTitle":"Fix checkstyle","messageBody":"","fileTypesAndContributionMap":{"functional-code":{"insertions":3,"deletions":3}}},{"hash":"a1291e2cc53dbf14e22d71d59463c0dbdc007ac8","isMergeCommit":false,"messageTitle":"Update src/main/java/seedu/address/logic/commands/HelpCommand.java","messageBody":"Update usage specifications\n\nCo-authored-by: JianXi \u003c118092801+ShiJianXi@users.noreply.github.com\u003e","fileTypesAndContributionMap":{"functional-code":{"insertions":1,"deletions":1}}},{"hash":"7723820a1b629b89a990c00a8b331c502258a9c2","isMergeCommit":false,"messageTitle":"Fix Add command example","messageBody":"","fileTypesAndContributionMap":{"functional-code":{"insertions":1,"deletions":1}}},{"hash":"ad60a73a12ddb26d2ee1a08fa75aaf1cd948f4d8","isMergeCommit":false,"messageTitle":"Add Clear project to HelpWindow","messageBody":"","fileTypesAndContributionMap":{"functional-code":{"insertions":6,"deletions":3}}},{"hash":"5d24e67e877b0c024035e5f1edf84e22f5dcfa1d","isMergeCommit":true,"messageTitle":"Merge branch \u0027branch-delete-multiple-entries\u0027 of https://github.com/weiwong834/tp into branch-delete-multiple-entries","messageBody":"","fileTypesAndContributionMap":{}},{"hash":"290e9d173bff66f06c1c6bd2e81953d47ad0f61d","isMergeCommit":false,"messageTitle":"Fix bugs","messageBody":"","fileTypesAndContributionMap":{"test-code":{"insertions":1,"deletions":1}}}]}],"gekjunxu":[{"date":"2025-03-05","commitResults":[{"hash":"3ecddd0b08c6ec0be29feffb0261c919f5e72cf2","isMergeCommit":false,"messageTitle":"Update AboutUs","messageBody":"","fileTypesAndContributionMap":{"docs":{"insertions":3,"deletions":3}}}]},{"date":"2025-03-09","commitResults":[{"hash":"dbb081b6661142cbad9dc078c8c092c6d4c725e9","isMergeCommit":false,"messageTitle":"Update NFRs","messageBody":"","fileTypesAndContributionMap":{"docs":{"insertions":8,"deletions":1}}}]},{"date":"2025-03-12","commitResults":[{"hash":"a2f7fe7be2628d3f77ba7754f6129b8a2919dc29","isMergeCommit":false,"messageTitle":"Update DeveloperGuide","messageBody":"","fileTypesAndContributionMap":{"docs":{"insertions":0,"deletions":1}}}]},{"date":"2025-03-14","commitResults":[{"hash":"b3d1b0414bd914a9dd480928624093aea1ad1910","isMergeCommit":false,"messageTitle":"Update userguide url","messageBody":"","fileTypesAndContributionMap":{"functional-code":{"insertions":1,"deletions":1}}},{"hash":"06e1f05a062bca6d2492d6d886ebe62f4f515ef3","isMergeCommit":false,"messageTitle":"Rename Address Book to Prof-iler","messageBody":"","fileTypesAndContributionMap":{"functional-code":{"insertions":5,"deletions":5},"docs":{"insertions":2,"deletions":2}}},{"hash":"836d76574cb2ea18a2de3565cdaac6d6863e221f","isMergeCommit":false,"messageTitle":"Rename addressbook to Prof-iler","messageBody":"","fileTypesAndContributionMap":{"docs":{"insertions":7,"deletions":7}}},{"hash":"5bc0a90ad5c46ca540edfc7c6019e551047e9b9f","isMergeCommit":false,"messageTitle":"Rename AddressBook to Prof-iler","messageBody":"","fileTypesAndContributionMap":{"functional-code":{"insertions":1,"deletions":1}}}]},{"date":"2025-03-17","commitResults":[{"hash":"ffe9eab76311e2e353eebcc9528ab1f840430b91","isMergeCommit":true,"messageTitle":"Merge pull request #46 from gekjunxu/change-userguide-url","messageBody":"","fileTypesAndContributionMap":{}},{"hash":"33fb929fff93cb0fca8ea310d546d8b91146f0ca","isMergeCommit":true,"messageTitle":"Merge pull request #48 from gekjunxu/rename-ab3-to-prof-iler","messageBody":"","fileTypesAndContributionMap":{}},{"hash":"b2ea7e3083c984619c3bbc24f3d895c0c5022ffe","isMergeCommit":false,"messageTitle":"Update link to releases page","messageBody":"","fileTypesAndContributionMap":{"docs":{"insertions":1,"deletions":1}}},{"hash":"60f14469056e6378722e6b484d5c9b44369e50b0","isMergeCommit":false,"messageTitle":"Rename JSON files","messageBody":"","fileTypesAndContributionMap":{"functional-code":{"insertions":1,"deletions":1},"docs":{"insertions":1,"deletions":1},"test-code":{"insertions":1,"deletions":1}}},{"hash":"30b13429aea7c652b721b467faa12b63d611a0f7","isMergeCommit":true,"messageTitle":"Merge pull request #42 from ShiJianXi/branch-add-filter","messageBody":"Implement filter command, to implment tasks later","fileTypesAndContributionMap":{}},{"hash":"3ddb24efafd5b2e38a573bd04cb1096aa4861798","isMergeCommit":true,"messageTitle":"Merge pull request #60 from gekjunxu/update-releases-link","messageBody":"Update link to releases page","fileTypesAndContributionMap":{}},{"hash":"e9ae02126360efb413d0d4f317a60f3cd5a794a3","isMergeCommit":false,"messageTitle":"Edit Readme.md","messageBody":"","fileTypesAndContributionMap":{"docs":{"insertions":6,"deletions":10}}}]},{"date":"2025-03-18","commitResults":[{"hash":"1268b1a7f6e4b54c17058f26dc83819a0c0e4c70","isMergeCommit":false,"messageTitle":"Remove unwanted whitespace","messageBody":"","fileTypesAndContributionMap":{"docs":{"insertions":2,"deletions":3}}}]},{"date":"2025-03-20","commitResults":[{"hash":"468ad366bd529fe90c450cba7780cccad9b3be71","isMergeCommit":false,"messageTitle":"Add progress and student ID placeholder","messageBody":"","fileTypesAndContributionMap":{"functional-code":{"insertions":6,"deletions":0}}},{"hash":"23345dfee91b8ede0939588a2fd7b11033b731cb","isMergeCommit":false,"messageTitle":"Link progress data to UI field","messageBody":"","fileTypesAndContributionMap":{"functional-code":{"insertions":1,"deletions":1}}},{"hash":"38a552e2261e146b1a6ffdf7562ec2958beefdab","isMergeCommit":false,"messageTitle":"Link student ID to UI","messageBody":"","fileTypesAndContributionMap":{"functional-code":{"insertions":4,"deletions":1}}},{"hash":"9ce51458333997ec2d051a2670352f7956479079","isMergeCommit":true,"messageTitle":"Merge branch \u0027master\u0027 into branch-Update-UserGuide-Id","messageBody":"","fileTypesAndContributionMap":{}},{"hash":"8d1eed0af32246d4e10341f6ae361d217abd54ce","isMergeCommit":true,"messageTitle":"Merge pull request #86 from dragonesejosh/branch-update-ug-progress-command","messageBody":"Update User Guide to include progress command","fileTypesAndContributionMap":{}}]},{"date":"2025-03-21","commitResults":[{"hash":"f971d0fa491db29cf6772a3ce0d6c5117dd800b7","isMergeCommit":false,"messageTitle":"Change progress to use String instead of int","messageBody":"","fileTypesAndContributionMap":{"functional-code":{"insertions":25,"deletions":28}}}]},{"date":"2025-03-22","commitResults":[{"hash":"95d5b9e9dd31b2620cf5c245831b1a98353ea787","isMergeCommit":false,"messageTitle":"Change more int instances to String","messageBody":"","fileTypesAndContributionMap":{"test-code":{"insertions":9,"deletions":9}}},{"hash":"2b012e4e52df6634834d614990b4d02e98b38393","isMergeCommit":false,"messageTitle":"Update test cases for Progress","messageBody":"","fileTypesAndContributionMap":{"test-code":{"insertions":31,"deletions":34}}},{"hash":"3a815d430baad6d515578df6535074044c1fcc5d","isMergeCommit":false,"messageTitle":"Remove empty space","messageBody":"","fileTypesAndContributionMap":{"functional-code":{"insertions":0,"deletions":1}}},{"hash":"330e8131cac8b58ac722ff4ddd931732cdaa1eaa","isMergeCommit":false,"messageTitle":"Add progress to typical person sample","messageBody":"","fileTypesAndContributionMap":{"test-code":{"insertions":1,"deletions":1}}},{"hash":"103d4221a6c95e2816b645293487ea541edf7c20","isMergeCommit":false,"messageTitle":"Update progress to String","messageBody":"","fileTypesAndContributionMap":{"functional-code":{"insertions":1,"deletions":1}}},{"hash":"d68ff05aa7efee80914ab8f6a56cdcaffe0b727f","isMergeCommit":false,"messageTitle":"Fix issue where progress prefix was not allowed to be omitted","messageBody":"","fileTypesAndContributionMap":{"functional-code":{"insertions":17,"deletions":6}}},{"hash":"34df14ee20da12868d8b163d50eb663784e9d332","isMergeCommit":false,"messageTitle":"Fix checkstyle","messageBody":"","fileTypesAndContributionMap":{"functional-code":{"insertions":1,"deletions":0},"test-code":{"insertions":11,"deletions":6}}},{"hash":"f449bb95cfd3348146a89a3882fa11ecd929348c","isMergeCommit":false,"messageTitle":"Add test for ParserUtil","messageBody":"","fileTypesAndContributionMap":{"test-code":{"insertions":14,"deletions":0}}},{"hash":"110a0626f7f6b9b6cdb52443ceff65c33048027d","isMergeCommit":false,"messageTitle":"Add tests for optional progress parameter in add person command","messageBody":"","fileTypesAndContributionMap":{"test-code":{"insertions":29,"deletions":4}}},{"hash":"8eb148d52237aab0293575f9e2c50d95e146af68","isMergeCommit":false,"messageTitle":"Rename to prof-iler","messageBody":"","fileTypesAndContributionMap":{"functional-code":{"insertions":2,"deletions":2}}},{"hash":"cc8b5427463b2dfca8718d058f519fe160351b6c","isMergeCommit":false,"messageTitle":"Rename addressbook mentions to prof-iler","messageBody":"","fileTypesAndContributionMap":{"functional-code":{"insertions":36,"deletions":36}}}]},{"date":"2025-03-24","commitResults":[{"hash":"3500feedd795c110714c6de55bedff6b8f2c8464","isMergeCommit":true,"messageTitle":"Merge pull request #93 from swatirajesh277/branch-fix-bugs","messageBody":"Fix bugs","fileTypesAndContributionMap":{}}]},{"date":"2025-03-25","commitResults":[{"hash":"f6f9f0ab934977aad0ec649c0e7857c4d418bd95","isMergeCommit":false,"messageTitle":"Include dummy version of yes no buttons","messageBody":"","fileTypesAndContributionMap":{"functional-code":{"insertions":172,"deletions":0}}},{"hash":"8830541400a4ae08fc52336bd2dd2a02b9944986","isMergeCommit":false,"messageTitle":"Implement clear command with Alert class","messageBody":"","fileTypesAndContributionMap":{"functional-code":{"insertions":20,"deletions":6}}},{"hash":"09695d4c9d5b65946b8389ce03d015f599e5ca5f","isMergeCommit":false,"messageTitle":"Implement clearing message logic with custom class","messageBody":"","fileTypesAndContributionMap":{"functional-code":{"insertions":21,"deletions":23}}},{"hash":"7ecae7668563585bb70b17c2080d0a22d1020c6c","isMergeCommit":false,"messageTitle":"Fix checkstyle","messageBody":"","fileTypesAndContributionMap":{"functional-code":{"insertions":1,"deletions":4}}},{"hash":"24c61033c63f30ef123cbfe17f119fdb0f9e8632","isMergeCommit":false,"messageTitle":"Add padding on buttons","messageBody":"","fileTypesAndContributionMap":{"functional-code":{"insertions":19,"deletions":10}}}]},{"date":"2025-03-26","commitResults":[{"hash":"cc95b9e44028c97f4d0ffa25bb8902e3105f2313","isMergeCommit":false,"messageTitle":"Resize confirmation window","messageBody":"","fileTypesAndContributionMap":{"functional-code":{"insertions":2,"deletions":2}}},{"hash":"6df0c4fcaaad7aa6707aeca9d98104cb0e5b080b","isMergeCommit":false,"messageTitle":"Resize confirmation window","messageBody":"","fileTypesAndContributionMap":{"functional-code":{"insertions":4,"deletions":4}}},{"hash":"1dd4c8adfdbea33d1d10117ecac6152878bbf6e8","isMergeCommit":false,"messageTitle":"Add window icon","messageBody":"","fileTypesAndContributionMap":{"functional-code":{"insertions":4,"deletions":1}}},{"hash":"5c7332858872947be918c5b9bb7d04ad062fc444","isMergeCommit":false,"messageTitle":"Adjust window styling","messageBody":"","fileTypesAndContributionMap":{"functional-code":{"insertions":65,"deletions":14}}},{"hash":"d687531d318deb2a812af10daab8a8e71772ae8f","isMergeCommit":false,"messageTitle":"Implement singleton pattern to ensure only 1 window appears","messageBody":"","fileTypesAndContributionMap":{"functional-code":{"insertions":32,"deletions":3}}},{"hash":"7678ed133f2e36e0bbed7d006c5e9554cf261b72","isMergeCommit":false,"messageTitle":"Change order of buttons","messageBody":"","fileTypesAndContributionMap":{"functional-code":{"insertions":22,"deletions":17}}},{"hash":"c2884e6b2858a23d76d56187462ca58fb7851198","isMergeCommit":false,"messageTitle":"Remove unused attributes","messageBody":"","fileTypesAndContributionMap":{"functional-code":{"insertions":0,"deletions":6}}},{"hash":"74ade6ae2f9a7d44e9f4f91eef80a3d0fb1fa079","isMergeCommit":false,"messageTitle":"Add full stop to message","messageBody":"","fileTypesAndContributionMap":{"functional-code":{"insertions":1,"deletions":1}}},{"hash":"9640d298b59daff1e8055df7dfa4647e395556d2","isMergeCommit":false,"messageTitle":"Remove unused imports","messageBody":"","fileTypesAndContributionMap":{"functional-code":{"insertions":0,"deletions":2}}},{"hash":"d98f153b036048489b7268f346f06e68f3b34a60","isMergeCommit":false,"messageTitle":"Fix existing tests using dependency injection","messageBody":"","fileTypesAndContributionMap":{"functional-code":{"insertions":39,"deletions":7},"test-code":{"insertions":75,"deletions":2}}},{"hash":"44aa2cc277b4dc256b9da0605468d4ff6ad5a690","isMergeCommit":false,"messageTitle":"Enable assertions","messageBody":"","fileTypesAndContributionMap":{"other":{"insertions":4,"deletions":0}}},{"hash":"c9aa609a2f835a882c3b7f593bbc5eee757f4e25","isMergeCommit":false,"messageTitle":"Fix syntax error","messageBody":"","fileTypesAndContributionMap":{"test-code":{"insertions":2,"deletions":2}}},{"hash":"cebf97ce37969c38f55c4c59c88e93c31c94990e","isMergeCommit":false,"messageTitle":"Fix checkstyle","messageBody":"","fileTypesAndContributionMap":{"test-code":{"insertions":0,"deletions":3}}},{"hash":"60e38a4237c8e136089b9cc7434845835cd4293b","isMergeCommit":false,"messageTitle":"Add tests for when user cancels clearing","messageBody":"","fileTypesAndContributionMap":{"test-code":{"insertions":25,"deletions":0}}},{"hash":"4dce59ab0b027e9b60ec442d58bad38f80f43dcd","isMergeCommit":false,"messageTitle":"Update tests","messageBody":"","fileTypesAndContributionMap":{"functional-code":{"insertions":63,"deletions":17},"test-code":{"insertions":45,"deletions":2}}},{"hash":"aaed2a15f88a0b90ab26b19f56e4ecdcf789d050","isMergeCommit":false,"messageTitle":"Reorder if-else statement","messageBody":"","fileTypesAndContributionMap":{"functional-code":{"insertions":3,"deletions":4}}},{"hash":"1a9d9f4f81488618953ff3450bb0952b0f867a29","isMergeCommit":false,"messageTitle":"Add tests for clear command","messageBody":"","fileTypesAndContributionMap":{"test-code":{"insertions":65,"deletions":7}}},{"hash":"a8768783baaf98398d33ee10b9f325b4fc2f15f9","isMergeCommit":false,"messageTitle":"Fix checkstyle","messageBody":"","fileTypesAndContributionMap":{"test-code":{"insertions":5,"deletions":5}}},{"hash":"af9fc6f78900c81785f086679e199b5caf8c36da","isMergeCommit":false,"messageTitle":"Add tests for ConfirmationWindowFactory","messageBody":"","fileTypesAndContributionMap":{"test-code":{"insertions":112,"deletions":0}}},{"hash":"af900c7d7bcd091be3003e6a309c90791ef63e69","isMergeCommit":false,"messageTitle":"Update userguide","messageBody":"","fileTypesAndContributionMap":{"docs":{"insertions":7,"deletions":0}}},{"hash":"bb1b1d42ee56b2404fe3fed32430ea934e7a295f","isMergeCommit":false,"messageTitle":"Update docs/UserGuide.md","messageBody":"Co-authored-by: JianXi \u003c118092801+ShiJianXi@users.noreply.github.com\u003e","fileTypesAndContributionMap":{"docs":{"insertions":1,"deletions":1}}}]},{"date":"2025-03-27","commitResults":[{"hash":"12a950c1f82c268c63e8e92b3497cecee7626b92","isMergeCommit":true,"messageTitle":"Merge pull request #128 from gekjunxu/improve-clear-command","messageBody":"","fileTypesAndContributionMap":{}}]},{"date":"2025-03-28","commitResults":[{"hash":"cee3295898fec73e199493f634894292c98318a1","isMergeCommit":false,"messageTitle":"Add clearconfirmationwindow class into UML","messageBody":"","fileTypesAndContributionMap":{"docs":{"insertions":5,"deletions":0}}},{"hash":"b9f607eaa2edc5b1a230593c3b2f461f17c35da9","isMergeCommit":false,"messageTitle":"Update formatting","messageBody":"","fileTypesAndContributionMap":{"docs":{"insertions":2,"deletions":1}}},{"hash":"8b9f31abf1d8ecd42b43cdc667bcdc3f0aee0cd3","isMergeCommit":false,"messageTitle":"Update DG for ClearConfirmationWindow implementation","messageBody":"","fileTypesAndContributionMap":{"docs":{"insertions":6,"deletions":1}}},{"hash":"09ef95fd9866ae3cb76f20753551ebbeb46e4efc","isMergeCommit":false,"messageTitle":"Add more assertions","messageBody":"","fileTypesAndContributionMap":{"functional-code":{"insertions":7,"deletions":0}}}]},{"date":"2025-03-29","commitResults":[{"hash":"03670c1d69a54a06cf299bc06f9c8f2af7307bfc","isMergeCommit":true,"messageTitle":"Merge pull request #142 from gekjunxu/add-clearconfirmation-uml","messageBody":"Add clearconfirmation uml","fileTypesAndContributionMap":{}}]}],"swatirajesh277":[{"date":"2025-03-05","commitResults":[{"hash":"02e70241fc7b554eb2c9bc8b6deb385490337a2e","isMergeCommit":false,"messageTitle":"update about us page","messageBody":"","fileTypesAndContributionMap":{"docs":{"insertions":3,"deletions":3}}}]},{"date":"2025-03-09","commitResults":[{"hash":"a052efda9c21b3fe6269c3f666d19be2b3dfb679","isMergeCommit":false,"messageTitle":"Update readme to match project","messageBody":"","fileTypesAndContributionMap":{"docs":{"insertions":21,"deletions":9}}}]},{"date":"2025-03-12","commitResults":[{"hash":"21abdb377c34c23c44a4136081b1274b8ffde7ec","isMergeCommit":true,"messageTitle":"Merge pull request #34 from weiwong834/branch-Update-Glossary","messageBody":"Update Glossary","fileTypesAndContributionMap":{}},{"hash":"90d083cac701ef9e6536ee39d78cb0b1a3f5cdc1","isMergeCommit":true,"messageTitle":"Merge pull request #38 from ShiJianXi/Update-usecase","messageBody":"Update use case","fileTypesAndContributionMap":{}},{"hash":"124238421faa937c334effcbd9a9f5b1c65be32c","isMergeCommit":true,"messageTitle":"Merge pull request #36 from ShiJianXi/Update-userstories","messageBody":"Update user stories","fileTypesAndContributionMap":{}},{"hash":"2231d6e87962baedc177c47d9e48c07f2324f8e8","isMergeCommit":true,"messageTitle":"Merge pull request #31 from gekjunxu/add-NFRs","messageBody":"Update NFRs","fileTypesAndContributionMap":{}}]},{"date":"2025-03-17","commitResults":[{"hash":"204b8053a1996004061951fedcc04758c4473a75","isMergeCommit":false,"messageTitle":"Add ui changes to match mvp version","messageBody":"","fileTypesAndContributionMap":{"functional-code":{"insertions":12,"deletions":2}}},{"hash":"260e46bafad47cf2d056c56ecd37b109e5a1e72e","isMergeCommit":true,"messageTitle":"Merge pull request #53 from weiwong834/branch-Update-UserGuide","messageBody":"Update command usage in User Guide","fileTypesAndContributionMap":{}},{"hash":"3fad8822e1816cb7bac346f41e0b54dd64b1f6da","isMergeCommit":true,"messageTitle":"Merge pull request #44 from gekjunxu/add-NFRs","messageBody":"Update DeveloperGuide","fileTypesAndContributionMap":{}},{"hash":"82b7d5ad95a133374dfe0ced967cadde1a699886","isMergeCommit":true,"messageTitle":"Merge pull request #63 from dragonesejosh/branch-update-site-settings","messageBody":"Update Title from AB3 to Prof-iler","fileTypesAndContributionMap":{}}]},{"date":"2025-03-18","commitResults":[{"hash":"611ff323537f5be148ead6f27d86bf234ca5326c","isMergeCommit":false,"messageTitle":"Add progress to add and edit command","messageBody":"","fileTypesAndContributionMap":{"functional-code":{"insertions":163,"deletions":17},"test-code":{"insertions":217,"deletions":31}}},{"hash":"d245fb3fe2b490c6fcd8effcccaa01cb2e1ca2b2","isMergeCommit":false,"messageTitle":"Fix checkstyle and bugs","messageBody":"","fileTypesAndContributionMap":{"functional-code":{"insertions":15,"deletions":9},"test-code":{"insertions":3,"deletions":1}}}]},{"date":"2025-03-19","commitResults":[{"hash":"47ff5b82c8ef683b63659777e497385a47d04a5e","isMergeCommit":false,"messageTitle":"Fix checkstyle","messageBody":"","fileTypesAndContributionMap":{"test-code":{"insertions":56,"deletions":46}}},{"hash":"35599a572fda15768f92ce7e574238b7c7eeba5d","isMergeCommit":false,"messageTitle":"Fix testcase bugs","messageBody":"","fileTypesAndContributionMap":{"functional-code":{"insertions":1,"deletions":1},"test-code":{"insertions":25,"deletions":21}}}]},{"date":"2025-03-20","commitResults":[{"hash":"12dc9510ff4496a810e4bb4663ac843f0838d365","isMergeCommit":false,"messageTitle":"Fix bugs","messageBody":"","fileTypesAndContributionMap":{"test-code":{"insertions":20,"deletions":17}}},{"hash":"b42b2e2fc94eaea70907fd3e9a183c6d0d9279ab","isMergeCommit":false,"messageTitle":"Fix checkstyle","messageBody":"","fileTypesAndContributionMap":{"test-code":{"insertions":0,"deletions":1}}},{"hash":"590cc45ae62d983779d8df03c6264349502c0d7e","isMergeCommit":false,"messageTitle":"Fix bugs","messageBody":"","fileTypesAndContributionMap":{"functional-code":{"insertions":10,"deletions":4},"test-code":{"insertions":3,"deletions":5}}},{"hash":"97ea78624873bd188ddd26c532d2b3cffab89204","isMergeCommit":false,"messageTitle":"Fix to follow SLAP","messageBody":"","fileTypesAndContributionMap":{"functional-code":{"insertions":6,"deletions":11}}},{"hash":"7f77be07435c78e238336dbc32f2ba05dd16342c","isMergeCommit":true,"messageTitle":"Merge pull request #75 from weiwong834/branch-Add-Student-ID","messageBody":"Add Student ID field for Add Command","fileTypesAndContributionMap":{}},{"hash":"93a41c929128efa926bacef6a6d9f886475e4593","isMergeCommit":false,"messageTitle":"Add progress to ug","messageBody":"","fileTypesAndContributionMap":{"docs":{"insertions":7,"deletions":6}}},{"hash":"51e5d3ac10fb5dbf71afeba01ab8091264bb3b45","isMergeCommit":false,"messageTitle":"Fix error","messageBody":"","fileTypesAndContributionMap":{"docs":{"insertions":1,"deletions":1}}},{"hash":"36dfa7b396020164c848c1df17a6254483fa3db1","isMergeCommit":false,"messageTitle":"Fix add command error bugs","messageBody":"","fileTypesAndContributionMap":{"functional-code":{"insertions":3,"deletions":2}}},{"hash":"2d987ce8b55624df35ed1e9eba003aa9a2c2c5e9","isMergeCommit":false,"messageTitle":"Fix bugs","messageBody":"","fileTypesAndContributionMap":{"functional-code":{"insertions":1,"deletions":0}}}]},{"date":"2025-03-24","commitResults":[{"hash":"58e56a464679651def56701761dac7cec4742ed6","isMergeCommit":true,"messageTitle":"Merge pull request #105 from ShiJianXi/branch-ui-progressbar","messageBody":"Implement progress bar ui","fileTypesAndContributionMap":{}}]},{"date":"2025-03-25","commitResults":[{"hash":"326dd0b1bc70bff5d5940cc66ed5b75c71cd0447","isMergeCommit":false,"messageTitle":"Fix tip issue in user guide","messageBody":"","fileTypesAndContributionMap":{"docs":{"insertions":2,"deletions":2}}},{"hash":"b5a6ac612184d92389a8e373d206ad1c1bd2f70f","isMergeCommit":false,"messageTitle":"Edit mention of addressbook in user guide","messageBody":"","fileTypesAndContributionMap":{"docs":{"insertions":9,"deletions":9}}},{"hash":"43c33c75d432b5e20a54a2f03886ac3fe7e544a6","isMergeCommit":true,"messageTitle":"Merge pull request #114 from dragonesejosh/branch-change-app-title","messageBody":"Change app title and icon name from \"pro-filer\" to \"prof-iler\"","fileTypesAndContributionMap":{}},{"hash":"e6bdf9cf29ef2c26011c141467761a11784882f6","isMergeCommit":true,"messageTitle":"Merge pull request #115 from dragonesejosh/branch-fix-userstories-capitalization","messageBody":"Replace instance of \"i\" in DeveloperGuide with \"I\"","fileTypesAndContributionMap":{}}]},{"date":"2025-03-26","commitResults":[{"hash":"dcaecc48559824f06ceb4e9a01f479bf9ffe0c12","isMergeCommit":false,"messageTitle":"Fix ug punctuation","messageBody":"","fileTypesAndContributionMap":{"docs":{"insertions":2,"deletions":2}}},{"hash":"6c56c1a18bf56a42942c2b1837f67d6db65806ce","isMergeCommit":false,"messageTitle":"Add log class and make changes","messageBody":"","fileTypesAndContributionMap":{"functional-code":{"insertions":134,"deletions":0},"test-code":{"insertions":130,"deletions":0}}},{"hash":"71d27740022cea7cffca790399f019052d57d29e","isMergeCommit":false,"messageTitle":"Fix ui for log","messageBody":"","fileTypesAndContributionMap":{"functional-code":{"insertions":13,"deletions":1}}},{"hash":"0a27aa331c071b48bac65c2592de537396ccb4c0","isMergeCommit":false,"messageTitle":"Fix ui and integrate log into Person","messageBody":"","fileTypesAndContributionMap":{"functional-code":{"insertions":66,"deletions":12},"test-code":{"insertions":32,"deletions":15}}},{"hash":"c4d4efa48a4b63ff294dd0d3f9f6d72c75f91f7c","isMergeCommit":false,"messageTitle":"Fix test bug","messageBody":"","fileTypesAndContributionMap":{"functional-code":{"insertions":7,"deletions":1},"test-code":{"insertions":2,"deletions":14}}}]},{"date":"2025-03-27","commitResults":[{"hash":"d9fc85086c4eb26c8400d739833280ddbc36bdf4","isMergeCommit":false,"messageTitle":"Edit UG to match log feature","messageBody":"","fileTypesAndContributionMap":{"docs":{"insertions":14,"deletions":0}}},{"hash":"6f5da64982f49c31b5193c61691ac79245286a3b","isMergeCommit":true,"messageTitle":"Merge pull request #126 from ShiJianXi/branch-implement-filter-tag","messageBody":"Branch implement filter tag","fileTypesAndContributionMap":{}},{"hash":"e164eb109214388dfbf43c155dc69873336cf911","isMergeCommit":false,"messageTitle":"Fix minor nits","messageBody":"","fileTypesAndContributionMap":{"docs":{"insertions":3,"deletions":3}}},{"hash":"290433dbe27074d7a8a31dabdf4b013b9aa257f4","isMergeCommit":false,"messageTitle":"Fix bug","messageBody":"","fileTypesAndContributionMap":{"test-code":{"insertions":0,"deletions":2}}},{"hash":"f3bae11717ffe4553779f16381f44c6f76fc8453","isMergeCommit":true,"messageTitle":"Merge branch \u0027branch-add-log\u0027 of https://github.com/swatirajesh277/tp into branch-add-log","messageBody":"","fileTypesAndContributionMap":{}}]}],"ShiJianXi":[{"date":"2025-03-05","commitResults":[{"hash":"156d143b6f592e2f53e7b56f5ee2afb879441925","isMergeCommit":false,"messageTitle":"Update AboutUs by JianXi","messageBody":"","fileTypesAndContributionMap":{"docs":{"insertions":2,"deletions":2}}},{"hash":"25620e63d53f1711cbf46a52d1ef03c8dce36ce7","isMergeCommit":false,"messageTitle":"Update AboutUs JianXi","messageBody":"","fileTypesAndContributionMap":{"docs":{"insertions":1,"deletions":1}}},{"hash":"7fec064455461e5b4b6ba0fe7269ac668b289fdc","isMergeCommit":true,"messageTitle":"Merge pull request #25 from ShiJianXi/branch-UpdateAboutUs-JianXi","messageBody":"Update AboutUs JianXi","fileTypesAndContributionMap":{}}]},{"date":"2025-03-10","commitResults":[{"hash":"7362edccd7c31a801d933f43d860e3e3eda7ebaf","isMergeCommit":false,"messageTitle":"Update user stories","messageBody":"","fileTypesAndContributionMap":{"docs":{"insertions":35,"deletions":11}}},{"hash":"db66f29a166d72f25654bf3516d90cad3b2f4cec","isMergeCommit":false,"messageTitle":"Update use case","messageBody":"","fileTypesAndContributionMap":{"docs":{"insertions":37,"deletions":10}}}]},{"date":"2025-03-13","commitResults":[{"hash":"9780aad0dd07e5e11b041e321c050ce40fea8e75","isMergeCommit":false,"messageTitle":"Implement filter function","messageBody":"","fileTypesAndContributionMap":{"functional-code":{"insertions":131,"deletions":0}}},{"hash":"8395f3955e4cc972daf16f4281ce7de7e2d7d8c5","isMergeCommit":false,"messageTitle":"Fix checkstyle","messageBody":"","fileTypesAndContributionMap":{"functional-code":{"insertions":10,"deletions":5}}}]},{"date":"2025-03-17","commitResults":[{"hash":"1d5c7364dad6020716d6a23e4a72f97431368c68","isMergeCommit":true,"messageTitle":"Merge branch \u0027master\u0027 into branch-add-filter","messageBody":"","fileTypesAndContributionMap":{}},{"hash":"2df541f4a9561322653cebf3748d9b9210dcdf8a","isMergeCommit":false,"messageTitle":"Update to filter","messageBody":"","fileTypesAndContributionMap":{"functional-code":{"insertions":1,"deletions":1}}},{"hash":"277a434a68c23c2cddb77a93d3e77efbe9653b99","isMergeCommit":false,"messageTitle":"Update website link in readme","messageBody":"","fileTypesAndContributionMap":{"docs":{"insertions":1,"deletions":1}}},{"hash":"fde0d956453a8571258d360c0f36564f254ba6d8","isMergeCommit":false,"messageTitle":"Adjust codecov badge","messageBody":"","fileTypesAndContributionMap":{"docs":{"insertions":2,"deletions":1}}}]},{"date":"2025-03-19","commitResults":[{"hash":"97dffdfc3ba158450c4337e318c87a2fcd98c38b","isMergeCommit":false,"messageTitle":"Implement filter testcase","messageBody":"","fileTypesAndContributionMap":{"functional-code":{"insertions":15,"deletions":10},"test-code":{"insertions":158,"deletions":0}}},{"hash":"a8e4bb102078c1e88eec53697923a1f770bf5ca2","isMergeCommit":false,"messageTitle":"Fix checkstyle","messageBody":"","fileTypesAndContributionMap":{"test-code":{"insertions":0,"deletions":1}}},{"hash":"35092451dee1437a7396d0cc81673721c918b9c0","isMergeCommit":false,"messageTitle":"Update app icon","messageBody":"","fileTypesAndContributionMap":{"functional-code":{"insertions":3,"deletions":3},"test-code":{"insertions":1,"deletions":1}}}]},{"date":"2025-03-20","commitResults":[{"hash":"d06dd0a0ddb2cce83658697f02cef186f1ab8a56","isMergeCommit":true,"messageTitle":"Merge pull request #71 from gekjunxu/edit-readme","messageBody":"Edit Readme.md","fileTypesAndContributionMap":{}},{"hash":"c12148f7af42f4e9bc2167df45ca9ad0871e1f9e","isMergeCommit":true,"messageTitle":"Merge pull request #74 from gekjunxu/fix-dg-whitespaces","messageBody":"Remove unwanted whitespace","fileTypesAndContributionMap":{}},{"hash":"4fa1b190a6960f22561f796641617a2dcb9aa289","isMergeCommit":true,"messageTitle":"Merge pull request #77 from ShiJianXi/branch-update-title","messageBody":"Change app icon and title","fileTypesAndContributionMap":{}},{"hash":"0bbf2094e93d2fcafafc52ca5297c18c1c78209c","isMergeCommit":true,"messageTitle":"Merge pull request #76 from ShiJianXi/branch-add-filter-testcase","messageBody":"Implement filter testcase","fileTypesAndContributionMap":{}},{"hash":"62f6c1121d93faea1bd755baed9d214c63360ccd","isMergeCommit":true,"messageTitle":"Merge branch \u0027master\u0027 into branch-Add-Student-ID","messageBody":"","fileTypesAndContributionMap":{}},{"hash":"97272f9be5b8e5a66143368f9d2300f3f366fb1b","isMergeCommit":true,"messageTitle":"Merge pull request #78 from dragonesejosh/branch-add-update-progress-command","messageBody":"Add command to update project progress","fileTypesAndContributionMap":{}},{"hash":"d8bf133b967af34d23aab0195064e0dcb5f77334","isMergeCommit":true,"messageTitle":"Merge pull request #80 from gekjunxu/add-fields-into-UI","messageBody":"Add fields into UI","fileTypesAndContributionMap":{}},{"hash":"94fa65edad1fd96379f2b46e3b3f386539afba87","isMergeCommit":false,"messageTitle":"Update user guide with filter command","messageBody":"","fileTypesAndContributionMap":{"docs":{"insertions":14,"deletions":0}}},{"hash":"57693346cf3e7ba8a357e7af3a91f9ba03dbd8a0","isMergeCommit":false,"messageTitle":"Update command summary","messageBody":"","fileTypesAndContributionMap":{"docs":{"insertions":10,"deletions":9}}},{"hash":"b1fe458fc66b44adb39f6ec67fd314550a820cbc","isMergeCommit":true,"messageTitle":"Merge pull request #90 from swatirajesh277/branch-fix-erros","messageBody":"Fix add command error bugs","fileTypesAndContributionMap":{}},{"hash":"726b07b548693db9a306e0ab575d462353ca6631","isMergeCommit":true,"messageTitle":"Merge pull request #79 from weiwong834/branch-Update-UserGuide-Id","messageBody":"Update Add Id usage in UserGuide","fileTypesAndContributionMap":{}},{"hash":"bd7afb2f4ab24bfee1f8690ff32545701641e392","isMergeCommit":true,"messageTitle":"Merge branch \u0027master\u0027 into branch-Update-UserGuide-Filter","messageBody":"","fileTypesAndContributionMap":{}},{"hash":"a6524ded07138a32596c57d24aa0231ade3c8253","isMergeCommit":true,"messageTitle":"Merge pull request #92 from ShiJianXi/branch-Update-UserGuide-Filter","messageBody":"Update user guide with filter command","fileTypesAndContributionMap":{}}]},{"date":"2025-03-22","commitResults":[{"hash":"13908d02311bdf241c30f85ab1a6f28930fecddc","isMergeCommit":false,"messageTitle":"Implement progress bar ui","messageBody":"","fileTypesAndContributionMap":{"functional-code":{"insertions":11,"deletions":1}}},{"hash":"32f52fd94c1c01062e050705db29d7c58118a173","isMergeCommit":false,"messageTitle":"Enhance progress bar ui","messageBody":"","fileTypesAndContributionMap":{"functional-code":{"insertions":28,"deletions":1}}},{"hash":"78ce5bd0be62544e20fdb0a7d0181eb88be469ff","isMergeCommit":false,"messageTitle":"Fix checkstyle","messageBody":"","fileTypesAndContributionMap":{"functional-code":{"insertions":1,"deletions":1},"docs":{"insertions":1,"deletions":1}}}]},{"date":"2025-03-25","commitResults":[{"hash":"8cbc095a753f618433c4d45f2d93be89491d15ba","isMergeCommit":false,"messageTitle":"Add prefix to filter command","messageBody":"","fileTypesAndContributionMap":{"functional-code":{"insertions":17,"deletions":8}}},{"hash":"210a2f99b3d22a4ddb358c7c1b7c29ac71f929e0","isMergeCommit":false,"messageTitle":"Fix bug","messageBody":"","fileTypesAndContributionMap":{"functional-code":{"insertions":4,"deletions":1}}},{"hash":"30abdfa4411776e97d33f714fdafa32e4221a831","isMergeCommit":false,"messageTitle":"Rename studentunderproject.java","messageBody":"","fileTypesAndContributionMap":{"functional-code":{"insertions":10,"deletions":14},"other":{"insertions":5,"deletions":5}}},{"hash":"6dd3cf396559becd687d7b624e6e417277bc87a6","isMergeCommit":false,"messageTitle":"Fix testcase for filter","messageBody":"","fileTypesAndContributionMap":{"test-code":{"insertions":27,"deletions":17}}},{"hash":"0b2a4b417d905d2def03722b9071469594a71fb4","isMergeCommit":false,"messageTitle":"Implement filter by tag","messageBody":"","fileTypesAndContributionMap":{"functional-code":{"insertions":94,"deletions":9}}}]},{"date":"2025-03-26","commitResults":[{"hash":"f27e0d3c8446d380442aa1e94490a9d04a59a1dc","isMergeCommit":false,"messageTitle":"Implement tag filter testcase","messageBody":"","fileTypesAndContributionMap":{"functional-code":{"insertions":31,"deletions":15},"test-code":{"insertions":196,"deletions":41}}},{"hash":"c988895d153e36fca17af57fe92466a09d9ea422","isMergeCommit":false,"messageTitle":"Fix checkstyle","messageBody":"","fileTypesAndContributionMap":{"functional-code":{"insertions":4,"deletions":4},"test-code":{"insertions":6,"deletions":7}}},{"hash":"2f197b211ae7169123397087f981ef8d41941b9a","isMergeCommit":false,"messageTitle":"Fix javadoc","messageBody":"","fileTypesAndContributionMap":{"functional-code":{"insertions":3,"deletions":2}}},{"hash":"c44bbd9558b222f44da9b9883d6c053479580f93","isMergeCommit":false,"messageTitle":"Implement sort","messageBody":"","fileTypesAndContributionMap":{"functional-code":{"insertions":124,"deletions":2},"test-code":{"insertions":11,"deletions":0}}},{"hash":"594133eb0cb50ec87f74e84e24c85a0d52b6e2eb","isMergeCommit":false,"messageTitle":"Implement testcase","messageBody":"","fileTypesAndContributionMap":{"functional-code":{"insertions":33,"deletions":6},"test-code":{"insertions":23,"deletions":0}}},{"hash":"b84d9240f4e9054d642c4174b5abe341b1a589fb","isMergeCommit":false,"messageTitle":"Implement sort testcase","messageBody":"","fileTypesAndContributionMap":{"test-code":{"insertions":136,"deletions":0}}},{"hash":"27f480d47257ea598fd66a083863310f90d96380","isMergeCommit":false,"messageTitle":"Fix checkstyle","messageBody":"","fileTypesAndContributionMap":{"test-code":{"insertions":1,"deletions":3}}},{"hash":"61ee07ebebad981831c5362eb2b7bddfd346944e","isMergeCommit":false,"messageTitle":"Add logger","messageBody":"","fileTypesAndContributionMap":{"functional-code":{"insertions":2,"deletions":0}}}]},{"date":"2025-03-27","commitResults":[{"hash":"1f4c0cea19ef9a3beef9683b6f8612e9e4759c19","isMergeCommit":false,"messageTitle":"Implement suggestion","messageBody":"","fileTypesAndContributionMap":{"functional-code":{"insertions":16,"deletions":20}}},{"hash":"5d40b631ca01fda858aebbd198874e05eccc7f2d","isMergeCommit":false,"messageTitle":"Improve code quality","messageBody":"","fileTypesAndContributionMap":{"functional-code":{"insertions":9,"deletions":2}}},{"hash":"fcaf9daf0de6c335471a28c02be9561463d89f54","isMergeCommit":false,"messageTitle":"Allow modification based on sorted list","messageBody":"","fileTypesAndContributionMap":{"functional-code":{"insertions":3,"deletions":3}}},{"hash":"07a487f5024a9e9719d7a0a61ae483caa5198cb2","isMergeCommit":true,"messageTitle":"Merge pull request #127 from dragonesejosh/branch-clear-by-project","messageBody":"Implement clear by project","fileTypesAndContributionMap":{}},{"hash":"e80bef84a91593f74cac1240892abaf0aa544ba9","isMergeCommit":true,"messageTitle":"Merge pull request #131 from ShiJianXi/branch-sort","messageBody":"Branch sort","fileTypesAndContributionMap":{}},{"hash":"bed614f2105b25cdd7547c0191174d4b6ff1f186","isMergeCommit":true,"messageTitle":"Merge branch \u0027master\u0027 into branch-delete-multiple-entries","messageBody":"","fileTypesAndContributionMap":{}},{"hash":"208be1574cb73261970668781382d1294c3a721b","isMergeCommit":true,"messageTitle":"Merge pull request #132 from weiwong834/branch-delete-multiple-entries","messageBody":"Implement delete multiple entries","fileTypesAndContributionMap":{}},{"hash":"cfd50b39ac7a64bd1d33985026b500c746ae747d","isMergeCommit":true,"messageTitle":"Merge pull request #134 from weiwong834/branch-HelpWindow-usages","messageBody":"Add usages to help window","fileTypesAndContributionMap":{}}]},{"date":"2025-03-28","commitResults":[{"hash":"f21c8430ab3739ac037d23a09de7e22c8de3a23e","isMergeCommit":true,"messageTitle":"Merge pull request #139 from dragonesejosh/branch-update-app-icon","messageBody":"Update app icon","fileTypesAndContributionMap":{}}]}]},"authorFileTypeContributionMap":{"dragonesejosh":{"docs":21,"functional-code":365,"test-code":576,"other":1},"weiwong834":{"docs":19,"functional-code":287,"test-code":355},"gekjunxu":{"docs":45,"functional-code":409,"test-code":300,"other":4},"swatirajesh277":{"docs":45,"functional-code":343,"test-code":293},"ShiJianXi":{"docs":81,"functional-code":451,"test-code":502}},"authorContributionVariance":{"dragonesejosh":48335.938,"weiwong834":11137.739,"gekjunxu":14897.514,"swatirajesh277":10461.574,"ShiJianXi":13084.479},"authorDisplayNameMap":{"dragonesejosh":"CS2103T-W12-3 JOSH..I EN","weiwong834":"CS2103T-W12-3 WONG.. YIN","gekjunxu":"CS2103T-W12-3 GEK ..N XU","swatirajesh277":"CS2103T-W12-3 RAJE..WATI","ShiJianXi":"CS2103T-W12-3 SHI ..ANXI"}}
