{"authorDailyContributionsMap":{"zeotheburrito":[{"date":"2025-03-07","commitResults":[{"hash":"bd31484660a0fcbdd1ea693b67d58ca2de008754","isMergeCommit":false,"messageTitle":"Update AboutUs.md","messageBody":"Add my name, image, GitHub profile and link to my portfolio","fileTypesAndContributionMap":{"docs":{"insertions":4,"deletions":5}}},{"hash":"0a0dfccd65355a1e98a44e12da911a0e1bc2de3c","isMergeCommit":false,"messageTitle":"Revert \"Update AboutUs.md\"","messageBody":"This reverts commit bd31484660a0fcbdd1ea693b67d58ca2de008754.\n","fileTypesAndContributionMap":{"docs":{"insertions":5,"deletions":4}}},{"hash":"7383005893173096be3b8061504bfe9077dae45a","isMergeCommit":false,"messageTitle":"Revert \"Update AboutUs.md\"","messageBody":"This reverts commit bd31484660a0fcbdd1ea693b67d58ca2de008754.\n","fileTypesAndContributionMap":{"docs":{"insertions":5,"deletions":4}}},{"hash":"7c938d710be2c5be5d42ac00b21bab9b4e1e2fc0","isMergeCommit":false,"messageTitle":"Update AboutUs.md and add portfolio at team/zeotheburrito.md","messageBody":"","fileTypesAndContributionMap":{"docs":{"insertions":8,"deletions":5}}},{"hash":"44acda0cf32c7237d9e8c760d91260c69d76132b","isMergeCommit":false,"messageTitle":"Add newline at EOF for AboutUs.md","messageBody":"","fileTypesAndContributionMap":{"docs":{"insertions":1,"deletions":1}}},{"hash":"29b87c07343f7beb5cd06446aae0ca707d51cd0f","isMergeCommit":true,"messageTitle":"Merge pull request #22 from zeotheburrito/branch-UpdateAboutUs","messageBody":"Edit AboutUs.md with Zenwei\u0027s information","fileTypesAndContributionMap":{}},{"hash":"e416db2a185aad42bc5503ed651cbd2503408a93","isMergeCommit":false,"messageTitle":"Update link of the GitHub Actions build status badge to reflect the build status of team repo","messageBody":"","fileTypesAndContributionMap":{"docs":{"insertions":1,"deletions":1}}},{"hash":"92decaeb5bec604f1354316d72c3dceedb1b47cc","isMergeCommit":false,"messageTitle":"Acknowledge original source of the code","messageBody":"","fileTypesAndContributionMap":{"docs":{"insertions":1,"deletions":1}}},{"hash":"2b057dcb089f94dfbd4edaaba14bb65494e20bff","isMergeCommit":true,"messageTitle":"Merge pull request #37 from zeotheburrito/branch-AddUiMockup","messageBody":"Add UI mockup of intended final product to README page","fileTypesAndContributionMap":{}},{"hash":"39ec12bed9a631e66bbd00e5a8ecd849bb53d921","isMergeCommit":true,"messageTitle":"Merge pull request #35 from zeotheburrito/branch-AckSource","messageBody":"Acknowledge original source of the code","fileTypesAndContributionMap":{}}]},{"date":"2025-03-16","commitResults":[{"hash":"e250c980908e743537846604db89d858c514bfe5","isMergeCommit":false,"messageTitle":"Add tag command","messageBody":"","fileTypesAndContributionMap":{"functional-code":{"insertions":135,"deletions":0},"test-code":{"insertions":5,"deletions":0}}},{"hash":"0d6ed819334f515600a46905c9a9edc4a31fe2cb","isMergeCommit":false,"messageTitle":"Remove unused imports","messageBody":"","fileTypesAndContributionMap":{"functional-code":{"insertions":0,"deletions":15}}},{"hash":"c8fddfd7884a574301985e9682af0fb58eb741a6","isMergeCommit":false,"messageTitle":"Format imports to fit checkstyle","messageBody":"","fileTypesAndContributionMap":{"functional-code":{"insertions":0,"deletions":1}}},{"hash":"1b41f7d88703d20d32135de3f4e33df4108b04b1","isMergeCommit":false,"messageTitle":"Remove old code from test","messageBody":"","fileTypesAndContributionMap":{"test-code":{"insertions":0,"deletions":5}}},{"hash":"358f989efe0559608025c14faca21629398f30b4","isMergeCommit":true,"messageTitle":"Merge pull request #48 from zeotheburrito/branch-AddTag","messageBody":"Add tag command","fileTypesAndContributionMap":{}}]},{"date":"2025-03-18","commitResults":[{"hash":"67c123a012ea19e85a7eacd783deea4d47a730b4","isMergeCommit":false,"messageTitle":"Add Query and NameQuery class to query the model by specified details. Update tag command to tag by name","messageBody":"","fileTypesAndContributionMap":{"functional-code":{"insertions":134,"deletions":22}}},{"hash":"8150c28faf4096f18b1adcae077340687ebc6f81","isMergeCommit":true,"messageTitle":"Merge branch \u0027master\u0027 into branch-QueryName and resolve checkstyle errors","messageBody":"# Conflicts:\n#\tsrc/main/java/hirehive/address/logic/commands/TagCommand.java\n#\tsrc/main/java/hirehive/address/logic/parser/TagCommandParser.java\n","fileTypesAndContributionMap":{}}]},{"date":"2025-03-20","commitResults":[{"hash":"0fdcd377062604f61af2fe52504a373c91ad343a","isMergeCommit":true,"messageTitle":"Merge pull request #55 from zeotheburrito/branch-QueryName","messageBody":"Add function to query for contacts based on name","fileTypesAndContributionMap":{}},{"hash":"e64c4e037ac00feb853a49689b2632aa1a6fa6c3","isMergeCommit":false,"messageTitle":"Update binary file name to \"HireHive.jar\"","messageBody":"","fileTypesAndContributionMap":{"other":{"insertions":1,"deletions":1}}},{"hash":"442f19cb39298f0cf076855ad1eab294bc19b370","isMergeCommit":true,"messageTitle":"Merge pull request #57 from zeotheburrito/branch-UpdateJar","messageBody":"Update binary file name to HireHive.jar","fileTypesAndContributionMap":{}}]},{"date":"2025-03-24","commitResults":[{"hash":"2fead43aae591624e9b06516e6be4db32a7b8b3a","isMergeCommit":false,"messageTitle":"Update NameContainsKeywordsPredicate class to match by whole word, case-insensitive, and update test cases to match","messageBody":"","fileTypesAndContributionMap":{"functional-code":{"insertions":11,"deletions":19},"test-code":{"insertions":44,"deletions":56}}}]},{"date":"2025-03-25","commitResults":[{"hash":"02c27945083463156e9107a8f47a45e2b51f4f65","isMergeCommit":false,"messageTitle":"Update tag command to show error when there are multiple contacts queried","messageBody":"","fileTypesAndContributionMap":{"functional-code":{"insertions":19,"deletions":10}}}]},{"date":"2025-03-26","commitResults":[{"hash":"915c4f3fff09078a7a2e664935794c0b19810839","isMergeCommit":true,"messageTitle":"Merge branch \u0027master\u0027 into branch-UpdateNamePredicate","messageBody":"","fileTypesAndContributionMap":{}},{"hash":"178534a78074b417fc9a446f53c6dcf177963377","isMergeCommit":true,"messageTitle":"Merge pull request #74 from zeotheburrito/branch-UpdateNamePredicate","messageBody":"Update NameContainsKeywordsPredicate class and test cases","fileTypesAndContributionMap":{}},{"hash":"1bf9921965b7ee9d8f7e4162882cf605143051dc","isMergeCommit":false,"messageTitle":"Update tag command description in user guide","messageBody":"","fileTypesAndContributionMap":{"docs":{"insertions":8,"deletions":2}}}]},{"date":"2025-03-27","commitResults":[{"hash":"a16993fe4e64c2e2fa504e63d0f7e9781cac5154","isMergeCommit":true,"messageTitle":"Merge branch \u0027master\u0027 into branch-EditUG","messageBody":"","fileTypesAndContributionMap":{}},{"hash":"dc1d065e03f8ec6db706e96b8e578e7c005afd56","isMergeCommit":true,"messageTitle":"Merge pull request #91 from zeotheburrito/branch-EditUG","messageBody":"Add tag command description in UG","fileTypesAndContributionMap":{}},{"hash":"d81c14b919dad85a8c239a615fd57c6b06ad4085","isMergeCommit":false,"messageTitle":"Update Tag to be Enum and change methods that use it","messageBody":"","fileTypesAndContributionMap":{"functional-code":{"insertions":98,"deletions":63}}},{"hash":"6f2cfb14139175d8ed57fcd8be0fd8557af1f458","isMergeCommit":false,"messageTitle":"Add exception for invalid tags and change affected methods","messageBody":"","fileTypesAndContributionMap":{"functional-code":{"insertions":25,"deletions":15}}},{"hash":"2be608024c02828ccc7b722e447017c90162e3be","isMergeCommit":false,"messageTitle":"Remove checkstyle errors","messageBody":"","fileTypesAndContributionMap":{"functional-code":{"insertions":9,"deletions":75}}},{"hash":"65c48003be8354c8ecbc94ddd293e18447056251","isMergeCommit":false,"messageTitle":"Update test cases based on new Tag enum behavior","messageBody":"","fileTypesAndContributionMap":{"test-code":{"insertions":49,"deletions":44}}},{"hash":"534708a49c4aa8f0cd007ddbd306e11cafd14449","isMergeCommit":false,"messageTitle":"Resolve test conflicts with new tag changes","messageBody":"","fileTypesAndContributionMap":{"functional-code":{"insertions":3,"deletions":2},"test-code":{"insertions":40,"deletions":40}}},{"hash":"5adef137eaf2aa3e7fed701907ad19ab50f98edf","isMergeCommit":true,"messageTitle":"Merge branch \u0027master\u0027 into branch-AddTagEnum","messageBody":"","fileTypesAndContributionMap":{}}]},{"date":"2025-03-28","commitResults":[{"hash":"0a191507d95d9e9ae2ede94ab08e0409eb76c4e9","isMergeCommit":true,"messageTitle":"Merge pull request #98 from zeotheburrito/branch-AddTagEnum","messageBody":"Update tag to only have specific values","fileTypesAndContributionMap":{}}]},{"date":"2025-03-31","commitResults":[{"hash":"907081186c2a5e4dd5c21f4acbbc6971f0ce289a","isMergeCommit":false,"messageTitle":"Update user guide to sound friendlier","messageBody":"","fileTypesAndContributionMap":{"docs":{"insertions":6,"deletions":3}}}]},{"date":"2025-04-02","commitResults":[{"hash":"9b83ade5fc542dfe1e84b7c2dafec9ead58a6ae4","isMergeCommit":true,"messageTitle":"Merge branch \u0027master\u0027 into branch-EditUG","messageBody":"","fileTypesAndContributionMap":{}},{"hash":"45a3213cd00f356385a373bb0f230d70cf102876","isMergeCommit":false,"messageTitle":"Add InterviewDate label","messageBody":"","fileTypesAndContributionMap":{"functional-code":{"insertions":4,"deletions":0}}},{"hash":"3e63c62157f0fee19a8be57fdccec20ef7afd438","isMergeCommit":true,"messageTitle":"Merge branch \u0027master\u0027 into branch-EditUG","messageBody":"","fileTypesAndContributionMap":{}},{"hash":"bb3b930c08c2d8ac531524da1c6e831e197560ee","isMergeCommit":true,"messageTitle":"Merge pull request #146 from zeotheburrito/branch-EditUG","messageBody":"Update tag command description in user guide","fileTypesAndContributionMap":{}},{"hash":"b080162f2f3c85664a0bf2271336ffdd868f1f8e","isMergeCommit":false,"messageTitle":"Refactor code to change Person to have single Tag attribute","messageBody":"","fileTypesAndContributionMap":{"functional-code":{"insertions":61,"deletions":108},"test-code":{"insertions":83,"deletions":101}}},{"hash":"347d9586eecfa943e33ca2291e8a78d3fa5e8a7c","isMergeCommit":true,"messageTitle":"Merge branch \u0027master\u0027 into branch-OneTag","messageBody":"","fileTypesAndContributionMap":{}}]},{"date":"2025-04-03","commitResults":[{"hash":"c179e6f691a0ca28412b696373c88069a9c8ee2e","isMergeCommit":false,"messageTitle":"Fix syntax error and old code","messageBody":"","fileTypesAndContributionMap":{"functional-code":{"insertions":3,"deletions":3}}},{"hash":"80e2f267caad0fcd22c746a8670ffaf13d747019","isMergeCommit":false,"messageTitle":"Add hyperlinks to go back to top of user guide","messageBody":"","fileTypesAndContributionMap":{"docs":{"insertions":29,"deletions":2}}},{"hash":"7aa36e25ce8faed2aa5079012ed465df73240d9c","isMergeCommit":true,"messageTitle":"Merge pull request #162 from zeotheburrito/branch-EditUG","messageBody":"Add hyperlinks to go back to top of user guide","fileTypesAndContributionMap":{}},{"hash":"699db384d46dae1777e89fa77d7386062d6c4cf4","isMergeCommit":true,"messageTitle":"Merge pull request #152 from zeotheburrito/branch-AddDateLabel","messageBody":"Add InterviewDate label","fileTypesAndContributionMap":{}},{"hash":"52c49754110a6a87d1eb256027b06ecdf9323411","isMergeCommit":true,"messageTitle":"Merge branch \u0027master\u0027 into branch-OneTag","messageBody":"","fileTypesAndContributionMap":{}},{"hash":"71a52fa7205700563befbdd54bb74f15d3839f60","isMergeCommit":false,"messageTitle":"Fix incorrect default date","messageBody":"","fileTypesAndContributionMap":{"test-code":{"insertions":1,"deletions":1}}},{"hash":"3a8bb1c8e325e26750b273a479c3085d5420eb47","isMergeCommit":true,"messageTitle":"Merge pull request #161 from zeotheburrito/branch-OneTag","messageBody":"Refactor Person class to only have one Tag attribute","fileTypesAndContributionMap":{}},{"hash":"a8880b49cef1c81c89d0f3574150bc51e4538d89","isMergeCommit":false,"messageTitle":"Add functionality to tag by index as well","messageBody":"","fileTypesAndContributionMap":{"functional-code":{"insertions":67,"deletions":23}}},{"hash":"bea23fcc8f93a30f9e01756675f89ae3dd8f4e1d","isMergeCommit":false,"messageTitle":"Update to match checkstyle","messageBody":"","fileTypesAndContributionMap":{"functional-code":{"insertions":7,"deletions":5}}},{"hash":"a8d6fe880622672cd31049c6866ff46f11f36a71","isMergeCommit":true,"messageTitle":"Merge pull request #171 from zeotheburrito/branch-TagAddFunc","messageBody":"Allow tag command to edit tag by index ","fileTypesAndContributionMap":{}},{"hash":"1ca00ec8bf21738c4e609660833805624e0ddd72","isMergeCommit":false,"messageTitle":"Add shortcut for tag command to change tag to next or previous hiring stages","messageBody":"","fileTypesAndContributionMap":{"functional-code":{"insertions":98,"deletions":10}}},{"hash":"fdd14f69bf98fbe68e63f2083a5236eeec343b84","isMergeCommit":true,"messageTitle":"Merge branch \u0027master\u0027 into branch-TagShort","messageBody":"","fileTypesAndContributionMap":{}},{"hash":"32784abbf6cc460cab4f62301aa9620723dfeddc","isMergeCommit":false,"messageTitle":"Fix bugs from merging","messageBody":"","fileTypesAndContributionMap":{"functional-code":{"insertions":17,"deletions":15}}},{"hash":"c84f95498143f4c3336d4cb89e183667a0419aa8","isMergeCommit":false,"messageTitle":"Fix checkstyle error","messageBody":"","fileTypesAndContributionMap":{"functional-code":{"insertions":4,"deletions":4}}},{"hash":"e9df6579aa81c84a31775eca2ba05ec0c5ec29aa","isMergeCommit":false,"messageTitle":"Abstract code function to new class","messageBody":"","fileTypesAndContributionMap":{"functional-code":{"insertions":91,"deletions":72}}},{"hash":"fe734f18dbe8805bbcde733840636e143c905578","isMergeCommit":true,"messageTitle":"Merge remote-tracking branch \u0027upstream/master\u0027 into branch-TagShort","messageBody":"# Conflicts:\n#\tsrc/main/java/hirehive/address/logic/commands/FilterUtil.java\n","fileTypesAndContributionMap":{}}]},{"date":"2025-04-04","commitResults":[{"hash":"95649de7efb67a69550372a899fb9ac48a97fa9d","isMergeCommit":true,"messageTitle":"Merge pull request #176 from zeotheburrito/branch-TagShort","messageBody":"Add shortcut to tag command to change an applicant\u0027s tag to the next/previous stage","fileTypesAndContributionMap":{}},{"hash":"37de2ac8654d4669d948e9569f539142202c2fdf","isMergeCommit":false,"messageTitle":"Update tag command description and manual testing in user and developer guide respectively","messageBody":"","fileTypesAndContributionMap":{"docs":{"insertions":63,"deletions":5}}},{"hash":"58c70cd879535c3627d00ebf3aa260326dfa74bb","isMergeCommit":true,"messageTitle":"Merge pull request #185 from zeotheburrito/branch-UgDgTag","messageBody":"Update tag command description and manual testing in user and developer guide respectively","fileTypesAndContributionMap":{}},{"hash":"8790c6c9cfffb537703d83d2bf12c50399b999b5","isMergeCommit":false,"messageTitle":"Add remind command description and test cases to user and developer guide","messageBody":"","fileTypesAndContributionMap":{"docs":{"insertions":20,"deletions":1}}},{"hash":"afd262f1bc7f52fc06326f41883a58f67893d7ac","isMergeCommit":false,"messageTitle":"Fix formatting errors in developer guide","messageBody":"","fileTypesAndContributionMap":{"docs":{"insertions":13,"deletions":11}}},{"hash":"7f41cf9825415f77a383e52d376f0dd73055f791","isMergeCommit":false,"messageTitle":"Add schedule command description and test cases to user and developer guide","messageBody":"","fileTypesAndContributionMap":{"docs":{"insertions":32,"deletions":0}}},{"hash":"8d1bbb1a0beb6cffd474ca927eb3de01f74e3645","isMergeCommit":false,"messageTitle":"Fix formatting and add test case","messageBody":"","fileTypesAndContributionMap":{"docs":{"insertions":12,"deletions":6}}},{"hash":"622839b6d39e40cdca6b56a31e047b02d0833e81","isMergeCommit":false,"messageTitle":"Update DeleteSequenceDiagram","messageBody":"","fileTypesAndContributionMap":{"docs":{"insertions":13,"deletions":3}}},{"hash":"3a1feb530ca2f8cdc16b2da4c1c23780597272d4","isMergeCommit":true,"messageTitle":"Merge pull request #188 from zeotheburrito/branch-UgDgDate","messageBody":"Add remind command description and test cases to user and developer guide","fileTypesAndContributionMap":{}},{"hash":"dfdc31345273357aa03a81861a9a79855615652b","isMergeCommit":true,"messageTitle":"Merge branch \u0027master\u0027 into branch-UgDgTag","messageBody":"","fileTypesAndContributionMap":{}},{"hash":"d7894c4724e40695d93c8f59990becc16595213d","isMergeCommit":true,"messageTitle":"Merge pull request #189 from zeotheburrito/branch-UgDgTag","messageBody":"Fix formatting errors in developer guide","fileTypesAndContributionMap":{}},{"hash":"29d354af6a06351c1ad28c43344d06a86b5a6210","isMergeCommit":true,"messageTitle":"Merge pull request #191 from zeotheburrito/branch-UgDgSchedule","messageBody":"Add schedule command description and test cases to user and developer guide","fileTypesAndContributionMap":{}},{"hash":"db8dd6ac17b873d76be868169398cd3278ba34ae","isMergeCommit":true,"messageTitle":"Merge pull request #197 from zeotheburrito/branch-DgUML","messageBody":"Update DeleteSequenceDiagram","fileTypesAndContributionMap":{}},{"hash":"94300af6bb3d8268c6423ed7fdfaf732edb9b81b","isMergeCommit":false,"messageTitle":"Update landing page","messageBody":"","fileTypesAndContributionMap":{"docs":{"insertions":5,"deletions":4}}},{"hash":"d7e43459bb38c1c15fbf3fc41706ba2cf5ff8c60","isMergeCommit":true,"messageTitle":"Merge pull request #202 from zeotheburrito/branch-UpdateIndexMd","messageBody":"Update landing page","fileTypesAndContributionMap":{}}]}],"m0destly":[{"date":"2025-03-01","commitResults":[{"hash":"20cf36488f9c0435c36ad972da038db0ffb22820","isMergeCommit":false,"messageTitle":"Update README.md","messageBody":"","fileTypesAndContributionMap":{"docs":{"insertions":2,"deletions":0}}}]},{"date":"2025-03-07","commitResults":[{"hash":"5f877dd5be51d949b77f4b25c9406783d864b781","isMergeCommit":false,"messageTitle":"Update AboutUs page","messageBody":"","fileTypesAndContributionMap":{"docs":{"insertions":5,"deletions":6}}},{"hash":"b76284247e4592afb0358f3e13b5a785a6f2e69e","isMergeCommit":false,"messageTitle":"Update portfolio","messageBody":"","fileTypesAndContributionMap":{"docs":{"insertions":5,"deletions":0}}},{"hash":"8bb324a82c32aad2468215761dc4c696b5d1cac7","isMergeCommit":true,"messageTitle":"Fix AboutUs.md merge conflicts","messageBody":"","fileTypesAndContributionMap":{}},{"hash":"ef60f01f1d926ee7524e0bb77425c2d765cd8cee","isMergeCommit":true,"messageTitle":"Merge pull request #19 from m0destly/aboutus","messageBody":"Edit AboutUs.md with Yun Hong\u0027s information","fileTypesAndContributionMap":{}},{"hash":"d7cc6c3f3e2e5d8ae762072a3d79a2fb3ff66520","isMergeCommit":false,"messageTitle":"Update DeveloperGuide.md NFRs","messageBody":"","fileTypesAndContributionMap":{"docs":{"insertions":3,"deletions":2}}},{"hash":"e09068ae78aa2c63a4bf624a2c7516d51ed8d48c","isMergeCommit":false,"messageTitle":"Update DeveloperGuide.md Glossary","messageBody":"","fileTypesAndContributionMap":{"docs":{"insertions":5,"deletions":0}}},{"hash":"d8b6bea07209aef40d901177d6daf89d7ef3e5ff","isMergeCommit":true,"messageTitle":"Merge pull request #34 from m0destly/updateDG","messageBody":"Update DeveloperGuide.md NFRs","fileTypesAndContributionMap":{}}]},{"date":"2025-03-15","commitResults":[{"hash":"53080373554297d6e52c9071079b18fa267cf8d4","isMergeCommit":false,"messageTitle":"Modify save feature","messageBody":"","fileTypesAndContributionMap":{"functional-code":{"insertions":21,"deletions":2}}},{"hash":"2a1b6f692f41cf92dd2220e8882b41bf5264daed","isMergeCommit":false,"messageTitle":"Add comments","messageBody":"","fileTypesAndContributionMap":{"functional-code":{"insertions":3,"deletions":0}}},{"hash":"4845f4deca039580dd170bc42dfb4b5ea7909c95","isMergeCommit":false,"messageTitle":"Update to follow conventions","messageBody":"","fileTypesAndContributionMap":{"functional-code":{"insertions":4,"deletions":2}}}]},{"date":"2025-03-16","commitResults":[{"hash":"a5a832a3e746d49d622b7ca8655fa76a456f325c","isMergeCommit":true,"messageTitle":"Merge pull request #46 from m0destly/saveFeature","messageBody":"Modify save feature","fileTypesAndContributionMap":{}}]},{"date":"2025-03-20","commitResults":[{"hash":"e69f1bac9f6d6d588d866497b31c88e894f60160","isMergeCommit":false,"messageTitle":"Update sample data","messageBody":"","fileTypesAndContributionMap":{"functional-code":{"insertions":7,"deletions":7}}}]},{"date":"2025-03-21","commitResults":[{"hash":"a128238b6efda9fb27f551a4911781e42e15f0a5","isMergeCommit":false,"messageTitle":"Add test for sample data","messageBody":"","fileTypesAndContributionMap":{"test-code":{"insertions":23,"deletions":0}}},{"hash":"9ebee8d99f70e8311f8382693ffc1261344efe5b","isMergeCommit":true,"messageTitle":"Merge pull request #62 from m0destly/updateSample","messageBody":"Update sample data","fileTypesAndContributionMap":{}}]},{"date":"2025-03-23","commitResults":[{"hash":"71884d8b6c398bb1e29a00711c447044680ccf18","isMergeCommit":false,"messageTitle":"Add notes field without display","messageBody":"","fileTypesAndContributionMap":{"functional-code":{"insertions":139,"deletions":10}}}]},{"date":"2025-03-24","commitResults":[{"hash":"9f0fe56551d7ecd70a9478adefe82b7e03b814bf","isMergeCommit":false,"messageTitle":"Add tests for note","messageBody":"","fileTypesAndContributionMap":{"functional-code":{"insertions":25,"deletions":11},"test-code":{"insertions":208,"deletions":37}}},{"hash":"57c80b35020909d260cbbd750e94e6b559560a5a","isMergeCommit":false,"messageTitle":"Fix checkstyle","messageBody":"","fileTypesAndContributionMap":{"test-code":{"insertions":18,"deletions":18}}},{"hash":"88f8690d6dc489e29ddf03fe7734bbc0270016e0","isMergeCommit":false,"messageTitle":"Update save to show only when successful edits made","messageBody":"","fileTypesAndContributionMap":{"functional-code":{"insertions":18,"deletions":5}}}]},{"date":"2025-03-25","commitResults":[{"hash":"aab07baf985ea89e9ec507fc8cda26d10841f769","isMergeCommit":false,"messageTitle":"Update Person comment","messageBody":"","fileTypesAndContributionMap":{"functional-code":{"insertions":1,"deletions":1}}},{"hash":"6585256af2691c6437f16ad31602edd81e133c3b","isMergeCommit":true,"messageTitle":"Update merge conflicts","messageBody":"","fileTypesAndContributionMap":{}},{"hash":"b08cb7ccc5395ac4453d2eb04dc7befa0a6b7bfc","isMergeCommit":false,"messageTitle":"Update tests","messageBody":"","fileTypesAndContributionMap":{"test-code":{"insertions":1,"deletions":1}}},{"hash":"bdea1a473c649996ccba56764f4395c31a81e2d5","isMergeCommit":true,"messageTitle":"Merge pull request #73 from m0destly/addNotes","messageBody":"Add notes field into Person","fileTypesAndContributionMap":{}}]},{"date":"2025-03-26","commitResults":[{"hash":"b2b3f6b0f894fe046bbed202df600bb6cb2e9c9d","isMergeCommit":false,"messageTitle":"Update save description for UG","messageBody":"","fileTypesAndContributionMap":{"docs":{"insertions":1,"deletions":1}}},{"hash":"3a339f869c27d7b496310d00d576699ddd72f18d","isMergeCommit":false,"messageTitle":"Show person\u0027s notes","messageBody":"","fileTypesAndContributionMap":{"functional-code":{"insertions":287,"deletions":4},"docs":{"insertions":84,"deletions":42}}},{"hash":"a6cb9341288364f0c9ebb9bc79c1f06dffcb523e","isMergeCommit":true,"messageTitle":"Fixed merge conflicts","messageBody":"","fileTypesAndContributionMap":{}},{"hash":"578fba9824f6ae1bc0c0870589e9e0bdeabd7075","isMergeCommit":false,"messageTitle":"Update tests and JavaDocs","messageBody":"","fileTypesAndContributionMap":{"functional-code":{"insertions":24,"deletions":7},"test-code":{"insertions":18,"deletions":7}}},{"hash":"c8dbb4d3dd8eeebfc6706d534006208a17327271","isMergeCommit":true,"messageTitle":"Merge branch \u0027master\u0027 into showNotes","messageBody":"","fileTypesAndContributionMap":{}}]},{"date":"2025-03-27","commitResults":[{"hash":"661a89ab903457006cc9de257ef6a093408eea4b","isMergeCommit":true,"messageTitle":"Merge pull request #87 from m0destly/updateUG","messageBody":"Update save description for UG","fileTypesAndContributionMap":{}},{"hash":"50536e1d06089a227b627599a5402fdb7d91b3fa","isMergeCommit":false,"messageTitle":"Update note command and note tests","messageBody":"","fileTypesAndContributionMap":{"functional-code":{"insertions":11,"deletions":8},"test-code":{"insertions":5,"deletions":5}}},{"hash":"c8b4a4227bd27a0160b4ae73d7ab7ad74d072ed4","isMergeCommit":true,"messageTitle":"Merge branch \u0027master\u0027 into showNotes","messageBody":"","fileTypesAndContributionMap":{}}]},{"date":"2025-03-28","commitResults":[{"hash":"2de54eb20a37585325b0a1bc8d093adccf3a7c32","isMergeCommit":false,"messageTitle":"Add tests for note","messageBody":"","fileTypesAndContributionMap":{"test-code":{"insertions":92,"deletions":0}}},{"hash":"d0910dff93e7cb19e5d3813852059a4d9940c31e","isMergeCommit":false,"messageTitle":"Update save tests","messageBody":"","fileTypesAndContributionMap":{"test-code":{"insertions":25,"deletions":0}}},{"hash":"691a4c57cf7b5730e0e3f0f1998a7aa356821c16","isMergeCommit":true,"messageTitle":"Merge pull request #76 from m0destly/updateSave","messageBody":"Update save to show only when successful edits made","fileTypesAndContributionMap":{}},{"hash":"6479e87854c06555aff7f58975aeb9d2631f9d7d","isMergeCommit":false,"messageTitle":"Update tests","messageBody":"","fileTypesAndContributionMap":{"test-code":{"insertions":82,"deletions":2}}},{"hash":"53aade02832e44dec525c95df2d41e0fe01225c3","isMergeCommit":true,"messageTitle":"Fix merge conflicts","messageBody":"","fileTypesAndContributionMap":{}},{"hash":"c3e131b6fc9f2c6e9c11195412422eadf313c1ca","isMergeCommit":false,"messageTitle":"Fix note bug","messageBody":"","fileTypesAndContributionMap":{"functional-code":{"insertions":1,"deletions":0},"test-code":{"insertions":6,"deletions":4}}}]},{"date":"2025-03-29","commitResults":[{"hash":"c0e208268e7a6de22fba6f9e74d574464cbb81a4","isMergeCommit":true,"messageTitle":"Merge pull request #89 from m0destly/showNotes","messageBody":"Show person\u0027s notes","fileTypesAndContributionMap":{}},{"hash":"b7ba0ff9168375f9934202b1f966074420fc7f11","isMergeCommit":false,"messageTitle":"Fix bugs","messageBody":"","fileTypesAndContributionMap":{"functional-code":{"insertions":3,"deletions":2}}},{"hash":"8b52f7d27e95c389d60a508fb22b8587e1b8ff54","isMergeCommit":false,"messageTitle":"Enable assertions","messageBody":"","fileTypesAndContributionMap":{"other":{"insertions":4,"deletions":0}}}]},{"date":"2025-03-31","commitResults":[{"hash":"41af7a103bffe62ac981e51d291f684c3184b0d0","isMergeCommit":false,"messageTitle":"Fix duplicate tagging","messageBody":"","fileTypesAndContributionMap":{"functional-code":{"insertions":3,"deletions":0}}},{"hash":"c77c0e29ebb9d8fcca8c4bebd0c847aab242bf87","isMergeCommit":false,"messageTitle":"Add glossary to UG and update MainWindow display","messageBody":"","fileTypesAndContributionMap":{"functional-code":{"insertions":1,"deletions":1},"docs":{"insertions":36,"deletions":19}}},{"hash":"41a69378ba88cf424c67c21828c40587067f60b0","isMergeCommit":false,"messageTitle":"Fix checkstyle","messageBody":"","fileTypesAndContributionMap":{"docs":{"insertions":6,"deletions":6}}}]},{"date":"2025-04-01","commitResults":[{"hash":"69ad0c934c1938ff11fa037db60ae9dad77f2351","isMergeCommit":false,"messageTitle":"Fix note bugs and update tests","messageBody":"","fileTypesAndContributionMap":{"functional-code":{"insertions":1,"deletions":2},"test-code":{"insertions":6,"deletions":0}}},{"hash":"fe39e85532c702591659d66da60047f21f50097b","isMergeCommit":true,"messageTitle":"Merge pull request #103 from m0destly/showNotes","messageBody":"Fix MainWindow and Note command bugs","fileTypesAndContributionMap":{}},{"hash":"4f6ce8765069832214c667ab911e1b2eeb500392","isMergeCommit":true,"messageTitle":"Merge pull request #128 from m0destly/updateUG","messageBody":"Add glossary to UG and update MainWindow display","fileTypesAndContributionMap":{}}]},{"date":"2025-04-02","commitResults":[{"hash":"f1f9017694d02c7fb9c4770e51c4d19233c1da64","isMergeCommit":true,"messageTitle":"Merge pull request #105 from m0destly/enableAssertions","messageBody":"Enable assertions","fileTypesAndContributionMap":{}},{"hash":"71857f5c90e3971fc97483b0ee2caf0a41f5af88","isMergeCommit":false,"messageTitle":"Update note window to copy","messageBody":"","fileTypesAndContributionMap":{"functional-code":{"insertions":49,"deletions":14}}},{"hash":"65eb30d92a658f65655a29ff5506a2bb9d67e9ba","isMergeCommit":true,"messageTitle":"Merge branch \u0027master\u0027 into showNotes","messageBody":"","fileTypesAndContributionMap":{}},{"hash":"e7fb0cd484d86d7b4403435ffda41612cdb59d45","isMergeCommit":false,"messageTitle":"Make newnote command to add notes separately","messageBody":"","fileTypesAndContributionMap":{"functional-code":{"insertions":168,"deletions":19},"test-code":{"insertions":8,"deletions":25}}},{"hash":"96a28261139c1f0eb2805399e475e36fe7553da9","isMergeCommit":true,"messageTitle":"Resolve merge conflicts","messageBody":"","fileTypesAndContributionMap":{}},{"hash":"2b4726812e1b5df9d513014330a3a180ee6e5152","isMergeCommit":false,"messageTitle":"Fix checkstyle issues","messageBody":"","fileTypesAndContributionMap":{"functional-code":{"insertions":3,"deletions":0}}},{"hash":"fa840d616e19fc9f42d10552a5e19150e6aad7f1","isMergeCommit":false,"messageTitle":"Add and update tests","messageBody":"","fileTypesAndContributionMap":{"test-code":{"insertions":197,"deletions":4}}},{"hash":"51ae50857d3afdd01c2397b217eae005e1609a2c","isMergeCommit":false,"messageTitle":"Add tests","messageBody":"","fileTypesAndContributionMap":{"test-code":{"insertions":12,"deletions":0}}},{"hash":"a95355168ade6ba2837ad8a4b9a03a5210676de9","isMergeCommit":true,"messageTitle":"Merge pull request #156 from m0destly/addNotes","messageBody":"Make newnote command to add notes separately","fileTypesAndContributionMap":{}},{"hash":"435db40bb5b77d89affb5d82625180e669f76858","isMergeCommit":true,"messageTitle":"Fix merge conflicts","messageBody":"","fileTypesAndContributionMap":{}}]},{"date":"2025-04-03","commitResults":[{"hash":"74af8ddeb219fc331f39d010878505e0aa68edbc","isMergeCommit":false,"messageTitle":"Update bug fixes","messageBody":"","fileTypesAndContributionMap":{"functional-code":{"insertions":3,"deletions":5}}},{"hash":"64d794f049e6deb440fbf44faef6d12bc514e926","isMergeCommit":true,"messageTitle":"Merge pull request #157 from m0destly/showNotes","messageBody":"Update NoteWindow UI, include copy button","fileTypesAndContributionMap":{}},{"hash":"7be342b79c14cff532662b1036d8cc8a56af637c","isMergeCommit":true,"messageTitle":"Merge pull request #142 from m0destly/fixNote","messageBody":"Fix note bugs","fileTypesAndContributionMap":{}},{"hash":"4e6f2719c7e69801b96bddb9d2c78ea1dc121804","isMergeCommit":false,"messageTitle":"Update save message to show only for relevant commands","messageBody":"","fileTypesAndContributionMap":{"functional-code":{"insertions":19,"deletions":11}}},{"hash":"547677a43c9ecf356f5cfa4bcc00a1fe1ed80966","isMergeCommit":false,"messageTitle":"Update save message","messageBody":"","fileTypesAndContributionMap":{"functional-code":{"insertions":1,"deletions":1}}},{"hash":"bed4bdc8e27f72b2916bc3ab6329fcc413c11274","isMergeCommit":false,"messageTitle":"Fix bugs and tests","messageBody":"","fileTypesAndContributionMap":{"functional-code":{"insertions":43,"deletions":27},"test-code":{"insertions":36,"deletions":37}}},{"hash":"2ae6853a779305d7670da3f041ce6c610713b273","isMergeCommit":false,"messageTitle":"Update UG, edited newnote to accept empty input","messageBody":"","fileTypesAndContributionMap":{"functional-code":{"insertions":2,"deletions":4},"docs":{"insertions":40,"deletions":3}}},{"hash":"d7bd1e8ad9079724864d7b61ab833e63be4f9997","isMergeCommit":false,"messageTitle":"Update UML diagrams","messageBody":"","fileTypesAndContributionMap":{"docs":{"insertions":10,"deletions":2}}},{"hash":"a87c2171501c1f2685afcad7293a29a312d1c943","isMergeCommit":false,"messageTitle":"Update table of contents","messageBody":"","fileTypesAndContributionMap":{"docs":{"insertions":2,"deletions":0}}},{"hash":"3076cad0975287583120069423f2c31b70ad37ef","isMergeCommit":true,"messageTitle":"Fix merge conflicts","messageBody":"","fileTypesAndContributionMap":{}}]},{"date":"2025-04-04","commitResults":[{"hash":"81c86e01593fd030ead669d9587869a385797793","isMergeCommit":false,"messageTitle":"Rename change boolean to isChange","messageBody":"","fileTypesAndContributionMap":{"functional-code":{"insertions":8,"deletions":8},"test-code":{"insertions":1,"deletions":1}}},{"hash":"84276a989674b1a6a3d19a42c18a441ebedded77","isMergeCommit":true,"messageTitle":"Merge pull request #181 from m0destly/updateDG","messageBody":"Update UML diagrams","fileTypesAndContributionMap":{}},{"hash":"6124ab80e6ae8aa93bb99a16eff936d026f6b7ff","isMergeCommit":true,"messageTitle":"Fix merge conflicts","messageBody":"","fileTypesAndContributionMap":{}},{"hash":"3a82850ad55262c60f940fc58b3817e8e961a719","isMergeCommit":true,"messageTitle":"Merge pull request #175 from m0destly/updateUG","messageBody":"Update UG, edited newnote to accept empty input","fileTypesAndContributionMap":{}},{"hash":"b90b476b2027b349e61102d31cdc32392b5fbc91","isMergeCommit":true,"messageTitle":"Merge pull request #170 from m0destly/updateSave","messageBody":"Update save message to show for relevant commands only","fileTypesAndContributionMap":{}},{"hash":"9f9033b643266e0b30b5c7af794331b1cea07453","isMergeCommit":false,"messageTitle":"Fix note bugs for same names","messageBody":"","fileTypesAndContributionMap":{"functional-code":{"insertions":56,"deletions":22},"test-code":{"insertions":28,"deletions":45}}},{"hash":"e63955442c4d759a804a8923b438caef68cf376a","isMergeCommit":true,"messageTitle":"Merge pull request #187 from m0destly/fixNote","messageBody":"Fix note bugs for same names","fileTypesAndContributionMap":{}},{"hash":"221417c132dcc90ec274d7fbe75c89c421b534a5","isMergeCommit":false,"messageTitle":"Update DG appendix for instructions to test","messageBody":"","fileTypesAndContributionMap":{"docs":{"insertions":17,"deletions":0}}},{"hash":"b16648c6aeee723e8621537a24816ab466f7d2f5","isMergeCommit":false,"messageTitle":"Update save instructions to test","messageBody":"","fileTypesAndContributionMap":{"docs":{"insertions":9,"deletions":4}}},{"hash":"620b98bb96270f4564891498fcb2dcb06a7d4f81","isMergeCommit":false,"messageTitle":"Fix checkstyle","messageBody":"","fileTypesAndContributionMap":{"docs":{"insertions":7,"deletions":7}}},{"hash":"1ab757a27901a7f5596625627acba4d592e68058","isMergeCommit":false,"messageTitle":"Update schedule command to show save message","messageBody":"","fileTypesAndContributionMap":{"functional-code":{"insertions":1,"deletions":1},"test-code":{"insertions":6,"deletions":6}}},{"hash":"24b999d4607de8ceb637002625f7889df3bd0f0d","isMergeCommit":true,"messageTitle":"Merge pull request #199 from m0destly/updateSave","messageBody":"Update schedule command to show save message","fileTypesAndContributionMap":{}},{"hash":"9ac532e6fa8b2286e170ca272ffd53e44d336f94","isMergeCommit":false,"messageTitle":"Update UG command summary","messageBody":"","fileTypesAndContributionMap":{"docs":{"insertions":2,"deletions":0}}},{"hash":"1c17b252f8f9663fe586014ca4630bf5491a908c","isMergeCommit":true,"messageTitle":"Fix merge conflicts","messageBody":"","fileTypesAndContributionMap":{}},{"hash":"c375b243629a0ef7ecb18bcf8c3b2882ee3b136f","isMergeCommit":true,"messageTitle":"Merge pull request #204 from m0destly/updateUG","messageBody":"Update UG command summary","fileTypesAndContributionMap":{}},{"hash":"1c0798f7e949e0ee3b8d66f472740a8028fa85c7","isMergeCommit":true,"messageTitle":"Fix merge conflicts","messageBody":"","fileTypesAndContributionMap":{}},{"hash":"2464209be1e4516cfa43379fa8c36199348306b4","isMergeCommit":false,"messageTitle":"Fix broken links","messageBody":"","fileTypesAndContributionMap":{"docs":{"insertions":10,"deletions":10}}},{"hash":"36c49bf6c7609793e22f6bb7c45923c8fa273a09","isMergeCommit":true,"messageTitle":"Merge pull request #193 from m0destly/updateDG","messageBody":"Update DG appendix for instructions to test","fileTypesAndContributionMap":{}}]}],"deannapoh":[{"date":"2025-03-07","commitResults":[{"hash":"27d672192d1cff4be49c1b0619c315c4ce190c91","isMergeCommit":true,"messageTitle":"Merge pull request #12 from nat-ong555/add-photo","messageBody":"Add Natalie\u0027s photo","fileTypesAndContributionMap":{}},{"hash":"4663ed3c6ba7e3cfe4cea7dd42a17b8934f07f3c","isMergeCommit":false,"messageTitle":"Edit AboutUs.md","messageBody":"","fileTypesAndContributionMap":{"docs":{"insertions":51,"deletions":5}}},{"hash":"bc4addb7e349db95eb59b0a832aa0f03f4212ef0","isMergeCommit":true,"messageTitle":"Merge pull request #17 from deannapoh/master","messageBody":"Edit AboutUs.md with Deanna\u0027s information","fileTypesAndContributionMap":{}},{"hash":"1cac0ff6a2203de20e3d50492a66b848c17d472f","isMergeCommit":false,"messageTitle":"Edit README.md","messageBody":"","fileTypesAndContributionMap":{"other":{"insertions":1,"deletions":1},"docs":{"insertions":21,"deletions":12}}},{"hash":"61a7c3bb489fc93335b231dc11276cbaab274119","isMergeCommit":false,"messageTitle":"Edit DeveloperGuide.md","messageBody":"","fileTypesAndContributionMap":{"docs":{"insertions":5,"deletions":5}}},{"hash":"f4a3ed356907bcffb9ea2649b450d183b537e617","isMergeCommit":true,"messageTitle":"Merge branch \u0027master\u0027 into update-website","messageBody":"# Conflicts:\n#\tREADME.md\n#\tdocs/DeveloperGuide.md\n","fileTypesAndContributionMap":{}},{"hash":"b2ca5f058e16170c9dadb453f5feb06c3e1bfaa2","isMergeCommit":true,"messageTitle":"Merge pull request #31 from deannapoh/update-website","messageBody":"Edit README.md","fileTypesAndContributionMap":{}}]},{"date":"2025-03-10","commitResults":[{"hash":"b61549e28123123d74f3facf7a338a199d8d544a","isMergeCommit":false,"messageTitle":"Add \u0027Role\u0027 parameter","messageBody":"","fileTypesAndContributionMap":{"functional-code":{"insertions":147,"deletions":17},"docs":{"insertions":1,"deletions":1},"test-code":{"insertions":41,"deletions":10}}},{"hash":"00aef1ec7e3242c299031c2425caf5a15cb6b9ba","isMergeCommit":false,"messageTitle":"Add role parameter","messageBody":"","fileTypesAndContributionMap":{"functional-code":{"insertions":6,"deletions":3}}},{"hash":"1efc5480189a8e97210b0859ffe6d88a0a3bf1d4","isMergeCommit":false,"messageTitle":"Add role parameter","messageBody":"","fileTypesAndContributionMap":{"test-code":{"insertions":10,"deletions":5}}},{"hash":"f6ffde0b6e53cd343aee029339176990a4ac1524","isMergeCommit":false,"messageTitle":"Add role parameter","messageBody":"","fileTypesAndContributionMap":{"functional-code":{"insertions":1,"deletions":1},"test-code":{"insertions":79,"deletions":44}}},{"hash":"2da99549f5fb7500c1af7aba9159a3338c5293cb","isMergeCommit":false,"messageTitle":"Add role parameter","messageBody":"","fileTypesAndContributionMap":{"test-code":{"insertions":3,"deletions":0}}}]},{"date":"2025-03-11","commitResults":[{"hash":"f99e53248ab6830e8978ed58e545330ca21f7c6a","isMergeCommit":true,"messageTitle":"Merge pull request #40 from deannapoh/add-role-parameter","messageBody":"Add \u0027role\u0027 parameter","fileTypesAndContributionMap":{}}]},{"date":"2025-03-17","commitResults":[{"hash":"e3e3d36fa4dd3b4728bdbefcb2af3aa7735594f8","isMergeCommit":false,"messageTitle":"Add additional constraints in add command","messageBody":"","fileTypesAndContributionMap":{"functional-code":{"insertions":2,"deletions":2}}},{"hash":"3ed56479b611d942f3c4e812ef1fd3f8fb0556a4","isMergeCommit":false,"messageTitle":"Resolve test failures","messageBody":"","fileTypesAndContributionMap":{"test-code":{"insertions":16,"deletions":17}}}]},{"date":"2025-03-18","commitResults":[{"hash":"069f5895cb8aa9ae216d85d5439113ed7251863f","isMergeCommit":true,"messageTitle":"Merge pull request #53 from deannapoh/bugs-for-add-command","messageBody":"Resolve minor bugs in add command","fileTypesAndContributionMap":{}}]},{"date":"2025-03-20","commitResults":[{"hash":"16e06c670c15245922546e96f4c520765c88f2a3","isMergeCommit":false,"messageTitle":"Update version number","messageBody":"","fileTypesAndContributionMap":{"functional-code":{"insertions":1,"deletions":1}}},{"hash":"d4cc6b6e8c0c2e616d3a8cdb6df7105e3f908502","isMergeCommit":false,"messageTitle":"Add test for MainApp class","messageBody":"","fileTypesAndContributionMap":{"test-code":{"insertions":15,"deletions":0}}},{"hash":"243c1c60fd858ef9d72e94aadfbfe98506054b6f","isMergeCommit":false,"messageTitle":"Update check style for MainAppTest","messageBody":"","fileTypesAndContributionMap":{"test-code":{"insertions":1,"deletions":1}}},{"hash":"7a53c3a5a427d3006d1ad2770d5049a78ab27e4c","isMergeCommit":true,"messageTitle":"Merge pull request #60 from deannapoh/update-version-to-v1.3","messageBody":"Update version number","tags":["v1.3"],"fileTypesAndContributionMap":{}}]},{"date":"2025-03-23","commitResults":[{"hash":"986580171d9832cc6d87386e4ac8a5ebf57cd5dd","isMergeCommit":false,"messageTitle":"Initialise default tags to \u0027applicant\u0027","messageBody":"","fileTypesAndContributionMap":{"functional-code":{"insertions":19,"deletions":8},"test-code":{"insertions":100,"deletions":29}}},{"hash":"bcba02bcbd091052e60e68931c2274e7d0016946","isMergeCommit":false,"messageTitle":"Delete additional line between import groups","messageBody":"","fileTypesAndContributionMap":{"functional-code":{"insertions":0,"deletions":1}}},{"hash":"3f8b9746e3d0a5a890a58169224536d03f8d158d","isMergeCommit":false,"messageTitle":"Add header comments for DefaultPersonUtil","messageBody":"","fileTypesAndContributionMap":{"test-code":{"insertions":3,"deletions":0}}},{"hash":"4e26de16a664f235f69d26e053c28facde1707ff","isMergeCommit":false,"messageTitle":"Edit Name to be case insensitive","messageBody":"","fileTypesAndContributionMap":{"functional-code":{"insertions":4,"deletions":4},"test-code":{"insertions":2,"deletions":2}}}]},{"date":"2025-03-24","commitResults":[{"hash":"1097313bc7aff3b3ea6ad9c256742386aa31f00b","isMergeCommit":false,"messageTitle":"Revert Person Class","messageBody":"","fileTypesAndContributionMap":{"functional-code":{"insertions":2,"deletions":2}}},{"hash":"b2d4ecfc072e4b603e27f856bef1764be575889c","isMergeCommit":true,"messageTitle":"Merge pull request #69 from deannapoh/Make-case-insensitive","messageBody":"Change person name comparisons to become case-insensitive","fileTypesAndContributionMap":{}},{"hash":"e5df2664bb5d7e523af1954023ca62dd87405798","isMergeCommit":false,"messageTitle":"Capitalise first letter of \"Applicant\"","messageBody":"","fileTypesAndContributionMap":{"functional-code":{"insertions":1,"deletions":1},"test-code":{"insertions":4,"deletions":4}}},{"hash":"de04fbd5e78d792424dc018618ecd4d16d22a0fa","isMergeCommit":true,"messageTitle":"Merge pull request #67 from deannapoh/Initialise-tags-to-applicant","messageBody":"Initialise default tags to \u0027Applicant\u0027","fileTypesAndContributionMap":{}}]},{"date":"2025-03-26","commitResults":[{"hash":"8a9f6ec6a6f9b016e61107aa7be7e1ff0a6de10f","isMergeCommit":false,"messageTitle":"Edit introduction for user guide","messageBody":"","fileTypesAndContributionMap":{"docs":{"insertions":29,"deletions":19}}},{"hash":"60e3e4ca31f3f5ebf7d67e0df05d75e4db6af086","isMergeCommit":false,"messageTitle":"Edit some features for user guide","messageBody":"","fileTypesAndContributionMap":{"functional-code":{"insertions":1,"deletions":1},"docs":{"insertions":54,"deletions":22}}},{"hash":"994ef2cf7bdbe2a137ad734fae2b1b844970d81f","isMergeCommit":false,"messageTitle":"Edit introduction of user guide","messageBody":"","fileTypesAndContributionMap":{"docs":{"insertions":4,"deletions":4}}},{"hash":"06dc108fb2212397cd5012ab0c6ed5deab699496","isMergeCommit":true,"messageTitle":"Merge pull request #83 from deannapoh/user-guide","messageBody":"Edit introduction, FAQ, known issues and help, add, list, clear and exit features of User Guide","fileTypesAndContributionMap":{}},{"hash":"88f24281b023877adeb5156065365960fe673ef1","isMergeCommit":false,"messageTitle":"Resolve bug in edit command","messageBody":"","fileTypesAndContributionMap":{"functional-code":{"insertions":2,"deletions":1}}}]},{"date":"2025-03-27","commitResults":[{"hash":"8809c27231327911d53b0d55fa38c3c702e8a746","isMergeCommit":false,"messageTitle":"Add test case to ensure bug is fixed","messageBody":"","fileTypesAndContributionMap":{"test-code":{"insertions":10,"deletions":0}}},{"hash":"d378588aa5cb5c7ed04b67a3ba3fe99cd5d63551","isMergeCommit":true,"messageTitle":"Merge branch \u0027master\u0027 into support-role-parameter-in-edit-command","messageBody":"","fileTypesAndContributionMap":{}},{"hash":"61a60abd0d72df913d299fc3320b6f9ad2d1e05c","isMergeCommit":false,"messageTitle":"Add more tests","messageBody":"","fileTypesAndContributionMap":{"test-code":{"insertions":15,"deletions":0}}},{"hash":"bae5f668be9ce607cad1ea27c605d6e1ad083e4f","isMergeCommit":true,"messageTitle":"Merge pull request #85 from deannapoh/support-role-parameter-in-edit-command","messageBody":"Edit bug for \u0027edit\u0027 command for role parameter","fileTypesAndContributionMap":{}}]},{"date":"2025-03-30","commitResults":[{"hash":"2fdfe5facf5309cbb54a11b8695a7f9e320bd284","isMergeCommit":false,"messageTitle":"Update ArchitectureSequenceDiagram.puml","messageBody":"","fileTypesAndContributionMap":{"docs":{"insertions":8,"deletions":3}}},{"hash":"6d756f9c759439066e4ce0613fd9703cf5e2b32c","isMergeCommit":false,"messageTitle":"Update DeveloperGuide.md to reflect changes made","messageBody":"","fileTypesAndContributionMap":{"docs":{"insertions":1,"deletions":1}}},{"hash":"d126027ea834c367deaef53e5ec6ac8cbb5a9277","isMergeCommit":true,"messageTitle":"Merge pull request #107 from deannapoh/uml-diagrams","messageBody":"Update ArchitectureSequenceDiagram.puml","fileTypesAndContributionMap":{}}]},{"date":"2025-04-01","commitResults":[{"hash":"74d3cab2684e4a187f83333fb2f168eec77b558b","isMergeCommit":false,"messageTitle":"Add sort feature","messageBody":"","fileTypesAndContributionMap":{"functional-code":{"insertions":73,"deletions":19},"test-code":{"insertions":0,"deletions":1}}},{"hash":"ab9d9692df64e013839ac68dc9eb944206633dd2","isMergeCommit":true,"messageTitle":"Merge branch \u0027master\u0027 into sort-command","messageBody":"","fileTypesAndContributionMap":{}},{"hash":"2f19d94b370e69a1183a7c518241c7c73fa6ada8","isMergeCommit":false,"messageTitle":"Add tests","messageBody":"","fileTypesAndContributionMap":{"test-code":{"insertions":56,"deletions":0}}},{"hash":"dba616a36877e6e57cfac6d410c34b63e0a95b90","isMergeCommit":false,"messageTitle":"Edit code to adhere to checkstyle","messageBody":"","fileTypesAndContributionMap":{"functional-code":{"insertions":1,"deletions":1}}},{"hash":"3a4e3f16bd59f6000cee365f7c13d1b2a08c1c28","isMergeCommit":false,"messageTitle":"Edit failing tests","messageBody":"","fileTypesAndContributionMap":{"test-code":{"insertions":46,"deletions":5}}}]},{"date":"2025-04-02","commitResults":[{"hash":"4a22906f14277330092d5daa5c95fbddfb906e80","isMergeCommit":true,"messageTitle":"Merge pull request #144 from deannapoh/sort-command","messageBody":"Add Sort command","fileTypesAndContributionMap":{}},{"hash":"8d5765f2556d2ddab899854d2bcd488e9bb8587e","isMergeCommit":false,"messageTitle":"Edit UserGuide.md","messageBody":"","fileTypesAndContributionMap":{"docs":{"insertions":22,"deletions":17}}},{"hash":"c5cd401c77d87cf911e740f9f9d0fba551764cb7","isMergeCommit":false,"messageTitle":"Add differences in Mac and Windows version","messageBody":"","fileTypesAndContributionMap":{"docs":{"insertions":4,"deletions":2}}},{"hash":"b744aefdca8c22cf46a3b59ab008933c934e9e79","isMergeCommit":false,"messageTitle":"Fix errors in command example","messageBody":"","fileTypesAndContributionMap":{"functional-code":{"insertions":5,"deletions":3}}},{"hash":"c41fa4fca7e88400681b053dbbd3ee255e845dae","isMergeCommit":false,"messageTitle":"Fix command output issues","messageBody":"","fileTypesAndContributionMap":{"functional-code":{"insertions":5,"deletions":1}}},{"hash":"5195b50fc2e649458ff0cfa3bef84731d7b52dce","isMergeCommit":false,"messageTitle":"Add additional information in add command","messageBody":"","fileTypesAndContributionMap":{"docs":{"insertions":1,"deletions":0}}},{"hash":"a68bd95a0b51f326d97c29e1e4a2c39815c3abed","isMergeCommit":false,"messageTitle":"Allow \u0027/\u0027 in Name","messageBody":"","fileTypesAndContributionMap":{"functional-code":{"insertions":1,"deletions":1}}},{"hash":"00235af9249c3ce781020a93414ba2ced0d22862","isMergeCommit":true,"messageTitle":"Merge pull request #151 from deannapoh/edit-Add-command","messageBody":"Fix [Add] bugs","fileTypesAndContributionMap":{}}]},{"date":"2025-04-03","commitResults":[{"hash":"4ec760dc29123b2d8e9b34aa1f7fc641a7116d7f","isMergeCommit":false,"messageTitle":"Refactor NoteCommand","messageBody":"","fileTypesAndContributionMap":{"functional-code":{"insertions":6,"deletions":14},"other":{"insertions":31,"deletions":31},"test-code":{"insertions":4,"deletions":10}}},{"hash":"4e3670f81ed1e4fa2226dd732ac34b346b49b06d","isMergeCommit":true,"messageTitle":"Resolve merge conflicts","messageBody":"","fileTypesAndContributionMap":{}},{"hash":"195a8816209931ec7c39fc88561cab8964aa99d4","isMergeCommit":false,"messageTitle":"Resolve bugs for Newnote command","messageBody":"","fileTypesAndContributionMap":{"functional-code":{"insertions":1,"deletions":1}}},{"hash":"653398e73a94683a171dda7dba5049574a00c002","isMergeCommit":false,"messageTitle":"Resolve bugs in AddCommand.java","messageBody":"","fileTypesAndContributionMap":{"functional-code":{"insertions":4,"deletions":8}}},{"hash":"eb0d37751b81a837c70d82d4655e6298fabbc88d","isMergeCommit":false,"messageTitle":"Update UG details","messageBody":"","fileTypesAndContributionMap":{"docs":{"insertions":60,"deletions":47}}},{"hash":"4245ab9734ff0f5f423164ca712063fbc59d3980","isMergeCommit":false,"messageTitle":"Edit image","messageBody":"","fileTypesAndContributionMap":{"docs":{"insertions":2,"deletions":2}}},{"hash":"fd7d43f8563bdf96980eaed5d98026a73978287c","isMergeCommit":true,"messageTitle":"Merge pull request #165 from deannapoh/refactor-note-command","messageBody":"Refactor Note command","tags":["v1.5"],"fileTypesAndContributionMap":{}},{"hash":"ffff86e9403d1b82099b779e9c17095435e24e2c","isMergeCommit":true,"messageTitle":"Merge pull request #179 from deannapoh/v1.5-user-guide","messageBody":"Update UG details","fileTypesAndContributionMap":{}}]},{"date":"2025-04-04","commitResults":[{"hash":"21799d55483e64f9c35087ab62dbb8cf1ca646d7","isMergeCommit":true,"messageTitle":"Merge pull request #168 from deannapoh/resolve-bugs-in-add-command","messageBody":"Edit bugs in add command","fileTypesAndContributionMap":{}},{"hash":"71152195101fc894d6eeac6eb8156798a7482f2d","isMergeCommit":false,"messageTitle":"Standardise format of commands","messageBody":"","fileTypesAndContributionMap":{"functional-code":{"insertions":4,"deletions":3}}},{"hash":"d0a9ac2b1ac37c923da1f89eb3595bb7d16a0d47","isMergeCommit":false,"messageTitle":"Update developer guide","messageBody":"","fileTypesAndContributionMap":{"docs":{"insertions":87,"deletions":18}}},{"hash":"8ffd3dabba0ee5b8f0205461e1894c10c8c853d2","isMergeCommit":false,"messageTitle":"Standardise format of command output","messageBody":"","fileTypesAndContributionMap":{"functional-code":{"insertions":1,"deletions":1}}},{"hash":"ea2d6b2d84d8a6ca01f314b4d69ab4b9f1b7664a","isMergeCommit":true,"messageTitle":"Merge branch \u0027master\u0027 into standardies-command-output-format","messageBody":"# Conflicts:\n#\tsrc/main/java/hirehive/address/logic/commands/DeleteCommand.java\n","fileTypesAndContributionMap":{}},{"hash":"84795a70d1aa7d9cf531ab0c5c7ba80c9cb0710a","isMergeCommit":true,"messageTitle":"Merge pull request #195 from deannapoh/standardies-command-output-format","messageBody":"Standardies format of command output","fileTypesAndContributionMap":{}},{"hash":"cef9160714b21f48ace8843e44beb0dd34d9474d","isMergeCommit":true,"messageTitle":"Merge branch \u0027master\u0027 into update-developer-guide","messageBody":"# Conflicts:\n#\tdocs/DeveloperGuide.md\n#\tdocs/UserGuide.md\n","fileTypesAndContributionMap":{}},{"hash":"b8e5a8f670d856f462f197beaa3ffd528499d122","isMergeCommit":true,"messageTitle":"Merge branch \u0027master\u0027 into update-developer-guide","messageBody":"# Conflicts:\n#\tdocs/UserGuide.md\n","fileTypesAndContributionMap":{}},{"hash":"b55c0fd5a3138a7ae9109a1559d53dc868da0dcb","isMergeCommit":true,"messageTitle":"Merge pull request #194 from deannapoh/update-developer-guide","messageBody":"Update developer guide","fileTypesAndContributionMap":{}}]}],"nat-ong555":[{"date":"2025-03-07","commitResults":[{"hash":"9338b7b0d201c4651fdedc78cca328da27570ef7","isMergeCommit":false,"messageTitle":"Edit AboutUs.md to include Natalie\u0027s information","messageBody":"","fileTypesAndContributionMap":{"docs":{"insertions":12,"deletions":4}}},{"hash":"f9e73c3be82d57dbe0c89628e2fac3917587291c","isMergeCommit":false,"messageTitle":"Add extra line at EOF of nat-ong555.md","messageBody":"","fileTypesAndContributionMap":{"docs":{"insertions":1,"deletions":1}}},{"hash":"e92d431e12218985f0c85ad5f363d388ceb4d314","isMergeCommit":true,"messageTitle":"Merge pull request #20 from nat-ong555/master","messageBody":"Edit AboutUs.md to include Natalie\u0027s information","fileTypesAndContributionMap":{}},{"hash":"40215ca5eda14bc7b7c66184cad4fe91b764eb53","isMergeCommit":false,"messageTitle":"Update DeveloperGuide.md to include user target user, value proposition and user stories","messageBody":"","fileTypesAndContributionMap":{"docs":{"insertions":22,"deletions":12}}},{"hash":"59de9ae8bba35fccd5f26ca4df41be2c46c617d9","isMergeCommit":true,"messageTitle":"Merge pull request #32 from nat-ong555/add-user-stories","messageBody":"Update DeveloperGuide.md to include user target user and user stories","fileTypesAndContributionMap":{}}]},{"date":"2025-03-16","commitResults":[{"hash":"67362ecaa4d50f915de19d47bae0da2bed7e6a02","isMergeCommit":false,"messageTitle":"Add JavaDoc comments","messageBody":"","fileTypesAndContributionMap":{"functional-code":{"insertions":11,"deletions":1}}},{"hash":"b52479b92e46a877996bb6be6f0593f246b29ead","isMergeCommit":false,"messageTitle":"Change error output message","messageBody":"","fileTypesAndContributionMap":{"functional-code":{"insertions":1,"deletions":1}}},{"hash":"bc414f0adbf6e602403c7b621faabe0383e2ad59","isMergeCommit":true,"messageTitle":"Merge pull request #1 from nat-ong555/master","messageBody":"Merge master into branch","fileTypesAndContributionMap":{}}]},{"date":"2025-03-17","commitResults":[{"hash":"5f0d8a609d3ab38e64d3e25ea7083495f19e8a35","isMergeCommit":false,"messageTitle":"Update error handling messages","messageBody":"","fileTypesAndContributionMap":{"functional-code":{"insertions":9,"deletions":1},"test-code":{"insertions":7,"deletions":1}}},{"hash":"c84678a1824c49072da6b9eb9ce0e20185fd6e3b","isMergeCommit":false,"messageTitle":"Update code to follow checkstyle","messageBody":"","fileTypesAndContributionMap":{"functional-code":{"insertions":2,"deletions":2},"test-code":{"insertions":0,"deletions":1}}},{"hash":"f24394f9e2783ca9272d75c52cac3158e4ce8cb3","isMergeCommit":true,"messageTitle":"Merge pull request #49 from nat-ong555/delete-command","messageBody":"Add Delete command","fileTypesAndContributionMap":{}}]},{"date":"2025-03-23","commitResults":[{"hash":"41fcc8f11c5313dcef4e42da44b87660f3b85381","isMergeCommit":false,"messageTitle":"Update delete command to new format","messageBody":"","fileTypesAndContributionMap":{"functional-code":{"insertions":33,"deletions":31}}}]},{"date":"2025-03-24","commitResults":[{"hash":"9c0d7a4e40f8f7acb3ed080c6c9304a9b8b5e935","isMergeCommit":false,"messageTitle":"Update test cases","messageBody":"","fileTypesAndContributionMap":{"functional-code":{"insertions":17,"deletions":2},"test-code":{"insertions":51,"deletions":58}}},{"hash":"9efeb1e73fdbc91f0c0ae1eae5a176a90ed259af","isMergeCommit":false,"messageTitle":"Refactor code to comply with checkstyle","messageBody":"","fileTypesAndContributionMap":{"functional-code":{"insertions":1,"deletions":4},"test-code":{"insertions":7,"deletions":8}}},{"hash":"77b37dbf084834197a686348c0ec43cd3b4fef05","isMergeCommit":false,"messageTitle":"Change testcase for LogicManagerTest","messageBody":"","fileTypesAndContributionMap":{"test-code":{"insertions":2,"deletions":2}}}]},{"date":"2025-03-25","commitResults":[{"hash":"7e93e1e2bfd31226f26c6cd96118699a95852ea4","isMergeCommit":true,"messageTitle":"Merge pull request #77 from nat-ong555/update-delete","messageBody":"Update delete command to new format","fileTypesAndContributionMap":{}}]},{"date":"2025-03-26","commitResults":[{"hash":"4f74c7d106b315305a1bb408143fa32521be1b81","isMergeCommit":false,"messageTitle":"Update delete feature portion of UserGuide.md","messageBody":"","fileTypesAndContributionMap":{"docs":{"insertions":6,"deletions":6}}},{"hash":"f1056342c864921ac731ef82d5d5fb44670d84b5","isMergeCommit":false,"messageTitle":"Add anchor links in the contents list","messageBody":"","fileTypesAndContributionMap":{"docs":{"insertions":37,"deletions":28}}},{"hash":"4250527ece603b93edf4bc6c50375b1eb26ef4fb","isMergeCommit":false,"messageTitle":"Update command summary table","messageBody":"","fileTypesAndContributionMap":{"docs":{"insertions":4,"deletions":4}}},{"hash":"60de212991d11c90e9152d06ddd37d065f3cdbf7","isMergeCommit":false,"messageTitle":"Create sidebar in UserGuide.md","messageBody":"","fileTypesAndContributionMap":{"other":{"insertions":16,"deletions":0},"docs":{"insertions":13,"deletions":0}}},{"hash":"02c75fde53d7afad0eb3da20e93b5fa5c362ff6f","isMergeCommit":false,"messageTitle":"Edit user guide details","messageBody":"","fileTypesAndContributionMap":{"other":{"insertions":0,"deletions":16},"docs":{"insertions":1,"deletions":17}}},{"hash":"77477fffcfc3d5a662cb2555d4497d156020a44f","isMergeCommit":false,"messageTitle":"Change title format","messageBody":"","fileTypesAndContributionMap":{"docs":{"insertions":0,"deletions":2}}},{"hash":"c9e060b2ed4bc32eeaab4f4e0f1dbf4d9ee194ab","isMergeCommit":false,"messageTitle":"Correct spelling error","messageBody":"","fileTypesAndContributionMap":{"docs":{"insertions":1,"deletions":1}}},{"hash":"b385916db15936f349edba25ea296c3002a95d58","isMergeCommit":false,"messageTitle":"Edit details of user guide","messageBody":"","fileTypesAndContributionMap":{"docs":{"insertions":2,"deletions":2}}},{"hash":"f241888eba9ad5049873566b554437bb9c05097b","isMergeCommit":false,"messageTitle":"Update delete","messageBody":"","fileTypesAndContributionMap":{"functional-code":{"insertions":2,"deletions":0}}},{"hash":"47f0e914779c88cda2d0b07adcbf6cd61668a843","isMergeCommit":false,"messageTitle":"Resolve minor bugs in code","messageBody":"","fileTypesAndContributionMap":{"functional-code":{"insertions":25,"deletions":10}}},{"hash":"a4b5880a5a0e4bfd893da3cfd019a0f7560c81bd","isMergeCommit":true,"messageTitle":"Merge branch \u0027master\u0027 into edit-user-guide","messageBody":"","fileTypesAndContributionMap":{}},{"hash":"52373d994dacb1128c4510f1ad6fe2ecd70e7afe","isMergeCommit":false,"messageTitle":"Resolve issue","messageBody":"","fileTypesAndContributionMap":{"functional-code":{"insertions":1,"deletions":0}}},{"hash":"a392cb9e267091e37673095702be4a8845ce3f03","isMergeCommit":true,"messageTitle":"Merge branch \u0027edit-user-guide\u0027 of https://github.com/nat-ong555/tp into edit-user-guide","messageBody":"# Conflicts:\n#\tsrc/main/java/hirehive/address/logic/Messages.java\n","fileTypesAndContributionMap":{}},{"hash":"cb24c5cfcce1d0affab34a2be013e316a61a4f6a","isMergeCommit":false,"messageTitle":"Resolve issue","messageBody":"","fileTypesAndContributionMap":{"functional-code":{"insertions":0,"deletions":1}}},{"hash":"7dc0815311fef502fc22c008d2bf5d207965c83a","isMergeCommit":false,"messageTitle":"Resolve bugs","messageBody":"","fileTypesAndContributionMap":{"functional-code":{"insertions":2,"deletions":2}}}]},{"date":"2025-03-27","commitResults":[{"hash":"6f1518a2df075525a57fd59e8d9e028a577419d8","isMergeCommit":false,"messageTitle":"Update checkstyle","messageBody":"","fileTypesAndContributionMap":{"functional-code":{"insertions":0,"deletions":1},"test-code":{"insertions":6,"deletions":8}}},{"hash":"72bf21f40f698a51dd13a9fca4bf684cf0d4d142","isMergeCommit":true,"messageTitle":"Merge pull request #88 from nat-ong555/edit-user-guide","messageBody":"Update delete feature and command summary in UserGuide","fileTypesAndContributionMap":{}},{"hash":"6ba1fe93d613de2db39726a649e4ac7139334537","isMergeCommit":false,"messageTitle":"Update delete feature code logic","messageBody":"","fileTypesAndContributionMap":{"functional-code":{"insertions":3,"deletions":2}}},{"hash":"b0464160abc742ec3e08015ea5fd0335cffdf5e1","isMergeCommit":false,"messageTitle":"Update Model interface","messageBody":"","fileTypesAndContributionMap":{"functional-code":{"insertions":14,"deletions":2}}},{"hash":"4dbff2a2fbf5ae638394ebfdfde64c6485c38e15","isMergeCommit":false,"messageTitle":"Resolve compiling issues","messageBody":"","fileTypesAndContributionMap":{"test-code":{"insertions":5,"deletions":0}}},{"hash":"b08bc105f7cff91a134f0952e37125276a707e8d","isMergeCommit":true,"messageTitle":"Merge pull request #95 from nat-ong555/edit-user-guide","messageBody":"Update delete feature code logic","fileTypesAndContributionMap":{}}]},{"date":"2025-03-30","commitResults":[{"hash":"635ac1832daa6eeec626f875dfbb8ff52c5f4bfb","isMergeCommit":false,"messageTitle":"Update UML diagram","messageBody":"","fileTypesAndContributionMap":{"docs":{"insertions":4,"deletions":4}}},{"hash":"505443d7ab04ad28c226fcc30288433a9b15e5b6","isMergeCommit":false,"messageTitle":"Add in more details in UML diagram","messageBody":"","fileTypesAndContributionMap":{"docs":{"insertions":51,"deletions":3}}},{"hash":"3fdb15dca80696fc3372e9c8115fe71749d3106e","isMergeCommit":false,"messageTitle":"Update UML diagram in DeveloperGuide","messageBody":"","fileTypesAndContributionMap":{"docs":{"insertions":4,"deletions":1}}}]},{"date":"2025-03-31","commitResults":[{"hash":"78dcb4b8a577677bd4d695dcc59f7d8cee7fce93","isMergeCommit":false,"messageTitle":"Edit small details in UML diagram","messageBody":"","fileTypesAndContributionMap":{"docs":{"insertions":1,"deletions":1}}},{"hash":"86ecf31fd731c594bd555880ce6066bbfeb801f5","isMergeCommit":false,"messageTitle":"Update code logic for counter feature","messageBody":"","fileTypesAndContributionMap":{"functional-code":{"insertions":33,"deletions":6},"test-code":{"insertions":0,"deletions":5}}},{"hash":"387322c31fed09037e56b17feb32941e51a6d808","isMergeCommit":true,"messageTitle":"Merge branch \u0027master\u0027 into counter-feature","messageBody":"","fileTypesAndContributionMap":{}},{"hash":"de9d51fe19565d43a753163f9fefbec42a334d91","isMergeCommit":false,"messageTitle":"Remove trailing whitespace","messageBody":"","fileTypesAndContributionMap":{"functional-code":{"insertions":0,"deletions":2}}},{"hash":"367947c824f75044799b8c4f7f381fe52f2ad779","isMergeCommit":false,"messageTitle":"Update LogicManagerTest","messageBody":"","fileTypesAndContributionMap":{"test-code":{"insertions":6,"deletions":0}}}]},{"date":"2025-04-01","commitResults":[{"hash":"961afad85f5bc9a1fa033d8f4b44922e229491cb","isMergeCommit":true,"messageTitle":"Merge pull request #114 from nat-ong555/update-uml-diagram","messageBody":"Update DeleteSequenceDiagram","fileTypesAndContributionMap":{}}]},{"date":"2025-04-02","commitResults":[{"hash":"729fa645f0737d14f7e97d0911b63be8545579c1","isMergeCommit":false,"messageTitle":"Update user guide details","messageBody":"","fileTypesAndContributionMap":{"docs":{"insertions":7,"deletions":6}}},{"hash":"382db5f4e93571d81eb2734cceae9ee9178200e5","isMergeCommit":false,"messageTitle":"Refactor code to follow OOP","messageBody":"","fileTypesAndContributionMap":{"functional-code":{"insertions":8,"deletions":1},"test-code":{"insertions":5,"deletions":0}}},{"hash":"12d8e963feb9f4c103f980a2dd82fa1aa317fd91","isMergeCommit":false,"messageTitle":"Update test cases","messageBody":"","fileTypesAndContributionMap":{"test-code":{"insertions":6,"deletions":0}}},{"hash":"6503f13fd18b927a9df7c72a11661ca23e25a4a9","isMergeCommit":true,"messageTitle":"Merge pull request #96 from nat-ong555/counter-feature","messageBody":"Display filtered list size at output","fileTypesAndContributionMap":{}},{"hash":"1f074686459e145aaa36fbd64bde56ee3d7b1def","isMergeCommit":false,"messageTitle":"Update minor details in User Guide","messageBody":"","fileTypesAndContributionMap":{"docs":{"insertions":10,"deletions":8}}},{"hash":"dccb6b9eb29479ba2e333b7fc05f0d3cfbcecf8e","isMergeCommit":false,"messageTitle":"Update edit command format","messageBody":"","fileTypesAndContributionMap":{"docs":{"insertions":2,"deletions":2}}},{"hash":"f778c32389d56f8120e39e957db9049c56888a28","isMergeCommit":true,"messageTitle":"Merge pull request #148 from nat-ong555/user-guide","messageBody":"Update user guide details","fileTypesAndContributionMap":{}},{"hash":"638ce5e90007818116e1ae12a85038004d4fc12d","isMergeCommit":false,"messageTitle":"Update parser logic to prevent multiple inputs for Delete","messageBody":"","fileTypesAndContributionMap":{"functional-code":{"insertions":11,"deletions":1}}},{"hash":"e4b6bc2b8974acabaadf9c3309592531366be802","isMergeCommit":false,"messageTitle":"Remove unused imports","messageBody":"","fileTypesAndContributionMap":{"functional-code":{"insertions":0,"deletions":8}}},{"hash":"eb8632f51434841dd0d0006914a6b9d2ec5a275e","isMergeCommit":false,"messageTitle":"Update test cases","messageBody":"","fileTypesAndContributionMap":{"functional-code":{"insertions":3,"deletions":1}}}]},{"date":"2025-04-03","commitResults":[{"hash":"d6d4697ee569bc82d18985118e34d7ce7d08b151","isMergeCommit":true,"messageTitle":"Merge pull request #159 from nat-ong555/delete-feature-branch","messageBody":"Update parser logic to prevent multiple inputs for Delete","fileTypesAndContributionMap":{}},{"hash":"9b737d56400c206960bc290c074ebe78d5a54e3b","isMergeCommit":false,"messageTitle":"Add in FilterOutCommand and FilterOutCommandParser","messageBody":"","fileTypesAndContributionMap":{"functional-code":{"insertions":134,"deletions":4},"other":{"insertions":1,"deletions":4}}},{"hash":"de374425397744270c57081898e318c116afcf06","isMergeCommit":false,"messageTitle":"Update test cases for FilterOutCommand","messageBody":"","fileTypesAndContributionMap":{"test-code":{"insertions":111,"deletions":0}}},{"hash":"cc6c903f77009095edde9aa08a6c5f316b7fee7e","isMergeCommit":false,"messageTitle":"Remove whitespace","messageBody":"","fileTypesAndContributionMap":{"test-code":{"insertions":1,"deletions":1}}},{"hash":"485f6483cbf18ae1afff539b90d1f89c90106b9a","isMergeCommit":false,"messageTitle":"Add JavaDocs comments","messageBody":"","fileTypesAndContributionMap":{"functional-code":{"insertions":4,"deletions":0}}},{"hash":"e37f1b5be066b1598ef9cfaccdd5bc0dc49cc677","isMergeCommit":false,"messageTitle":"Add in import statement","messageBody":"","fileTypesAndContributionMap":{"functional-code":{"insertions":1,"deletions":0}}},{"hash":"fc6f81549debf4d320569f96412d35998223e23a","isMergeCommit":false,"messageTitle":"Update code","messageBody":"","fileTypesAndContributionMap":{"functional-code":{"insertions":1,"deletions":2}}},{"hash":"32a7f52d6c2e17780e03f8fb1d320cd07f1b7dae","isMergeCommit":true,"messageTitle":"Merge branch \u0027master\u0027 of https://github.com/nat-ong555/tp into branch","messageBody":"","fileTypesAndContributionMap":{}},{"hash":"209057d55b325a45570307e165119f84608ccb4f","isMergeCommit":false,"messageTitle":"Update checkstyle","messageBody":"","fileTypesAndContributionMap":{"functional-code":{"insertions":0,"deletions":1}}}]},{"date":"2025-04-04","commitResults":[{"hash":"a397d53f3b9212b0e53a2a267d46c1793b032171","isMergeCommit":true,"messageTitle":"Merge branch \u0027master\u0027 into filterout-command","messageBody":"","fileTypesAndContributionMap":{}},{"hash":"6bf9711f60103ad1cb53b432df8235ca089126e5","isMergeCommit":false,"messageTitle":"Update user guide with more details","messageBody":"","fileTypesAndContributionMap":{"docs":{"insertions":17,"deletions":4}}},{"hash":"9cde212cde94e8a11075cc2c4d40318760f73122","isMergeCommit":true,"messageTitle":"Merge branch \u0027master\u0027 into filterout-command","messageBody":"","fileTypesAndContributionMap":{}},{"hash":"285697b7e8c93fa6d72f34e14963145477e4df8e","isMergeCommit":false,"messageTitle":"Update CommandUtil.java","messageBody":"","fileTypesAndContributionMap":{"functional-code":{"insertions":1,"deletions":1}}},{"hash":"d965430c67c26962a82cfd9a8204530dbdeccb78","isMergeCommit":true,"messageTitle":"Merge branch \u0027master\u0027 into filterout-command","messageBody":"","fileTypesAndContributionMap":{}},{"hash":"0d53499dd7b433d63a7501fceca554619743200a","isMergeCommit":false,"messageTitle":"Update Dg","messageBody":"","fileTypesAndContributionMap":{"docs":{"insertions":1,"deletions":1}}},{"hash":"169cf43d5f9fe29f9e057894176b2a857d9841c5","isMergeCommit":true,"messageTitle":"Merge pull request #173 from nat-ong555/filterout-command","messageBody":"Create FilterOutCommand","fileTypesAndContributionMap":{}},{"hash":"ce3e164cd609324350f820e2ac6a12a83e6b5223","isMergeCommit":false,"messageTitle":"Update Delete Command format","messageBody":"","fileTypesAndContributionMap":{"functional-code":{"insertions":49,"deletions":32},"test-code":{"insertions":0,"deletions":1}}},{"hash":"d6bf127f32e3f1f40c98838d76aac01168563733","isMergeCommit":false,"messageTitle":"Add JavaDocs comments","messageBody":"","fileTypesAndContributionMap":{"functional-code":{"insertions":6,"deletions":0}}},{"hash":"03d96bd28f7312c5a6954b31ec768f0794d2da96","isMergeCommit":true,"messageTitle":"Merge branch \u0027master\u0027 into delete-by-index","messageBody":"","fileTypesAndContributionMap":{}},{"hash":"ede1963f9dda9c5d488bdbe3d9a9195ce210242d","isMergeCommit":false,"messageTitle":"Update test cases","messageBody":"","fileTypesAndContributionMap":{"functional-code":{"insertions":2,"deletions":1},"test-code":{"insertions":27,"deletions":2}}},{"hash":"eea45e933d5eae49a43e6fc0ecd5e0a6a87c2c46","isMergeCommit":true,"messageTitle":"Merge branch \u0027delete-by-index\u0027 of https://github.com/nat-ong555/tp into delete-by-index","messageBody":"","fileTypesAndContributionMap":{}},{"hash":"066e56192ca0657a88329e257f3b5a650fd8fe95","isMergeCommit":true,"messageTitle":"Merge pull request #200 from nat-ong555/delete-by-index","messageBody":"Update Delete Command to delete by index","tags":["v1.5.1"],"fileTypesAndContributionMap":{}},{"hash":"f6fbceafbda8e4c7e6bb16d457c0e0b378d39e92","isMergeCommit":false,"messageTitle":"Update user guide","messageBody":"","fileTypesAndContributionMap":{"docs":{"insertions":11,"deletions":3}}},{"hash":"8e48540cdf62322f34f26ff6912c1d183daaf6ab","isMergeCommit":true,"messageTitle":"Merge branch \u0027master\u0027 into update-userguide","messageBody":"# Conflicts:\n#\tdocs/UserGuide.md\n","fileTypesAndContributionMap":{}},{"hash":"fc6d7dde7d557e5bea444b78a0d5a63c4e58c429","isMergeCommit":false,"messageTitle":"Update DG","messageBody":"","fileTypesAndContributionMap":{"docs":{"insertions":24,"deletions":3}}},{"hash":"88f6fca638d4144ede6f66606515163e16cd3149","isMergeCommit":true,"messageTitle":"Merge pull request #206 from nat-ong555/update-userguide","messageBody":"Update user guide and developer guide","fileTypesAndContributionMap":{}}]}],"Ditzchann":[{"date":"2025-03-07","commitResults":[{"hash":"16ffb21a9fc327600772164926a3f147d3da7f46","isMergeCommit":false,"messageTitle":"Update AboutUs.md","messageBody":"","fileTypesAndContributionMap":{"docs":{"insertions":9,"deletions":5}}},{"hash":"df4a5ff3f5a25a8b6a9e38006fc71965eabdf01d","isMergeCommit":false,"messageTitle":"Edit ditzchann.md to follow checkstyle","messageBody":"","fileTypesAndContributionMap":{"docs":{"insertions":1,"deletions":1}}},{"hash":"ef1ec894e806871993d33ac1470acf08baa1db6a","isMergeCommit":true,"messageTitle":"Merge pull request #14 from Ditzchann/branch-AboutUs","messageBody":"Edit AboutUs.md with Ditzchann\u0027s information","fileTypesAndContributionMap":{}},{"hash":"7a85d01620ec6d4fe7c4c4956bb0aa2601c17307","isMergeCommit":false,"messageTitle":"Update DeveloperGuide.md","messageBody":"","fileTypesAndContributionMap":{"docs":{"insertions":53,"deletions":10}}},{"hash":"74cfd14f3544e532015412a3d6f053d1ccc145b7","isMergeCommit":true,"messageTitle":"Merge pull request #36 from Ditzchann/branch-websiteCases","messageBody":"Add use cases to DG","fileTypesAndContributionMap":{}}]},{"date":"2025-03-17","commitResults":[{"hash":"8811edcbb37d0bdbb864195b3d0efd0441b95041","isMergeCommit":false,"messageTitle":"Refactor package into hirehive.address","messageBody":"","fileTypesAndContributionMap":{"other":{"insertions":980,"deletions":994},"docs":{"insertions":3,"deletions":3},"test-code":{"insertions":596,"deletions":673}}},{"hash":"ef01fa62aeb1d2032c998215f8e03f51087518ea","isMergeCommit":false,"messageTitle":"Edit imports to fit checkstyle","messageBody":"","fileTypesAndContributionMap":{"functional-code":{"insertions":8,"deletions":6}}},{"hash":"5d11d026482e2d4fa5ba7dd3a1711c3b64b3d244","isMergeCommit":false,"messageTitle":"Edit code to pass checkstyle","messageBody":"","fileTypesAndContributionMap":{"functional-code":{"insertions":48,"deletions":55}}}]},{"date":"2025-03-18","commitResults":[{"hash":"d4880aee787ca03384306dfacdfa10f2957ef1ce","isMergeCommit":true,"messageTitle":"Merge remote-tracking branch \u0027upstream/master\u0027 into branch-name-change","messageBody":"","fileTypesAndContributionMap":{}},{"hash":"10e071c6f8a349a2719403af4d0d03cce695e877","isMergeCommit":false,"messageTitle":"Fix checkstyle issues","messageBody":"","fileTypesAndContributionMap":{"other":{"insertions":3,"deletions":3},"test-code":{"insertions":150,"deletions":113}}},{"hash":"930d92a4748d86c1546e40e71d49bc55c87c6807","isMergeCommit":false,"messageTitle":"Fix checkstyle issue","messageBody":"","fileTypesAndContributionMap":{"test-code":{"insertions":2,"deletions":1}}},{"hash":"4c4c7a88b6f68534631414cd97e53512673e5298","isMergeCommit":false,"messageTitle":"Update AddressBookParserTest.java","messageBody":"","fileTypesAndContributionMap":{"test-code":{"insertions":1,"deletions":1}}},{"hash":"26db07bd5ec921010f19f63170e1088bb2459034","isMergeCommit":false,"messageTitle":"Fix broken test cases","messageBody":"","fileTypesAndContributionMap":{"test-code":{"insertions":13,"deletions":14}}},{"hash":"1bf9b74a75837b2cba19d27d2d2d83a191141bec","isMergeCommit":true,"messageTitle":"Merge remote-tracking branch \u0027upstream/master\u0027 into branch-name-change","messageBody":"","fileTypesAndContributionMap":{}},{"hash":"6f2a7530206bdcd3c544a347f11f752f67167c15","isMergeCommit":true,"messageTitle":"Merge pull request #51 from Ditzchann/branch-name-change","messageBody":"Refactor package into hirehive.address","fileTypesAndContributionMap":{}}]},{"date":"2025-03-23","commitResults":[{"hash":"f32d867c5b31a85c59f11d40e4fecba340c9336d","isMergeCommit":false,"messageTitle":"Create FilterCommand and hook to app with error message","messageBody":"","fileTypesAndContributionMap":{"functional-code":{"insertions":17,"deletions":10}}},{"hash":"44d4dfaf8dadbf5e58bfa6e5cc3445118e3ae54b","isMergeCommit":false,"messageTitle":"Allow app to accept Filter arguments","messageBody":"","fileTypesAndContributionMap":{"functional-code":{"insertions":49,"deletions":2}}},{"hash":"24a01f5b7a93cea6d6600315b1b4b6c45f9e882b","isMergeCommit":false,"messageTitle":"Add execute logic to FilterCommand.java","messageBody":"","fileTypesAndContributionMap":{"functional-code":{"insertions":72,"deletions":8}}},{"hash":"82835744984f6d387d82de77abd99270b52a433d","isMergeCommit":false,"messageTitle":"Fix checkstyle errors","messageBody":"","fileTypesAndContributionMap":{"functional-code":{"insertions":29,"deletions":8}}},{"hash":"872d721184b4ece177d99731df6e79920c220f71","isMergeCommit":false,"messageTitle":"Fix checkstyle errors","messageBody":"","fileTypesAndContributionMap":{"functional-code":{"insertions":3,"deletions":3}}},{"hash":"973f1cbb35df678304ec51d56bbdc6237d384c34","isMergeCommit":false,"messageTitle":"Add tests for FilterCommand","messageBody":"","fileTypesAndContributionMap":{"test-code":{"insertions":88,"deletions":7}}},{"hash":"15f3a25bf754d249bd58526b82949967ea727e39","isMergeCommit":false,"messageTitle":"Add tests for FilterCommandParser","messageBody":"","fileTypesAndContributionMap":{"test-code":{"insertions":25,"deletions":0}}},{"hash":"ccdd9d9127a7284f2678dc72e5553a972b603458","isMergeCommit":false,"messageTitle":"Fix checkstyle errors","messageBody":"","fileTypesAndContributionMap":{"test-code":{"insertions":12,"deletions":11}}},{"hash":"147b801a1590d86eae4db2ecee118c52625a8b99","isMergeCommit":false,"messageTitle":"Add more tests","messageBody":"","fileTypesAndContributionMap":{"functional-code":{"insertions":1,"deletions":1},"test-code":{"insertions":83,"deletions":0}}}]},{"date":"2025-03-25","commitResults":[{"hash":"9884ede7006e9bff8493add8d5215be7b86d2b16","isMergeCommit":true,"messageTitle":"Merge remote-tracking branch \u0027upstream/master\u0027 into branch-filter","messageBody":"","fileTypesAndContributionMap":{}},{"hash":"b374d5e486d16969cacb9f21f0d4dcc4f20a764c","isMergeCommit":false,"messageTitle":"Update FilterCommandTest.java","messageBody":"","fileTypesAndContributionMap":{"test-code":{"insertions":3,"deletions":3}}}]},{"date":"2025-03-26","commitResults":[{"hash":"93845ab3521f90e161e5ae5d082619b16f094c70","isMergeCommit":false,"messageTitle":"Create DateCommand and let the app accept it","messageBody":"","fileTypesAndContributionMap":{"functional-code":{"insertions":51,"deletions":0}}},{"hash":"140c0513db2f36ad2c18da0773ecee5782ca73c3","isMergeCommit":true,"messageTitle":"Merge remote-tracking branch \u0027upstream/master\u0027 into branch-InterviewDate","messageBody":"","fileTypesAndContributionMap":{}},{"hash":"2b7bd68871e736721f97873b929d133f2033b893","isMergeCommit":false,"messageTitle":"Update DateCommand.java","messageBody":"","fileTypesAndContributionMap":{"functional-code":{"insertions":4,"deletions":5}}},{"hash":"f0e84e066f1c5da39e76d507f80af04e61589563","isMergeCommit":true,"messageTitle":"Merge remote-tracking branch \u0027upstream/master\u0027 into branch-filter","messageBody":"","fileTypesAndContributionMap":{}},{"hash":"141e5eb745c5c3def3f89674016c02eb0c25f630","isMergeCommit":false,"messageTitle":"Update error message when no contacts are filtered","messageBody":"","fileTypesAndContributionMap":{"functional-code":{"insertions":8,"deletions":3}}},{"hash":"dae6e8a823cbef4fc3a2575eb7751b47f64196e3","isMergeCommit":false,"messageTitle":"Update FilterCommandTest.java","messageBody":"","fileTypesAndContributionMap":{"test-code":{"insertions":1,"deletions":1}}},{"hash":"bd68b9cb94c91a7c157bae7c193b4291ca570fb1","isMergeCommit":true,"messageTitle":"Merge pull request #70 from Ditzchann/branch-filter","messageBody":"Add filter command for tags","fileTypesAndContributionMap":{}},{"hash":"d823b78c08a8eb73e332b8b1c1d3b96805da5409","isMergeCommit":true,"messageTitle":"Merge remote-tracking branch \u0027upstream/master\u0027 into branch-InterviewDate","messageBody":"","fileTypesAndContributionMap":{}},{"hash":"e53daa522e318db47aed457996f3711bcdd6b585","isMergeCommit":false,"messageTitle":"Create DateCommandParser.java","messageBody":"","fileTypesAndContributionMap":{"functional-code":{"insertions":48,"deletions":0}}},{"hash":"5640ef47e3b09b1f6dc88db5238bbf0bbe299c48","isMergeCommit":false,"messageTitle":"Add Date field to Person","messageBody":"","fileTypesAndContributionMap":{"functional-code":{"insertions":122,"deletions":13}}}]},{"date":"2025-03-27","commitResults":[{"hash":"d7b5efa1ce50e75a871cd5047df87bd3fb997a25","isMergeCommit":false,"messageTitle":"Update UserGuide.md","messageBody":"","fileTypesAndContributionMap":{"docs":{"insertions":8,"deletions":2}}},{"hash":"dd148d2726398539444292809bd23f7573e4b35b","isMergeCommit":true,"messageTitle":"Merge pull request #94 from Ditzchann/branch-ug","messageBody":"Update UserGuide.md","fileTypesAndContributionMap":{}},{"hash":"8e3045d3090afbc2692b63b4f1e905cb2317e4c4","isMergeCommit":false,"messageTitle":"Add support for InterviewDate field in storage","messageBody":"","fileTypesAndContributionMap":{"functional-code":{"insertions":67,"deletions":22}}},{"hash":"96430c7c5a703403c34b2f72ff7fa5e475acbd12","isMergeCommit":false,"messageTitle":"Update DateCommandParser.java","messageBody":"","fileTypesAndContributionMap":{"functional-code":{"insertions":3,"deletions":3}}},{"hash":"f619f0b20a67449087b2a5400d65cf9bc6eefce2","isMergeCommit":false,"messageTitle":"Fix existing test cases","messageBody":"","fileTypesAndContributionMap":{"functional-code":{"insertions":1,"deletions":1},"test-code":{"insertions":52,"deletions":25}}},{"hash":"30725517788144e4b4c707bedc2d5d29dc72121b","isMergeCommit":false,"messageTitle":"Fix checkstyle error","messageBody":"","fileTypesAndContributionMap":{"test-code":{"insertions":3,"deletions":0}}},{"hash":"d46b745cf20e99bee261833cb84fca5b54633eae","isMergeCommit":false,"messageTitle":"Add testcases for AddressBookParser and ParserUtil","messageBody":"","fileTypesAndContributionMap":{"test-code":{"insertions":32,"deletions":2}}},{"hash":"942e5a4e9aafaa691d733bf514a161512b553bac","isMergeCommit":false,"messageTitle":"Add tests for InterviewDate","messageBody":"","fileTypesAndContributionMap":{"test-code":{"insertions":59,"deletions":0}}},{"hash":"a9113999bdcd3854e09ba1b37273783923806daf","isMergeCommit":false,"messageTitle":"Add tests for EditCommandParser.java","messageBody":"","fileTypesAndContributionMap":{"functional-code":{"insertions":3,"deletions":2},"test-code":{"insertions":25,"deletions":3}}},{"hash":"2815bd4159940c883752837eb1af844dd2c9f1e6","isMergeCommit":false,"messageTitle":"Update PersonTest.java","messageBody":"","fileTypesAndContributionMap":{"test-code":{"insertions":6,"deletions":1}}},{"hash":"aa6b187c7163b2902e792dcdc0048df61bbe6599","isMergeCommit":true,"messageTitle":"Merge remote-tracking branch \u0027upstream/master\u0027 into branch-InterviewDate","messageBody":"","fileTypesAndContributionMap":{}},{"hash":"db597d0d0309c9348b1cae536308b2491eb35d44","isMergeCommit":false,"messageTitle":"Update PersonUtil.java","messageBody":"","fileTypesAndContributionMap":{"test-code":{"insertions":2,"deletions":0}}},{"hash":"d1105a137eefac5052e4672d1636152692ba97d9","isMergeCommit":true,"messageTitle":"Merge pull request #97 from Ditzchann/branch-InterviewDate","messageBody":"Adds interview date attribute to person","tags":["v1.4"],"fileTypesAndContributionMap":{}}]},{"date":"2025-03-28","commitResults":[{"hash":"110ac0d15e3b4511fe6faee4715fff1adb92b14f","isMergeCommit":false,"messageTitle":"Integrate Reminder command into application","messageBody":"","fileTypesAndContributionMap":{"functional-code":{"insertions":158,"deletions":10}}},{"hash":"8415549314b484991199b5eb414be74272ed45e3","isMergeCommit":false,"messageTitle":"Add tests for UpcomingInterviewPredicate","messageBody":"","fileTypesAndContributionMap":{"functional-code":{"insertions":10,"deletions":2},"test-code":{"insertions":67,"deletions":0}}},{"hash":"f33ee7405e1896052628cba8873fadcf8c1895f5","isMergeCommit":false,"messageTitle":"Fix checkstyle errors","messageBody":"","fileTypesAndContributionMap":{"functional-code":{"insertions":41,"deletions":3},"test-code":{"insertions":4,"deletions":0}}},{"hash":"61e8605a28d25db474961774f2aa615e2291179b","isMergeCommit":false,"messageTitle":"Fix error in test cases","messageBody":"","fileTypesAndContributionMap":{"functional-code":{"insertions":15,"deletions":0},"test-code":{"insertions":3,"deletions":3}}}]},{"date":"2025-04-02","commitResults":[{"hash":"23a336fff66e7aab9f56c62fecba95a5e7e0cf35","isMergeCommit":false,"messageTitle":"Update test cases","messageBody":"","fileTypesAndContributionMap":{"functional-code":{"insertions":2,"deletions":1},"test-code":{"insertions":179,"deletions":2}}},{"hash":"3fbe1d0687737a15a83e9829554177e1b80ebf76","isMergeCommit":false,"messageTitle":"Update UserGuide.md","messageBody":"","fileTypesAndContributionMap":{"docs":{"insertions":3,"deletions":3}}},{"hash":"68b236866ba794f75326c4f56298420a5005e94f","isMergeCommit":true,"messageTitle":"Merge remote-tracking branch \u0027upstream/master\u0027 into branch-reminder","messageBody":"","fileTypesAndContributionMap":{}},{"hash":"9e0f334473b1632036e4b82a9bbd45b33c1f67cc","isMergeCommit":false,"messageTitle":"Update UserGuide.md","messageBody":"","fileTypesAndContributionMap":{"docs":{"insertions":1,"deletions":1}}},{"hash":"1627567d728a9d32957caf8f4e98cdc4a55b49eb","isMergeCommit":false,"messageTitle":"Fix checkstyle errors","messageBody":"","fileTypesAndContributionMap":{"functional-code":{"insertions":1,"deletions":1},"docs":{"insertions":4,"deletions":4},"test-code":{"insertions":1,"deletions":1}}},{"hash":"f589b1601229238c2c475187e3f897245dc2d3f6","isMergeCommit":true,"messageTitle":"Merge pull request #160 from Ditzchann/branch-ug","messageBody":"Update UserGuide.md","fileTypesAndContributionMap":{}},{"hash":"92926ec4c509745de9c4be1ab35c80c3516a8da7","isMergeCommit":false,"messageTitle":"Update AddressBookParser.java","messageBody":"","fileTypesAndContributionMap":{"functional-code":{"insertions":1,"deletions":1}}},{"hash":"4448f1424e467fe4e5720a0e6559984a9d50a9a5","isMergeCommit":false,"messageTitle":"Update AddressBookParser.java","messageBody":"","fileTypesAndContributionMap":{"functional-code":{"insertions":1,"deletions":1}}},{"hash":"588f14c3207b39da9d7cf513998322cfa282781a","isMergeCommit":false,"messageTitle":"Update ReminderCommandTest.java","messageBody":"","fileTypesAndContributionMap":{"test-code":{"insertions":5,"deletions":5}}}]},{"date":"2025-04-03","commitResults":[{"hash":"3120f220d8edaa3bb7568575fdde609569d3bf0b","isMergeCommit":true,"messageTitle":"Merge branch \u0027master\u0027 into edit-user-guide","messageBody":"","fileTypesAndContributionMap":{}},{"hash":"ea0d7833a21b82ede10aedba683a35f67ba08008","isMergeCommit":true,"messageTitle":"Merge pull request #149 from deannapoh/edit-user-guide","messageBody":"Edit User Guide: Introduction, Help, Add, List, Clear, Exit, FAQ, Known issues","fileTypesAndContributionMap":{}},{"hash":"0ffa2a0e67102fcd4de6cf1d68158b6a9da6c543","isMergeCommit":false,"messageTitle":"Update ReminderCommandTest.java","messageBody":"","fileTypesAndContributionMap":{"test-code":{"insertions":8,"deletions":8}}},{"hash":"b6ce0911da23cc6ee91317e7cfcbd87fccdd6202","isMergeCommit":false,"messageTitle":"Fix argument description in FilterCommand.java","messageBody":"","fileTypesAndContributionMap":{"functional-code":{"insertions":3,"deletions":3}}},{"hash":"f4c5eacd063d68eebd45b3ba065bab7ffec19a88","isMergeCommit":false,"messageTitle":"Update FilterCommand.java","messageBody":"","fileTypesAndContributionMap":{"functional-code":{"insertions":1,"deletions":1}}},{"hash":"cf3e606889dcd79bc7485cd56ab3d0d86ccf35f5","isMergeCommit":false,"messageTitle":"Update FilterCommandParser.java","messageBody":"","fileTypesAndContributionMap":{"functional-code":{"insertions":1,"deletions":0}}},{"hash":"7c4de9eda731c4c22d6a33d7c924a5a121f5b295","isMergeCommit":false,"messageTitle":"Add clear filter message to commands","messageBody":"","fileTypesAndContributionMap":{"functional-code":{"insertions":39,"deletions":5},"test-code":{"insertions":5,"deletions":5}}},{"hash":"d8328b0d76ccfc2c08dbf24633d8b413c9938fb7","isMergeCommit":false,"messageTitle":"Rename static variable","messageBody":"","fileTypesAndContributionMap":{"functional-code":{"insertions":4,"deletions":10},"test-code":{"insertions":4,"deletions":8}}},{"hash":"79aa78bb8626ce58738eeabd672b587f144c5025","isMergeCommit":false,"messageTitle":"Update PersonPredicate.java","messageBody":"","fileTypesAndContributionMap":{"functional-code":{"insertions":3,"deletions":0}}},{"hash":"e84b0f2e6245a4a6a2b9f35a30d4188dd3d53232","isMergeCommit":false,"messageTitle":"Add tests","messageBody":"","fileTypesAndContributionMap":{"test-code":{"insertions":37,"deletions":0}}},{"hash":"f78b48fd00afca56d7bb7c97e7ae6e5665a7fb8c","isMergeCommit":true,"messageTitle":"Merge pull request #100 from Ditzchann/branch-reminder","messageBody":"Add reminder function to filter by days to interview date","fileTypesAndContributionMap":{}},{"hash":"98e5da9ec90c87dd6bb707d68f86c4ca651a9d1b","isMergeCommit":true,"messageTitle":"Merge pull request #163 from Ditzchann/branch-filter","messageBody":"Fix bugs in FilterCommand.java","fileTypesAndContributionMap":{}},{"hash":"be88bfa1e37c64982a30a12d13cf4eaafddcda20","isMergeCommit":false,"messageTitle":"Add implementation of DateCommand","messageBody":"","fileTypesAndContributionMap":{"functional-code":{"insertions":103,"deletions":84}}},{"hash":"1827f8b4d75e105be9d569e89dbe39eb33c0527c","isMergeCommit":true,"messageTitle":"Merge remote-tracking branch \u0027upstream/master\u0027 into branch-dateCommand","messageBody":"","fileTypesAndContributionMap":{}},{"hash":"f4bbc02768d9fd74e83c5f5ec26a0b4851615c5c","isMergeCommit":false,"messageTitle":"Add validation of person in ScheduleCommand","messageBody":"","fileTypesAndContributionMap":{"functional-code":{"insertions":18,"deletions":12},"other":{"insertions":19,"deletions":22},"test-code":{"insertions":3,"deletions":9}}},{"hash":"eeb5a2f22f5830f1bb851fcbe6b1e0284f25134a","isMergeCommit":false,"messageTitle":"Add feature to find next available date for interviews","messageBody":"","fileTypesAndContributionMap":{"functional-code":{"insertions":69,"deletions":14},"test-code":{"insertions":18,"deletions":6}}},{"hash":"231e8a9952999200c894e90c10e6f42adcfe80c1","isMergeCommit":true,"messageTitle":"Merge remote-tracking branch \u0027upstream/master\u0027 into branch-dateCommand","messageBody":"","fileTypesAndContributionMap":{}},{"hash":"2f0e75c1d68760c3165864fe66cfc8d57c07da8c","isMergeCommit":false,"messageTitle":"Fix checkstyle errors","messageBody":"","fileTypesAndContributionMap":{"functional-code":{"insertions":8,"deletions":2}}},{"hash":"dd5e2f38c098d0a25a5f7635858eb2af8effccfe","isMergeCommit":true,"messageTitle":"Merge remote-tracking branch \u0027upstream/master\u0027 into branch-dateCommand","messageBody":"","fileTypesAndContributionMap":{}},{"hash":"021979c442648522dd2a25e6870cfc8e92587487","isMergeCommit":false,"messageTitle":"Update AddressBookParserTest.java","messageBody":"","fileTypesAndContributionMap":{"test-code":{"insertions":1,"deletions":1}}}]},{"date":"2025-04-04","commitResults":[{"hash":"e9a64a536e1778511818ca9d451b4bfcdc86c6c1","isMergeCommit":false,"messageTitle":"Add tests for ScheduleCommand","messageBody":"","fileTypesAndContributionMap":{"functional-code":{"insertions":1,"deletions":1},"test-code":{"insertions":122,"deletions":1}}},{"hash":"e388e76939e61bc22557124174ea87983c363b45","isMergeCommit":false,"messageTitle":"Update ScheduleCommandTest.java","messageBody":"","fileTypesAndContributionMap":{"test-code":{"insertions":41,"deletions":2}}},{"hash":"4e289b73eab94d94c041abc55006b965be39fc24","isMergeCommit":false,"messageTitle":"Add tests to ScheduleCommandParser","messageBody":"","fileTypesAndContributionMap":{"functional-code":{"insertions":10,"deletions":1},"test-code":{"insertions":45,"deletions":2}}},{"hash":"9f65dcd91723d9082cb5d56aa8f73f3e6e4bb682","isMergeCommit":true,"messageTitle":"Merge remote-tracking branch \u0027upstream/master\u0027 into branch-dateCommand","messageBody":"","fileTypesAndContributionMap":{}},{"hash":"1c6cb9487b7b5c9a5f67ef61e466f97e34a1350c","isMergeCommit":false,"messageTitle":"Modify ScheduleCommand to allow search by index","messageBody":"","fileTypesAndContributionMap":{"functional-code":{"insertions":69,"deletions":14},"test-code":{"insertions":2,"deletions":2}}},{"hash":"06cab9e7cf9b3cca18ecfe71f3e5dda979f02e8e","isMergeCommit":true,"messageTitle":"Merge branch \u0027master\u0027 into branch-dateCommand","messageBody":"","fileTypesAndContributionMap":{}},{"hash":"048ce3f3ef44948a5ff7d1994b31c26fcf39dd1b","isMergeCommit":false,"messageTitle":"Update AddressBookParserTest.java","messageBody":"","fileTypesAndContributionMap":{"test-code":{"insertions":3,"deletions":1}}},{"hash":"ad9b2d8e605c5c988f1b003481820fcd143cfec2","isMergeCommit":false,"messageTitle":"Add tests","messageBody":"","fileTypesAndContributionMap":{"functional-code":{"insertions":7,"deletions":3},"test-code":{"insertions":95,"deletions":3}}},{"hash":"93f030397656eeaa333c00b65bb295801c6f5966","isMergeCommit":false,"messageTitle":"Update ScheduleCommand.java","messageBody":"","fileTypesAndContributionMap":{"functional-code":{"insertions":1,"deletions":1}}},{"hash":"73dd411faca02380517e1b7fe7860b6346b6f075","isMergeCommit":true,"messageTitle":"Merge remote-tracking branch \u0027upstream/master\u0027 into branch-dateCommand","messageBody":"","fileTypesAndContributionMap":{}},{"hash":"014c4973ec9b65580365fdefd73cec8413ac3583","isMergeCommit":false,"messageTitle":"Add tests","messageBody":"","fileTypesAndContributionMap":{"functional-code":{"insertions":7,"deletions":2},"test-code":{"insertions":10,"deletions":0}}},{"hash":"18653d2ad547ea5194fb846b6f58fc5104c7e0bd","isMergeCommit":false,"messageTitle":"Update ScheduleCommand.java","messageBody":"","fileTypesAndContributionMap":{"functional-code":{"insertions":7,"deletions":4}}},{"hash":"c0df861b98e79b75ea5f53a5137018d75a83e52e","isMergeCommit":true,"messageTitle":"Merge pull request #183 from Ditzchann/branch-dateCommand","messageBody":"Add schedule command to edit interview date of applicants","fileTypesAndContributionMap":{}},{"hash":"bc7772d42a2fb4e7d62f53a955d7f6231f1e93dc","isMergeCommit":false,"messageTitle":"Update the DG and UG","messageBody":"","fileTypesAndContributionMap":{"docs":{"insertions":14,"deletions":5}}},{"hash":"afdc7b463115076e253a07bbbaf30f9fb917e681","isMergeCommit":true,"messageTitle":"Merge pull request #205 from Ditzchann/branch-ug","messageBody":"Update the DG and UG","fileTypesAndContributionMap":{}},{"hash":"4e401d740e49b1fcd5ec9d8fc4d5acf4f10ce9a0","isMergeCommit":false,"messageTitle":"Fix UG command summary table","messageBody":"","fileTypesAndContributionMap":{"docs":{"insertions":14,"deletions":14}}},{"hash":"7bb079b4892525062a5fc1b4112836f12ca8bde4","isMergeCommit":true,"messageTitle":"Merge pull request #207 from Ditzchann/branch-ug","messageBody":"Fix UG command summary table","fileTypesAndContributionMap":{}},{"hash":"3591512f69aceca0c13f9313ea75ebafed729c5e","isMergeCommit":false,"messageTitle":"Update UserGuide.md","messageBody":"","fileTypesAndContributionMap":{"docs":{"insertions":14,"deletions":14}}},{"hash":"35af3b06a06002346f7799dda5080073172eee81","isMergeCommit":true,"messageTitle":"Merge pull request #208 from Ditzchann/branch-ug","messageBody":"Update UserGuide.md","fileTypesAndContributionMap":{}},{"hash":"54a53be7bafed7c340f0e5340e9b6af65dbc6d1e","isMergeCommit":false,"messageTitle":"Update UserGuide.md","messageBody":"","fileTypesAndContributionMap":{"docs":{"insertions":2,"deletions":2}}},{"hash":"fd48f67655bc9a3afc832914f58f45d1b9ba4933","isMergeCommit":true,"messageTitle":"Merge pull request #209 from Ditzchann/branch-ug","messageBody":"Update UserGuide.md","fileTypesAndContributionMap":{}}]},{"date":"2025-04-06","commitResults":[{"hash":"0541ff7a611a0453f913d9a5cc5f4e3dea3264a3","isMergeCommit":false,"messageTitle":"Handle integer overflow","messageBody":"","fileTypesAndContributionMap":{"functional-code":{"insertions":35,"deletions":10},"test-code":{"insertions":6,"deletions":5}}}]},{"date":"2025-04-07","commitResults":[{"hash":"07f9b0e21870a4daad00b9aa7b1a2cc88c4df772","isMergeCommit":false,"messageTitle":"Add test cases","messageBody":"","fileTypesAndContributionMap":{"test-code":{"insertions":13,"deletions":0}}},{"hash":"04e71fd251d4a5bf9daabc7bb003338d4de8dc11","isMergeCommit":true,"messageTitle":"Merge pull request #282 from Ditzchann/branch-overflow","messageBody":"Fix integer overflow issues","fileTypesAndContributionMap":{}}]}]},"authorFileTypeContributionMap":{"zeotheburrito":{"docs":171,"functional-code":455,"test-code":186,"other":1},"m0destly":{"docs":120,"functional-code":717,"test-code":586,"other":4},"deannapoh":{"docs":245,"functional-code":236,"test-code":301,"other":2},"nat-ong555":{"docs":158,"functional-code":273,"test-code":201},"Ditzchann":{"docs":81,"functional-code":1215,"test-code":1981,"other":4}},"authorContributionVariance":{"zeotheburrito":12272.771,"m0destly":14442.26,"deannapoh":5563.3877,"nat-ong555":3462.652,"Ditzchann":252257.95},"authorDisplayNameMap":{"zeotheburrito":"CS2103T-F13-3 WONG..NWEI","m0destly":"CS2103T-F13-3 LAM ..HONG","deannapoh":"CS2103T-F13-3 POH ..ANNA","nat-ong555":"CS2103T-F13-3 ONG ..ALIE","Ditzchann":"CS2103T-F13-3 CALE.. ZHE"}}
