{"authorDailyContributionsMap":{"weien02":[{"date":"2025-03-06","commitResults":[{"hash":"0a585ab19adf0108172abc211013391078c8e373","isMergeCommit":true,"messageTitle":"Merge pull request #29 from weien02/branch-AddPhoto","messageBody":"Add Wei En\u0027s Photo","fileTypesAndContributionMap":{}},{"hash":"c45b86766fd6bcc61c5ad3e0096a91b2815d2ca0","isMergeCommit":false,"messageTitle":"Update AboutUs with Wei En\u0027s Info","messageBody":"","fileTypesAndContributionMap":{"docs":{"insertions":5,"deletions":5}}}]},{"date":"2025-03-11","commitResults":[{"hash":"6d42312b8e51f4fea096e66a96fdd1f8bd728b97","isMergeCommit":false,"messageTitle":"Add NFRs to DG","messageBody":"","fileTypesAndContributionMap":{"docs":{"insertions":5,"deletions":0}}},{"hash":"6e5a2bc0936ecba2a730f7e125a83bacbaf00d1b","isMergeCommit":true,"messageTitle":"Merge pull request #48 from weien02/branch-add-NFRs","messageBody":"Add NFRs to DG","fileTypesAndContributionMap":{}}]},{"date":"2025-03-12","commitResults":[{"hash":"c0f5ef4c6dbfc57805d3943192f3857c47d130de","isMergeCommit":false,"messageTitle":"Add skeleton for EditGroupCommand","messageBody":"Implement the initial structure for the edit-group command.\nCurrently, the command only throws an exception as the underlying\nstorage logic for groups is not yet implemented. Future commits will\nintegrate it with the add-group command\u0027s storage mechanism.\n","fileTypesAndContributionMap":{"functional-code":{"insertions":108,"deletions":9}}}]},{"date":"2025-03-13","commitResults":[{"hash":"207548f5f818ec9b32c7f46e75e64b80807389d3","isMergeCommit":false,"messageTitle":"Update ModelManager to support Group list","messageBody":"","fileTypesAndContributionMap":{"functional-code":{"insertions":115,"deletions":2}}},{"hash":"2c6efffb9a9179c6719fc6097026c2622354cf76","isMergeCommit":false,"messageTitle":"Fix coding style","messageBody":"","fileTypesAndContributionMap":{"functional-code":{"insertions":2,"deletions":9},"docs":{"insertions":3,"deletions":3}}},{"hash":"2f0803daf434dbdca88cb4451159d53454e2ae3f","isMergeCommit":false,"messageTitle":"Fix more coding style","messageBody":"","fileTypesAndContributionMap":{"functional-code":{"insertions":215,"deletions":65}}},{"hash":"9e2aa7e1b2726836eb4589b813606538adcd9221","isMergeCommit":false,"messageTitle":"Fix checkstyle","messageBody":"","fileTypesAndContributionMap":{"functional-code":{"insertions":4,"deletions":4}}},{"hash":"2e9845e235b1f8711b01b2c23a0e7be13528824c","isMergeCommit":false,"messageTitle":"Update test file","messageBody":"","fileTypesAndContributionMap":{"test-code":{"insertions":16,"deletions":0}}},{"hash":"081310600b415a025d17e9cf36470b5322fac66f","isMergeCommit":true,"messageTitle":"Merge pull request #57 from weien02/branch-add-edit-group","messageBody":"Add EditGroupCommand","fileTypesAndContributionMap":{}}]}],"zwliew":[{"date":"2025-03-06","commitResults":[{"hash":"ba9f93623b42061755d2f44bf58f15b3e9cd3d9d","isMergeCommit":true,"messageTitle":"Merge branch \u0027master\u0027 into branch-Update-AboutUs","messageBody":"","fileTypesAndContributionMap":{}}]},{"date":"2025-03-08","commitResults":[{"hash":"1e507ead45badc0a8c3977f5e93acaec6775a996","isMergeCommit":true,"messageTitle":"Merge pull request #4 from dexterkwxn/branch-Update-AboutUs","messageBody":"Update AboutUs page with Dexter\u0027s info","fileTypesAndContributionMap":{}},{"hash":"a11e1a1ab2c1b8bfa572374a3631a4ed5347767d","isMergeCommit":true,"messageTitle":"Merge pull request #25 from lyhthaddeus/Update-AboutUs","messageBody":"Update AboutUs with Thaddeus\u0027 Info","fileTypesAndContributionMap":{}},{"hash":"a35a88589a505ae95c3ebd02e2fb0e8a94dd0554","isMergeCommit":true,"messageTitle":"Merge pull request #28 from avinazz3/update-about-us","messageBody":"Update AboutUs with Avinash\u0027s Info","fileTypesAndContributionMap":{}},{"hash":"de84b236e12dc995f4fd87629e1afe583b26a206","isMergeCommit":true,"messageTitle":"Merge pull request #30 from weien02/branch-UpdateAboutUs","messageBody":"Update AboutUs with Wei En\u0027s Info","fileTypesAndContributionMap":{}},{"hash":"e61ff1555fa88778d7d1d9f1097b918e0a7bcd60","isMergeCommit":false,"messageTitle":"docs: AboutUs: Add zwliew\u0027s info","messageBody":"","fileTypesAndContributionMap":{"docs":{"insertions":4,"deletions":6}}}]},{"date":"2025-03-09","commitResults":[{"hash":"e9777a4f187fc2a5cde59b5fe3ee847e59935553","isMergeCommit":true,"messageTitle":"Merge pull request #32 from zwliew/feat/add-zwliew-info","messageBody":"docs: AboutUs: Add zwliew\u0027s info","fileTypesAndContributionMap":{}},{"hash":"56c55a181f6d81e2503bbb9d994fea0603328788","isMergeCommit":false,"messageTitle":"docs: DeveloperGuide: Add glossary","messageBody":"","fileTypesAndContributionMap":{"docs":{"insertions":6,"deletions":0}}}]},{"date":"2025-03-10","commitResults":[{"hash":"15cd7cf2c4714e1d1f62af7b7798567e2a875405","isMergeCommit":true,"messageTitle":"Merge pull request #33 from zwliew/feat/add-glossary-to-dg","messageBody":"docs: DeveloperGuide: Add glossary","fileTypesAndContributionMap":{}}]},{"date":"2025-03-11","commitResults":[{"hash":"157685f48fe1b9f3889893446e8ee6fdee6b9bc3","isMergeCommit":false,"messageTitle":"docs: README: Remove last mention of AB3","messageBody":"","fileTypesAndContributionMap":{"docs":{"insertions":9,"deletions":9}}},{"hash":"4bd24a71b8366ff00680c317e7d6b78dff7d6de5","isMergeCommit":true,"messageTitle":"Merge pull request #36 from zwliew/chore/remove-AB3-mentions","messageBody":"docs: README: Remove last mention of AB3","fileTypesAndContributionMap":{}},{"hash":"1ea570947c70ed1bd0b2d6566b7c014804ef8c85","isMergeCommit":false,"messageTitle":"UserGuide: Reformat","messageBody":"","fileTypesAndContributionMap":{"docs":{"insertions":53,"deletions":50}}},{"hash":"31cf864fc9bcfae4ab1c1e83e9e5bf3cadd8131d","isMergeCommit":false,"messageTitle":"readme: Remove more mentions of \"Address Book\"","messageBody":"","fileTypesAndContributionMap":{"docs":{"insertions":2,"deletions":2}}},{"hash":"417c397c1aed110405dfa9ad684d6e655d430810","isMergeCommit":false,"messageTitle":"UserGuide: Add user guide for groups","messageBody":"","fileTypesAndContributionMap":{"docs":{"insertions":13,"deletions":1}}},{"hash":"c8dbff37c8b8a11601dd67fa48383d50683e5501","isMergeCommit":false,"messageTitle":"UserGuide: Remove more mentions of Address Book","messageBody":"","fileTypesAndContributionMap":{"docs":{"insertions":12,"deletions":12}}},{"hash":"a682004a890b1fbf07579ab5593c231af1bb7b83","isMergeCommit":false,"messageTitle":"UserGuide: Add explainer for list-group and delete-group","messageBody":"","fileTypesAndContributionMap":{"docs":{"insertions":17,"deletions":1}}},{"hash":"2cf8c719d3ccd695bb1e0044f0d9fe96e4ba94d4","isMergeCommit":false,"messageTitle":"fix(gradle): Fix JavaFX QuantumRenderer no suitable pipeline found error","messageBody":"","fileTypesAndContributionMap":{"other":{"insertions":7,"deletions":0}}}]},{"date":"2025-03-12","commitResults":[{"hash":"f802d188a9e7699df712ea3177dc6d3cb0a49adb","isMergeCommit":true,"messageTitle":"Merge pull request #41 from zwliew/chore/user-guide-groups","messageBody":"chore: Add user guide for adding, listing, and deleting groups","fileTypesAndContributionMap":{}},{"hash":"4aa84f0735f2df28cf6828961a1a7f5e2fe01cd0","isMergeCommit":true,"messageTitle":"Merge pull request #47 from zwliew/fix/javafx-no-suitable-pipelin","messageBody":"fix(gradle): Fix JavaFX QuantumRenderer no suitable pipeline found error","fileTypesAndContributionMap":{}}]},{"date":"2025-03-13","commitResults":[{"hash":"588431b764be4e3a061d2df9f7982d6b003aa689","isMergeCommit":false,"messageTitle":"DeveloperGuide: Update product scope for TAbby Dabby","messageBody":"","fileTypesAndContributionMap":{"docs":{"insertions":3,"deletions":2}}},{"hash":"a5f657772ec63aa5f2ddf70209cf31c39ea3c1bb","isMergeCommit":false,"messageTitle":"UserGuide: Fix broken table of contents","messageBody":"","fileTypesAndContributionMap":{"docs":{"insertions":2,"deletions":1}}},{"hash":"3d3adf0cf945fcf64e770ab75c97416417ea814a","isMergeCommit":true,"messageTitle":"Merge pull request #60 from zwliew/feat/add-product-scope","messageBody":"Update product scope in DG","fileTypesAndContributionMap":{}},{"hash":"d7a41ad92e74a083e3f23b5be16a918097777f69","isMergeCommit":false,"messageTitle":"fix(docs/UserGuide): Fix disappearance of table of contents","messageBody":"","fileTypesAndContributionMap":{"docs":{"insertions":1,"deletions":1}}},{"hash":"e459d2ffdc7207ad2e816ba3a068cede9b3ce50d","isMergeCommit":true,"messageTitle":"Merge branch \u0027master\u0027 into fix/table-of-contents","messageBody":"","fileTypesAndContributionMap":{}},{"hash":"4694452b3e2ae987086a36c7234490d728778b70","isMergeCommit":true,"messageTitle":"Merge pull request #63 from zwliew/fix/table-of-contents","messageBody":"fix(docs/UserGuide): Fix disappearance of table of contents","fileTypesAndContributionMap":{}}]}],"lyhthaddeus":[{"date":"2025-03-06","commitResults":[{"hash":"f89c7e785edfdd37bbd538d09cc7fe9257aa7264","isMergeCommit":false,"messageTitle":"Update AboutUs with Thaddeus Info","messageBody":"","fileTypesAndContributionMap":{"docs":{"insertions":5,"deletions":15}}},{"hash":"4e02ecbfe7f7a5647c7bf2a5cf0163251a0e3508","isMergeCommit":false,"messageTitle":"Update AboutUs with Thaddeus\u0027 Info","messageBody":"","fileTypesAndContributionMap":{"docs":{"insertions":10,"deletions":0}}}]},{"date":"2025-03-12","commitResults":[{"hash":"cca2ea108c9cede7268b219d30883a4a6e8fb066","isMergeCommit":false,"messageTitle":"Add user stories","messageBody":"","fileTypesAndContributionMap":{"docs":{"insertions":2,"deletions":6}}},{"hash":"963320619dca08167c9afecb0f2b412f6a7bc53d","isMergeCommit":false,"messageTitle":"Add User Stories","messageBody":"","fileTypesAndContributionMap":{"docs":{"insertions":21,"deletions":3}}},{"hash":"4e59428f28813d6b731c9ac13892ef754d0bb7e2","isMergeCommit":true,"messageTitle":"Merge pull request #49 from lyhthaddeus/Add-UserStories","messageBody":"Add user stories","fileTypesAndContributionMap":{}}]}],"avinazz3":[{"date":"2025-03-06","commitResults":[{"hash":"cb0574605e544f77c6e6fe9e88cfb3872ea799c5","isMergeCommit":false,"messageTitle":"docs: add user avinazz3\u0027s details to AboutUs page","messageBody":"","fileTypesAndContributionMap":{"docs":{"insertions":6,"deletions":6}}}]},{"date":"2025-03-13","commitResults":[{"hash":"13485b0d12f45356bad7d499f93e9320c147543a","isMergeCommit":false,"messageTitle":"Remove last mention of AB3","messageBody":"","fileTypesAndContributionMap":{"docs":{"insertions":181,"deletions":10}}},{"hash":"9ca89d7c7609197cdc11acb2a92f1996c81488ad","isMergeCommit":false,"messageTitle":"Remove last mention of AB3 from index.md","messageBody":"","fileTypesAndContributionMap":{"docs":{"insertions":1,"deletions":2}}}]}],"dexterkwxn":[{"date":"2025-03-03","commitResults":[{"hash":"96212c9c50245f9832ea802e78b828a971231411","isMergeCommit":false,"messageTitle":"Add details for AboutUs.md","messageBody":"","fileTypesAndContributionMap":{"docs":{"insertions":4,"deletions":5}}},{"hash":"5555f38c81b4e050bef77310558bcef13a2807c3","isMergeCommit":true,"messageTitle":"Merge branch \u0027master\u0027 into branch-Update-AboutUs","messageBody":"","fileTypesAndContributionMap":{}}]},{"date":"2025-03-05","commitResults":[{"hash":"b43cee5b704b1649d689cf09b740e76a3ee6b0ba","isMergeCommit":false,"messageTitle":"Update README.md","messageBody":"change Github Actions badge","fileTypesAndContributionMap":{"docs":{"insertions":1,"deletions":1}}},{"hash":"2f77e28b3ea9eeba10ccc8902f15b162f0923a41","isMergeCommit":true,"messageTitle":"Merge pull request #5 from AY2425S2-CS2103T-T12-1/dexterkwxn-patch-1","messageBody":"Update README.md","fileTypesAndContributionMap":{}}]},{"date":"2025-03-06","commitResults":[{"hash":"af1098752e228ffd93d021bd530654583323d0da","isMergeCommit":false,"messageTitle":"Remove portfolio link for Dexter","messageBody":"","fileTypesAndContributionMap":{"docs":{"insertions":0,"deletions":1}}}]},{"date":"2025-03-10","commitResults":[{"hash":"0ab1815056e286538e6845ef4e00ebe9914c9651","isMergeCommit":false,"messageTitle":"Add use cases and changed name of app in pages","messageBody":"","fileTypesAndContributionMap":{"other":{"insertions":1,"deletions":1},"docs":{"insertions":33,"deletions":5}}},{"hash":"21c753bb1b6aee1b133cfbe2a1db7d4247e165e8","isMergeCommit":false,"messageTitle":"Fix formatting in Use Cases","messageBody":"","fileTypesAndContributionMap":{"docs":{"insertions":2,"deletions":0}}},{"hash":"ee0b42fc665bfa087ffedef596d0ef3ad48551ac","isMergeCommit":false,"messageTitle":"Move new use case to correct location","messageBody":"","fileTypesAndContributionMap":{"docs":{"insertions":25,"deletions":29}}},{"hash":"76fef0a896b38fc7dd5125b72de20c0883943e50","isMergeCommit":false,"messageTitle":"Fix indentation issue","messageBody":"","fileTypesAndContributionMap":{"docs":{"insertions":2,"deletions":2}}},{"hash":"934e73e357bf7a6e4d75778372df18b82593996b","isMergeCommit":false,"messageTitle":"Fix stuff","messageBody":"","fileTypesAndContributionMap":{"docs":{"insertions":1,"deletions":1}}},{"hash":"4081abf0ebf0aa243b2ba135d735b60677538452","isMergeCommit":true,"messageTitle":"Merge pull request #34 from dexterkwxn/feat/add-use-cases","messageBody":"Add use cases and changed name of app in pages","fileTypesAndContributionMap":{}}]},{"date":"2025-03-12","commitResults":[{"hash":"b9f8f8d57d8a1a7ade1058d6e849bb8351966b0f","isMergeCommit":false,"messageTitle":"Scaffold for group class","messageBody":"","fileTypesAndContributionMap":{"functional-code":{"insertions":94,"deletions":0}}},{"hash":"30d800b18d959918b2a3f7e507af650f453b271c","isMergeCommit":false,"messageTitle":"Add UniqueGroupList class for AddressBook","messageBody":"","fileTypesAndContributionMap":{"functional-code":{"insertions":185,"deletions":9}}},{"hash":"d1300b33df88490c31cb30f16ffa66b93f4d1018","isMergeCommit":false,"messageTitle":"Fix checkStyle issues","messageBody":"","fileTypesAndContributionMap":{"functional-code":{"insertions":21,"deletions":13}}},{"hash":"fd18d81c8b042f17526ce56a611c00d838400441","isMergeCommit":true,"messageTitle":"Merge pull request #56 from dexterkwxn/feat/group-class","messageBody":"Add group class","fileTypesAndContributionMap":{}}]},{"date":"2025-03-13","commitResults":[{"hash":"7ccc31231e250ded4573b4a0d74be23d1915da48","isMergeCommit":true,"messageTitle":"Merge pull request #61 from avinazz3/update-readME2","messageBody":"Update README","fileTypesAndContributionMap":{}}]}]},"authorFileTypeContributionMap":{"weien02":{"docs":10,"functional-code":396,"test-code":16},"zwliew":{"docs":104,"functional-code":0,"test-code":0,"other":7},"lyhthaddeus":{"docs":27,"functional-code":0,"test-code":0},"avinazz3":{"docs":185,"functional-code":0,"test-code":0},"dexterkwxn":{"docs":37,"functional-code":261,"test-code":0,"other":2}},"authorContributionVariance":{"weien02":9056.504,"zwliew":1590.44,"lyhthaddeus":82.9025,"avinazz3":1702.8209,"dexterkwxn":5005.801},"authorDisplayNameMap":{"weien02":"CS2103T-T12-1 NG W..I EN","zwliew":"CS2103T-T12-1 LIEW.. WEI","lyhthaddeus":"CS2103T-T12-1 LIM ..DEUS","avinazz3":"CS2103T-T12-1 AVIN..OVAN","dexterkwxn":"CS2103T-T12-1 DEXT..KWAN"}}
