{"authorDailyContributionsMap":{"weien02":[{"date":"2025-03-06","commitResults":[{"hash":"0a585ab19adf0108172abc211013391078c8e373","isMergeCommit":true,"messageTitle":"Merge pull request #29 from weien02/branch-AddPhoto","messageBody":"Add Wei En\u0027s Photo","fileTypesAndContributionMap":{}},{"hash":"c45b86766fd6bcc61c5ad3e0096a91b2815d2ca0","isMergeCommit":false,"messageTitle":"Update AboutUs with Wei En\u0027s Info","messageBody":"","fileTypesAndContributionMap":{"docs":{"insertions":5,"deletions":5}}}]},{"date":"2025-03-11","commitResults":[{"hash":"6d42312b8e51f4fea096e66a96fdd1f8bd728b97","isMergeCommit":false,"messageTitle":"Add NFRs to DG","messageBody":"","fileTypesAndContributionMap":{"docs":{"insertions":5,"deletions":0}}},{"hash":"6e5a2bc0936ecba2a730f7e125a83bacbaf00d1b","isMergeCommit":true,"messageTitle":"Merge pull request #48 from weien02/branch-add-NFRs","messageBody":"Add NFRs to DG","fileTypesAndContributionMap":{}}]},{"date":"2025-03-12","commitResults":[{"hash":"c0f5ef4c6dbfc57805d3943192f3857c47d130de","isMergeCommit":false,"messageTitle":"Add skeleton for EditGroupCommand","messageBody":"Implement the initial structure for the edit-group command.\nCurrently, the command only throws an exception as the underlying\nstorage logic for groups is not yet implemented. Future commits will\nintegrate it with the add-group command\u0027s storage mechanism.\n","fileTypesAndContributionMap":{"functional-code":{"insertions":108,"deletions":9}}}]},{"date":"2025-03-13","commitResults":[{"hash":"207548f5f818ec9b32c7f46e75e64b80807389d3","isMergeCommit":false,"messageTitle":"Update ModelManager to support Group list","messageBody":"","fileTypesAndContributionMap":{"functional-code":{"insertions":115,"deletions":2}}},{"hash":"2c6efffb9a9179c6719fc6097026c2622354cf76","isMergeCommit":false,"messageTitle":"Fix coding style","messageBody":"","fileTypesAndContributionMap":{"functional-code":{"insertions":2,"deletions":9},"docs":{"insertions":3,"deletions":3}}},{"hash":"2f0803daf434dbdca88cb4451159d53454e2ae3f","isMergeCommit":false,"messageTitle":"Fix more coding style","messageBody":"","fileTypesAndContributionMap":{"functional-code":{"insertions":215,"deletions":65}}},{"hash":"9e2aa7e1b2726836eb4589b813606538adcd9221","isMergeCommit":false,"messageTitle":"Fix checkstyle","messageBody":"","fileTypesAndContributionMap":{"functional-code":{"insertions":4,"deletions":4}}},{"hash":"2e9845e235b1f8711b01b2c23a0e7be13528824c","isMergeCommit":false,"messageTitle":"Update test file","messageBody":"","fileTypesAndContributionMap":{"test-code":{"insertions":16,"deletions":0}}},{"hash":"081310600b415a025d17e9cf36470b5322fac66f","isMergeCommit":true,"messageTitle":"Merge pull request #57 from weien02/branch-add-edit-group","messageBody":"Add EditGroupCommand","fileTypesAndContributionMap":{}}]},{"date":"2025-03-19","commitResults":[{"hash":"9a5cbebe1e63beeaa3fbefd8382ea6aa93f9e72c","isMergeCommit":false,"messageTitle":"Add FindGroupCommand","messageBody":"","fileTypesAndContributionMap":{"functional-code":{"insertions":140,"deletions":0}}},{"hash":"24fd0f18a18b1c578b20f8726330be1b38e0b4ac","isMergeCommit":false,"messageTitle":"Update Javadoc","messageBody":"","fileTypesAndContributionMap":{"functional-code":{"insertions":5,"deletions":5}}},{"hash":"5b36f43f97f77489cc3615034006a190773fefbd","isMergeCommit":false,"messageTitle":"Fix checkstyle","messageBody":"","fileTypesAndContributionMap":{"functional-code":{"insertions":2,"deletions":2}}},{"hash":"eb28da52155233797f41f5f5fa3da25721fa4331","isMergeCommit":false,"messageTitle":"Update variable name","messageBody":"","fileTypesAndContributionMap":{"functional-code":{"insertions":2,"deletions":2}}},{"hash":"5cb3e56d39fed0fdc1cbf61ce9a198d497e1675f","isMergeCommit":true,"messageTitle":"Merge pull request #88 from weien02/branch-find-group","messageBody":"Implement Feature to Find group","fileTypesAndContributionMap":{}}]},{"date":"2025-03-20","commitResults":[{"hash":"fb0be7b00a5a28543e740a2c1e2b3a2de0191e21","isMergeCommit":true,"messageTitle":"Merge pull request #95 from lyhthaddeus/UpdateUserGuide","messageBody":"Update user guide","fileTypesAndContributionMap":{}}]},{"date":"2025-03-27","commitResults":[{"hash":"16e80cfe624af7807176c8b96981daffeec428fe","isMergeCommit":false,"messageTitle":"Add MarkAttendance and UnmarkAttendance commands","messageBody":"","fileTypesAndContributionMap":{"functional-code":{"insertions":329,"deletions":1},"other":{"insertions":1,"deletions":1}}},{"hash":"fcd9eafa5f75c6cf9f4c8f209a7c335d8415a8f7","isMergeCommit":true,"messageTitle":"Merge from remote master","messageBody":"","fileTypesAndContributionMap":{}},{"hash":"00e7114e7d7ca2cf7fd567e838af738c6f173a28","isMergeCommit":false,"messageTitle":"Complete MarkAttendanceCommand and UnmarkAttendanceCommand","messageBody":"","fileTypesAndContributionMap":{"functional-code":{"insertions":118,"deletions":28},"test-code":{"insertions":10,"deletions":0}}},{"hash":"ac308a4420e71cb944a304c3910253961d138de5","isMergeCommit":true,"messageTitle":"Merge pull request #121 from avinazz3/add-showattendancecommand","messageBody":"feat: Implement show-attendance command","tags":["v1.4"],"fileTypesAndContributionMap":{}}]},{"date":"2025-03-28","commitResults":[{"hash":"9f25dd4b8045e7fcb73d3c76c86bdf5a713c493b","isMergeCommit":false,"messageTitle":"Update README.md","messageBody":"","fileTypesAndContributionMap":{"docs":{"insertions":7,"deletions":10}}},{"hash":"ad7890cc8e04eefd12443a40c0a5acae9dcccace","isMergeCommit":true,"messageTitle":"Merge pull request #124 from weien02/readme","messageBody":"Update README.md","fileTypesAndContributionMap":{}}]}],"zwliew":[{"date":"2025-03-06","commitResults":[{"hash":"ba9f93623b42061755d2f44bf58f15b3e9cd3d9d","isMergeCommit":true,"messageTitle":"Merge branch \u0027master\u0027 into branch-Update-AboutUs","messageBody":"","fileTypesAndContributionMap":{}}]},{"date":"2025-03-08","commitResults":[{"hash":"1e507ead45badc0a8c3977f5e93acaec6775a996","isMergeCommit":true,"messageTitle":"Merge pull request #4 from dexterkwxn/branch-Update-AboutUs","messageBody":"Update AboutUs page with Dexter\u0027s info","fileTypesAndContributionMap":{}},{"hash":"a11e1a1ab2c1b8bfa572374a3631a4ed5347767d","isMergeCommit":true,"messageTitle":"Merge pull request #25 from lyhthaddeus/Update-AboutUs","messageBody":"Update AboutUs with Thaddeus\u0027 Info","fileTypesAndContributionMap":{}},{"hash":"a35a88589a505ae95c3ebd02e2fb0e8a94dd0554","isMergeCommit":true,"messageTitle":"Merge pull request #28 from avinazz3/update-about-us","messageBody":"Update AboutUs with Avinash\u0027s Info","fileTypesAndContributionMap":{}},{"hash":"de84b236e12dc995f4fd87629e1afe583b26a206","isMergeCommit":true,"messageTitle":"Merge pull request #30 from weien02/branch-UpdateAboutUs","messageBody":"Update AboutUs with Wei En\u0027s Info","fileTypesAndContributionMap":{}},{"hash":"e61ff1555fa88778d7d1d9f1097b918e0a7bcd60","isMergeCommit":false,"messageTitle":"docs: AboutUs: Add zwliew\u0027s info","messageBody":"","fileTypesAndContributionMap":{"docs":{"insertions":4,"deletions":6}}}]},{"date":"2025-03-09","commitResults":[{"hash":"e9777a4f187fc2a5cde59b5fe3ee847e59935553","isMergeCommit":true,"messageTitle":"Merge pull request #32 from zwliew/feat/add-zwliew-info","messageBody":"docs: AboutUs: Add zwliew\u0027s info","fileTypesAndContributionMap":{}},{"hash":"56c55a181f6d81e2503bbb9d994fea0603328788","isMergeCommit":false,"messageTitle":"docs: DeveloperGuide: Add glossary","messageBody":"","fileTypesAndContributionMap":{"docs":{"insertions":6,"deletions":0}}}]},{"date":"2025-03-10","commitResults":[{"hash":"15cd7cf2c4714e1d1f62af7b7798567e2a875405","isMergeCommit":true,"messageTitle":"Merge pull request #33 from zwliew/feat/add-glossary-to-dg","messageBody":"docs: DeveloperGuide: Add glossary","fileTypesAndContributionMap":{}}]},{"date":"2025-03-11","commitResults":[{"hash":"157685f48fe1b9f3889893446e8ee6fdee6b9bc3","isMergeCommit":false,"messageTitle":"docs: README: Remove last mention of AB3","messageBody":"","fileTypesAndContributionMap":{"docs":{"insertions":9,"deletions":9}}},{"hash":"4bd24a71b8366ff00680c317e7d6b78dff7d6de5","isMergeCommit":true,"messageTitle":"Merge pull request #36 from zwliew/chore/remove-AB3-mentions","messageBody":"docs: README: Remove last mention of AB3","fileTypesAndContributionMap":{}},{"hash":"1ea570947c70ed1bd0b2d6566b7c014804ef8c85","isMergeCommit":false,"messageTitle":"UserGuide: Reformat","messageBody":"","fileTypesAndContributionMap":{"docs":{"insertions":53,"deletions":50}}},{"hash":"31cf864fc9bcfae4ab1c1e83e9e5bf3cadd8131d","isMergeCommit":false,"messageTitle":"readme: Remove more mentions of \"Address Book\"","messageBody":"","fileTypesAndContributionMap":{"docs":{"insertions":2,"deletions":2}}},{"hash":"417c397c1aed110405dfa9ad684d6e655d430810","isMergeCommit":false,"messageTitle":"UserGuide: Add user guide for groups","messageBody":"","fileTypesAndContributionMap":{"docs":{"insertions":13,"deletions":1}}},{"hash":"c8dbff37c8b8a11601dd67fa48383d50683e5501","isMergeCommit":false,"messageTitle":"UserGuide: Remove more mentions of Address Book","messageBody":"","fileTypesAndContributionMap":{"docs":{"insertions":12,"deletions":12}}},{"hash":"a682004a890b1fbf07579ab5593c231af1bb7b83","isMergeCommit":false,"messageTitle":"UserGuide: Add explainer for list-group and delete-group","messageBody":"","fileTypesAndContributionMap":{"docs":{"insertions":17,"deletions":1}}},{"hash":"2cf8c719d3ccd695bb1e0044f0d9fe96e4ba94d4","isMergeCommit":false,"messageTitle":"fix(gradle): Fix JavaFX QuantumRenderer no suitable pipeline found error","messageBody":"","fileTypesAndContributionMap":{"other":{"insertions":7,"deletions":0}}}]},{"date":"2025-03-12","commitResults":[{"hash":"f802d188a9e7699df712ea3177dc6d3cb0a49adb","isMergeCommit":true,"messageTitle":"Merge pull request #41 from zwliew/chore/user-guide-groups","messageBody":"chore: Add user guide for adding, listing, and deleting groups","fileTypesAndContributionMap":{}},{"hash":"4aa84f0735f2df28cf6828961a1a7f5e2fe01cd0","isMergeCommit":true,"messageTitle":"Merge pull request #47 from zwliew/fix/javafx-no-suitable-pipelin","messageBody":"fix(gradle): Fix JavaFX QuantumRenderer no suitable pipeline found error","fileTypesAndContributionMap":{}}]},{"date":"2025-03-13","commitResults":[{"hash":"588431b764be4e3a061d2df9f7982d6b003aa689","isMergeCommit":false,"messageTitle":"DeveloperGuide: Update product scope for TAbby Dabby","messageBody":"","fileTypesAndContributionMap":{"docs":{"insertions":3,"deletions":2}}},{"hash":"a5f657772ec63aa5f2ddf70209cf31c39ea3c1bb","isMergeCommit":false,"messageTitle":"UserGuide: Fix broken table of contents","messageBody":"","fileTypesAndContributionMap":{"docs":{"insertions":2,"deletions":1}}},{"hash":"3d3adf0cf945fcf64e770ab75c97416417ea814a","isMergeCommit":true,"messageTitle":"Merge pull request #60 from zwliew/feat/add-product-scope","messageBody":"Update product scope in DG","fileTypesAndContributionMap":{}},{"hash":"d7a41ad92e74a083e3f23b5be16a918097777f69","isMergeCommit":false,"messageTitle":"fix(docs/UserGuide): Fix disappearance of table of contents","messageBody":"","fileTypesAndContributionMap":{"docs":{"insertions":1,"deletions":1}}},{"hash":"e459d2ffdc7207ad2e816ba3a068cede9b3ce50d","isMergeCommit":true,"messageTitle":"Merge branch \u0027master\u0027 into fix/table-of-contents","messageBody":"","fileTypesAndContributionMap":{}},{"hash":"4694452b3e2ae987086a36c7234490d728778b70","isMergeCommit":true,"messageTitle":"Merge pull request #63 from zwliew/fix/table-of-contents","messageBody":"fix(docs/UserGuide): Fix disappearance of table of contents","fileTypesAndContributionMap":{}}]},{"date":"2025-03-15","commitResults":[{"hash":"0f0ace0aea2259aa0e7048534deabe98be896402","isMergeCommit":false,"messageTitle":"feat: group: Implement the `delete-group` command","messageBody":"","fileTypesAndContributionMap":{"functional-code":{"insertions":151,"deletions":1},"test-code":{"insertions":5,"deletions":0}}}]},{"date":"2025-03-16","commitResults":[{"hash":"eff0c051eac82fb2203e8aa7621cafd79b48516a","isMergeCommit":true,"messageTitle":"Merge pull request #64 from zwliew/feat/add-delete-group-cmd","messageBody":"feat(group): Implement the `delete-group` command","fileTypesAndContributionMap":{}}]},{"date":"2025-03-17","commitResults":[{"hash":"582ebef12e2288efa8729da81ff328632f6c3b03","isMergeCommit":false,"messageTitle":"feat(group): Add tags to groups","messageBody":"","fileTypesAndContributionMap":{"functional-code":{"insertions":110,"deletions":60}}},{"hash":"038499d635e93a77c28273a865ad16b5af06ea0b","isMergeCommit":false,"messageTitle":"feat(groups): Display groups in the UI","messageBody":"","fileTypesAndContributionMap":{"functional-code":{"insertions":308,"deletions":64},"other":{"insertions":1,"deletions":1},"test-code":{"insertions":6,"deletions":0}}},{"hash":"e0ccde9e91c2eaca6bfa7a1ec60aa004d442c82d","isMergeCommit":false,"messageTitle":"chore(ResultList): Clean up some code","messageBody":"","fileTypesAndContributionMap":{"functional-code":{"insertions":21,"deletions":28}}},{"hash":"9887cf79ae99b93d64fcff5572ebd9eeea158e87","isMergeCommit":true,"messageTitle":"Merge pull request #70 from zwliew/feat/add-group-tags","messageBody":"feat(group): Add tags to groups","fileTypesAndContributionMap":{}},{"hash":"cec91fec8aec4f34c7c7769ca38a3949f3e36a1d","isMergeCommit":true,"messageTitle":"Merge pull request #75 from avinazz3/feature/add-group-command","messageBody":"Implement Add Group Command","fileTypesAndContributionMap":{}}]},{"date":"2025-03-18","commitResults":[{"hash":"425101e7f98f43dd773457e4cfa8855e4e914fdf","isMergeCommit":true,"messageTitle":"Merge branch \u0027master\u0027 into feat/display-groups-in-ui","messageBody":"","fileTypesAndContributionMap":{}},{"hash":"d0f4acf51196d69248c06636ae27792984334f5d","isMergeCommit":true,"messageTitle":"Merge pull request #74 from zwliew/feat/display-groups-in-ui","messageBody":"feat(groups): Display groups in the UI","fileTypesAndContributionMap":{}},{"hash":"41412b4db96ccf8d1a5fe01a614d2915d7beef13","isMergeCommit":false,"messageTitle":"fix(group): Check for uniqueness only using group name","messageBody":"","fileTypesAndContributionMap":{"functional-code":{"insertions":17,"deletions":7}}}]},{"date":"2025-03-19","commitResults":[{"hash":"b69346d814686305896122581768973d0527bacc","isMergeCommit":true,"messageTitle":"Merge pull request #81 from zwliew/fix/is-same-group","messageBody":"fix(group): Check for uniqueness only using group name","fileTypesAndContributionMap":{}},{"hash":"8706ad088dec0d5a030bef4d307087358fc589f8","isMergeCommit":false,"messageTitle":"Fix typo in message","messageBody":"","fileTypesAndContributionMap":{"functional-code":{"insertions":1,"deletions":1}}}]},{"date":"2025-03-20","commitResults":[{"hash":"c910c179e80456d3ea986b22f959792f5a60de73","isMergeCommit":false,"messageTitle":"chore(UserGuide): Reformat and add edit-group","messageBody":"","fileTypesAndContributionMap":{"docs":{"insertions":48,"deletions":22}}},{"hash":"443732b667f2c920f0b84f7150c50501e357f517","isMergeCommit":false,"messageTitle":"fix(UserGuide): Fix a typo","messageBody":"","fileTypesAndContributionMap":{"docs":{"insertions":1,"deletions":1}}},{"hash":"df0de08483fdc00ae7048df643e0bc117ef92ba9","isMergeCommit":false,"messageTitle":"chore(UserGuide): reorder sections","messageBody":"","fileTypesAndContributionMap":{"docs":{"insertions":23,"deletions":23}}},{"hash":"3820654607bfed655aefd17de500555c90e5b89c","isMergeCommit":true,"messageTitle":"Merge pull request #98 from zwliew/chore/update-user-guide","messageBody":"chore(UserGuide): Reformat and add edit-group","fileTypesAndContributionMap":{}}]},{"date":"2025-03-26","commitResults":[{"hash":"3d5b9418a05130d8f1354c5a583157798ccdbb4b","isMergeCommit":false,"messageTitle":"Fix typo in unmarkAttendance","messageBody":"","fileTypesAndContributionMap":{"functional-code":{"insertions":1,"deletions":1}}}]},{"date":"2025-03-27","commitResults":[{"hash":"706b651c89cc7971ec24ed1d1079261e1e12596f","isMergeCommit":false,"messageTitle":"feat(group): Back members by a new ArrayListMap and ArrayListSet","messageBody":"","fileTypesAndContributionMap":{"functional-code":{"insertions":218,"deletions":12}}},{"hash":"157e5f7f7b597179aa0a6baeec44fec1af82e4df","isMergeCommit":false,"messageTitle":"feat(ArrayListSet): add missing remove(int index) method","messageBody":"","fileTypesAndContributionMap":{"functional-code":{"insertions":5,"deletions":0}}},{"hash":"b6fe7817b258f4dd8f56a8e7c00e5340f9340b35","isMergeCommit":false,"messageTitle":"fix(css): Remove typo","messageBody":"","fileTypesAndContributionMap":{"functional-code":{"insertions":0,"deletions":2}}},{"hash":"084f3a45f638fc3edeb813cce3c2be4356bf6c22","isMergeCommit":false,"messageTitle":"chore(ArrayListSet): add missing javadoc","messageBody":"","fileTypesAndContributionMap":{"functional-code":{"insertions":9,"deletions":0}}},{"hash":"256e28fba92511fa7424174d71fadb67385ba7bd","isMergeCommit":false,"messageTitle":"chore(gradle): enable assertions","messageBody":"","fileTypesAndContributionMap":{"other":{"insertions":4,"deletions":0}}},{"hash":"312a6d8928dffd4f4093aee2c8197239c9871144","isMergeCommit":true,"messageTitle":"Merge branch \u0027master\u0027 into chore/enable-assertions","messageBody":"","fileTypesAndContributionMap":{}},{"hash":"6498cb730200fec9942d5026a5254cf3b71159a5","isMergeCommit":true,"messageTitle":"Merge pull request #110 from zwliew/chore/enable-assertions","messageBody":"chore(gradle): Enable assertions","fileTypesAndContributionMap":{}},{"hash":"9c06c51e152b3b35817751f2482f215273fc3538","isMergeCommit":false,"messageTitle":"chore(ArrayListMap/ArrayListSet): Add unit tests","messageBody":"","fileTypesAndContributionMap":{"functional-code":{"insertions":6,"deletions":3},"test-code":{"insertions":244,"deletions":0}}},{"hash":"bc12dfd9a46adddbf13dee768cc365dd91b5ff89","isMergeCommit":true,"messageTitle":"Merge pull request #114 from zwliew/chore/unit-tests","messageBody":"chore(ArrayListMap/ArrayListSet): Add unit tests","fileTypesAndContributionMap":{}},{"hash":"9f6676ed2254b66ef9a90cbc5aa7383853695469","isMergeCommit":false,"messageTitle":"feat(group): Add show-group-details command","messageBody":"","fileTypesAndContributionMap":{"functional-code":{"insertions":242,"deletions":16},"docs":{"insertions":53,"deletions":25}}},{"hash":"2c28757cb58eb507dd5218bc44d12dcd877f8a46","isMergeCommit":false,"messageTitle":"Add todo to display assignment scores","messageBody":"","fileTypesAndContributionMap":{"functional-code":{"insertions":2,"deletions":0}}},{"hash":"0e45b3e82d622624376594de13ea5b1f9fa40eec","isMergeCommit":false,"messageTitle":"fix: Fix checkstyle errors","messageBody":"","fileTypesAndContributionMap":{"functional-code":{"insertions":8,"deletions":7},"test-code":{"insertions":5,"deletions":0}}},{"hash":"109fcd1ca1ff62d1e3ae0a7cea18785ae558b1bc","isMergeCommit":false,"messageTitle":"fix(UserGuide): Fix typo in docs","messageBody":"Co-authored-by: Copilot \u003c175728472+Copilot@users.noreply.github.com\u003e","fileTypesAndContributionMap":{"docs":{"insertions":1,"deletions":2}}},{"hash":"e4ea64a829dbc2e44fddb60509aa8e6c912eed98","isMergeCommit":true,"messageTitle":"Merge pull request #115 from zwliew/feat/show-group-details","messageBody":"feat(group): Add show-group-details command","fileTypesAndContributionMap":{}},{"hash":"9c43fbb4344d3a51d62f6e6d25ce29df1d502348","isMergeCommit":true,"messageTitle":"Merge branch \u0027master\u0027 into StorageGroupMemberDetails","messageBody":"","fileTypesAndContributionMap":{}}]}],"lyhthaddeus":[{"date":"2025-03-06","commitResults":[{"hash":"f89c7e785edfdd37bbd538d09cc7fe9257aa7264","isMergeCommit":false,"messageTitle":"Update AboutUs with Thaddeus Info","messageBody":"","fileTypesAndContributionMap":{"docs":{"insertions":5,"deletions":15}}},{"hash":"4e02ecbfe7f7a5647c7bf2a5cf0163251a0e3508","isMergeCommit":false,"messageTitle":"Update AboutUs with Thaddeus\u0027 Info","messageBody":"","fileTypesAndContributionMap":{"docs":{"insertions":10,"deletions":0}}}]},{"date":"2025-03-12","commitResults":[{"hash":"cca2ea108c9cede7268b219d30883a4a6e8fb066","isMergeCommit":false,"messageTitle":"Add user stories","messageBody":"","fileTypesAndContributionMap":{"docs":{"insertions":2,"deletions":6}}},{"hash":"963320619dca08167c9afecb0f2b412f6a7bc53d","isMergeCommit":false,"messageTitle":"Add User Stories","messageBody":"","fileTypesAndContributionMap":{"docs":{"insertions":21,"deletions":3}}},{"hash":"4e59428f28813d6b731c9ac13892ef754d0bb7e2","isMergeCommit":true,"messageTitle":"Merge pull request #49 from lyhthaddeus/Add-UserStories","messageBody":"Add user stories","fileTypesAndContributionMap":{}}]},{"date":"2025-03-16","commitResults":[{"hash":"629b730e52f65ad0ee9f02beada52f8624cadef8","isMergeCommit":false,"messageTitle":"Add feature to List Group.","messageBody":"Users should be able to list the groups they\nhave created to view them.\n\nImplementing the list group feature with reference\nto List feature that was previously there.\n\nBoth functionality works similarly in the sense\nthey are both listing objects to the users.\n\nNo frontend have been done yet and should be\nimplemented in the future.\n","fileTypesAndContributionMap":{"functional-code":{"insertions":20,"deletions":0}}},{"hash":"aadd2553104aa9954b167a21345aa09ee4a16c5a","isMergeCommit":false,"messageTitle":"Add java docs for new methods.","messageBody":"","fileTypesAndContributionMap":{"functional-code":{"insertions":21,"deletions":0},"test-code":{"insertions":5,"deletions":0}}},{"hash":"0f1d87570811bdc71c43c2565bd6a68afc5c2e3b","isMergeCommit":true,"messageTitle":"Merge branch \u0027master\u0027 into ListGroupCommand_1","messageBody":"","fileTypesAndContributionMap":{}},{"hash":"6c4e1d4ff4d8053502cbf538f53e3793069a0ba4","isMergeCommit":false,"messageTitle":"Fix Style error after merge conflict","messageBody":"","fileTypesAndContributionMap":{"functional-code":{"insertions":1,"deletions":2}}},{"hash":"d0fb3e721f760a624145ff27a7129bf30a3a0a52","isMergeCommit":false,"messageTitle":"Fix Styling","messageBody":"","fileTypesAndContributionMap":{"functional-code":{"insertions":2,"deletions":2}}},{"hash":"5e7f88396e25b4532b925ff4ed203928cef1e525","isMergeCommit":true,"messageTitle":"Merge pull request #65 from lyhthaddeus/ListGroupCommand_1","messageBody":"feat(group): Implement the List Group Command","fileTypesAndContributionMap":{}}]},{"date":"2025-03-19","commitResults":[{"hash":"3eca34e24303fa400f990b3301da2ab2f8fb0379","isMergeCommit":false,"messageTitle":"Implement feature to Add Person to Group","messageBody":"","fileTypesAndContributionMap":{"functional-code":{"insertions":162,"deletions":5},"test-code":{"insertions":5,"deletions":0}}},{"hash":"4ec3189293a41ede430f44ca81dab81afb55b685","isMergeCommit":false,"messageTitle":"Implement feature to remove Person from Group","messageBody":"","fileTypesAndContributionMap":{"functional-code":{"insertions":134,"deletions":1},"test-code":{"insertions":5,"deletions":0}}},{"hash":"36cd7783cd96b7dfe97f7015c0c496d0f9ba26a1","isMergeCommit":false,"messageTitle":"Refactor command to accept string instead of index","messageBody":"","fileTypesAndContributionMap":{"functional-code":{"insertions":25,"deletions":17}}},{"hash":"07711187c6192994f3231fe1016f6b58a7a1aaf9","isMergeCommit":true,"messageTitle":"Merge branch \u0027AddPersonToGroup\u0027","messageBody":"","fileTypesAndContributionMap":{}},{"hash":"8363e43e58693b1316bca580837613ea93d28a4b","isMergeCommit":false,"messageTitle":"Refactor Delete from group to take String instead of Index","messageBody":"","fileTypesAndContributionMap":{"functional-code":{"insertions":34,"deletions":29}}},{"hash":"20b0357043f81257d7c383d5967a444256a0b5d6","isMergeCommit":false,"messageTitle":"Refactor Delete from group to take String instead of Index","messageBody":"","fileTypesAndContributionMap":{"functional-code":{"insertions":34,"deletions":29}}},{"hash":"ede2efbfe544d4540037854af2b788ec0599472c","isMergeCommit":false,"messageTitle":"Fix compilation error due to missing import","messageBody":"","fileTypesAndContributionMap":{"functional-code":{"insertions":5,"deletions":2}}}]},{"date":"2025-03-20","commitResults":[{"hash":"a5df3253355efa917f8eca5b42ab30b199b21308","isMergeCommit":false,"messageTitle":"Update CliSyntax.java to better match command","messageBody":"","fileTypesAndContributionMap":{"functional-code":{"insertions":2,"deletions":2}}},{"hash":"93b947c4b82999e6491288417febb7fdfc9cf781","isMergeCommit":false,"messageTitle":"Update command format to fit the new format","messageBody":"","fileTypesAndContributionMap":{"functional-code":{"insertions":2,"deletions":3}}},{"hash":"fc7c9e00d14f1f2a82a399d709f37e5b55305355","isMergeCommit":true,"messageTitle":"Merge branch \u0027master\u0027 into AddPersonToGroup","messageBody":"","fileTypesAndContributionMap":{}},{"hash":"f9761586a8e9da72656fabac9ee51b900318daf5","isMergeCommit":true,"messageTitle":"Merge pull request #87 from avinazz3/display-users-group-list","messageBody":"feat(UI): Display first 3 members in group list view","fileTypesAndContributionMap":{}},{"hash":"d5804157edb5fb20a23130f4fa03c472682aff59","isMergeCommit":true,"messageTitle":"Merge pull request #83 from lyhthaddeus/AddPersonToGroup","messageBody":"Implement feature to Add Person to Group","fileTypesAndContributionMap":{}},{"hash":"f779e6e8610b7c09e7aceabf79c62ada571d0fe5","isMergeCommit":true,"messageTitle":"Merge branch \u0027master\u0027 into DeletePersonFromGroup","messageBody":"","fileTypesAndContributionMap":{}},{"hash":"4387b7991eff5eff1ae381e09ffe660d7396c9c4","isMergeCommit":true,"messageTitle":"Merge pull request #84 from lyhthaddeus/DeletePersonFromGroup","messageBody":"Implement Feature to Delete person from group","fileTypesAndContributionMap":{}},{"hash":"3309f9255f2cd9a4509690f288a34734af9b5896","isMergeCommit":true,"messageTitle":"Merge remote-tracking branch \u0027upstream/master\u0027","messageBody":"","fileTypesAndContributionMap":{}},{"hash":"b00ae3d3905174b5ad2c9d1dc93e09d58b9c142c","isMergeCommit":false,"messageTitle":"Update userguide with new methods","messageBody":"","fileTypesAndContributionMap":{"docs":{"insertions":36,"deletions":0}}},{"hash":"be253629b34faf07949fcf23974b0b0b31695a7c","isMergeCommit":false,"messageTitle":"Update Userguide with images","messageBody":"","fileTypesAndContributionMap":{"docs":{"insertions":4,"deletions":1}}}]},{"date":"2025-03-27","commitResults":[{"hash":"ea4f9beee8e94a4e66418e4e9032bb3832b32fcc","isMergeCommit":true,"messageTitle":"Merge remote-tracking branch \u0027upstream/master\u0027","messageBody":"","fileTypesAndContributionMap":{}},{"hash":"505095196be117965ab3837c2b404b60b440eba3","isMergeCommit":true,"messageTitle":"Merge pull request #108 from dexterkwxn/fix/modify-group-members","messageBody":"Change groupMembers to a Map","fileTypesAndContributionMap":{}},{"hash":"887fa7a549fd1e6967b5dd9c1aa6485fed38a972","isMergeCommit":true,"messageTitle":"Merge remote-tracking branch \u0027upstream/master\u0027","messageBody":"","fileTypesAndContributionMap":{}},{"hash":"5ced5afbc7dc23e352ee9c4c27d44ca16ca1e1e7","isMergeCommit":false,"messageTitle":"Update storage with new classes","messageBody":"","fileTypesAndContributionMap":{"functional-code":{"insertions":244,"deletions":46}}},{"hash":"f91c37a9bb38ccc9995781c2fa0341d323556811","isMergeCommit":true,"messageTitle":"Merge pull request #111 from weien02/attendance","messageBody":"Add MarkAttendanceCommand and UnmarkAttendanceCommand","fileTypesAndContributionMap":{}},{"hash":"af227bd207b792f142f204a7ea086d8e0841eee7","isMergeCommit":false,"messageTitle":"Remove incorrect fix for ArrayListMap","messageBody":"","fileTypesAndContributionMap":{"functional-code":{"insertions":0,"deletions":1}}},{"hash":"e3687388d6f354355c6963992b92329ab7ad500b","isMergeCommit":false,"messageTitle":"Add back Group to GroupMemberDetail","messageBody":"","fileTypesAndContributionMap":{"functional-code":{"insertions":41,"deletions":11}}},{"hash":"ef1e1e966f802da69a941103667429f9b0100f4a","isMergeCommit":true,"messageTitle":"Merge pull request #112 from lyhthaddeus/StorageGroupMemberDetails","messageBody":"Storage group member details","fileTypesAndContributionMap":{}},{"hash":"5cbebd12cdfb88d5b63b71dd93932c48ad1297d7","isMergeCommit":true,"messageTitle":"Merge branch \u0027master\u0027 into add-showattendancecommand","messageBody":"","fileTypesAndContributionMap":{}},{"hash":"75170dc7223a079b76bea340a8ec9dba0d100ce0","isMergeCommit":false,"messageTitle":"Fix Checkstyle","messageBody":"","fileTypesAndContributionMap":{"functional-code":{"insertions":2,"deletions":0}}}]}],"avinazz3":[{"date":"2025-03-06","commitResults":[{"hash":"cb0574605e544f77c6e6fe9e88cfb3872ea799c5","isMergeCommit":false,"messageTitle":"docs: add user avinazz3\u0027s details to AboutUs page","messageBody":"","fileTypesAndContributionMap":{"docs":{"insertions":6,"deletions":6}}}]},{"date":"2025-03-13","commitResults":[{"hash":"13485b0d12f45356bad7d499f93e9320c147543a","isMergeCommit":false,"messageTitle":"Remove last mention of AB3","messageBody":"","fileTypesAndContributionMap":{"docs":{"insertions":181,"deletions":10}}},{"hash":"9ca89d7c7609197cdc11acb2a92f1996c81488ad","isMergeCommit":false,"messageTitle":"Remove last mention of AB3 from index.md","messageBody":"","fileTypesAndContributionMap":{"docs":{"insertions":1,"deletions":2}}}]},{"date":"2025-03-17","commitResults":[{"hash":"6c303898518f7084bc1762b52eecc4ca402e79a6","isMergeCommit":false,"messageTitle":"feat: Add new add-group command","messageBody":"Implement functionality to create new groups in the address book.\n\n- Create AddGroupCommand to handle group creation\n- Create AddGroupCommandParser to parse command input\n- Update Model interface with addGroup method\n- Implement addGroup in ModelManager\n- Add addGroup method to AddressBook class\n\nThis allows users to create new empty groups which can later be populated with members using existing functionality.\n\nCloses #43\n","fileTypesAndContributionMap":{"functional-code":{"insertions":153,"deletions":12},"other":{"insertions":4,"deletions":0}}},{"hash":"6cd5f24e6c32890035aa517e41f571c2418bf68d","isMergeCommit":false,"messageTitle":"fix: import statements in AddressBookParser.","messageBody":"Closes #43\n","fileTypesAndContributionMap":{"functional-code":{"insertions":13,"deletions":1}}},{"hash":"a8de1d72ec3068b01a4dbf129f11f42ae2783c5b","isMergeCommit":false,"messageTitle":"fix: reordered import statements in AddressBookParser.","messageBody":"Closes #43\n","fileTypesAndContributionMap":{"functional-code":{"insertions":1,"deletions":1}}},{"hash":"5b3bda08632ac6ea299affece97f5cf132928bb3","isMergeCommit":false,"messageTitle":"fix: update ModelStub in AddCommandTest with addGroup method","messageBody":"Part of #43\n","fileTypesAndContributionMap":{"test-code":{"insertions":5,"deletions":0}}}]},{"date":"2025-03-19","commitResults":[{"hash":"6e41908f5ccd32196bfbfb8d18f6640c335957b3","isMergeCommit":false,"messageTitle":"feat(UI): Display first 3 members in group list view","messageBody":"- Add truncated member display in GroupCard showing up to 3 members\n- Add \"and X more\" indicator for groups with \u003e3 members\n- Include member count label for each group\n- Update GroupListCard.fxml with new layout elements\n- Add CSS styling for member display\n\nImproves group overview without requiring click interaction.\n\nSolves #85\n","fileTypesAndContributionMap":{"functional-code":{"insertions":84,"deletions":2}}},{"hash":"3bc65f2e7f4feb99e687914800bcdd07f00e1d6b","isMergeCommit":false,"messageTitle":"fix: Add missing newlines at EOF in GroupCard and GroupListCard","messageBody":"Solves #85\n","fileTypesAndContributionMap":{"functional-code":{"insertions":3,"deletions":2}}},{"hash":"aa70b2678f821b8c861621b4b3f285f2c0ed2a63","isMergeCommit":false,"messageTitle":"fix: Fix Checkstyle issues in GroupCard.java","messageBody":"- Reorder imports to follow lexicographical order\n- Remove unused java.util.stream.Collectors import\n\nSolves #85\n","fileTypesAndContributionMap":{"functional-code":{"insertions":2,"deletions":2}}}]},{"date":"2025-03-20","commitResults":[{"hash":"f9b9c4f086b9fe1ed8989cbb9f51cc2c04f902eb","isMergeCommit":false,"messageTitle":"fix(ui): add space in between member names","messageBody":"Solves #91\n","fileTypesAndContributionMap":{"functional-code":{"insertions":15,"deletions":7}}},{"hash":"5d4d997db4a78dad8e3222f567ae2977b92540ee","isMergeCommit":true,"messageTitle":"Merge pull request #96 from avinazz3/bugfix/group-card","messageBody":"fix(ui): add space in between member names","fileTypesAndContributionMap":{}}]},{"date":"2025-03-27","commitResults":[{"hash":"7d8df079d312fc4956be3d98130225f4bc3431aa","isMergeCommit":false,"messageTitle":"feat: Implement show-attendance command","messageBody":"Add functionality to view attendance records of a person in a specific group.\n\n- Create ShowAttendanceCommand to display attendance data\n- Create ShowAttendanceCommandParser to handle command input\n- Create AttendanceDisplay model to store attendance data for UI\n- Create AttendanceCard UI component to render attendance\n- Add FXML layout and CSS styles for attendance display\n\nThe command follows the pattern:\nshow-attendance p/PERSON_NAME g/GROUP_NAME\n\nCloses #102\n","fileTypesAndContributionMap":{"functional-code":{"insertions":435,"deletions":0}}},{"hash":"45a5dd50f2206ffb12fd15c9b18b486f38ad88a4","isMergeCommit":false,"messageTitle":"fix: test merge","messageBody":"","fileTypesAndContributionMap":{"docs":{"insertions":2,"deletions":0}}},{"hash":"ed63e3dd99348e417ea72dcf8c77c4c60fa9c233","isMergeCommit":true,"messageTitle":"Merge remote-tracking branch \u0027origin/add-showattendancecommand\u0027 into add-showattendancecommand","messageBody":"","fileTypesAndContributionMap":{}},{"hash":"34a9867df6db5de86baa8cc9918adfc7aa29755f","isMergeCommit":false,"messageTitle":"fix(README): add new line at EOF","messageBody":"","fileTypesAndContributionMap":{"docs":{"insertions":0,"deletions":2}}},{"hash":"922204d22e053b3eba00981242b733a26462c7b7","isMergeCommit":true,"messageTitle":"Merge remote-tracking branch \u0027origin/add-showattendancecommand\u0027 into add-showattendancecommand","messageBody":"","fileTypesAndContributionMap":{}},{"hash":"7b1652cba1a9957f494511c891c6469002fedf1e","isMergeCommit":false,"messageTitle":"refactor: Remove unused UI components for attendance display","messageBody":"Delete AttendanceDisplay.java and AttendanceCard.java as we\u0027re using\ntext-based output in the command result instead of custom UI components.\n","fileTypesAndContributionMap":{"functional-code":{"insertions":0,"deletions":185}}}]}],"dexterkwxn":[{"date":"2025-03-03","commitResults":[{"hash":"96212c9c50245f9832ea802e78b828a971231411","isMergeCommit":false,"messageTitle":"Add details for AboutUs.md","messageBody":"","fileTypesAndContributionMap":{"docs":{"insertions":4,"deletions":5}}},{"hash":"5555f38c81b4e050bef77310558bcef13a2807c3","isMergeCommit":true,"messageTitle":"Merge branch \u0027master\u0027 into branch-Update-AboutUs","messageBody":"","fileTypesAndContributionMap":{}}]},{"date":"2025-03-05","commitResults":[{"hash":"b43cee5b704b1649d689cf09b740e76a3ee6b0ba","isMergeCommit":false,"messageTitle":"Update README.md","messageBody":"change Github Actions badge","fileTypesAndContributionMap":{"docs":{"insertions":1,"deletions":1}}},{"hash":"2f77e28b3ea9eeba10ccc8902f15b162f0923a41","isMergeCommit":true,"messageTitle":"Merge pull request #5 from AY2425S2-CS2103T-T12-1/dexterkwxn-patch-1","messageBody":"Update README.md","fileTypesAndContributionMap":{}}]},{"date":"2025-03-06","commitResults":[{"hash":"af1098752e228ffd93d021bd530654583323d0da","isMergeCommit":false,"messageTitle":"Remove portfolio link for Dexter","messageBody":"","fileTypesAndContributionMap":{"docs":{"insertions":0,"deletions":1}}}]},{"date":"2025-03-10","commitResults":[{"hash":"0ab1815056e286538e6845ef4e00ebe9914c9651","isMergeCommit":false,"messageTitle":"Add use cases and changed name of app in pages","messageBody":"","fileTypesAndContributionMap":{"other":{"insertions":1,"deletions":1},"docs":{"insertions":33,"deletions":5}}},{"hash":"21c753bb1b6aee1b133cfbe2a1db7d4247e165e8","isMergeCommit":false,"messageTitle":"Fix formatting in Use Cases","messageBody":"","fileTypesAndContributionMap":{"docs":{"insertions":2,"deletions":0}}},{"hash":"ee0b42fc665bfa087ffedef596d0ef3ad48551ac","isMergeCommit":false,"messageTitle":"Move new use case to correct location","messageBody":"","fileTypesAndContributionMap":{"docs":{"insertions":25,"deletions":29}}},{"hash":"76fef0a896b38fc7dd5125b72de20c0883943e50","isMergeCommit":false,"messageTitle":"Fix indentation issue","messageBody":"","fileTypesAndContributionMap":{"docs":{"insertions":2,"deletions":2}}},{"hash":"934e73e357bf7a6e4d75778372df18b82593996b","isMergeCommit":false,"messageTitle":"Fix stuff","messageBody":"","fileTypesAndContributionMap":{"docs":{"insertions":1,"deletions":1}}},{"hash":"4081abf0ebf0aa243b2ba135d735b60677538452","isMergeCommit":true,"messageTitle":"Merge pull request #34 from dexterkwxn/feat/add-use-cases","messageBody":"Add use cases and changed name of app in pages","fileTypesAndContributionMap":{}}]},{"date":"2025-03-12","commitResults":[{"hash":"b9f8f8d57d8a1a7ade1058d6e849bb8351966b0f","isMergeCommit":false,"messageTitle":"Scaffold for group class","messageBody":"","fileTypesAndContributionMap":{"functional-code":{"insertions":94,"deletions":0}}},{"hash":"30d800b18d959918b2a3f7e507af650f453b271c","isMergeCommit":false,"messageTitle":"Add UniqueGroupList class for AddressBook","messageBody":"","fileTypesAndContributionMap":{"functional-code":{"insertions":185,"deletions":9}}},{"hash":"d1300b33df88490c31cb30f16ffa66b93f4d1018","isMergeCommit":false,"messageTitle":"Fix checkStyle issues","messageBody":"","fileTypesAndContributionMap":{"functional-code":{"insertions":21,"deletions":13}}},{"hash":"fd18d81c8b042f17526ce56a611c00d838400441","isMergeCommit":true,"messageTitle":"Merge pull request #56 from dexterkwxn/feat/group-class","messageBody":"Add group class","fileTypesAndContributionMap":{}}]},{"date":"2025-03-13","commitResults":[{"hash":"7ccc31231e250ded4573b4a0d74be23d1915da48","isMergeCommit":true,"messageTitle":"Merge pull request #61 from avinazz3/update-readME2","messageBody":"Update README","fileTypesAndContributionMap":{}}]},{"date":"2025-03-19","commitResults":[{"hash":"fe9504108f0560ea6dfb3d505d2b87e75c6d0207","isMergeCommit":false,"messageTitle":"Add saving to file functionality for groups","messageBody":"","fileTypesAndContributionMap":{"functional-code":{"insertions":118,"deletions":2}}},{"hash":"a97276ebb337866d619f14d3f415b9c3aa5b9a1d","isMergeCommit":false,"messageTitle":"Fix group name validation regex","messageBody":"","fileTypesAndContributionMap":{"functional-code":{"insertions":1,"deletions":1}}},{"hash":"36dc8fe9e316a5cee3aa3f908f6f4652df73b3f8","isMergeCommit":false,"messageTitle":"Fix checkStyle errors","messageBody":"","fileTypesAndContributionMap":{"functional-code":{"insertions":6,"deletions":6}}},{"hash":"3014d243c212bce238bb5a294c3ecaf4ad6011bf","isMergeCommit":false,"messageTitle":"Update test data with groups","messageBody":"","fileTypesAndContributionMap":{"test-code":{"insertions":10,"deletions":1}}},{"hash":"c0e11dd44ddf0dbdb59e308b9ac6fc5ce7d5f667","isMergeCommit":false,"messageTitle":"Add sample group data","messageBody":"","fileTypesAndContributionMap":{"functional-code":{"insertions":10,"deletions":0}}},{"hash":"e404d0b3367cc16eb2e502d080619fd18c5ddfcd","isMergeCommit":true,"messageTitle":"Merge pull request #82 from dexterkwxn/feat/save-groups","messageBody":"Add saving to file functionality for groups","fileTypesAndContributionMap":{}}]},{"date":"2025-03-20","commitResults":[{"hash":"2355091098ea4eb11014879f30ad9456e0370d3b","isMergeCommit":false,"messageTitle":"Fix display bugs: command help, GroupCard, refreshing","messageBody":"","fileTypesAndContributionMap":{"functional-code":{"insertions":9,"deletions":4}}},{"hash":"edf7ff0e5fd1c3851b5425e8a5491fee13df227a","isMergeCommit":false,"messageTitle":"Fix delete command to remove person from groups.","messageBody":"","fileTypesAndContributionMap":{"functional-code":{"insertions":29,"deletions":8}}},{"hash":"4e764a2f7793e220b97288bf2bdafa3e350cc38c","isMergeCommit":false,"messageTitle":"Remove commented code","messageBody":"","fileTypesAndContributionMap":{"functional-code":{"insertions":0,"deletions":3}}},{"hash":"52666801f773637d2c712a5ae3fd479a59a44c87","isMergeCommit":false,"messageTitle":"Stop tests from yapping","messageBody":"","fileTypesAndContributionMap":{"functional-code":{"insertions":1,"deletions":1},"test-code":{"insertions":5,"deletions":0}}},{"hash":"716a13fc0db197525cb10c78a3a3afa25881c54f","isMergeCommit":true,"messageTitle":"Merge pull request #93 from dexterkwxn/fix/group-card-display","messageBody":"Fix (Group Card): display bugs","tags":["v1.3"],"fileTypesAndContributionMap":{}}]},{"date":"2025-03-25","commitResults":[{"hash":"697a2154c87a60e122b2f73215dcfd44c55d1069","isMergeCommit":false,"messageTitle":"Add GroupMemberDetail and Assignment class","messageBody":"","fileTypesAndContributionMap":{"functional-code":{"insertions":250,"deletions":0}}},{"hash":"a02986e33305bbbd43e5cda58104bd36a59f059a","isMergeCommit":false,"messageTitle":"Fix checkStyle errors","messageBody":"","fileTypesAndContributionMap":{"functional-code":{"insertions":15,"deletions":9}}}]},{"date":"2025-03-26","commitResults":[{"hash":"7c25e612598c341822b02c2c4e81326b8c492289","isMergeCommit":false,"messageTitle":"Add hashCode to Assignment","messageBody":"","fileTypesAndContributionMap":{"functional-code":{"insertions":16,"deletions":6}}},{"hash":"c57be29df1ed17904a15ef644be7d3c6686a6bfe","isMergeCommit":true,"messageTitle":"Merge pull request #106 from dexterkwxn/feat/scaffold-group-member-detail","messageBody":"Add GroupMemberDetail and Assignment class","fileTypesAndContributionMap":{}},{"hash":"929c1884a8a43563523b7e774963ef89c343a27a","isMergeCommit":false,"messageTitle":"Change groupMembers to HashMap","messageBody":"","fileTypesAndContributionMap":{"functional-code":{"insertions":16,"deletions":13}}},{"hash":"a4e050bd7d1170371a59b76e131b8514b9cec109","isMergeCommit":false,"messageTitle":"Fix checkStyle error","messageBody":"","fileTypesAndContributionMap":{"functional-code":{"insertions":2,"deletions":1}}}]}]},"authorFileTypeContributionMap":{"weien02":{"docs":17,"functional-code":922,"test-code":26,"other":1},"zwliew":{"docs":175,"functional-code":1034,"test-code":260,"other":9},"lyhthaddeus":{"docs":46,"functional-code":616,"test-code":15},"avinazz3":{"docs":178,"functional-code":496,"test-code":5,"other":4},"dexterkwxn":{"docs":36,"functional-code":617,"test-code":15,"other":2}},"authorContributionVariance":{"weien02":11856.243,"zwliew":29753.723,"lyhthaddeus":9328.212,"avinazz3":12134.855,"dexterkwxn":5365.7676},"authorDisplayNameMap":{"weien02":"CS2103T-T12-1 NG W..I EN","zwliew":"CS2103T-T12-1 LIEW.. WEI","lyhthaddeus":"CS2103T-T12-1 LIM ..DEUS","avinazz3":"CS2103T-T12-1 AVIN..OVAN","dexterkwxn":"CS2103T-T12-1 DEXT..KWAN"}}
