{"authorDailyContributionsMap":{"jingchun19":[{"date":"2025-02-21","commitResults":[{"hash":"ff1ec5a147d47b6770a249b14caa352f694c1156","isMergeCommit":false,"messageTitle":"Added Jerome About Us","messageBody":"","fileTypesAndContributionMap":{"docs":{"insertions":4,"deletions":4}}},{"hash":"9f9953de46dfe8dc1d32f035bbed14d59cc43529","isMergeCommit":true,"messageTitle":"Merge pull request #14 from jingchun19/master","messageBody":"Added Jerome About Us","fileTypesAndContributionMap":{}},{"hash":"f66be9ed928b2a7c3e0722f35873c59379c8d643","isMergeCommit":false,"messageTitle":"Updated About Us","messageBody":"","fileTypesAndContributionMap":{"docs":{"insertions":1,"deletions":11}}},{"hash":"4c9f9a0d6e59abfda3248772447c548300f8210c","isMergeCommit":true,"messageTitle":"Merge pull request #18 from jingchun19/master","messageBody":"Updated About Us","fileTypesAndContributionMap":{}}]},{"date":"2025-02-22","commitResults":[{"hash":"28517ccb7775e77c49dbc94e7962b23675b04f61","isMergeCommit":false,"messageTitle":"i didnt implement exit and help","messageBody":"AddSessionCommandParser\nEditHouseholdCommandParser\nEditSessionCommandParser\nDeleteHouseholdCommandParser\nFindHouseholdCommandParser\nViewHistoryCommandParser\n\nPlus UI\n","fileTypesAndContributionMap":{"functional-code":{"insertions":1584,"deletions":41}}},{"hash":"d1e5de0de63500916cf77499ac4c08e688129088","isMergeCommit":false,"messageTitle":"Added parsers","messageBody":"","fileTypesAndContributionMap":{"functional-code":{"insertions":512,"deletions":0}}},{"hash":"4981cf968bdab903b7d6bb073470eb3b63389534","isMergeCommit":false,"messageTitle":"Added ui elements","messageBody":"","fileTypesAndContributionMap":{"functional-code":{"insertions":325,"deletions":20}}}]},{"date":"2025-02-23","commitResults":[{"hash":"c63c043a96d3f4123480c77b2f64eb77d92fc763","isMergeCommit":false,"messageTitle":"Implement persistent session storage and UI display","messageBody":"- Update MainWindow to display sessions for selected household\n- Add session list refresh functionality\n- Modify HouseholdBook to properly store sessions in main list\n- Update command execution to use Model instead of HouseholdBook\n- Ensure sessions are saved to householdbook.json\n- Add session filtering based on household selection\n\nThis commit fixes the issue where sessions were not being persisted\nto storage and implements proper session display in the UI when a\nhousehold is selected.\n","fileTypesAndContributionMap":{"functional-code":{"insertions":910,"deletions":1031}}}]}],"meglwhy":[{"date":"2025-02-21","commitResults":[{"hash":"653f2e07928ac3893a9a3886324adfa5a41a08cf","isMergeCommit":false,"messageTitle":"Update the AboutUs page (Megan)","messageBody":"","fileTypesAndContributionMap":{"docs":{"insertions":4,"deletions":4}}},{"hash":"cc932f325fe88c2a758b473eb0e47961eb5881b8","isMergeCommit":true,"messageTitle":"Merge pull request #2 from AY2425S2-CS2103T-F10-2/master","messageBody":"Update AboutUs page (Megan)","fileTypesAndContributionMap":{}},{"hash":"cbe8d1b6a17562d8f82aa7287c4322206ae7b832","isMergeCommit":true,"messageTitle":"Merge pull request #16 from meglwhy/master","messageBody":"#Closes 11","fileTypesAndContributionMap":{}}]}],"malihahaque":[{"date":"2025-02-21","commitResults":[{"hash":"22d023c47a8517c4ad4940003a6b16dc8d067cd3","isMergeCommit":false,"messageTitle":"Update AboutUs page","messageBody":"","fileTypesAndContributionMap":{"docs":{"insertions":4,"deletions":4}}},{"hash":"25ec89da5356a3479643eb3fe4d74d48952d19fd","isMergeCommit":true,"messageTitle":"Merge pull request #15 from malihahaque/master","messageBody":"Update AboutUs page (Maliha)","fileTypesAndContributionMap":{}}]},{"date":"2025-03-05","commitResults":[{"hash":"ff0afe04567796d1fb5ed110db4202fb6e16bc0f","isMergeCommit":false,"messageTitle":"Add changes for RemarkCommand and update related files","messageBody":"","fileTypesAndContributionMap":{"functional-code":{"insertions":196,"deletions":11},"test-code":{"insertions":23,"deletions":12}}},{"hash":"089accf68a4ff46d0d517231b5a22e568fa9b142","isMergeCommit":true,"messageTitle":"Merge pull request #39 from malihahaque/tutorial-adding-command","messageBody":"Add changes for RemarkCommand and update related files","fileTypesAndContributionMap":{}},{"hash":"5f0dac2dfa61ab694486900971f5ecec3b2fa909","isMergeCommit":false,"messageTitle":"Revert \"Add changes for RemarkCommand and update related files\"","messageBody":"","fileTypesAndContributionMap":{"functional-code":{"insertions":11,"deletions":196},"test-code":{"insertions":12,"deletions":23}}},{"hash":"7037f6856a56fdb89685e6a1dc6fbcad00adc7da","isMergeCommit":true,"messageTitle":"Merge pull request #40 from AY2425S2-CS2103T-F10-2/revert-39-tutorial-adding-command","messageBody":"Revert \"Add changes for RemarkCommand and update related files\"","fileTypesAndContributionMap":{}}]}],"MrAsparag00se":[{"date":"2025-02-21","commitResults":[{"hash":"e631d0d30ce7c566042528981e0774f55e5bda7a","isMergeCommit":false,"messageTitle":"Update AboutUs (Gabriel)","messageBody":"","fileTypesAndContributionMap":{"docs":{"insertions":5,"deletions":5}}},{"hash":"0aa6fda2d46cf4a0acecd380963b56c7c1d599cf","isMergeCommit":true,"messageTitle":"Merge pull request #13 from MrAsparag00se/master","messageBody":"Update AboutUs (Gabriel)","fileTypesAndContributionMap":{}}]},{"date":"2025-02-22","commitResults":[{"hash":"043f2ce1218a63a93d62d773c226ae383c62bbce","isMergeCommit":false,"messageTitle":"Update README.md","messageBody":"Missing:\n- Updated CI status, cannot find Gradle badge\n- Updated Ui.png\n- Updated product website\n","fileTypesAndContributionMap":{"docs":{"insertions":10,"deletions":7}}},{"hash":"5714bddc0bc7977c07071c978ea24e5df0fca670","isMergeCommit":false,"messageTitle":"Tutorial 2- Add a new Remark command","messageBody":"","fileTypesAndContributionMap":{"functional-code":{"insertions":199,"deletions":12},"test-code":{"insertions":254,"deletions":14}}}]},{"date":"2025-02-23","commitResults":[{"hash":"d34926b1bd1ce48643ed9090de5f08a07ce022ad","isMergeCommit":true,"messageTitle":"Merge pull request #35 from MrAsparag00se/Update-NFR","messageBody":"Update NFR","fileTypesAndContributionMap":{}},{"hash":"beee45eb6690dd533d906adbe5237f0ec6b6b070","isMergeCommit":false,"messageTitle":"Revert \"Tutorial adding command\"","messageBody":"","fileTypesAndContributionMap":{"functional-code":{"insertions":12,"deletions":199},"docs":{"insertions":7,"deletions":10},"test-code":{"insertions":14,"deletions":254}}},{"hash":"d3d361d77a0e6ed1c8dca5407be85694aa2ca5c3","isMergeCommit":true,"messageTitle":"Merge pull request #36 from AY2425S2-CS2103T-F10-2/revert-30-tutorial-adding-command","messageBody":"Revert \"Tutorial adding command\"","fileTypesAndContributionMap":{}}]},{"date":"2025-03-07","commitResults":[{"hash":"dc52611da1266af1e678f5df99cc3f4c1189f78f","isMergeCommit":true,"messageTitle":"Merge pull request #34 from jingchun19/v1.1-branch","messageBody":"v1.1 Added Household and Sessions, Removed People Model","fileTypesAndContributionMap":{}}]}]},"authorFileTypeContributionMap":{"jingchun19":{"docs":5,"functional-code":3253,"test-code":0},"meglwhy":{"docs":3,"functional-code":0,"test-code":0},"malihahaque":{"docs":4,"functional-code":0,"test-code":0},"MrAsparag00se":{"docs":4,"functional-code":0,"test-code":0}},"authorContributionVariance":{"jingchun19":574145.9,"meglwhy":3.9822206,"malihahaque":14545.495,"MrAsparag00se":28346.568},"authorDisplayNameMap":{"jingchun19":"CS2103T-F10-2 ONG ..CHUN","meglwhy":"CS2103T-F10-2 LOW .. YEN","malihahaque":"CS2103T-F10-2 HAQU..LIHA","MrAsparag00se":"CS2103T-F10-2 GABR.. WEI"}}
