{"authorDailyContributionsMap":{"nicholasohjj":[{"date":"2025-02-23","commitResults":[{"hash":"f568ecd898ccad75df7ff08e51eab374989c171d","isMergeCommit":false,"messageTitle":"Modify AboutUs.md to add nicholas\u0027 info","messageBody":"","fileTypesAndContributionMap":{"docs":{"insertions":7,"deletions":6}}}]},{"date":"2025-02-24","commitResults":[{"hash":"0eb9b76ba8d1758d301e30e67609829eaac57f6b","isMergeCommit":false,"messageTitle":"Add use cases to DG","messageBody":"","fileTypesAndContributionMap":{"docs":{"insertions":197,"deletions":14}}}]},{"date":"2025-03-01","commitResults":[{"hash":"9c951e6332a0cd2d67edc4ec26007ddb39e5a0c0","isMergeCommit":true,"messageTitle":"Merge pull request #49 from nicholasohjj/dg-use-cases","messageBody":"Add use cases to DG\n","fileTypesAndContributionMap":{}},{"hash":"87331926818f124a9214f5552872127337a7d6ab","isMergeCommit":true,"messageTitle":"Merge pull request #53 from Charlesl12/branch-add-photo","messageBody":"Add photo of Charles\n","fileTypesAndContributionMap":{}},{"hash":"0ae66b910d34432938fba3416ba9da2d7e35cc53","isMergeCommit":true,"messageTitle":"Merge pull request #50 from GZTan23/add-photo","messageBody":"Add Guan Zhong\u0027s photo\n","fileTypesAndContributionMap":{}},{"hash":"2c6bfe5e89ca9f2322d605aca510edfefbe45325","isMergeCommit":true,"messageTitle":"Merge pull request #41 from nicholasohjj/add-about-us","messageBody":"Modify AboutUs.md to add nicholas\u0027 info\n","fileTypesAndContributionMap":{}},{"hash":"05bb916bd435063e1f28d0e7d852398625f969a4","isMergeCommit":true,"messageTitle":"Merge pull request #52 from GZTan23/update-aboutus","messageBody":"Update AboutUs.md with Guan Zhong\u0027s details\n","fileTypesAndContributionMap":{}},{"hash":"fe88a84aeaa49acae34e3aa2367cd39ad4c293d6","isMergeCommit":true,"messageTitle":"Merge pull request #55 from Charlesl12/branch-update-aboutuspage","messageBody":"Update AboutUs.md with Charles\u0027 details\n","fileTypesAndContributionMap":{}},{"hash":"ec9c62c2d3bb533280c3666400ed470d1f85b3a9","isMergeCommit":true,"messageTitle":"Merge pull request #59 from andong0909/andong-update-aboutus","messageBody":"Update andong\u0027s info in AboutUs.md\n","fileTypesAndContributionMap":{}},{"hash":"01b737ce127e9c72f614e38b9de36098188e0bc5","isMergeCommit":false,"messageTitle":"Remove Jean Doe from aboutus","messageBody":"","fileTypesAndContributionMap":{"docs":{"insertions":0,"deletions":10}}},{"hash":"4180a098cefa8ba14a89f8bf318094c9e3eb6d2b","isMergeCommit":true,"messageTitle":"Merge pull request #64 from nicholasohjj/add-about-us","messageBody":"Remove Jean Doe from aboutus\n","fileTypesAndContributionMap":{}}]},{"date":"2025-03-06","commitResults":[{"hash":"86e008a0d6faadfb794414ada887467fd28e0a81","isMergeCommit":false,"messageTitle":"Modify markdown of use cases in dg","messageBody":"","fileTypesAndContributionMap":{"docs":{"insertions":7,"deletions":7}}},{"hash":"607049c959b420e63fcc598fe22ad59c773f0645","isMergeCommit":true,"messageTitle":"Update NFRs in DG (#69)","messageBody":"Fixes #45\n","fileTypesAndContributionMap":{}},{"hash":"9fd160a8569a5a0a0bd7409f2ddf6bbe52c45220","isMergeCommit":true,"messageTitle":"Update site-wide settings (#72)","messageBody":"Fixes #43\n","fileTypesAndContributionMap":{}},{"hash":"8d57ace6acbc368bda083711b522fdf473c67e69","isMergeCommit":true,"messageTitle":"Modify markdown of use cases in dg (#68)","messageBody":"Fixes #67\n","fileTypesAndContributionMap":{}},{"hash":"ff8239013c91a744ea705c5c454a1dde3f0e0013","isMergeCommit":true,"messageTitle":"Update README (#71)","messageBody":"Updated README with TutorTrack\u0027s information.\n","fileTypesAndContributionMap":{}}]},{"date":"2025-03-07","commitResults":[{"hash":"d0e432d497737674c9b9c796920144582bffc80c","isMergeCommit":false,"messageTitle":"Replace all instances of \u0027Person\u0027 with \u0027Student\u0027","messageBody":"","fileTypesAndContributionMap":{"functional-code":{"insertions":463,"deletions":463},"other":{"insertions":106,"deletions":106},"docs":{"insertions":75,"deletions":75},"test-code":{"insertions":790,"deletions":790}}},{"hash":"7ab52f0bae5289f8cc9277af4dd293872604fdb2","isMergeCommit":false,"messageTitle":"Modify to pass style checks","messageBody":"","fileTypesAndContributionMap":{"functional-code":{"insertions":19,"deletions":14},"other":{"insertions":0,"deletions":0},"test-code":{"insertions":13,"deletions":8}}},{"hash":"c3887fb3c1f228a169f477ffae65ca99c1ca7cbc","isMergeCommit":false,"messageTitle":"Modify to pass test cases","messageBody":"","fileTypesAndContributionMap":{"other":{"insertions":0,"deletions":0}}},{"hash":"fa7c1956d5be60ebe27f7bde293d42ccc74e948d","isMergeCommit":true,"messageTitle":"Update product scope in DeveloperGuide.md (#77)","messageBody":"Fixes #76\n","fileTypesAndContributionMap":{}}]},{"date":"2025-03-11","commitResults":[{"hash":"691eabc7693423fd0b0503980f6bd8a51cc4c89b","isMergeCommit":false,"messageTitle":"Resolve changes suggested, edit DG","messageBody":"","fileTypesAndContributionMap":{"docs":{"insertions":26,"deletions":26}}},{"hash":"58e30ced57b4e3e3333261e2c1de7befe8bd6f60","isMergeCommit":true,"messageTitle":"Replace all instances of \u0027Person\u0027 with \u0027Student\u0027 (#74)","messageBody":"Closes #73\n","fileTypesAndContributionMap":{}}]},{"date":"2025-03-12","commitResults":[{"hash":"88ee4cb4d67dd652c5fd874496857e0f937b5d46","isMergeCommit":false,"messageTitle":"Edit UG","messageBody":"","fileTypesAndContributionMap":{"docs":{"insertions":50,"deletions":35}}},{"hash":"db3e0cf33a6c6459a1c336596c7b92facb01ce7c","isMergeCommit":true,"messageTitle":"Branch add student (#78)","messageBody":"Implement adding student with some changes:\n\nNew classes:\nAddStudentCommand, AddStudentCommandParser, Subject\n\nNotable changes: Student information only holds name, phone, email and\nsubject, with address and tags removed\n","fileTypesAndContributionMap":{}},{"hash":"ff9cfc613a9d0e653abdcaa7b1d322698873b4d7","isMergeCommit":true,"messageTitle":"Merge branch \u0027master\u0027 into edit-ug","messageBody":"","fileTypesAndContributionMap":{}},{"hash":"0de2c908bc5b606b29dcb2a38bac422dbc52fad1","isMergeCommit":true,"messageTitle":"Merge branch \u0027master\u0027 into branch-delete-command","messageBody":"","fileTypesAndContributionMap":{}},{"hash":"766debc63adb7b8d82a981249709fc673b10218e","isMergeCommit":true,"messageTitle":"Merge branch \u0027master\u0027 into edit-ug","messageBody":"","fileTypesAndContributionMap":{}}]},{"date":"2025-03-14","commitResults":[{"hash":"8ea0a6e813f64ec9a52f41bb37c4f372c2c9c991","isMergeCommit":true,"messageTitle":"Edit UG (#80)","messageBody":"Resolves #79\n","fileTypesAndContributionMap":{}},{"hash":"91400323f748157079774f0712aab3d1256ba8c8","isMergeCommit":true,"messageTitle":"Merge branch \u0027master\u0027 into add-assignment","messageBody":"","fileTypesAndContributionMap":{}},{"hash":"8837ea0809d05b3b8c2f4710b9d0822b48e02204","isMergeCommit":false,"messageTitle":"Add list_students command","messageBody":"","fileTypesAndContributionMap":{"functional-code":{"insertions":27,"deletions":3},"other":{"insertions":4,"deletions":4},"test-code":{"insertions":6,"deletions":6}}},{"hash":"eba45a4a38f083292db61c8ab45a20d5d62d80ca","isMergeCommit":false,"messageTitle":"Edit DG to add additional appendix section","messageBody":"","fileTypesAndContributionMap":{"docs":{"insertions":49,"deletions":2}}},{"hash":"408e97711416dea420ffe5f6f762a9f8612f7a84","isMergeCommit":false,"messageTitle":"Edit DG to pass style checks","messageBody":"","fileTypesAndContributionMap":{"docs":{"insertions":3,"deletions":3}}},{"hash":"146db5398ce46e917e1a7150492c1fa0754b4e73","isMergeCommit":false,"messageTitle":"Edit UG to cover updated commands and information","messageBody":"","fileTypesAndContributionMap":{"docs":{"insertions":16,"deletions":20}}},{"hash":"0df6d4cbc077c75e8dc2115447cf8270ed7cc078","isMergeCommit":false,"messageTitle":"Edit index page to use TutorTrack","messageBody":"","fileTypesAndContributionMap":{"docs":{"insertions":4,"deletions":4}}}]},{"date":"2025-03-15","commitResults":[{"hash":"260ee6bba57e4711573ed7dfba2966cacf758846","isMergeCommit":true,"messageTitle":"Merge branch \u0027master\u0027 into edit-index","messageBody":"","fileTypesAndContributionMap":{}},{"hash":"3690f2783060ada70c41eb101fe56de6693cae1c","isMergeCommit":true,"messageTitle":"Merge branch \u0027master\u0027 into edit-ug","messageBody":"","fileTypesAndContributionMap":{}},{"hash":"b540e3b1757db5b314150c17a84e20e5091c4405","isMergeCommit":true,"messageTitle":"Merge branch \u0027master\u0027 into edit-dg","messageBody":"","fileTypesAndContributionMap":{}}]},{"date":"2025-03-17","commitResults":[{"hash":"1df78e8ab36e45f5b184a8f6fe463518155ea7d2","isMergeCommit":true,"messageTitle":"Minor change in error handling when adding student (#103)","messageBody":"Most error handling already exists in the original code. I only change\nthe constraint of phone number to strictly 8 digits and modified some\nerror messages.\n","fileTypesAndContributionMap":{}},{"hash":"1f89ad8a4353202bc06e373db9f1f5337cdb62ba","isMergeCommit":true,"messageTitle":"Merge branch \u0027master\u0027 into edit-dg","messageBody":"","fileTypesAndContributionMap":{}},{"hash":"b5b1bbe1d1d8a4a7cb61625ebe98d4a98d9fe16f","isMergeCommit":true,"messageTitle":"Merge branch \u0027master\u0027 into edit-index","messageBody":"","fileTypesAndContributionMap":{}},{"hash":"efd6695bccb8539e74076d99a90fec0ada73b455","isMergeCommit":true,"messageTitle":"Merge branch \u0027master\u0027 into edit-ug","messageBody":"","fileTypesAndContributionMap":{}},{"hash":"d5395e9d6432d9a9307a4d97d00742b50422500a","isMergeCommit":true,"messageTitle":"Edit index page to use TutorTrack (#99)","messageBody":"Resolves #98\n","fileTypesAndContributionMap":{}},{"hash":"18359bf4eb12730152644784c4c50a89cba94813","isMergeCommit":true,"messageTitle":"Edit UG to cover updated commands and information (#96)","messageBody":"Resolves #97\n","fileTypesAndContributionMap":{}},{"hash":"e58bcedae97b22563b84d6303e085ef7dfcbac89","isMergeCommit":true,"messageTitle":"Edit DG to add additional appendix section (#95)","messageBody":"Resolves #94\n","fileTypesAndContributionMap":{}}]},{"date":"2025-03-18","commitResults":[{"hash":"fa665b7b1d3dff42a6369e72314d4dab0c646ecf","isMergeCommit":false,"messageTitle":"Modify UG to use updated commands","messageBody":"","fileTypesAndContributionMap":{"docs":{"insertions":61,"deletions":38}}},{"hash":"2994e657a4ee7ee953213f448f55d036c3a3831e","isMergeCommit":true,"messageTitle":"Add test codes for DeleteStudentCommand and DeleteStudentCommandParser (#108)","messageBody":"Fixes #107\n\nAdded DeleteStudentCommandTest and DeleteStudentCommandParserTest\nclasses.\n\nAdded additional testcases on top of the testcases from the delete\ncommand previously.\n","fileTypesAndContributionMap":{}},{"hash":"f4a4d03619d2003004c8231963d513b143e1cdb5","isMergeCommit":false,"messageTitle":"Modify DG to use updated commands","messageBody":"","fileTypesAndContributionMap":{"docs":{"insertions":15,"deletions":15}}},{"hash":"96304bb0d5ce2aa8bc7440d23a70862f6e802583","isMergeCommit":true,"messageTitle":"Merge branch \u0027master\u0027 into edit-dg","messageBody":"","fileTypesAndContributionMap":{}}]},{"date":"2025-03-19","commitResults":[{"hash":"428f05d0144e92a7004d02c6beb9c4646c31616b","isMergeCommit":true,"messageTitle":"Add tests for AddStudentCommand and Subject (#111)","messageBody":"Added test cases for the new classes created for add_student command.\n","fileTypesAndContributionMap":{}},{"hash":"4ed56212ab52dcd115697aaa984a86367d52c45b","isMergeCommit":true,"messageTitle":"Feature list_lessons (#115)","messageBody":"Resolves #114\nAdd feature as per feature specifications but with some modifications\nand extensions.\n\n* For `list_lessons`, if no keywords are given, displays entire lesson\nlist\n* No error handling for when lesson is not found, simply displays `0\nlessons listed`\n","fileTypesAndContributionMap":{}},{"hash":"08a5edd63a9daf0b8d13d7e97e835386d4cd51cd","isMergeCommit":true,"messageTitle":"Modify UG to use updated commands (#104)","messageBody":"Resolves https://github.com/AY2425S2-CS2103T-T13-4/tp/issues/105\n","fileTypesAndContributionMap":{}}]},{"date":"2025-03-20","commitResults":[{"hash":"40505127725e73237c9aae31dadbcdeaa9bd0d1b","isMergeCommit":true,"messageTitle":"Add due date for assignment (#117)","messageBody":"Fixes #116\n","fileTypesAndContributionMap":{}},{"hash":"340278e5148c3436d090c19cb06c36839a3f106c","isMergeCommit":true,"messageTitle":"Edit UG (#125)","messageBody":"Fixes #119\n","fileTypesAndContributionMap":{}},{"hash":"877371abc3978478e9b28be6972972b6da78d887","isMergeCommit":true,"messageTitle":"Add mark unmark command for assignment (#126)","messageBody":"Fixes #124\n","fileTypesAndContributionMap":{}},{"hash":"08df67e298f6900715171e2bbc66eb12c04b4084","isMergeCommit":false,"messageTitle":"Add mark and unmark commands to UG","messageBody":"","fileTypesAndContributionMap":{"docs":{"insertions":33,"deletions":2}}},{"hash":"176ff129b240abc0aa669891384b07cef6849649","isMergeCommit":false,"messageTitle":"Replace address book with tutortrack in dg","messageBody":"","fileTypesAndContributionMap":{"docs":{"insertions":16,"deletions":16}}},{"hash":"17dd22aaa8fe4ab6c07b7bd6af07b25c3c5eef59","isMergeCommit":true,"messageTitle":"Edit UserGuide.md (#129)","messageBody":"Fixes #118\n","fileTypesAndContributionMap":{}}]},{"date":"2025-03-22","commitResults":[{"hash":"d602328d417ba93d52de5558a682cf4c669257cd","isMergeCommit":false,"messageTitle":"Rename tag to subject. subject to use tag logic instead","messageBody":"","fileTypesAndContributionMap":{"functional-code":{"insertions":352,"deletions":346},"test-code":{"insertions":204,"deletions":217}}},{"hash":"4a4f884b40681e6309079d1e12507195805a0d7a","isMergeCommit":false,"messageTitle":"Remove tag class","messageBody":"","fileTypesAndContributionMap":{"functional-code":{"insertions":49,"deletions":111},"test-code":{"insertions":1,"deletions":1}}},{"hash":"bcf3b75def89bb75dc7303bfb2639daf65d1b354","isMergeCommit":false,"messageTitle":"Modify UI","messageBody":"","fileTypesAndContributionMap":{"functional-code":{"insertions":50,"deletions":35}}},{"hash":"bcf83f00601f53cc9e9700ba62840f5b1a61f240","isMergeCommit":false,"messageTitle":"Fix trailing whitespace in Extensions.css","messageBody":"","fileTypesAndContributionMap":{"functional-code":{"insertions":1,"deletions":1}}}]},{"date":"2025-03-23","commitResults":[{"hash":"5125b1647aec39c8eecd852607d6b18b2de28140","isMergeCommit":true,"messageTitle":"Rename classes (#131)","messageBody":"Resolves #130\n","fileTypesAndContributionMap":{}},{"hash":"c2fe0484e93d126ff277f2b24580f37f76c373f4","isMergeCommit":false,"messageTitle":"Modify UG for CS2101","messageBody":"","fileTypesAndContributionMap":{"docs":{"insertions":6,"deletions":6}}}]},{"date":"2025-03-25","commitResults":[{"hash":"2b1199a848b1a8ae20806a086b355d85895f7a4f","isMergeCommit":true,"messageTitle":"Feature editlesson (#147)","messageBody":"Fixes #137\n","fileTypesAndContributionMap":{}},{"hash":"4dae860934b89da48cb7bdd897445b6aeaabffbb","isMergeCommit":true,"messageTitle":"Update edit student and delete assignment sections (#146)","messageBody":"Added edit student and delete assignment sections in the user guide.\nCorrected minor mistakes in add student guide.\n","fileTypesAndContributionMap":{}}]},{"date":"2025-03-26","commitResults":[{"hash":"5cdd6db1cfedbcaecb9fcc475476c86d75c28c8c","isMergeCommit":false,"messageTitle":"Add cascade delete lesson when deleting student","messageBody":"","fileTypesAndContributionMap":{"functional-code":{"insertions":27,"deletions":11},"test-code":{"insertions":4,"deletions":4}}},{"hash":"43d55ee6dc1fc231a486657325b9309397060bd5","isMergeCommit":false,"messageTitle":"Add test cases to cover cascade delete","messageBody":"","fileTypesAndContributionMap":{"test-code":{"insertions":75,"deletions":0}}}]},{"date":"2025-03-27","commitResults":[{"hash":"f43298cb9b52801a5ce0a88de5da6dc7a9ffd190","isMergeCommit":false,"messageTitle":"Remove unused commands and edit findcommand","messageBody":"","fileTypesAndContributionMap":{"functional-code":{"insertions":8,"deletions":268},"other":{"insertions":28,"deletions":28},"docs":{"insertions":2,"deletions":2},"test-code":{"insertions":19,"deletions":417}}},{"hash":"36bf6a4bf4fbb3bc51a6cece74ad1d3d2d0d10a0","isMergeCommit":false,"messageTitle":"Edit UG to add findstudent command","messageBody":"","fileTypesAndContributionMap":{"docs":{"insertions":20,"deletions":0}}},{"hash":"a63e0284b4cbbf6ef39f8911f0c740ff829ba3a3","isMergeCommit":true,"messageTitle":"Resolve merge conflicts","messageBody":"","fileTypesAndContributionMap":{}},{"hash":"a621ed4b468f4acc666f9b11a31ec23ee07794c3","isMergeCommit":false,"messageTitle":"Rename findcommand to findstudentcommand","messageBody":"","fileTypesAndContributionMap":{"functional-code":{"insertions":3,"deletions":3},"other":{"insertions":4,"deletions":4},"docs":{"insertions":1,"deletions":1},"test-code":{"insertions":8,"deletions":8}}},{"hash":"89c1afe7219a934e7db41119cab87129eea7de47","isMergeCommit":false,"messageTitle":"Replace deletecommand in UML diagram to deletestudentcommand","messageBody":"","fileTypesAndContributionMap":{"docs":{"insertions":26,"deletions":26},"test-code":{"insertions":3,"deletions":3}}},{"hash":"032cb468465be2567eb42834d7648c1a5be1e577","isMergeCommit":false,"messageTitle":"Edit DG with updated commands","messageBody":"","fileTypesAndContributionMap":{"functional-code":{"insertions":3,"deletions":3},"docs":{"insertions":3,"deletions":3},"test-code":{"insertions":3,"deletions":7}}},{"hash":"251979e94cb7e5e84718c59659eab3097034ea29","isMergeCommit":false,"messageTitle":"Add logging to commands","messageBody":"","fileTypesAndContributionMap":{"functional-code":{"insertions":14,"deletions":0}}},{"hash":"7f79e235cb6b390da589947ec54167d03162c4a7","isMergeCommit":false,"messageTitle":"Edit DG and UML diagrams","messageBody":"","fileTypesAndContributionMap":{"docs":{"insertions":174,"deletions":59}}},{"hash":"9d6db22636601759025a8357fe8957304cee666f","isMergeCommit":false,"messageTitle":"Fix whitespaces in UG","messageBody":"","fileTypesAndContributionMap":{"docs":{"insertions":4,"deletions":6}}},{"hash":"afd1c73d4d0c8c5d26b7111b1b76823c6e870389","isMergeCommit":true,"messageTitle":"Merge master to branch","messageBody":"","fileTypesAndContributionMap":{}},{"hash":"58295ebd86f476081addbfece0581f4a2a191a7b","isMergeCommit":true,"messageTitle":"Cascade delete of lessons associated with deleted student (#158)","messageBody":"Resolves #134\n","fileTypesAndContributionMap":{}},{"hash":"5dd4aae3d2414b484b182eac60c1a41ed7451c01","isMergeCommit":true,"messageTitle":"Andong add edit assignment command (#161)","messageBody":"Fixes #132\n","tags":["v1.4"],"fileTypesAndContributionMap":{}}]}],"Charlesl12":[{"date":"2025-03-01","commitResults":[{"hash":"bc9bf777bb44c03a627bf813a39ed3c1fa3f3111","isMergeCommit":false,"messageTitle":"Modify AboutUs.md with Charles\u0027 details","messageBody":"","fileTypesAndContributionMap":{"docs":{"insertions":6,"deletions":6}}},{"hash":"e4195167ccb24a6e40af34cbed80ca94a5518626","isMergeCommit":false,"messageTitle":"Update AboutUs.md with Charles\u0027 details","messageBody":"","fileTypesAndContributionMap":{"docs":{"insertions":1,"deletions":1}}},{"hash":"fc15520e05f7e35ef04ab8158b2bc7213e108561","isMergeCommit":true,"messageTitle":"Resolve conflicts","messageBody":"","fileTypesAndContributionMap":{}},{"hash":"fff23e0649d89ce8eeb8788409c7f5548c31226a","isMergeCommit":true,"messageTitle":"Merge pull request #61 from jiangsuwangjing/branch-update-aboutus","messageBody":"Update about us for zimeng\n","fileTypesAndContributionMap":{}}]},{"date":"2025-03-06","commitResults":[{"hash":"dd0f62b2c152a9439ce3c9b2510a64508a5e83a9","isMergeCommit":false,"messageTitle":"Update site-wide settings","messageBody":"","fileTypesAndContributionMap":{"other":{"insertions":1,"deletions":1}}}]},{"date":"2025-03-12","commitResults":[{"hash":"a2cebbdcdabab3e7af2678fd6918cc049343b3c3","isMergeCommit":false,"messageTitle":"Implement DeleteStudentCommand.java and DeleteStudentCommandParser.java","messageBody":"","fileTypesAndContributionMap":{"functional-code":{"insertions":102,"deletions":0}}}]},{"date":"2025-03-17","commitResults":[{"hash":"edeb3198662809989ee5dc1608b2cff73f90e804","isMergeCommit":false,"messageTitle":"Add JUnit tests for DeleteStudentCommand and DeleteStudentCommandParser","messageBody":"","fileTypesAndContributionMap":{"test-code":{"insertions":174,"deletions":0}}},{"hash":"61505b19a6cd69a78af226a25a9cdf3d1b252443","isMergeCommit":true,"messageTitle":"Merge branch \u0027master\u0027 into branch-delete-command","messageBody":"","fileTypesAndContributionMap":{}},{"hash":"c7178bd022b7d392d3bbde7c731ae8855616a8db","isMergeCommit":false,"messageTitle":"Update error handling messages for DeleteStudentCommand","messageBody":"","fileTypesAndContributionMap":{"functional-code":{"insertions":5,"deletions":3}}}]},{"date":"2025-03-18","commitResults":[{"hash":"9be827d7b804f55391ac46912d7a795d21bf0cd5","isMergeCommit":false,"messageTitle":"Adhere to checkstyle","messageBody":"","fileTypesAndContributionMap":{"functional-code":{"insertions":2,"deletions":1}}},{"hash":"04d67e7d8de8d4a3f89ef2e258314266f11d0c83","isMergeCommit":true,"messageTitle":"Add date and time functionality (#113)","messageBody":"Resolves #112\n","fileTypesAndContributionMap":{}},{"hash":"a5b9af36e0cee149f7d9346c4ec1bfe100525caa","isMergeCommit":false,"messageTitle":"Update error message for DeleteStudentCommand","messageBody":"","fileTypesAndContributionMap":{"functional-code":{"insertions":1,"deletions":4}}}]},{"date":"2025-03-20","commitResults":[{"hash":"7857b4903cc366cc424f8a9ce96c6f4590e7b702","isMergeCommit":false,"messageTitle":"Update user guide","messageBody":"","fileTypesAndContributionMap":{"docs":{"insertions":20,"deletions":18}}},{"hash":"133b2383adc3ad8b6de496065bbcc995649239b0","isMergeCommit":false,"messageTitle":"Update HelpWindow website link","messageBody":"","fileTypesAndContributionMap":{"functional-code":{"insertions":1,"deletions":1}}},{"hash":"cb827ee23bf7e93984f7f1b80df16a3a6f41a600","isMergeCommit":false,"messageTitle":"Adhere to checkstyle","messageBody":"","fileTypesAndContributionMap":{"docs":{"insertions":4,"deletions":4}}},{"hash":"164497fe5aa57f58682b64a22445f7f7321d936e","isMergeCommit":true,"messageTitle":"Add mark and unmark commands to UG (#127)","messageBody":"","fileTypesAndContributionMap":{}}]},{"date":"2025-03-25","commitResults":[{"hash":"d2809133e99b164f9a92ef30a42c77cb3be54fac","isMergeCommit":true,"messageTitle":"Implement edit student command (#144)","messageBody":"Editing subject is removed from edit_student command.\n","fileTypesAndContributionMap":{}},{"hash":"ba6ca9d8ab91eb0f41eb5ae52f74ba8d1d0f106a","isMergeCommit":true,"messageTitle":"Add edit_lesson to UG (#152)","messageBody":"Closes #151\n\nDid some rearranging so to enhance cohesiveness of the commands being\nlisted.\n","fileTypesAndContributionMap":{}},{"hash":"5c43ba842e35dd627f5b57ab4046bfb25c60491c","isMergeCommit":false,"messageTitle":"Implement DeleteLessonCommand and its parser","messageBody":"","fileTypesAndContributionMap":{"functional-code":{"insertions":123,"deletions":0}}},{"hash":"704f6cfdda343a286a484ac5a5480587a5847006","isMergeCommit":false,"messageTitle":"Add JUnit tests for DeleteLessonCommand and its parser","messageBody":"","fileTypesAndContributionMap":{"test-code":{"insertions":190,"deletions":15}}},{"hash":"fd671ee5ea89bce8ac1fa837491e2d61974087e6","isMergeCommit":false,"messageTitle":"Fix errors and adhere to checkstyle","messageBody":"","fileTypesAndContributionMap":{"test-code":{"insertions":17,"deletions":1}}},{"hash":"47acb39e2cf68acefc2a4fa49dc10b944f375dfb","isMergeCommit":false,"messageTitle":"Update user guide","messageBody":"","fileTypesAndContributionMap":{"docs":{"insertions":21,"deletions":5}}},{"hash":"34a056a15fcdc50faa9eee9a209c08232ff1e3da","isMergeCommit":true,"messageTitle":"Merge branch \u0027master\u0027 into branch-update-UG","messageBody":"# Conflicts:\n# docs/UserGuide.md\n","fileTypesAndContributionMap":{}},{"hash":"d175bf82f9b8bd54b04dd37de9d6910fccf307f6","isMergeCommit":false,"messageTitle":"Resolve conflict in UG","messageBody":"","fileTypesAndContributionMap":{"docs":{"insertions":51,"deletions":17}}},{"hash":"4e22bf04c5c90639245d83a060b3d1e8f29d528c","isMergeCommit":false,"messageTitle":"Update UG","messageBody":"","fileTypesAndContributionMap":{"docs":{"insertions":0,"deletions":16}}}]},{"date":"2025-03-26","commitResults":[{"hash":"f86d3d9a95585b9a7569e2d6322302e48146a872","isMergeCommit":false,"messageTitle":"Amend edit lesson format and examples in UG","messageBody":"","fileTypesAndContributionMap":{"docs":{"insertions":3,"deletions":3}}}]}],"jiangsuwangjing":[{"date":"2025-03-01","commitResults":[{"hash":"af9027f6bf5120298a9b49e7c8a020d0c14987ea","isMergeCommit":false,"messageTitle":"Update about us for zimeng","messageBody":"","fileTypesAndContributionMap":{"docs":{"insertions":4,"deletions":4}}},{"hash":"ca348ce89ffde98e8c4074faea930a8bfd361c68","isMergeCommit":true,"messageTitle":"Merge branch \u0027master\u0027 into branch-update-aboutus","messageBody":"","fileTypesAndContributionMap":{}},{"hash":"ddfd036f0d09f27b14ca50071b43372b320b346f","isMergeCommit":true,"messageTitle":"Merge branch \u0027master\u0027 into branch-update-aboutus","messageBody":"","fileTypesAndContributionMap":{}}]},{"date":"2025-03-06","commitResults":[{"hash":"094ab3ab6633a921452cf987b8e2363af2bef69e","isMergeCommit":false,"messageTitle":"Update readme","messageBody":"","fileTypesAndContributionMap":{"docs":{"insertions":11,"deletions":8}}},{"hash":"5224fd5139a7b9b3aaf588b8c1cfd05693eaccfc","isMergeCommit":false,"messageTitle":"Update ci status link","messageBody":"","fileTypesAndContributionMap":{"docs":{"insertions":1,"deletions":1}}},{"hash":"03acd6d52a0425a896c4a1623175411cfcc19341","isMergeCommit":true,"messageTitle":"Add user stories and glossary to DeveloperGuide.md (#70)","messageBody":"Fixes #44\n","fileTypesAndContributionMap":{}}]},{"date":"2025-03-12","commitResults":[{"hash":"cec8412c378ce267ec563583064c724b87a24519","isMergeCommit":false,"messageTitle":"Implement Add Student","messageBody":"","fileTypesAndContributionMap":{"functional-code":{"insertions":216,"deletions":23},"test-code":{"insertions":11,"deletions":1}}},{"hash":"e5f645c9db3d7a28eaaaaadeea4acf8445ed9c53","isMergeCommit":false,"messageTitle":"Implement add student","messageBody":"","fileTypesAndContributionMap":{"functional-code":{"insertions":216,"deletions":23},"test-code":{"insertions":11,"deletions":1}}},{"hash":"882d8112a2e99e9d39df51262bf39f7aa2ecc877","isMergeCommit":false,"messageTitle":"Fix style","messageBody":"","fileTypesAndContributionMap":{"functional-code":{"insertions":28,"deletions":51}}},{"hash":"73100d870c09c06c2bf040fa8852d14d81fa2324","isMergeCommit":false,"messageTitle":"Update testcases","messageBody":"","fileTypesAndContributionMap":{"test-code":{"insertions":52,"deletions":30}}},{"hash":"18b7c761452d3d9101eb849dcef6aedf76fc09e8","isMergeCommit":false,"messageTitle":"Fix style for testcases","messageBody":"","fileTypesAndContributionMap":{"test-code":{"insertions":28,"deletions":32}}},{"hash":"1c9c3de7e24ea28ccae03e164d5f6f1a6d40a9ef","isMergeCommit":false,"messageTitle":"Fix tests to pass for logic manager","messageBody":"","fileTypesAndContributionMap":{"test-code":{"insertions":14,"deletions":6}}},{"hash":"29c206821be94e0663d6ec2d9032b2ca650f6c4f","isMergeCommit":false,"messageTitle":"Update add student command parser test","messageBody":"","fileTypesAndContributionMap":{"functional-code":{"insertions":42,"deletions":5},"test-code":{"insertions":205,"deletions":201}}},{"hash":"d1d405f622f926d8d76ef7359bb8e63b510ab678","isMergeCommit":false,"messageTitle":"Update addressbook testcases","messageBody":"","fileTypesAndContributionMap":{"test-code":{"insertions":95,"deletions":99}}},{"hash":"7cee499250d861d263e474d0e5c80f7e9650651b","isMergeCommit":false,"messageTitle":"Fix style","messageBody":"","fileTypesAndContributionMap":{"test-code":{"insertions":10,"deletions":37}}},{"hash":"590adb7d4c6cfce544eaec8148f40d036413b512","isMergeCommit":false,"messageTitle":"Fix style","messageBody":"","fileTypesAndContributionMap":{"test-code":{"insertions":1,"deletions":1}}},{"hash":"768c41cdafa45bccf434c5c697ec980ff443d206","isMergeCommit":false,"messageTitle":"Add new line at end of file","messageBody":"","fileTypesAndContributionMap":{"test-code":{"insertions":1,"deletions":1}}},{"hash":"9dbf438903330b5c7a3392b15c742cf8effe87ec","isMergeCommit":false,"messageTitle":"Fix style","messageBody":"","fileTypesAndContributionMap":{"functional-code":{"insertions":0,"deletions":1}}},{"hash":"ccb5da1af0af08ea8420096e3624e6b7631227b4","isMergeCommit":true,"messageTitle":"Implement delete student command (#81)","messageBody":"Fixes #83\n\nAdd DeleteStudentCommand.java and DeleteStudentCommandParser.java\n","fileTypesAndContributionMap":{}}]},{"date":"2025-03-14","commitResults":[{"hash":"37371dac50916d08df14fe5421d2d17b05815b1f","isMergeCommit":true,"messageTitle":"Add assignment (#87)","messageBody":"Resolve #86\n","fileTypesAndContributionMap":{}}]},{"date":"2025-03-17","commitResults":[{"hash":"fcf18891488012bff5f4e1ec9d76f6e26f9817eb","isMergeCommit":false,"messageTitle":"Correct usage message","messageBody":"","fileTypesAndContributionMap":{"functional-code":{"insertions":5,"deletions":2}}},{"hash":"1cf3cc1434ff16324176555952ab1475bcb83987","isMergeCommit":false,"messageTitle":"Change invalid phone number handling","messageBody":"","fileTypesAndContributionMap":{"functional-code":{"insertions":5,"deletions":6}}},{"hash":"52180fb519ef74c8aa0783220470ff4f017b118a","isMergeCommit":false,"messageTitle":"Shorten email error message","messageBody":"","fileTypesAndContributionMap":{"functional-code":{"insertions":3,"deletions":5}}},{"hash":"d9d13674748ebb537a193f8b81b3753fb7736202","isMergeCommit":false,"messageTitle":"Update test cases for phone number constraint","messageBody":"","fileTypesAndContributionMap":{"test-code":{"insertions":12,"deletions":14}}}]},{"date":"2025-03-18","commitResults":[{"hash":"b54bed7b29e435e2a6940f8681a08009c4340511","isMergeCommit":false,"messageTitle":"Add tests for add student command","messageBody":"","fileTypesAndContributionMap":{"test-code":{"insertions":219,"deletions":0}}},{"hash":"9b08297bbd6375834a9baac542f798e8ae9f1c05","isMergeCommit":true,"messageTitle":"Merge branch \u0027master\u0027 into branch-add-student","messageBody":"","fileTypesAndContributionMap":{}},{"hash":"34d0ba37d44e2b8b9ebd9cf44cbca19c3676c30c","isMergeCommit":false,"messageTitle":"Add tests for subject","messageBody":"","fileTypesAndContributionMap":{"functional-code":{"insertions":5,"deletions":5},"test-code":{"insertions":58,"deletions":0}}},{"hash":"4cba76c517833bae85486407a22f252eb0d2fd30","isMergeCommit":false,"messageTitle":"Fix style","messageBody":"","fileTypesAndContributionMap":{"test-code":{"insertions":18,"deletions":16}}},{"hash":"0c144f66f6626d1b4b186446f3d4d274e4a437e2","isMergeCommit":false,"messageTitle":"Fix style","messageBody":"","fileTypesAndContributionMap":{"functional-code":{"insertions":4,"deletions":4}}}]},{"date":"2025-03-25","commitResults":[{"hash":"5104cf3fa0f4e8be82ea00dd9c2a49620068e323","isMergeCommit":false,"messageTitle":"Add edit student command","messageBody":"","fileTypesAndContributionMap":{"functional-code":{"insertions":350,"deletions":0}}},{"hash":"fdcffdaaf7099cb2465a1ac558910182f34006a8","isMergeCommit":false,"messageTitle":"Implement delete assignment","messageBody":"","fileTypesAndContributionMap":{"functional-code":{"insertions":156,"deletions":0}}},{"hash":"4b3aadb68d3b783de48bec8dab68c869976bbef9","isMergeCommit":false,"messageTitle":"Update edit student and delete assignment sections","messageBody":"","fileTypesAndContributionMap":{"docs":{"insertions":24,"deletions":2}}},{"hash":"d8cf009d4096e1607d18cd467b0eb46d2b212421","isMergeCommit":false,"messageTitle":"Update command summary","messageBody":"","fileTypesAndContributionMap":{"docs":{"insertions":2,"deletions":0}}},{"hash":"7b0407962c9a97dcf6202177467fbe1424a4addb","isMergeCommit":false,"messageTitle":"Fix rendering bug","messageBody":"","fileTypesAndContributionMap":{"functional-code":{"insertions":37,"deletions":6}}},{"hash":"5e0dab461de59560ab7c80506f298c44b2540a0d","isMergeCommit":false,"messageTitle":"Add javadoc","messageBody":"","fileTypesAndContributionMap":{"functional-code":{"insertions":4,"deletions":0}}},{"hash":"e127b27adc80076df3da1f7d102491dc4c64a0a1","isMergeCommit":false,"messageTitle":"Update model stub","messageBody":"","fileTypesAndContributionMap":{"test-code":{"insertions":11,"deletions":0}}}]},{"date":"2025-03-26","commitResults":[{"hash":"e4f3f183968075b4f846d353d1caa2eba514cf97","isMergeCommit":true,"messageTitle":"Update user guide (#157)","messageBody":"Fixes #156\n\nUpdate user guide with delete_lesson command\n","fileTypesAndContributionMap":{}}]},{"date":"2025-03-27","commitResults":[{"hash":"2895bd91db3e7e806572c2e2c5dd8c530e47df31","isMergeCommit":true,"messageTitle":"Merge branch master","messageBody":"","fileTypesAndContributionMap":{}}]}],"andong0909":[{"date":"2025-03-01","commitResults":[{"hash":"eb09f62b7633f4b86b9ada7d5d326e97853e74f1","isMergeCommit":false,"messageTitle":"Update andong\u0027s info in AboutUs.md","messageBody":"","fileTypesAndContributionMap":{"docs":{"insertions":3,"deletions":3}}},{"hash":"e6564ba76a5df1d648549e2d37cedde1fa310d57","isMergeCommit":true,"messageTitle":"Update andong\u0027s info in AboutUs.md","messageBody":"","fileTypesAndContributionMap":{}}]},{"date":"2025-03-06","commitResults":[{"hash":"fc62f7c0b702789865053298307fc0ae460a7b1b","isMergeCommit":false,"messageTitle":"Update NFRs in DG","messageBody":"","fileTypesAndContributionMap":{"docs":{"insertions":7,"deletions":3}}}]},{"date":"2025-03-13","commitResults":[{"hash":"4846db9f86268707db83dd59f8ad518613a8a09e","isMergeCommit":false,"messageTitle":"Create a dummy AddAssignmentCommand","messageBody":"","fileTypesAndContributionMap":{"functional-code":{"insertions":29,"deletions":0},"test-code":{"insertions":26,"deletions":0}}},{"hash":"52e2af2c0e5bbc2c8f1c8a648d6037f500943acb","isMergeCommit":false,"messageTitle":"Parse input for AddAssignmentCommand","messageBody":"","fileTypesAndContributionMap":{"functional-code":{"insertions":67,"deletions":3},"test-code":{"insertions":86,"deletions":2}}},{"hash":"032fdbc98b1b46e98fbc33e7bacc1679b3b9eb2c","isMergeCommit":false,"messageTitle":"Include Remark in the model","messageBody":"","fileTypesAndContributionMap":{"functional-code":{"insertions":44,"deletions":4},"test-code":{"insertions":46,"deletions":10}}},{"hash":"3acd52197aa4efa535227a80d3248c918fcf384a","isMergeCommit":false,"messageTitle":"Add placeholder elements","messageBody":"","fileTypesAndContributionMap":{"functional-code":{"insertions":3,"deletions":0}}},{"hash":"8d1b0cc3cc845358c5188dff0d893df34de4430e","isMergeCommit":false,"messageTitle":"Modify Student to support a set of Assignment","messageBody":"","fileTypesAndContributionMap":{"functional-code":{"insertions":96,"deletions":3},"test-code":{"insertions":2,"deletions":0}}},{"hash":"e1790faca60e1bfaedb0270469c40980c5b8b05d","isMergeCommit":false,"messageTitle":"Link Assignment ui","messageBody":"","fileTypesAndContributionMap":{"functional-code":{"insertions":4,"deletions":3}}},{"hash":"f07c24e2d2b50a64752d7cdcbedbc10ddacad7cb","isMergeCommit":false,"messageTitle":"Display default assignment","messageBody":"","fileTypesAndContributionMap":{"functional-code":{"insertions":68,"deletions":20},"test-code":{"insertions":12,"deletions":2}}},{"hash":"497995edcfd7a90ba775fbbdf8098230dc4bc6f1","isMergeCommit":false,"messageTitle":"Add additional assignments to students","messageBody":"","fileTypesAndContributionMap":{"functional-code":{"insertions":38,"deletions":3}}},{"hash":"eb6581f1e5267a6403f5ed453ea20f4c4ebf6f68","isMergeCommit":false,"messageTitle":"Delete unused lines","messageBody":"","fileTypesAndContributionMap":{"functional-code":{"insertions":0,"deletions":3}}},{"hash":"da1917070d8637f091ccf4415a073d514907e5e3","isMergeCommit":false,"messageTitle":"Edit to comply with checkstyle","messageBody":"","fileTypesAndContributionMap":{"functional-code":{"insertions":36,"deletions":2}}},{"hash":"523ac4b41d9276e8d588f840f021c8c342bc3823","isMergeCommit":false,"messageTitle":"Edit to comply with checkstyle","messageBody":"","fileTypesAndContributionMap":{"functional-code":{"insertions":9,"deletions":10}}},{"hash":"be421a1941d2bde776440dee020a3febffb2c638","isMergeCommit":false,"messageTitle":"Fixes bugs on Student constructor","messageBody":"Restricts to only 1 type of Student constructor for MVP version, that is all fields must be filled.\n","fileTypesAndContributionMap":{"functional-code":{"insertions":163,"deletions":85},"other":{"insertions":0,"deletions":0}}},{"hash":"77d489cb49046cdfb8bf3631f049ccdd9ee60202","isMergeCommit":false,"messageTitle":"Fixes test for JsonAdaptedStudentTest","messageBody":"","fileTypesAndContributionMap":{"functional-code":{"insertions":0,"deletions":44},"test-code":{"insertions":66,"deletions":36}}},{"hash":"60c8e9c7d7eea48ceeb641d909be7d0553ae4049","isMergeCommit":false,"messageTitle":"Fix minor bugs","messageBody":"","fileTypesAndContributionMap":{"functional-code":{"insertions":1,"deletions":2}}},{"hash":"2e2d374e5e67ba33b2d93373004805c87a9a2c35","isMergeCommit":false,"messageTitle":"Link Address back to Ui","messageBody":"","fileTypesAndContributionMap":{"functional-code":{"insertions":2,"deletions":1}}},{"hash":"90dcda63c9f12e6ae8e06d62cfd1049e9d57a742","isMergeCommit":false,"messageTitle":"Fix StudentBuilder","messageBody":"","fileTypesAndContributionMap":{"test-code":{"insertions":34,"deletions":16}}},{"hash":"cc7dda491d2df8040fa621f8bec27e8f7763b368","isMergeCommit":false,"messageTitle":"Fix StudentBuilder","messageBody":"","fileTypesAndContributionMap":{"test-code":{"insertions":2,"deletions":0}}},{"hash":"ec830a2456f809264bfcee52d19b3b008b4f3dee","isMergeCommit":false,"messageTitle":"Fix StudentBuilder","messageBody":"","fileTypesAndContributionMap":{"test-code":{"insertions":2,"deletions":4}}},{"hash":"dad3f91821f7403b6ff8603ab0815f6c19eafdb1","isMergeCommit":false,"messageTitle":"Adhere to coding standards in test","messageBody":"","fileTypesAndContributionMap":{"test-code":{"insertions":5,"deletions":3}}}]},{"date":"2025-03-14","commitResults":[{"hash":"05095fe325925145cd0424f76dc6c68af031032d","isMergeCommit":false,"messageTitle":"Debug tests","messageBody":"","fileTypesAndContributionMap":{"functional-code":{"insertions":3,"deletions":0},"test-code":{"insertions":62,"deletions":82}}},{"hash":"410f12e8cf3fb0956986b67032c817e92ba80f64","isMergeCommit":false,"messageTitle":"Adhere to coding standards","messageBody":"","fileTypesAndContributionMap":{"functional-code":{"insertions":0,"deletions":1},"test-code":{"insertions":0,"deletions":15}}}]},{"date":"2025-03-19","commitResults":[{"hash":"f5e0ac1db03e3e70e25a83c056c18e8033601f4e","isMergeCommit":false,"messageTitle":"Refactor date and time","messageBody":"","fileTypesAndContributionMap":{"functional-code":{"insertions":17,"deletions":14},"other":{"insertions":3,"deletions":3},"test-code":{"insertions":10,"deletions":4}}},{"hash":"62b70a8442a5771fcb5b8e14c5108ad2edfe0050","isMergeCommit":false,"messageTitle":"Model Assignment and UniqueAssignmentList","messageBody":"","fileTypesAndContributionMap":{"functional-code":{"insertions":117,"deletions":8}}},{"hash":"1748ffb71dcd362cf89b08c68c4ed9dba87d58b1","isMergeCommit":false,"messageTitle":"Edit AddAssignmentCommand and AddAssignmentCommandParser","messageBody":"","fileTypesAndContributionMap":{"functional-code":{"insertions":43,"deletions":13}}},{"hash":"a5c54fb247ca4df67abd404b1ec2cbce453d2afd","isMergeCommit":false,"messageTitle":"Edit assignment structure completely","messageBody":"","fileTypesAndContributionMap":{"functional-code":{"insertions":18,"deletions":2}}},{"hash":"94b03832af3b17e0fac844a0bb5c361fa69bb3a1","isMergeCommit":false,"messageTitle":"Update Ui and Storage","messageBody":"","fileTypesAndContributionMap":{"functional-code":{"insertions":173,"deletions":96},"test-code":{"insertions":42,"deletions":36}}},{"hash":"4f35309bfb9e35937f826484024d76862914a668","isMergeCommit":false,"messageTitle":"Edit Ui","messageBody":"","fileTypesAndContributionMap":{"functional-code":{"insertions":64,"deletions":3}}},{"hash":"6f8b715e179540b4e055ca3a59a065fb53b887c6","isMergeCommit":false,"messageTitle":"Comply with checkstyle in Main","messageBody":"","fileTypesAndContributionMap":{"functional-code":{"insertions":43,"deletions":32}}},{"hash":"7fc27619d4a9cf4d4a50be6f6e57f63f62aba5d8","isMergeCommit":false,"messageTitle":"Edit junit tests","messageBody":"","fileTypesAndContributionMap":{"functional-code":{"insertions":5,"deletions":3},"test-code":{"insertions":32,"deletions":37}}},{"hash":"e328e10bf0a50a301f150e35ecc48c6e39b9004b","isMergeCommit":false,"messageTitle":"Fix minor bugs","messageBody":"","fileTypesAndContributionMap":{"functional-code":{"insertions":1,"deletions":1}}},{"hash":"80e480dd2a4989b9aba131fd2910176421270b88","isMergeCommit":false,"messageTitle":"Fix minor bugs","messageBody":"","fileTypesAndContributionMap":{"functional-code":{"insertions":3,"deletions":3},"test-code":{"insertions":2,"deletions":2}}}]},{"date":"2025-03-20","commitResults":[{"hash":"853fbed21c00658e40058d46a606ef6ff7fc5931","isMergeCommit":true,"messageTitle":"Merge branch \u0027master\u0027 into add-due-date-for-assignment","messageBody":"# Conflicts:\n#\tsrc/main/java/seedu/address/logic/parser/AddLessonCommandParser.java\n#\tsrc/test/java/seedu/address/logic/commands/AddAssignmentCommandTest.java\n","fileTypesAndContributionMap":{}},{"hash":"2dd3715c93af8a5e18100a624ff7573136571de0","isMergeCommit":false,"messageTitle":"Fix merge bugs","messageBody":"","fileTypesAndContributionMap":{"functional-code":{"insertions":6,"deletions":5}}},{"hash":"4f4fd665842eebe133b066f9432f95c6135e6c0e","isMergeCommit":false,"messageTitle":"Fix merge bugs","messageBody":"","fileTypesAndContributionMap":{"test-code":{"insertions":7,"deletions":2}}},{"hash":"5700ef8c9ea1844722aecb691b2d0b70d4384ca2","isMergeCommit":false,"messageTitle":"Implement mark and unmark","messageBody":"","fileTypesAndContributionMap":{"functional-code":{"insertions":306,"deletions":6}}},{"hash":"fae8784dde17d22628a0d1813b615b96a3293a8d","isMergeCommit":false,"messageTitle":"Fix bugs","messageBody":"","fileTypesAndContributionMap":{"functional-code":{"insertions":33,"deletions":4},"test-code":{"insertions":62,"deletions":0}}},{"hash":"2bca3694b3404c2730ad695b0062a0b9e83ffd73","isMergeCommit":false,"messageTitle":"Fix bugs","messageBody":"","fileTypesAndContributionMap":{"functional-code":{"insertions":11,"deletions":2}}},{"hash":"1e606676f94fde6d3c64ae0bbf17602088647610","isMergeCommit":false,"messageTitle":"Fix test bugs","messageBody":"","fileTypesAndContributionMap":{"functional-code":{"insertions":8,"deletions":1},"test-code":{"insertions":0,"deletions":62}}},{"hash":"34d7b5c2af223d2a7ce63be0bd4897dc76055df8","isMergeCommit":false,"messageTitle":"Edit UserGuide.md","messageBody":"","fileTypesAndContributionMap":{"functional-code":{"insertions":6,"deletions":1},"docs":{"insertions":2,"deletions":0}}},{"hash":"a6f14cde23c7b35b55e60f033c2db46f3a9d4d6f","isMergeCommit":false,"messageTitle":"Fix minor bugs","messageBody":"","fileTypesAndContributionMap":{"functional-code":{"insertions":4,"deletions":4}}},{"hash":"87535fe50004bf621642e38be17161dd0f16dcb1","isMergeCommit":false,"messageTitle":"Fix minor bugs","messageBody":"","fileTypesAndContributionMap":{"functional-code":{"insertions":11,"deletions":1},"docs":{"insertions":0,"deletions":2}}}]},{"date":"2025-03-25","commitResults":[{"hash":"f1e2dcd4dc15d3c2b5ed66a9c3c3ad9c57568890","isMergeCommit":true,"messageTitle":"Modify UG for CS2101 (#143)","messageBody":"","fileTypesAndContributionMap":{}},{"hash":"7af0c76ad9f12b858e5430218cc1422919706ce2","isMergeCommit":true,"messageTitle":"Implement delete assignment (#145)","messageBody":"Implemented delete assignment with student index and assignment name.\n","fileTypesAndContributionMap":{}},{"hash":"098a56c6ef579a5fccee36b91ee1580dbb5b810d","isMergeCommit":false,"messageTitle":"Update UserGuide.md","messageBody":"","fileTypesAndContributionMap":{"docs":{"insertions":97,"deletions":85}}},{"hash":"bab646390a2b0dbc5899e7ed0c6662d3d7bddb36","isMergeCommit":true,"messageTitle":"Merge branch \u0027master\u0027 into edit-ug-andong","messageBody":"# Conflicts:\n#\tdocs/UserGuide.md\n","fileTypesAndContributionMap":{}},{"hash":"d2b8574d06e215326e77a3c9089bd846bf9bf746","isMergeCommit":true,"messageTitle":"Merge branch \u0027master\u0027 into edit-ug-andong","messageBody":"# Conflicts:\n#\tdocs/UserGuide.md\n","fileTypesAndContributionMap":{}}]},{"date":"2025-03-27","commitResults":[{"hash":"8572c5e25543f5168f138f57a92fe6245890f020","isMergeCommit":true,"messageTitle":"Fix bug in delete assignment (#155)","messageBody":"Fixed the bug of deleting students not immediately rendered on the front\nend.\n\nThere were two bugs that may be helpful in future development:\n\n1. Deleting the assignment was done by iterating through the list, and\ndid not break the loop when the assignment was found and deleted. This\ncaused ConcurrentModificationException, which happens when iterating and\nmodifying the list at the same time.\n2. Executing commands should always go through the ModelManager to make\nmodifications, instead of manipulating the models directly. Deleting\nassignment logic was moved in UniqueStudentList and set the student\nafter the deletion. This fixed the rendering issue as UniqueStudentList\nis linked to JavaFX through observable list.\n","fileTypesAndContributionMap":{}},{"hash":"dfe97bf7f2ce58087428554d177bef4999adb8fe","isMergeCommit":false,"messageTitle":"Add command to edit assignment","messageBody":"","fileTypesAndContributionMap":{"functional-code":{"insertions":218,"deletions":1}}},{"hash":"f5f888aa6bd8c68e7c709e6ac6d8da2259c34748","isMergeCommit":false,"messageTitle":"Add command parser to edit assignment","messageBody":"","fileTypesAndContributionMap":{"functional-code":{"insertions":91,"deletions":1}}},{"hash":"0c0c7984adf6e018776118fd27f3e77b8899066f","isMergeCommit":false,"messageTitle":"Include EditAssignmentCommand in main parser","messageBody":"","fileTypesAndContributionMap":{"functional-code":{"insertions":4,"deletions":0}}},{"hash":"8ec42ad10d98d1466906fdf2f347b256a74788d2","isMergeCommit":false,"messageTitle":"Add junit for EditAssignmentDescriptor","messageBody":"","fileTypesAndContributionMap":{"functional-code":{"insertions":9,"deletions":1},"test-code":{"insertions":108,"deletions":0}}},{"hash":"9ebe71d0cf2f9933375df5dc06b5b1b2cc323ad4","isMergeCommit":false,"messageTitle":"Fix minor bugs","messageBody":"","fileTypesAndContributionMap":{"test-code":{"insertions":2,"deletions":2}}},{"hash":"7813796381619cce817e918df3c8a9fe31dbc7a1","isMergeCommit":false,"messageTitle":"Fix minor bugs","messageBody":"","fileTypesAndContributionMap":{"functional-code":{"insertions":1,"deletions":16},"test-code":{"insertions":0,"deletions":9}}},{"hash":"a25f2f539331d280ba620850c88c5536f96f01b9","isMergeCommit":false,"messageTitle":"Fix minor bugs","messageBody":"","fileTypesAndContributionMap":{"test-code":{"insertions":0,"deletions":1}}}]}],"GZTan23":[{"date":"2025-02-25","commitResults":[{"hash":"287e9db1c71275fbaae84d18d3a900085fee80f9","isMergeCommit":false,"messageTitle":"Update AboutUs.md with Guan Zhong\u0027s details","messageBody":"","fileTypesAndContributionMap":{"docs":{"insertions":6,"deletions":6}}}]},{"date":"2025-03-01","commitResults":[{"hash":"5aecaeeae9e273074b699ea7c74c9c3db6796682","isMergeCommit":true,"messageTitle":"Resolve merge conflict","messageBody":"","fileTypesAndContributionMap":{}}]},{"date":"2025-03-06","commitResults":[{"hash":"763888ef07d7b4180e67133d472c7eca61639b10","isMergeCommit":false,"messageTitle":"Add user stories and glossary to DeveloperGuide.md","messageBody":"","fileTypesAndContributionMap":{"docs":{"insertions":30,"deletions":11}}}]},{"date":"2025-03-07","commitResults":[{"hash":"8c0797537a3f43ee98229e284aed7e3259cc3615","isMergeCommit":false,"messageTitle":"Update product scope in DeveloperGuide.md","messageBody":"","fileTypesAndContributionMap":{"docs":{"insertions":3,"deletions":2}}}]},{"date":"2025-03-13","commitResults":[{"hash":"e7f70ecad6489ed51a80cf2c2017d2b22f383791","isMergeCommit":false,"messageTitle":"Add lesson into Model","messageBody":"","fileTypesAndContributionMap":{"functional-code":{"insertions":120,"deletions":0}}},{"hash":"2f4887d70627b7e08c843c6ae282168d1f7999cf","isMergeCommit":false,"messageTitle":"Add prefixes for date and time","messageBody":"","fileTypesAndContributionMap":{"functional-code":{"insertions":2,"deletions":0}}},{"hash":"1f54b294935c22f86fce99e56701ce3395c5985b","isMergeCommit":false,"messageTitle":"Add AddLessonCommand and AddLessonCommandParser","messageBody":"","fileTypesAndContributionMap":{"functional-code":{"insertions":245,"deletions":1}}},{"hash":"f98d0d4c49079b9f2b8b38ea03d1551f203230fe","isMergeCommit":false,"messageTitle":"Add Date class","messageBody":"","fileTypesAndContributionMap":{"functional-code":{"insertions":51,"deletions":1}}},{"hash":"6ba1523bdc3a7fac16e662c57fa32a8bd9d17cd0","isMergeCommit":false,"messageTitle":"Add Time class","messageBody":"","fileTypesAndContributionMap":{"functional-code":{"insertions":51,"deletions":0}}},{"hash":"e03a3d9534cdeb58f558881e4265d7b650056aee","isMergeCommit":false,"messageTitle":"Add storage functionality for lessons","messageBody":"","fileTypesAndContributionMap":{"functional-code":{"insertions":282,"deletions":30},"test-code":{"insertions":7,"deletions":0}}}]},{"date":"2025-03-14","commitResults":[{"hash":"c102bbe06655e9c7b78b856d8d3be6857b4bf227","isMergeCommit":false,"messageTitle":"Fix subject display to display String","messageBody":"","fileTypesAndContributionMap":{"functional-code":{"insertions":9,"deletions":1}}},{"hash":"c6d962dcdd765f18fa3b0146a894e462c04dbfdd","isMergeCommit":false,"messageTitle":"Update UniqueLessonList with acessors to filteredLessonList","messageBody":"","fileTypesAndContributionMap":{"functional-code":{"insertions":76,"deletions":6}}},{"hash":"aca4ffa3187f149fcd5ac452730abd53c43aa529","isMergeCommit":false,"messageTitle":"Fix checkstyle errors","messageBody":"","fileTypesAndContributionMap":{"functional-code":{"insertions":26,"deletions":17},"test-code":{"insertions":18,"deletions":1}}},{"hash":"be6f40858d704d43d980062927a7e0ee11f51b0d","isMergeCommit":false,"messageTitle":"Add LessonTest and utils for testing it","messageBody":"","fileTypesAndContributionMap":{"functional-code":{"insertions":1,"deletions":1},"test-code":{"insertions":216,"deletions":0}}},{"hash":"ddbe87e96dd085dc34c13a3cbb77edce55ae2b89","isMergeCommit":false,"messageTitle":"Fix JsonSerializableAddressBookTest to match with new storage format","messageBody":"","fileTypesAndContributionMap":{"test-code":{"insertions":18,"deletions":3}}},{"hash":"6912223b024c99ced6127a4de12c64154a5d5a01","isMergeCommit":true,"messageTitle":"Fix merge conflicts with Assignment features","messageBody":"","fileTypesAndContributionMap":{}},{"hash":"0a2ef31dac4f26e8d7260cbd0dade74a84b5242c","isMergeCommit":false,"messageTitle":"Disable test for invalid assignment","messageBody":"","fileTypesAndContributionMap":{"test-code":{"insertions":11,"deletions":10}}},{"hash":"b2587bbfe07acfb3d2e3a1b9d943b54d399169b0","isMergeCommit":true,"messageTitle":"Add list_students command (#93)","messageBody":"Resolves #88\n","fileTypesAndContributionMap":{}}]},{"date":"2025-03-15","commitResults":[{"hash":"40bbd62f66594c35b3165ffb5d207cd65ab1c334","isMergeCommit":false,"messageTitle":"Remove isSameLesson method from Lesson class","messageBody":"","fileTypesAndContributionMap":{"functional-code":{"insertions":4,"deletions":19},"test-code":{"insertions":0,"deletions":27}}},{"hash":"06e4ebc5af19d6ebe4592d957afa512d9cb6434e","isMergeCommit":true,"messageTitle":"Add new add_lesson command (#101)","messageBody":"Fixes #100\n","fileTypesAndContributionMap":{}}]},{"date":"2025-03-17","commitResults":[{"hash":"3514e7add657340469400ee02ca07e603c56dc65","isMergeCommit":false,"messageTitle":"Update Ui to show lessons","messageBody":"","fileTypesAndContributionMap":{"functional-code":{"insertions":178,"deletions":17}}}]},{"date":"2025-03-18","commitResults":[{"hash":"7887c7bc11312c68114d5ef009ededa42eccaeb0","isMergeCommit":false,"messageTitle":"Update UI list to switch between students and lessons for commands","messageBody":"","fileTypesAndContributionMap":{"functional-code":{"insertions":212,"deletions":137},"other":{"insertions":1,"deletions":1},"test-code":{"insertions":7,"deletions":7}}},{"hash":"9b95b4c503216b674c70617badd95a9f6bd863a0","isMergeCommit":false,"messageTitle":"Add list_lessons command and its parser","messageBody":"","fileTypesAndContributionMap":{"functional-code":{"insertions":128,"deletions":8},"test-code":{"insertions":12,"deletions":7}}},{"hash":"938bb177ffc212cc4b4c62c914b6b7ffb6efae36","isMergeCommit":false,"messageTitle":"Add testing for if student is not in addressbook","messageBody":"","fileTypesAndContributionMap":{"functional-code":{"insertions":16,"deletions":0}}},{"hash":"a4a673ceac15c633adc4088ee9bb6e20c066cf91","isMergeCommit":false,"messageTitle":"Add date functionality to Date","messageBody":"","fileTypesAndContributionMap":{"functional-code":{"insertions":15,"deletions":3},"test-code":{"insertions":52,"deletions":0}}},{"hash":"6240c3cdc275fff03f3fa839586441bf5073ab0f","isMergeCommit":false,"messageTitle":"Add time functionality and checks to Time","messageBody":"","fileTypesAndContributionMap":{"functional-code":{"insertions":22,"deletions":9},"test-code":{"insertions":53,"deletions":10}}},{"hash":"e8330199cd751db1ed9bbd62e1971cc7cd59b69e","isMergeCommit":true,"messageTitle":"Modify DG to use updated commands (#110)","messageBody":"Resolves #109\n","fileTypesAndContributionMap":{}}]},{"date":"2025-03-19","commitResults":[{"hash":"7ade2c472bfaa78fc0cc37cffc2e60a16ca5b319","isMergeCommit":true,"messageTitle":"Update output messages for error handling in DeleteStudentCommand (#106)","messageBody":"Fixes #92\n\nError Handling:\nStudent not found → \"Student not found. The student index provided is\ninvalid!\"\n\nOutput Messages:\nSuccess: \"Student [name] [details] deleted successfully.\"\n","fileTypesAndContributionMap":{}},{"hash":"8a58cfb7497642dcc484eaf77a02108c06e3a2df","isMergeCommit":true,"messageTitle":"Merge master to feature-listlesson","messageBody":"","fileTypesAndContributionMap":{}},{"hash":"a70e93b63aff5596cfa14a62b83f18cf7f6bddc7","isMergeCommit":false,"messageTitle":"Add testing for various lesson classes","messageBody":"","fileTypesAndContributionMap":{"functional-code":{"insertions":4,"deletions":7},"test-code":{"insertions":206,"deletions":4}}},{"hash":"2c7d89918192d94b6f9653551237b7defdfa0baa","isMergeCommit":false,"messageTitle":"Change list_students functionality to use 0 or 1 keywords","messageBody":"","fileTypesAndContributionMap":{"functional-code":{"insertions":43,"deletions":38}}},{"hash":"c91a49cc7a89b03fd5e3164f1cce0a20e45ae621","isMergeCommit":false,"messageTitle":"Fix checkstyle and JUnit tests","messageBody":"","fileTypesAndContributionMap":{"functional-code":{"insertions":6,"deletions":9},"test-code":{"insertions":28,"deletions":19}}},{"hash":"8246686b78a3dc8a4458fc3c65334ee21043a65b","isMergeCommit":false,"messageTitle":"Add testing for ListLessonsCommand","messageBody":"","fileTypesAndContributionMap":{"functional-code":{"insertions":3,"deletions":1},"test-code":{"insertions":97,"deletions":1}}},{"hash":"7aabc4c5aa0685f0acce858f7147673ff4f89f94","isMergeCommit":false,"messageTitle":"Fix bug causing CI failure and update regex for Assignment class","messageBody":"","fileTypesAndContributionMap":{"functional-code":{"insertions":2,"deletions":1},"test-code":{"insertions":15,"deletions":11}}},{"hash":"9ed389ff800bc3f8adc4e10cfead0ee29e758976","isMergeCommit":false,"messageTitle":"Update example for AddLessonCommand so it is valid","messageBody":"","fileTypesAndContributionMap":{"functional-code":{"insertions":1,"deletions":1}}},{"hash":"b7433e9b177c5effc49a7e58b8839ed565864ec8","isMergeCommit":false,"messageTitle":"Add list_lessons and add_lessons command to UG","messageBody":"","fileTypesAndContributionMap":{"docs":{"insertions":19,"deletions":3}}}]},{"date":"2025-03-20","commitResults":[{"hash":"97fdc750b4bc779ca4ea2a4ef1e61e050e31fc5d","isMergeCommit":false,"messageTitle":"Update UG with more features","messageBody":"","fileTypesAndContributionMap":{"docs":{"insertions":15,"deletions":5}}},{"hash":"bf6f68e46caa2f66bbf927d912a7d8108deb9cf4","isMergeCommit":false,"messageTitle":"Update help window URL","messageBody":"","fileTypesAndContributionMap":{"functional-code":{"insertions":1,"deletions":1}}},{"hash":"d3c3baf486a1e23172cd6af421702067f9e2af64","isMergeCommit":false,"messageTitle":"Change data storage to be in TutorTrack.json and logger to be tutortrack.log","messageBody":"","fileTypesAndContributionMap":{"functional-code":{"insertions":5,"deletions":5},"test-code":{"insertions":2,"deletions":2}}},{"hash":"706b5263573fe639e7599a908c3da20eee0efea3","isMergeCommit":false,"messageTitle":"Update UG to add more commands","messageBody":"","fileTypesAndContributionMap":{"docs":{"insertions":4,"deletions":1}}},{"hash":"fc7b0c8673706112a0f3a90ed5e8f6a5d1040227","isMergeCommit":true,"messageTitle":"Fix merge conflicts","messageBody":"","fileTypesAndContributionMap":{}},{"hash":"4453500acaf99a10629a032b8095ea6535f0480e","isMergeCommit":false,"messageTitle":"Fix JUnit tests","messageBody":"","fileTypesAndContributionMap":{"functional-code":{"insertions":2,"deletions":58},"test-code":{"insertions":3,"deletions":7}}},{"hash":"8a3946c31ac70e18fce69276a2cdd71b49be37cf","isMergeCommit":true,"messageTitle":"Fix bug causing CI failure and update regex for Assignment class (#121)","messageBody":"Resolves #120 and Resolves #102\n","fileTypesAndContributionMap":{}},{"hash":"73686babd4149187f2a0547b9b5443ea44dd3217","isMergeCommit":true,"messageTitle":"Fix merge conflict","messageBody":"","fileTypesAndContributionMap":{}},{"hash":"eb2ce3ec60c59339d1639fcec70bb7faf0772e9f","isMergeCommit":false,"messageTitle":"Update UG","messageBody":"","fileTypesAndContributionMap":{"docs":{"insertions":54,"deletions":15}}},{"hash":"eabce51b5186900f13582c128a70f4f43f910a60","isMergeCommit":true,"messageTitle":"Update UG (#123)","messageBody":"Resolves #122\n","tags":["v1.3"],"fileTypesAndContributionMap":{}}]},{"date":"2025-03-25","commitResults":[{"hash":"2662c2b7edad93a2e8a5dc65c56f094453956749","isMergeCommit":false,"messageTitle":"Add edit_lesson command","messageBody":"","fileTypesAndContributionMap":{"functional-code":{"insertions":343,"deletions":1},"test-code":{"insertions":8,"deletions":0}}},{"hash":"c1d1f373d20be3101ec05f25571a1338ea131785","isMergeCommit":false,"messageTitle":"Add testing for edit_lesson","messageBody":"","fileTypesAndContributionMap":{"functional-code":{"insertions":3,"deletions":3},"test-code":{"insertions":479,"deletions":108}}},{"hash":"b5d13487c2381bdc943fc3c263ca900fd9cb1dfe","isMergeCommit":true,"messageTitle":"Fix merge conflict with edit_student command","messageBody":"","fileTypesAndContributionMap":{}},{"hash":"9503a718eb9967cfae98834ccc92bbbbf89b834b","isMergeCommit":false,"messageTitle":"Fix checkstyle errors","messageBody":"","fileTypesAndContributionMap":{"functional-code":{"insertions":1,"deletions":1}}},{"hash":"dd53879dad1ad80acbefc835b11278dd3bef5a66","isMergeCommit":false,"messageTitle":"Fix list_lessons error on blanks in keyword","messageBody":"","fileTypesAndContributionMap":{"functional-code":{"insertions":57,"deletions":9}}},{"hash":"691d4d9d6ba0a56b1b97b2f746b92121a1fcbcda","isMergeCommit":false,"messageTitle":"Fix tests for list_lessons","messageBody":"","fileTypesAndContributionMap":{"test-code":{"insertions":22,"deletions":37}}},{"hash":"7988e42ab26387f7c1a31ab8cbfe1c4f19b944e5","isMergeCommit":true,"messageTitle":"Merge branch \u0027master\u0027 into fix-listlessons","messageBody":"","fileTypesAndContributionMap":{}},{"hash":"5a75cc0c468130bbf2c4b494fed53d9f6431bafe","isMergeCommit":false,"messageTitle":"Add edit_lesson to UG","messageBody":"","fileTypesAndContributionMap":{"docs":{"insertions":52,"deletions":43}}},{"hash":"64c5e0cb50aa4f996c829a46f9d96b652436f8d2","isMergeCommit":false,"messageTitle":"Add missing backtick in table","messageBody":"","fileTypesAndContributionMap":{"docs":{"insertions":1,"deletions":1}}},{"hash":"e1569a4f61eb510cc89b79b4f445012fe034c737","isMergeCommit":true,"messageTitle":"Update UserGuide.md (#153)","messageBody":"Rearrange the UserGuide to a more intuitive order.\n\nUpdate the screenshots.\n\nTodo: Update Ui screenshot after Ui bug fixed.\n","fileTypesAndContributionMap":{}},{"hash":"81034c612d579d8406676fc0397eb6ff4d078b1e","isMergeCommit":true,"messageTitle":"Implement delete_lesson command (#154)","messageBody":"Fixes #135\n\nImplemented DeleteLessonCommand and its parser.\n\nAdded JUnit tests for both.\n","fileTypesAndContributionMap":{}}]},{"date":"2025-03-26","commitResults":[{"hash":"62ceb553aa1ac39f69644e0f68c2e22b830e6daf","isMergeCommit":true,"messageTitle":"Fix list_lessons command (#150)","messageBody":"Resolves #148\n","fileTypesAndContributionMap":{}}]},{"date":"2025-03-27","commitResults":[{"hash":"dff49f1e634bf3b713f8c78487b78a4ad6fe5918","isMergeCommit":true,"messageTitle":"Edit UG, Remove unused commands (#159)","messageBody":"Resolves #160\n","fileTypesAndContributionMap":{}}]}]},"authorFileTypeContributionMap":{"nicholasohjj":{"docs":598,"functional-code":836,"test-code":937},"Charlesl12":{"docs":70,"functional-code":146,"test-code":352,"other":11},"jiangsuwangjing":{"docs":31,"functional-code":579,"test-code":549},"andong0909":{"docs":77,"functional-code":1355,"test-code":313},"GZTan23":{"docs":70,"functional-code":1549,"test-code":1030}},"authorContributionVariance":{"nicholasohjj":306608.44,"Charlesl12":6712.862,"jiangsuwangjing":67731.91,"andong0909":61565.258,"GZTan23":72049.89},"authorDisplayNameMap":{"nicholasohjj":"CS2103T-T13-4 NICH.. JUN","Charlesl12":"CS2103T-T13-4 CHAR.. WEI","jiangsuwangjing":"CS2103T-T13-4 WANG..MENG","andong0909":"CS2103T-T13-4 YAN ..DONG","GZTan23":"CS2103T-T13-4 TAN ..HONG"}}
