{"authorDailyContributionsMap":{"loyaltypollution":[{"date":"2025-03-02","commitResults":[{"hash":"6197393af421178945d20dd1773bf795732356ac","isMergeCommit":false,"messageTitle":"Fix Remark regex","messageBody":"","fileTypesAndContributionMap":{"functional-code":{"insertions":3,"deletions":4}}},{"hash":"a470f88c5f10c77db952b5f58d171a8ad301748b","isMergeCommit":false,"messageTitle":"chore: Enforce checkstyle of import order","messageBody":"","fileTypesAndContributionMap":{"functional-code":{"insertions":36,"deletions":28},"test-code":{"insertions":21,"deletions":19}}},{"hash":"706a2b5559a4d6e4fb473455d53fc2111c88ca41","isMergeCommit":true,"messageTitle":"Merge branch \u0027master\u0027 into branch-Add-Darren-Photo","messageBody":"","fileTypesAndContributionMap":{}}]},{"date":"2025-03-03","commitResults":[{"hash":"37a14c41bf9f6f79778fef152260c0aa356e5d89","isMergeCommit":false,"messageTitle":"Update Darren About Us detail","messageBody":"","fileTypesAndContributionMap":{"docs":{"insertions":41,"deletions":7}}},{"hash":"75d13c006ff2f1fe9f6b50afdfb2a93b4af556e5","isMergeCommit":false,"messageTitle":"Add specific role","messageBody":"","fileTypesAndContributionMap":{"docs":{"insertions":1,"deletions":40}}},{"hash":"a2fdf418cbac34ff48d8611a30eaf5d4fde30f43","isMergeCommit":true,"messageTitle":"Merge branch \u0027master\u0027 into branch-Update-Darren-AboutUs","messageBody":"","fileTypesAndContributionMap":{}},{"hash":"0c39d3b754f669ca39c1b875c0e44342521826cd","isMergeCommit":true,"messageTitle":"Merge pull request #23 from loyaltypollution/branch-Update-Darren-AboutUs","messageBody":"Update Darren AboutUs","fileTypesAndContributionMap":{}}]},{"date":"2025-03-11","commitResults":[{"hash":"69d132befe322a35700a520680c2b4d7ed29909b","isMergeCommit":false,"messageTitle":"SampleDataUtil.java: Fix syntax error in Tag","messageBody":"","fileTypesAndContributionMap":{"functional-code":{"insertions":12,"deletions":9}}}]},{"date":"2025-03-12","commitResults":[{"hash":"0866b372a00025f83dac963070d5f68768a62162","isMergeCommit":false,"messageTitle":"test: Add basic GUI input test","messageBody":"","fileTypesAndContributionMap":{"test-code":{"insertions":75,"deletions":0}}},{"hash":"396eeb284635f11192a4fb0416a7f3ce93918294","isMergeCommit":false,"messageTitle":"MainAppTest.java: Fix checkstyle","messageBody":"","fileTypesAndContributionMap":{"test-code":{"insertions":8,"deletions":8}}},{"hash":"20b8b5089e29f41100d3344587b530cf71ec559d","isMergeCommit":false,"messageTitle":"Add timeout to test","messageBody":"","fileTypesAndContributionMap":{"test-code":{"insertions":29,"deletions":5}}},{"hash":"59d78eefe33f299535b2ec716b0eb835141ac3e2","isMergeCommit":false,"messageTitle":"increase timeout for linux","messageBody":"","fileTypesAndContributionMap":{"test-code":{"insertions":11,"deletions":7}}}]},{"date":"2025-03-13","commitResults":[{"hash":"941fed370c4c92193a1fe24b44bcdc16a704bc81","isMergeCommit":false,"messageTitle":"sanity check","messageBody":"","fileTypesAndContributionMap":{"test-code":{"insertions":0,"deletions":103}}},{"hash":"bad9a0c19060e180bb858c5af0bf1d69520ce4b0","isMergeCommit":false,"messageTitle":"exit after application launch","messageBody":"","fileTypesAndContributionMap":{"test-code":{"insertions":99,"deletions":0}}},{"hash":"6ccec1b207be5ffc4c8ea4b25e19915fbea84752","isMergeCommit":false,"messageTitle":"Use CountdownLatch to close as needed","messageBody":"","fileTypesAndContributionMap":{"test-code":{"insertions":43,"deletions":23}}},{"hash":"706f4c8ef133f08b4fb6fb9150ed2ce3a04c4aeb","isMergeCommit":false,"messageTitle":"fix checkstyle","messageBody":"","fileTypesAndContributionMap":{"test-code":{"insertions":4,"deletions":5}}},{"hash":"a8aaa8df2c02abca53f739e19e87750c71d9f93d","isMergeCommit":false,"messageTitle":"show stderr for ci","messageBody":"","fileTypesAndContributionMap":{"other":{"insertions":6,"deletions":2}}},{"hash":"2bd656e2058946c0eb922f16b948dc649f977b88","isMergeCommit":false,"messageTitle":"fix checkstyle of gradle","messageBody":"","fileTypesAndContributionMap":{"other":{"insertions":2,"deletions":2}}},{"hash":"b679fdc40ff1b2d5b5174bb79835f234b07a836f","isMergeCommit":false,"messageTitle":"Narrow test scope","messageBody":"","fileTypesAndContributionMap":{"other":{"insertions":10,"deletions":1},"test-code":{"insertions":10,"deletions":34}}},{"hash":"3d9bb62f84af71b433e81a8788587202e98bbf95","isMergeCommit":false,"messageTitle":"fix sudo bug in gradle.yml","messageBody":"","fileTypesAndContributionMap":{"other":{"insertions":1,"deletions":1}}},{"hash":"1727708deb26578b767319bff7d64acbf1333236","isMergeCommit":false,"messageTitle":"MainAppTest.java: Widen range","messageBody":"","fileTypesAndContributionMap":{"test-code":{"insertions":3,"deletions":0}}},{"hash":"9ed624281936a4e11bdc16a168602c642c283a58","isMergeCommit":false,"messageTitle":"Squashed commit of the following:","messageBody":"commit d19457d0b7e25eeca64f76d381d8617adbf285dd\nMerge: 00accd1b c8d6b61b\nAuthor: rannn367 \u003c150225904+rannn367@users.noreply.github.com\u003e\nDate:   Thu Mar 13 17:08:58 2025 +0800\n\n    Merge pull request #88 from rannn367/branch-add-customer-gui\n\n    Branch add customer gui\n\ncommit c8d6b61be0c8313ed001235c210adba8925f81b1\nAuthor: rannn367 \u003calicia.chang.chuo.ran@gmail.com\u003e\nDate:   Thu Mar 13 17:00:58 2025 +0800\n\n    Fix checkstyle\n\ncommit d7560bc9db812c7c2e44d339f2241e8a0ed8af4e\nAuthor: rannn367 \u003calicia.chang.chuo.ran@gmail.com\u003e\nDate:   Thu Mar 13 16:33:29 2025 +0800\n\n    Fix name\n\ncommit e2e2dd6c7e8e5082bea2e2cd383358ea56119270\nAuthor: rannn367 \u003calicia.chang.chuo.ran@gmail.com\u003e\nDate:   Thu Mar 13 09:26:12 2025 +0800\n\n    Fix indentation\n\ncommit c4ca344d8e972f0b26d6c7f74b4f781108f1e93f\nAuthor: rannn367 \u003calicia.chang.chuo.ran@gmail.com\u003e\nDate:   Thu Mar 13 08:47:01 2025 +0800\n\n    Fix customer arguments\n\ncommit 4ce0109a82cd9b50809752fc27e4c5b7b57748e1\nAuthor: rannn367 \u003calicia.chang.chuo.ran@gmail.com\u003e\nDate:   Thu Mar 13 07:17:19 2025 +0800\n\n    Add customer to main window\n\ncommit a9a4cada54a67070224c672205b547eb5d250c7e\nAuthor: rannn367 \u003calicia.chang.chuo.ran@gmail.com\u003e\nDate:   Thu Mar 13 07:02:35 2025 +0800\n\n    Add customer sample data\n\ncommit 16c46c532bbf71fdb430b7cb206c509652cc0d5e\nAuthor: rannn367 \u003calicia.chang.chuo.ran@gmail.com\u003e\nDate:   Thu Mar 13 06:45:57 2025 +0800\n\n    Add customer commands to Logic and LogicManager\n\ncommit 4a4571213ab646dd946868ac8dcec6f6a8928bae\nAuthor: rannn367 \u003calicia.chang.chuo.ran@gmail.com\u003e\nDate:   Thu Mar 13 06:39:05 2025 +0800\n\n    Add CustomerListPanel and CustomerListCard\n\ncommit 10bdecb48172bf86abf8967fcbe194f317a87bb0\nMerge: 7d51806f 00accd1b\nAuthor: rannn367 \u003calicia.chang.chuo.ran@gmail.com\u003e\nDate:   Thu Mar 13 02:32:34 2025 +0800\n\n    Merge branch \u0027master\u0027 of https://github.com/AY2425S2-CS2103T-T08-3/tp\n\ncommit 00accd1b4f3d064720ba61938492eee90271f96d\nMerge: 4ceab300 beea7616\nAuthor: Justin Soon \u003c85049526+Jsjk112344@users.noreply.github.com\u003e\nDate:   Wed Mar 12 16:51:19 2025 +0800\n\n    Merge pull request #86 from Jsjk112344/addCustomerID\n\n    Add customer id for customers and remove rating\n\ncommit beea761619937a119e39b7664b5f680f588e3e2d\nAuthor: Justin Soon \u003cjienkhye01@gmail.com\u003e\nDate:   Wed Mar 12 16:48:15 2025 +0800\n\n    update components\n\ncommit 0744be3bdbea7e46ec867012cc6b50f819f1d405\nMerge: b8be36a3 4ceab300\nAuthor: Justin Soon \u003cjienkhye01@gmail.com\u003e\nDate:   Wed Mar 12 16:39:21 2025 +0800\n\n    Merge branch \u0027master\u0027 of https://github.com/AY2425S2-CS2103T-T08-3/tp into addCustomerID\n\ncommit b8be36a364459355bf5d624b1b13dea1f12d49a4\nAuthor: Justin Soon \u003cjienkhye01@gmail.com\u003e\nDate:   Wed Mar 12 16:39:01 2025 +0800\n\n    Update customer to contain customer id\n\ncommit 4ceab300488e4e54d7f5987bc0b55364c12c23f6\nMerge: 0f633bc1 99c5a2ed\nAuthor: findingfaey \u003c124480572+findingfaey@users.noreply.github.com\u003e\nDate:   Wed Mar 12 15:46:15 2025 +0800\n\n    Merge pull request #85 from findingfaey/branch-Delete-Customer-Command\n\n    Add customerdelete command for deleting customers\n\ncommit 99c5a2edaa89c38e86d35d3f1a2e690bd1f56143\nAuthor: findingfaey \u003cyifeiyangyang@gmail.com\u003e\nDate:   Wed Mar 12 15:39:14 2025 +0800\n\n    Add customerdelete command for deleting customers\n\n    - Implement DeleteCustomerCommand with customerdelete as the command word\n    - Create DeleteCustomerCommandParser to handle customer deletion\n    - Add JsonAdaptedCustomer for JSON serialization support\n    - Update relevant model, parser, and test files to support customer deletion\n\n    Rationale:\n    Introduces a new command to delete customers from the address book,\n    following the existing command design patterns and providing a consistent\n    user experience for managing different entity types.\n\n    Changes:\n    - Added new command implementation for customer deletion\n    - Updated AddressBookParser to route the new command\n    - Modified test cases to support the new functionality\n    - Ensured JSON serialization and model management for customers\n\n    Example usage:\n    - : Deletes the first customer in the displayed list\n\n    Fixes:\n    - Enables CLI-based customer deletion\n    - Maintains type safety and follows existing architectural patterns\n\ncommit 83914ffa82a605f58f1e8fdb04921a0081ad5fe0\nAuthor: findingfaey \u003cyifeiyangyang@gmail.com\u003e\nDate:   Wed Mar 12 15:36:07 2025 +0800\n\n    Add customerdelete command for deleting customers\n\n    - Implement DeleteCustomerCommand with customerdelete as the command word\n    - Update command usage message to reflect new command word\n    - Maintain consistent command structure with other delete commands\n    - Provide clear success and failure messages for customer deletion\n\n    Rationale:\n    The new command provides a consistent and intuitive way to delete customers\n    from the address book, following the established command naming convention\n    of the application.\n\n    Example usage:\n    - : Deletes the first customer in the displayed list\n    - Provides clear feedback on successful or failed deletion attempts\n\n    Fixes:\n    - Ensures customers can be deleted through a CLI command\n    - Maintains type safety and follows existing command design patterns\n\ncommit 7d51806f3a5902095c965c0c13603dd09ef70866\nMerge: 64608d78 0f633bc1\nAuthor: rannn367 \u003calicia.chang.chuo.ran@gmail.com\u003e\nDate:   Mon Mar 10 16:34:34 2025 +0800\n\n    Merge branch \u0027master\u0027 of https://github.com/AY2425S2-CS2103T-T08-3/tp\n\ncommit 64608d78b5c2a8f9d792efd906c44787d0184de7\nMerge: 173e5295 4070082e\nAuthor: rannn367 \u003calicia.chang.chuo.ran@gmail.com\u003e\nDate:   Mon Mar 3 23:01:41 2025 +0800\n\n    Merge branch \u0027branch-update-alicia-aboutus\u0027\n\ncommit 4070082e30df5a97ef6ca8016f15da2dc952eea5\nMerge: 61def632 00be72af\nAuthor: rannn367 \u003calicia.chang.chuo.ran@gmail.com\u003e\nDate:   Mon Mar 3 22:58:14 2025 +0800\n\n    Merge branch \u0027master\u0027 of https://github.com/AY2425S2-CS2103T-T08-3/tp into branch-update-alicia-aboutus\n\ncommit 61def6325d9c1b2d4e453e9423c960aca73b8c12\nMerge: 471bd418 398581a1\nAuthor: rannn367 \u003calicia.chang.chuo.ran@gmail.com\u003e\nDate:   Mon Mar 3 22:54:03 2025 +0800\n\n    Merge branch \u0027master\u0027 of https://github.com/AY2425S2-CS2103T-T08-3/tp into branch-update-alicia-aboutus\n","fileTypesAndContributionMap":{"functional-code":{"insertions":519,"deletions":29},"test-code":{"insertions":82,"deletions":75}}},{"hash":"f524551eb51041ef67cf4d01ab0ed4012f2da646","isMergeCommit":true,"messageTitle":"Merge branch \u0027master\u0027 into branch-fix-runtime-tag-error","messageBody":"","fileTypesAndContributionMap":{}},{"hash":"ae90dd1752b1cbcc438a1687bcc42eb50c196db7","isMergeCommit":true,"messageTitle":"Merge pull request #83 from loyaltypollution/branch-fix-runtime-tag-error","messageBody":"Fixes runtime errors with tag.\nAdd runtime tests-suite.","fileTypesAndContributionMap":{}},{"hash":"19190ebeabba78a30843be2511e9144e9aacd7b1","isMergeCommit":false,"messageTitle":"bug: Fix Customer card GUI bug","messageBody":"","fileTypesAndContributionMap":{"functional-code":{"insertions":11,"deletions":10}}},{"hash":"6397b455caf825198e2440e269c4e529f7b0e591","isMergeCommit":false,"messageTitle":"Display Customers in GUI","messageBody":"","fileTypesAndContributionMap":{"functional-code":{"insertions":34,"deletions":22}}},{"hash":"37caf5a3c4708b9e1c8eaea9acbff31b4e696278","isMergeCommit":false,"messageTitle":"test: Check for exceptions on JavaFX thread","messageBody":"","fileTypesAndContributionMap":{"functional-code":{"insertions":2,"deletions":2},"test-code":{"insertions":4,"deletions":1}}},{"hash":"d4823e6032a12e68261492ed38d123703b7265a7","isMergeCommit":true,"messageTitle":"Merge remote-tracking branch \u0027upstream/pr/92\u0027 into branch-customer-panel","messageBody":"","fileTypesAndContributionMap":{}},{"hash":"645b5cdb17b9c316008c52992c08888abbff57ab","isMergeCommit":true,"messageTitle":"Merge pull request #90 from loyaltypollution/branch-customer-panel","messageBody":"Fix Customer GUI panel","fileTypesAndContributionMap":{}}]},{"date":"2025-03-14","commitResults":[{"hash":"c63f9fdda300f598e757d72eec3def8e6a58a240","isMergeCommit":false,"messageTitle":"change to filesystem","messageBody":"","fileTypesAndContributionMap":{"functional-code":{"insertions":8,"deletions":1},"test-code":{"insertions":65,"deletions":38}}},{"hash":"cb2fa3db6a56eb06869fe19740c00a4dd9be2f4b","isMergeCommit":false,"messageTitle":"Test multiple Applications via process building","messageBody":"","fileTypesAndContributionMap":{"test-code":{"insertions":199,"deletions":103}}},{"hash":"6c4532353a7e1f08a542c5798dd54b765544a25d","isMergeCommit":true,"messageTitle":"Merge pull request #98 from loyaltypollution/branch-upgrade-gui-test","messageBody":"Upgrade test for GUI","fileTypesAndContributionMap":{}}]}],"findingfaey":[{"date":"2025-03-03","commitResults":[{"hash":"f193642480c2663d4a6a66fa119b54de3d4e297e","isMergeCommit":false,"messageTitle":"Update AboutUs page with Yifei\u0027s details","messageBody":"","fileTypesAndContributionMap":{"docs":{"insertions":50,"deletions":43}}},{"hash":"3277e24c24b97c86379f6e4d40743dede885f971","isMergeCommit":false,"messageTitle":"Updating top of findingfaey.md","messageBody":"","fileTypesAndContributionMap":{"docs":{"insertions":1,"deletions":1}}},{"hash":"3779945f5e3b00d8f411653a39b870b83cc2449f","isMergeCommit":true,"messageTitle":"Merge pull request #29 from Jsjk112344/branch-Justin-AboutUs","messageBody":"Update Justin\u0027s AboutUs page","fileTypesAndContributionMap":{}},{"hash":"42a723f55374044b4602ded877109d7cf825115a","isMergeCommit":true,"messageTitle":"Resolve merge conflict","messageBody":"","fileTypesAndContributionMap":{}},{"hash":"aed4da3b6302a0844b905d98294a94c76d455e44","isMergeCommit":false,"messageTitle":"newline","messageBody":"","fileTypesAndContributionMap":{"docs":{"insertions":1,"deletions":1}}}]},{"date":"2025-03-12","commitResults":[{"hash":"83914ffa82a605f58f1e8fdb04921a0081ad5fe0","isMergeCommit":false,"messageTitle":"Add customerdelete command for deleting customers","messageBody":"- Implement DeleteCustomerCommand with customerdelete as the command word\n- Update command usage message to reflect new command word\n- Maintain consistent command structure with other delete commands\n- Provide clear success and failure messages for customer deletion\n\nRationale:\nThe new command provides a consistent and intuitive way to delete customers\nfrom the address book, following the established command naming convention\nof the application.\n\nExample usage:\n- : Deletes the first customer in the displayed list\n- Provides clear feedback on successful or failed deletion attempts\n\nFixes:\n- Ensures customers can be deleted through a CLI command\n- Maintains type safety and follows existing command design patterns\n","fileTypesAndContributionMap":{"functional-code":{"insertions":12,"deletions":0}}},{"hash":"99c5a2edaa89c38e86d35d3f1a2e690bd1f56143","isMergeCommit":false,"messageTitle":"Add customerdelete command for deleting customers","messageBody":"- Implement DeleteCustomerCommand with customerdelete as the command word\n- Create DeleteCustomerCommandParser to handle customer deletion\n- Add JsonAdaptedCustomer for JSON serialization support\n- Update relevant model, parser, and test files to support customer deletion\n\nRationale:\nIntroduces a new command to delete customers from the address book,\nfollowing the existing command design patterns and providing a consistent\nuser experience for managing different entity types.\n\nChanges:\n- Added new command implementation for customer deletion\n- Updated AddressBookParser to route the new command\n- Modified test cases to support the new functionality\n- Ensured JSON serialization and model management for customers\n\nExample usage:\n- : Deletes the first customer in the displayed list\n\nFixes:\n- Enables CLI-based customer deletion\n- Maintains type safety and follows existing architectural patterns\n","fileTypesAndContributionMap":{"functional-code":{"insertions":275,"deletions":6},"test-code":{"insertions":13,"deletions":13}}},{"hash":"4ceab300488e4e54d7f5987bc0b55364c12c23f6","isMergeCommit":true,"messageTitle":"Merge pull request #85 from findingfaey/branch-Delete-Customer-Command","messageBody":"Add customerdelete command for deleting customers","fileTypesAndContributionMap":{}}]}],"WhiteBear82":[{"date":"2025-02-26","commitResults":[{"hash":"0b3cdab7cf619d990e0abcea3039a9209e80fe82","isMergeCommit":true,"messageTitle":"Merge pull request #8 from WhiteBear82/branch-Add-Victor-Photo","messageBody":"Branch add victor photo","fileTypesAndContributionMap":{}}]},{"date":"2025-02-27","commitResults":[{"hash":"64d61266f76e0c846a6ff67bd6baacc9cf83d45b","isMergeCommit":true,"messageTitle":"Merge pull request #11 from WhiteBear82/branch-Add-Victor-Photo","messageBody":"Branch add victor photo","fileTypesAndContributionMap":{}},{"hash":"cb0a02db45ece5b21cc0ab705913fdbc541e1fdb","isMergeCommit":true,"messageTitle":"Merge pull request #14 from WhiteBear82/branch-Add-Victor-Photo","messageBody":"Remove Victor Photo","fileTypesAndContributionMap":{}},{"hash":"36a37f99e72befef8e46e0d4e18b7cf2e7df88fa","isMergeCommit":true,"messageTitle":"Merge pull request #15 from WhiteBear82/branch-Add-Victor-Photo","messageBody":"Add Victor Photo","fileTypesAndContributionMap":{}}]},{"date":"2025-03-02","commitResults":[{"hash":"892043e4c43d9366e9798d1eee2d4f2c56f60ca8","isMergeCommit":true,"messageTitle":"Merge pull request #20 from loyaltypollution/fix-remark-command","messageBody":"Fix remark command","fileTypesAndContributionMap":{}}]},{"date":"2025-03-03","commitResults":[{"hash":"faa3f67e15473602d2e69128a4d1025418635019","isMergeCommit":false,"messageTitle":"Add Victor AboutUs","messageBody":"","fileTypesAndContributionMap":{"docs":{"insertions":51,"deletions":5}}},{"hash":"17199433d1db82af55e7c38ba43a9fe7978f4e9a","isMergeCommit":true,"messageTitle":"Add Victor AboutUs","messageBody":"","fileTypesAndContributionMap":{}},{"hash":"754899a81543d1993f77aa7fa1599bf0034967cf","isMergeCommit":true,"messageTitle":"Resolve merge conflict AboutUs","messageBody":"","fileTypesAndContributionMap":{}},{"hash":"32fd7f549a7e4d8b453f69ee4ffca5a86aedc0ae","isMergeCommit":true,"messageTitle":"Merge pull request #45 from WhiteBear82/branch-AddUIMockup","messageBody":"Add UI Mockup","fileTypesAndContributionMap":{}}]},{"date":"2025-03-04","commitResults":[{"hash":"6362c352c2cbaed5dce4fd32db85a0cadfcdf1d5","isMergeCommit":false,"messageTitle":"Update link CI Badge","messageBody":"","fileTypesAndContributionMap":{"docs":{"insertions":1,"deletions":1}}},{"hash":"a1a36fd6a7b89f3002da908104f263942f62e867","isMergeCommit":true,"messageTitle":"Merge pull request #46 from WhiteBear82/branch-UpdateBadgeLink","messageBody":"Update link CI Badge","fileTypesAndContributionMap":{}},{"hash":"8f7c52996b6281c9c88a9ceb87b8dfec826bea5c","isMergeCommit":false,"messageTitle":"Acknowledge original source","messageBody":"","fileTypesAndContributionMap":{"docs":{"insertions":1,"deletions":1}}},{"hash":"a9dcb68b22c5204f1d6194b9a4d363f8cf131f2a","isMergeCommit":true,"messageTitle":"Acknowledge original source","messageBody":"","fileTypesAndContributionMap":{}},{"hash":"47b8331a7f8ed2cc89fdb54e9a94c57d031a5518","isMergeCommit":true,"messageTitle":"Merge pull request #47 from WhiteBear82/branch-AcknowledgeOriginalSource","messageBody":"Acknowledge original source","fileTypesAndContributionMap":{}},{"hash":"78e55e193e3db6ce6a3397488e0dced9168a8b57","isMergeCommit":false,"messageTitle":"Add User Stories","messageBody":"","fileTypesAndContributionMap":{"docs":{"insertions":36,"deletions":8}}},{"hash":"533ad11e3c0fc37310c3030f587f3d33deb9d7f4","isMergeCommit":true,"messageTitle":"Add User Stories","messageBody":"","fileTypesAndContributionMap":{}},{"hash":"139739a104345068630c31a81eeccf1f71191a17","isMergeCommit":true,"messageTitle":"Merge pull request #49 from WhiteBear82/branch-AddUserStoriesDG","messageBody":"Branch add user stories dg","fileTypesAndContributionMap":{}},{"hash":"7f930843d5a06f2c8b829851a86774913795625e","isMergeCommit":false,"messageTitle":"Add Target User","messageBody":"","fileTypesAndContributionMap":{"docs":{"insertions":29,"deletions":7}}},{"hash":"1818601c0942dd708a1e78fd8ef06199b0b8af91","isMergeCommit":true,"messageTitle":"Add Target User","messageBody":"","fileTypesAndContributionMap":{}},{"hash":"c89edf2cbd628269d32a0e1107a2f61c981227c1","isMergeCommit":true,"messageTitle":"Merge pull request #50 from WhiteBear82/branch-AddTargetUserDG","messageBody":"Branch add target user dg","fileTypesAndContributionMap":{}},{"hash":"b288e47c147b2ec71f4e3622b7279dac5b0cb599","isMergeCommit":false,"messageTitle":"Add Use Cases","messageBody":"","fileTypesAndContributionMap":{"docs":{"insertions":635,"deletions":12}}},{"hash":"c45baf977ddb33af780f70016f0b59c88ee8eba7","isMergeCommit":true,"messageTitle":"Add Use Cases","messageBody":"","fileTypesAndContributionMap":{}},{"hash":"436b1eb1da5446f448ec46bd86658f042bcbb159","isMergeCommit":true,"messageTitle":"Merge pull request #51 from WhiteBear82/branch-AddUseCasesDG","messageBody":"Branch add use cases dg","fileTypesAndContributionMap":{}},{"hash":"a175d9d7a481da10d7a0dc69787298993573ccec","isMergeCommit":false,"messageTitle":"Add NFR","messageBody":"","fileTypesAndContributionMap":{"docs":{"insertions":51,"deletions":7}}},{"hash":"6e2c1251be2be1441c6828345d4d1eb776c13f93","isMergeCommit":true,"messageTitle":"Add NFR","messageBody":"","fileTypesAndContributionMap":{}},{"hash":"9a15ac0d651b035882a8bd51ea97cc0c18599f5b","isMergeCommit":false,"messageTitle":"Add Glossary","messageBody":"","fileTypesAndContributionMap":{"docs":{"insertions":31,"deletions":0}}},{"hash":"c5476a0980087e4bec150050f6021e6de4a71c2d","isMergeCommit":true,"messageTitle":"Add Glossary","messageBody":"","fileTypesAndContributionMap":{}},{"hash":"0ce387ebf95cf4664131f41c6490a1964de946b4","isMergeCommit":true,"messageTitle":"Merge pull request #52 from WhiteBear82/branch-AddNFRDG","messageBody":"Branch add nfrdg","fileTypesAndContributionMap":{}},{"hash":"e1befae9ad2b3232edfe1ccade980764a2ed4242","isMergeCommit":true,"messageTitle":"Merge pull request #53 from WhiteBear82/branch-AddGlossaryDG","messageBody":"Branch add glossary dg","fileTypesAndContributionMap":{}}]},{"date":"2025-03-06","commitResults":[{"hash":"e82f625d0d5882dd0215d23063a7fb9ae3fc318c","isMergeCommit":false,"messageTitle":"Add Staff","messageBody":"","fileTypesAndContributionMap":{"functional-code":{"insertions":107,"deletions":0},"docs":{"insertions":1,"deletions":1}}},{"hash":"b3924dda82c734e3b4f5201c1717db2760bb3e0f","isMergeCommit":true,"messageTitle":"Add Staff","messageBody":"","fileTypesAndContributionMap":{}},{"hash":"63905bfec82007405f8b512b672a7d84efc24131","isMergeCommit":false,"messageTitle":"Add Staff","messageBody":"","fileTypesAndContributionMap":{"functional-code":{"insertions":6,"deletions":5}}},{"hash":"0d814cc9e6593fc5e7d4d2ae5f435eefd8aad5d0","isMergeCommit":false,"messageTitle":"Add Staff Test","messageBody":"","fileTypesAndContributionMap":{"test-code":{"insertions":268,"deletions":0}}},{"hash":"658cecee8fb094777b9ce70dc60383922590ec07","isMergeCommit":false,"messageTitle":"Add Staff Test","messageBody":"","fileTypesAndContributionMap":{"test-code":{"insertions":41,"deletions":3}}},{"hash":"9d477972c0803532d05634e8b95158c12802a575","isMergeCommit":false,"messageTitle":"Add Staff Test","messageBody":"","fileTypesAndContributionMap":{"functional-code":{"insertions":20,"deletions":8},"test-code":{"insertions":9,"deletions":22}}},{"hash":"be98c2c0035597a01e2ea98f06f04be0490ff6a4","isMergeCommit":false,"messageTitle":"Add Staff Test","messageBody":"","fileTypesAndContributionMap":{"test-code":{"insertions":20,"deletions":4}}},{"hash":"540ded7056700b5b1b91021e91d685b1db15e4a6","isMergeCommit":true,"messageTitle":"Merge pull request #54 from WhiteBear82/branch-Add-Staff","messageBody":"Branch add staff","fileTypesAndContributionMap":{}},{"hash":"a04df366918790eda77a6b606b9e3f73b770af9c","isMergeCommit":true,"messageTitle":"Merge pull request #56 from WhiteBear82/branch-Add-Staff-Test","messageBody":"Branch add staff test","fileTypesAndContributionMap":{}},{"hash":"819108daa6fa66f4b2be6712c2d5d8c4ba8e857e","isMergeCommit":true,"messageTitle":"Merge remote-tracking branch \u0027upstream/master\u0027","messageBody":"","fileTypesAndContributionMap":{}}]},{"date":"2025-03-07","commitResults":[{"hash":"3a8de45cd6c4036b1f62ed6596f092981d07b2a5","isMergeCommit":false,"messageTitle":"Add Staff Command","messageBody":"","fileTypesAndContributionMap":{"functional-code":{"insertions":444,"deletions":0}}},{"hash":"896f86d709f1791afe257d8a00361597869c4570","isMergeCommit":false,"messageTitle":"Save Staff Json","messageBody":"","fileTypesAndContributionMap":{"functional-code":{"insertions":188,"deletions":7}}},{"hash":"e484cab80b58cee03cb1d642854964e13ae1db54","isMergeCommit":false,"messageTitle":"Display Staff Json","messageBody":"","fileTypesAndContributionMap":{"functional-code":{"insertions":258,"deletions":1}}},{"hash":"89a37e1644ad594c795afe78b902d10512a615fc","isMergeCommit":false,"messageTitle":"Display Staff Json","messageBody":"","fileTypesAndContributionMap":{"functional-code":{"insertions":11,"deletions":13}}},{"hash":"fd0b6a0ff60b2b143fe34e8c6a9c57796a1bb75e","isMergeCommit":false,"messageTitle":"Display Staff Json","messageBody":"","fileTypesAndContributionMap":{"test-code":{"insertions":52,"deletions":2}}},{"hash":"c50af39885b6f0ed5f8cb87f204dfb3bbb7bfd16","isMergeCommit":false,"messageTitle":"Add Tests Staff","messageBody":"","fileTypesAndContributionMap":{"test-code":{"insertions":867,"deletions":0}}},{"hash":"faacae7899eb0756e8e503a2eb2247bcd33f9e4a","isMergeCommit":false,"messageTitle":"Add Tests Staff","messageBody":"","fileTypesAndContributionMap":{"test-code":{"insertions":0,"deletions":53}}},{"hash":"47c73902bdd90a75c660b380469a29a2d4b92e41","isMergeCommit":false,"messageTitle":"Add Tests Staff","messageBody":"","fileTypesAndContributionMap":{"test-code":{"insertions":0,"deletions":14}}},{"hash":"599c4a83fda29a23f78d19a7c528477acddd02ce","isMergeCommit":false,"messageTitle":"Add Tests Staff","messageBody":"","fileTypesAndContributionMap":{"test-code":{"insertions":23,"deletions":0}}},{"hash":"eeb7ad6eb1234694e7098a824673d5a60da456c5","isMergeCommit":false,"messageTitle":"Add Tests Staff","messageBody":"","fileTypesAndContributionMap":{"test-code":{"insertions":8,"deletions":7}}},{"hash":"00c3b18d85db0d08de20d4ddad0a95883246c97b","isMergeCommit":false,"messageTitle":"Add Tests Staff","messageBody":"","fileTypesAndContributionMap":{"test-code":{"insertions":32,"deletions":24}}},{"hash":"bb0044ae1a2b532df74a6025cfa8c72017e47f43","isMergeCommit":false,"messageTitle":"Add Tests Staff","messageBody":"","fileTypesAndContributionMap":{"test-code":{"insertions":19,"deletions":0}}},{"hash":"4b88d7835ae32a71babf4fe8620864662336d5b5","isMergeCommit":false,"messageTitle":"Add Tests Staff","messageBody":"","fileTypesAndContributionMap":{"test-code":{"insertions":41,"deletions":0}}},{"hash":"066438d0ca65a73b7fb881577572fe89ae3c7e4a","isMergeCommit":true,"messageTitle":"Merge pull request #59 from WhiteBear82/branch-Add-Staff-Command","messageBody":"Branch add staff command","fileTypesAndContributionMap":{}},{"hash":"d13e33c7fd8ea620c136d0f80885d7ed169e86cc","isMergeCommit":true,"messageTitle":"Merge pull request #61 from WhiteBear82/branch-Save-Staff-Json","messageBody":"Branch save staff json","fileTypesAndContributionMap":{}},{"hash":"bbec785ba38d42a0d2bbc4a9e2e0bab739a73a50","isMergeCommit":true,"messageTitle":"Merge pull request #63 from WhiteBear82/branch-Display-Staff-Json","messageBody":"Branch display staff json","fileTypesAndContributionMap":{}},{"hash":"00ee78b5aa031242ad5df0bbe4cf26d4450aca14","isMergeCommit":true,"messageTitle":"Merge pull request #67 from WhiteBear82/branch-Add-Tests-Staff","messageBody":"Branch add tests staff","fileTypesAndContributionMap":{}}]},{"date":"2025-03-13","commitResults":[{"hash":"aa3c443fbaaabf8fa6f0eacca09ea669cb536bec","isMergeCommit":false,"messageTitle":"Change Customer description","messageBody":"","fileTypesAndContributionMap":{"functional-code":{"insertions":6,"deletions":6}}},{"hash":"28a41c0f2310aa390cb649ed0681c57f54c7e73d","isMergeCommit":false,"messageTitle":"Change Customer description","messageBody":"","fileTypesAndContributionMap":{"functional-code":{"insertions":1,"deletions":1}}}]}],"rannn367":[{"date":"2025-03-03","commitResults":[{"hash":"173e5295e2b890c4b8719e07f8c55125eeb399c8","isMergeCommit":true,"messageTitle":"Merge pull request #39 from rannn367/branch-add-alicia-photo","messageBody":"Add alicia photo","fileTypesAndContributionMap":{}},{"hash":"ae2f809b8d67acf902bfea16a4a5313947716e04","isMergeCommit":false,"messageTitle":"Update alicia aboutus","messageBody":"","fileTypesAndContributionMap":{"docs":{"insertions":52,"deletions":6}}},{"hash":"88d3d84300d73a950725263ca0e46823e1caf6d9","isMergeCommit":true,"messageTitle":"Merge pull request #43 from rannn367/branch-update-alicia-aboutus","messageBody":"Update alicia aboutus","fileTypesAndContributionMap":{}},{"hash":"61def6325d9c1b2d4e453e9423c960aca73b8c12","isMergeCommit":true,"messageTitle":"Merge branch \u0027master\u0027 of https://github.com/AY2425S2-CS2103T-T08-3/tp into branch-update-alicia-aboutus # Please enter a commit message to explain why this merge is necessary, # especially if it merges an updated upstream into a topic branch. # # Lines starting with \u0027#\u0027 will be ignored, and an empty message aborts # the commit.","messageBody":"","fileTypesAndContributionMap":{}},{"hash":"4070082e30df5a97ef6ca8016f15da2dc952eea5","isMergeCommit":true,"messageTitle":"Merge branch \u0027master\u0027 of https://github.com/AY2425S2-CS2103T-T08-3/tp into branch-update-alicia-aboutus # Please enter a commit message to explain why this merge is necessary, # especially if it merges an updated upstream into a topic branch. # # Lines starting with \u0027#\u0027 will be ignored, and an empty message aborts # the commit.","messageBody":"","fileTypesAndContributionMap":{}},{"hash":"64608d78b5c2a8f9d792efd906c44787d0184de7","isMergeCommit":true,"messageTitle":"Merge branch \u0027branch-update-alicia-aboutus\u0027","messageBody":"","fileTypesAndContributionMap":{}}]},{"date":"2025-03-10","commitResults":[{"hash":"7d51806f3a5902095c965c0c13603dd09ef70866","isMergeCommit":true,"messageTitle":"Merge branch \u0027master\u0027 of https://github.com/AY2425S2-CS2103T-T08-3/tp","messageBody":"","fileTypesAndContributionMap":{}}]},{"date":"2025-03-13","commitResults":[{"hash":"10bdecb48172bf86abf8967fcbe194f317a87bb0","isMergeCommit":true,"messageTitle":"Merge branch \u0027master\u0027 of https://github.com/AY2425S2-CS2103T-T08-3/tp","messageBody":"","fileTypesAndContributionMap":{}},{"hash":"4a4571213ab646dd946868ac8dcec6f6a8928bae","isMergeCommit":false,"messageTitle":"Add CustomerListPanel and CustomerListCard","messageBody":"","fileTypesAndContributionMap":{"functional-code":{"insertions":167,"deletions":0}}},{"hash":"16c46c532bbf71fdb430b7cb206c509652cc0d5e","isMergeCommit":false,"messageTitle":"Add customer commands to Logic and LogicManager","messageBody":"","fileTypesAndContributionMap":{"functional-code":{"insertions":11,"deletions":1}}},{"hash":"a9a4cada54a67070224c672205b547eb5d250c7e","isMergeCommit":false,"messageTitle":"Add customer sample data","messageBody":"","fileTypesAndContributionMap":{"functional-code":{"insertions":47,"deletions":9}}},{"hash":"4ce0109a82cd9b50809752fc27e4c5b7b57748e1","isMergeCommit":false,"messageTitle":"Add customer to main window","messageBody":"","fileTypesAndContributionMap":{"functional-code":{"insertions":25,"deletions":0}}},{"hash":"c4ca344d8e972f0b26d6c7f74b4f781108f1e93f","isMergeCommit":false,"messageTitle":"Fix customer arguments","messageBody":"","fileTypesAndContributionMap":{"functional-code":{"insertions":4,"deletions":4}}},{"hash":"e2e2dd6c7e8e5082bea2e2cd383358ea56119270","isMergeCommit":false,"messageTitle":"Fix indentation","messageBody":"","fileTypesAndContributionMap":{"functional-code":{"insertions":39,"deletions":39}}},{"hash":"d7560bc9db812c7c2e44d339f2241e8a0ed8af4e","isMergeCommit":false,"messageTitle":"Fix name","messageBody":"","fileTypesAndContributionMap":{"functional-code":{"insertions":2,"deletions":2}}},{"hash":"c8d6b61be0c8313ed001235c210adba8925f81b1","isMergeCommit":false,"messageTitle":"Fix checkstyle","messageBody":"","fileTypesAndContributionMap":{"functional-code":{"insertions":19,"deletions":12},"test-code":{"insertions":4,"deletions":3}}},{"hash":"d19457d0b7e25eeca64f76d381d8617adbf285dd","isMergeCommit":true,"messageTitle":"Merge pull request #88 from rannn367/branch-add-customer-gui","messageBody":"Branch add customer gui","fileTypesAndContributionMap":{}},{"hash":"37a7ba655494391a8a757e8b32385aff5dfb6e6a","isMergeCommit":false,"messageTitle":"Fix checkstyle","messageBody":"","fileTypesAndContributionMap":{"test-code":{"insertions":2,"deletions":0}}},{"hash":"f8799126e19c0fb310e1365e00f0c5f32e8df526","isMergeCommit":false,"messageTitle":"Fix checkstyle","messageBody":"","fileTypesAndContributionMap":{"test-code":{"insertions":0,"deletions":2}}},{"hash":"6ddc3d0a540f994c8b53199a229d32ef7bfb73ab","isMergeCommit":true,"messageTitle":"Merge pull request #91 from rannn367/branch-add-customer-gui","messageBody":"Branch add customer gui","fileTypesAndContributionMap":{}}]}],"Jsjk112344":[{"date":"2025-02-26","commitResults":[{"hash":"41bea0ebd2cc9901d1dfa1b344102b55bd803990","isMergeCommit":true,"messageTitle":"Merge branch \u0027master\u0027 into branch-Add-Justin-Photo","messageBody":"","fileTypesAndContributionMap":{}},{"hash":"6d6bbded4d9eeec2698ea88d34d766d6b705fc21","isMergeCommit":false,"messageTitle":"Update AddCommandParser.java","messageBody":"","fileTypesAndContributionMap":{"functional-code":{"insertions":0,"deletions":1}}}]},{"date":"2025-02-27","commitResults":[{"hash":"d192a0a006fc43eff82eb3dc0e93a25299c99959","isMergeCommit":false,"messageTitle":"Fix unintended changes from conflict resolution","messageBody":"","fileTypesAndContributionMap":{"functional-code":{"insertions":1,"deletions":4},"test-code":{"insertions":7,"deletions":3}}},{"hash":"36b136a19aacf9c67478ea52dd4d3cf53dbb7bdc","isMergeCommit":true,"messageTitle":"Merge pull request #13 from Jsjk112344/branch-Add-Justin-Photo","messageBody":"Branch add justin photo","fileTypesAndContributionMap":{}}]},{"date":"2025-03-03","commitResults":[{"hash":"478fe48cf47f980178258c2a8d25e15c2607df55","isMergeCommit":false,"messageTitle":"Update Justin\u0027s AboutUs page","messageBody":"","fileTypesAndContributionMap":{"docs":{"insertions":51,"deletions":43}}},{"hash":"99a2c142cdbd67666e2ebe6baf9eb00ada57c7c4","isMergeCommit":false,"messageTitle":"add newline to aboutme","messageBody":"","fileTypesAndContributionMap":{"docs":{"insertions":1,"deletions":1}}},{"hash":"398581a155eec4df0d0090a7cdcd1c3425108b93","isMergeCommit":true,"messageTitle":"Merge pull request #25 from WhiteBear82/branch-Add-Victor-AboutUs","messageBody":"Add Victor AboutUs","fileTypesAndContributionMap":{}},{"hash":"6044610463e0947d7c4d5280ff15c6bae9350574","isMergeCommit":true,"messageTitle":"Merge branch \u0027master\u0027 of https://github.com/AY2425S2-CS2103T-T08-3/tp into branch-Justin-AboutUs","messageBody":"","fileTypesAndContributionMap":{}},{"hash":"94845e312221f4b6a26db42ad555b7d6dff20806","isMergeCommit":true,"messageTitle":"Merge pull request #42 from findingfaey/update-aboutus-Yifei","messageBody":"Update AboutUs page with Yifei\u0027s details","fileTypesAndContributionMap":{}},{"hash":"00be72afb6faa6a4aaa6777a7312d83ec595a4c5","isMergeCommit":true,"messageTitle":"Merge pull request #44 from rannn367/branch-update-alicia-aboutus","messageBody":"Update alicia aboutus","fileTypesAndContributionMap":{}}]},{"date":"2025-03-07","commitResults":[{"hash":"206fb8eb2e86b7032424a2785d9eeb49f1da7585","isMergeCommit":false,"messageTitle":"Add Customer class","messageBody":"","fileTypesAndContributionMap":{"functional-code":{"insertions":117,"deletions":0}}},{"hash":"08f02456306bd62df5232beb8bc96d7901e3c411","isMergeCommit":true,"messageTitle":"Merge branch \u0027master\u0027 of https://github.com/AY2425S2-CS2103T-T08-3/tp into branch-Add-Customer","messageBody":"","fileTypesAndContributionMap":{}},{"hash":"65496c13ee7e3dd273d5cb686a8f7d5e076dc34a","isMergeCommit":false,"messageTitle":"fix style issues with customer class","messageBody":"","fileTypesAndContributionMap":{"functional-code":{"insertions":1,"deletions":1}}},{"hash":"148dc5a440c37e1e2eef58c5e21251ad95f92ada","isMergeCommit":false,"messageTitle":"fix customer style","messageBody":"","fileTypesAndContributionMap":{"functional-code":{"insertions":1,"deletions":1}}},{"hash":"eecc895f0cd0a1acc71f05dfd4a250c5ac8f6298","isMergeCommit":false,"messageTitle":"Fix customer according to checkstyle","messageBody":"","fileTypesAndContributionMap":{"functional-code":{"insertions":2,"deletions":1}}}]},{"date":"2025-03-08","commitResults":[{"hash":"f6148e2f0abcc1226989a847fe42612fc6e0e51d","isMergeCommit":false,"messageTitle":"Create CustomerBuilder, TypicalCustomers, and CustomerTests","messageBody":"","fileTypesAndContributionMap":{"test-code":{"insertions":376,"deletions":0}}},{"hash":"36964da96bbb4fc4317d11c7d013e864fc4febe8","isMergeCommit":false,"messageTitle":"fix test failures","messageBody":"","fileTypesAndContributionMap":{"test-code":{"insertions":129,"deletions":152}}},{"hash":"9b07b6b708e3c32f7476ab9f4dcc6dc4500b80c4","isMergeCommit":false,"messageTitle":"Fix test failures","messageBody":"","fileTypesAndContributionMap":{"test-code":{"insertions":67,"deletions":82}}},{"hash":"7a1f3f6351df9441036fd7218cf6dba99dfb5c74","isMergeCommit":false,"messageTitle":"Fix style issues","messageBody":"","fileTypesAndContributionMap":{"test-code":{"insertions":12,"deletions":16}}},{"hash":"1ef2b48e3538cca6fb47be4afba634a74533f3f1","isMergeCommit":true,"messageTitle":"Merge pull request #74 from Jsjk112344/branch-Add-Customer-Test-Utilities","messageBody":"Branch add customer test utilities","fileTypesAndContributionMap":{}}]},{"date":"2025-03-09","commitResults":[{"hash":"8570eea76f56c19de84a3d8feac9e2747f56b8dc","isMergeCommit":false,"messageTitle":"Add utilities to model class for customer","messageBody":"","fileTypesAndContributionMap":{"functional-code":{"insertions":190,"deletions":0}}},{"hash":"6e046ddb87415edb43dea54e75c776fd317c280f","isMergeCommit":false,"messageTitle":"Fix style issues related to customer","messageBody":"","fileTypesAndContributionMap":{"functional-code":{"insertions":12,"deletions":13}}},{"hash":"1a068e419759a122d528e2398ecb4efd74596acb","isMergeCommit":false,"messageTitle":"Add addCustomer Command","messageBody":"","fileTypesAndContributionMap":{"functional-code":{"insertions":225,"deletions":12}}},{"hash":"89cc2b6b93a1de692a6069fd83acb8b1317d54d6","isMergeCommit":false,"messageTitle":"Fix tests with customer","messageBody":"","fileTypesAndContributionMap":{"test-code":{"insertions":67,"deletions":0}}}]},{"date":"2025-03-10","commitResults":[{"hash":"b5cd6752fcbabd5cc8e1e9d07f7dbc24e4bb6bec","isMergeCommit":false,"messageTitle":"Write Tests for customer command","messageBody":"","fileTypesAndContributionMap":{"test-code":{"insertions":262,"deletions":60}}},{"hash":"c8ff1e6bfcbd491657a0d1c913a3d6a2a6c30642","isMergeCommit":false,"messageTitle":"Fix styles issues due to checkstyletest","messageBody":"","fileTypesAndContributionMap":{"test-code":{"insertions":11,"deletions":10}}},{"hash":"a456618d8c92418f81a609368e48c10d7ef42c51","isMergeCommit":false,"messageTitle":"Edit tests","messageBody":"","fileTypesAndContributionMap":{"test-code":{"insertions":0,"deletions":14}}},{"hash":"f73305a182ee9306ae3ce4802af4dfbe3806397d","isMergeCommit":false,"messageTitle":"Add extra tests","messageBody":"","fileTypesAndContributionMap":{"test-code":{"insertions":247,"deletions":0}}},{"hash":"a1c7011875624fbf745add9b7262a01dad5b12ad","isMergeCommit":false,"messageTitle":"Add tests for parser","messageBody":"","fileTypesAndContributionMap":{"test-code":{"insertions":173,"deletions":0}}},{"hash":"43b147589d70d2586414a2cb69033609f2f6bcc9","isMergeCommit":false,"messageTitle":"fix style issues","messageBody":"","fileTypesAndContributionMap":{"test-code":{"insertions":52,"deletions":10}}},{"hash":"12d13820940c4c876a2ce82c67241e062b269c62","isMergeCommit":false,"messageTitle":"Add tests for UniqueCustomerListTest","messageBody":"","fileTypesAndContributionMap":{"test-code":{"insertions":88,"deletions":28}}},{"hash":"0f633bc1ccf83472f62d8d78ae7c934fa1a3478d","isMergeCommit":true,"messageTitle":"Merge pull request #81 from Jsjk112344/branch-Add-Customer-Tests","messageBody":"Branch add customer tests","fileTypesAndContributionMap":{}}]},{"date":"2025-03-12","commitResults":[{"hash":"b8be36a364459355bf5d624b1b13dea1f12d49a4","isMergeCommit":false,"messageTitle":"Update customer to contain customer id","messageBody":"","fileTypesAndContributionMap":{"functional-code":{"insertions":33,"deletions":26},"test-code":{"insertions":70,"deletions":64}}},{"hash":"0744be3bdbea7e46ec867012cc6b50f819f1d405","isMergeCommit":true,"messageTitle":"Merge branch \u0027master\u0027 of https://github.com/AY2425S2-CS2103T-T08-3/tp into addCustomerID","messageBody":"","fileTypesAndContributionMap":{}},{"hash":"beea761619937a119e39b7664b5f680f588e3e2d","isMergeCommit":false,"messageTitle":"update components","messageBody":"","fileTypesAndContributionMap":{"functional-code":{"insertions":11,"deletions":11}}},{"hash":"00accd1b4f3d064720ba61938492eee90271f96d","isMergeCommit":true,"messageTitle":"Merge pull request #86 from Jsjk112344/addCustomerID","messageBody":"Add customer id for customers and remove rating","fileTypesAndContributionMap":{}}]},{"date":"2025-03-13","commitResults":[{"hash":"5f25f7ec3387c42befc6aba163bfbd788fc5240e","isMergeCommit":false,"messageTitle":"Fix bugs due to customerdelete command","messageBody":"","fileTypesAndContributionMap":{"functional-code":{"insertions":2,"deletions":2}}},{"hash":"acc08af0185a0178b86ddeaa66040499420c60d0","isMergeCommit":true,"messageTitle":"Merge pull request #94 from Jsjk112344/fix-delete-command","messageBody":"Fix bugs due to customerdelete command","fileTypesAndContributionMap":{}}]},{"date":"2025-03-14","commitResults":[{"hash":"3b7acff8df33d31dea3f834feafe709415ee3465","isMergeCommit":false,"messageTitle":"Add storage components for customer","messageBody":"","fileTypesAndContributionMap":{"functional-code":{"insertions":14,"deletions":10}}},{"hash":"4c68b7274ba958f34cd6a6598014c1d78f736312","isMergeCommit":true,"messageTitle":"Merge pull request #95 from Jsjk112344/add-customer-storage-components","messageBody":"Add storage components for customer","fileTypesAndContributionMap":{}},{"hash":"5c27610bbfdb530bd29228a5bc19eee7d90f8712","isMergeCommit":false,"messageTitle":"Update GUI to only include staff and customer","messageBody":"","fileTypesAndContributionMap":{"functional-code":{"insertions":73,"deletions":20}}},{"hash":"2aaa5f1ee6b85006343c08262180b24e38e42b70","isMergeCommit":false,"messageTitle":"fix style issues","messageBody":"","fileTypesAndContributionMap":{"functional-code":{"insertions":5,"deletions":5}}},{"hash":"d999c1a6f96ec6aee2192dbe905edfb365ece77c","isMergeCommit":true,"messageTitle":"Merge pull request #97 from Jsjk112344/Update-Ui-Staff-Customer-Only","messageBody":"Update GUI to only include staff and customer","fileTypesAndContributionMap":{}}]}]},"authorFileTypeContributionMap":{"loyaltypollution":{"docs":34,"functional-code":88,"test-code":235,"other":15},"findingfaey":{"docs":57,"functional-code":274,"test-code":13},"WhiteBear82":{"docs":827,"functional-code":992,"test-code":1250},"rannn367":{"docs":52,"functional-code":234,"test-code":4},"Jsjk112344":{"docs":52,"functional-code":596,"test-code":1112}},"authorContributionVariance":{"loyaltypollution":61132.426,"findingfaey":4695.6284,"WhiteBear82":211547.9,"rannn367":6719.248,"Jsjk112344":72022.23},"authorDisplayNameMap":{"loyaltypollution":"CS2103T-T08-3 LIM ..RREN","findingfaey":"CS2103T-T08-3 YANG.. FEI","WhiteBear82":"CS2103T-T08-3 VICT..RONG","rannn367":"CS2103T-T08-3 ALIC.. RAN","Jsjk112344":"CS2103T-T08-3 JUST..KHYE"}}
