{"authorDailyContributionsMap":{"themintchoco":[{"date":"2025-02-26","commitResults":[{"hash":"acc898e0fd8ba79307641b700479343d909e2d49","isMergeCommit":false,"messageTitle":"Add Roy\u0027s info in About Us page","messageBody":"","fileTypesAndContributionMap":{"docs":{"insertions":4,"deletions":44}}}]},{"date":"2025-02-28","commitResults":[{"hash":"aecdcc44a350ef320ee23211624541643457ff2f","isMergeCommit":true,"messageTitle":"Merge branch \u0027master\u0027 into add-roy-about-us-info","messageBody":"","fileTypesAndContributionMap":{}}]},{"date":"2025-03-01","commitResults":[{"hash":"ad718a126f834c0fa6c7e3ee5f2310750c1d8fb8","isMergeCommit":true,"messageTitle":"Merge pull request #35 from SociallyIneptWeeb/acknowledge-source","messageBody":"Acknowledge original source of code","fileTypesAndContributionMap":{}}]},{"date":"2025-03-03","commitResults":[{"hash":"e8eabc5de111f6712718cab0afa7254ce61abe21","isMergeCommit":false,"messageTitle":"Update README to align with product","messageBody":"","fileTypesAndContributionMap":{"docs":{"insertions":15,"deletions":12}}},{"hash":"0210d2793bd31d6c5ecaea1681559b738999da7a","isMergeCommit":false,"messageTitle":"Update glossary with relevant terms to Tutorly","messageBody":"","fileTypesAndContributionMap":{"docs":{"insertions":4,"deletions":2}}}]},{"date":"2025-03-04","commitResults":[{"hash":"083a228fae2c0914220b773e22727fd643b1a61c","isMergeCommit":false,"messageTitle":"Update docs to align with project","messageBody":"","fileTypesAndContributionMap":{"docs":{"insertions":9,"deletions":8}}},{"hash":"4a779ddf3e32590424ebedd02d11bfcde4016418","isMergeCommit":false,"messageTitle":"Replace references of AB3 with Tutorly","messageBody":"","fileTypesAndContributionMap":{"docs":{"insertions":10,"deletions":10}}},{"hash":"a5f3786060ad5e63a1dcb62de368ca3ec7c6b40b","isMergeCommit":true,"messageTitle":"Merge pull request #53 from SociallyIneptWeeb/refactor-find-to-search","messageBody":"Refactor command from find to search","fileTypesAndContributionMap":{}}]},{"date":"2025-03-12","commitResults":[{"hash":"6a43f1410f33dbca577a77312dcfe749f119cf95","isMergeCommit":true,"messageTitle":"Merge pull request #65 from Zhannyhong/add-memo-field","messageBody":"Create new memo field for Student","fileTypesAndContributionMap":{}}]},{"date":"2025-03-13","commitResults":[{"hash":"a3bde87a10e384273dee45577d82a7e42d1c136a","isMergeCommit":false,"messageTitle":"Add memo field to Edit command","messageBody":"","fileTypesAndContributionMap":{"functional-code":{"insertions":14,"deletions":8}}},{"hash":"231e750a9b5c29c6ee5ca52efdcf50d4676cd22d","isMergeCommit":false,"messageTitle":"Update tests for editing of memo","messageBody":"","fileTypesAndContributionMap":{"test-code":{"insertions":25,"deletions":2}}},{"hash":"30befcab46cfcd0c12b44ff8cec30e9b2addc4fd","isMergeCommit":true,"messageTitle":"Merge pull request #70 from Zhannyhong/make-add-fields-optional","messageBody":"Make fields optional apart from name","fileTypesAndContributionMap":{}},{"hash":"9e10d35f58f7de810dbd0da8ea306e50460ff96b","isMergeCommit":true,"messageTitle":"Merge branch \u0027master\u0027 into edit-memo","messageBody":"","fileTypesAndContributionMap":{}}]},{"date":"2025-03-19","commitResults":[{"hash":"1051486483bc64c168b032e3b6cb02069052bc4e","isMergeCommit":false,"messageTitle":"Add unique list","messageBody":"","fileTypesAndContributionMap":{"functional-code":{"insertions":173,"deletions":0}}},{"hash":"c9c21ee0f62eb017437647b0363ba68a93c34622","isMergeCommit":false,"messageTitle":"Implement attendance record","messageBody":"","fileTypesAndContributionMap":{"functional-code":{"insertions":178,"deletions":24},"test-code":{"insertions":20,"deletions":17}}},{"hash":"c955a44b9bbf4174e3503d2a39ee60d3586ada23","isMergeCommit":false,"messageTitle":"Add some tests","messageBody":"","fileTypesAndContributionMap":{"functional-code":{"insertions":1,"deletions":1},"test-code":{"insertions":41,"deletions":2}}},{"hash":"0eb46bc2598638378bd6e97cdd2032b00b18847b","isMergeCommit":false,"messageTitle":"Persist student id","messageBody":"","fileTypesAndContributionMap":{"functional-code":{"insertions":16,"deletions":4},"test-code":{"insertions":57,"deletions":19}}},{"hash":"83b902736d0242ae618da92e423b882fdf1c387e","isMergeCommit":false,"messageTitle":"Fix student id reset after edit","messageBody":"","fileTypesAndContributionMap":{"functional-code":{"insertions":3,"deletions":1}}},{"hash":"b88310e4c9d797810dbecbe15c6acd73d9aacf65","isMergeCommit":true,"messageTitle":"Merge pull request #101 from SociallyIneptWeeb/search-by-phone","messageBody":"Add search by phone field","fileTypesAndContributionMap":{}}]},{"date":"2025-03-20","commitResults":[{"hash":"6117b1cfd9c1d1d0ae50cf974913813d7517f417","isMergeCommit":true,"messageTitle":"Merge branch \u0027master\u0027 into implement-attendance-record","messageBody":"","fileTypesAndContributionMap":{}}]},{"date":"2025-03-22","commitResults":[{"hash":"9838c3efb462f21fdd54e117c62ecefb52a8a6b5","isMergeCommit":true,"messageTitle":"Merge pull request #105 from Neilchen863/Persesitent-Sessions","messageBody":"Persist sessions","fileTypesAndContributionMap":{}},{"hash":"1dd0cbd9b5afbad36dea3af85f8540fa50b1cc7f","isMergeCommit":true,"messageTitle":"Merge branch \u0027master\u0027 into implement-attendance-record","messageBody":"","fileTypesAndContributionMap":{}},{"hash":"d61754427d8bd7cc8a760fffb3a2da572f6824f9","isMergeCommit":false,"messageTitle":"Update tests for session and attendance records","messageBody":"","fileTypesAndContributionMap":{"functional-code":{"insertions":21,"deletions":30},"other":{"insertions":47,"deletions":2},"test-code":{"insertions":199,"deletions":57}}},{"hash":"0b12b7276171d245e49894e8e19e420f94b678dc","isMergeCommit":false,"messageTitle":"Add tests for UniqueAttendanceRecordList","messageBody":"","fileTypesAndContributionMap":{"test-code":{"insertions":177,"deletions":0}}},{"hash":"b4f535762266acf83d3fab75ce5021c5d6c6b0c0","isMergeCommit":false,"messageTitle":"Update method types in AttendanceRecordBuilder","messageBody":"","fileTypesAndContributionMap":{"test-code":{"insertions":3,"deletions":2}}},{"hash":"8622bcf4e57a0b19d1bbf2230954427ec075f791","isMergeCommit":true,"messageTitle":"Merge pull request #111 from SociallyIneptWeeb/search-by-session-id","messageBody":"Search for students attending a session","fileTypesAndContributionMap":{}},{"hash":"70adb84227b14d77d87b9e1dbc7c0a2bc4374652","isMergeCommit":false,"messageTitle":"Refactor filters","messageBody":"","fileTypesAndContributionMap":{"functional-code":{"insertions":160,"deletions":175},"other":{"insertions":21,"deletions":17},"test-code":{"insertions":307,"deletions":484}}},{"hash":"69327d1934ea0734366f9fda9bea1682412ff247","isMergeCommit":false,"messageTitle":"Refactor UniquePersonList and UniqueSessionList to use the generic UniqueList","messageBody":"","fileTypesAndContributionMap":{"functional-code":{"insertions":24,"deletions":296},"test-code":{"insertions":32,"deletions":33}}},{"hash":"08da9f99c245e31016bf6a5cc218811670cb4165","isMergeCommit":true,"messageTitle":"Merge branch \u0027master\u0027 into refactor-filters","messageBody":"","fileTypesAndContributionMap":{}}]},{"date":"2025-03-23","commitResults":[{"hash":"3bfde29f75bc6ea30a398fd0e3b1ebcb5b968b6f","isMergeCommit":false,"messageTitle":"Remove unused import","messageBody":"","fileTypesAndContributionMap":{"functional-code":{"insertions":0,"deletions":2}}}]},{"date":"2025-03-25","commitResults":[{"hash":"953c7d1af51a11c36f60bb6c9dc452666f506b93","isMergeCommit":false,"messageTitle":"Implement subcommands and parser","messageBody":"","fileTypesAndContributionMap":{"functional-code":{"insertions":117,"deletions":55},"other":{"insertions":140,"deletions":125},"test-code":{"insertions":77,"deletions":74}}},{"hash":"39353d783bfb02406660a9271b90acdec93609b5","isMergeCommit":true,"messageTitle":"Merge pull request #122 from Zhannyhong/parse-id-name","messageBody":"Create utility function to parse student ID and name","fileTypesAndContributionMap":{}},{"hash":"98e8c5a66bee47a68dea6382800dae2bea66d342","isMergeCommit":true,"messageTitle":"Merge branch \u0027master\u0027 into multilevel-command-parser","messageBody":"","fileTypesAndContributionMap":{}}]},{"date":"2025-03-26","commitResults":[{"hash":"8809bc195a834728b52b2a139902a373e74b9770","isMergeCommit":false,"messageTitle":"Add tabs and session UI","messageBody":"","fileTypesAndContributionMap":{"functional-code":{"insertions":449,"deletions":74},"other":{"insertions":1,"deletions":1},"test-code":{"insertions":29,"deletions":1}}},{"hash":"b3993194ff9e490481e425807f05c053fae21104","isMergeCommit":true,"messageTitle":"Merge branch \u0027master\u0027 into sessions-ui","messageBody":"","fileTypesAndContributionMap":{}},{"hash":"b491bfbd7c273ebcd0559be9d793da42b89a3d0b","isMergeCommit":false,"messageTitle":"Update CommandResult tab to use Optional","messageBody":"","fileTypesAndContributionMap":{"functional-code":{"insertions":36,"deletions":7}}},{"hash":"6117661706719468d43e3e18aec5fede9dc5a525","isMergeCommit":false,"messageTitle":"Update tests for CommandResult","messageBody":"","fileTypesAndContributionMap":{"test-code":{"insertions":22,"deletions":5}}}]}],"nickt121":[{"date":"2025-02-25","commitResults":[{"hash":"1c15ecf8c4cd554d06d4043ffbb1bc7a326559a0","isMergeCommit":false,"messageTitle":"Add nickie\u0027s info in About Us page","messageBody":"","fileTypesAndContributionMap":{"docs":{"insertions":4,"deletions":44}}}]},{"date":"2025-03-01","commitResults":[{"hash":"94118bdded706907177fa1a8c3a86066dcf5af84","isMergeCommit":true,"messageTitle":"Merge branch \u0027master\u0027 of https://github.com/nickt121/tp into add-nickie-about-us-info","messageBody":"","fileTypesAndContributionMap":{}},{"hash":"a4c5321b6d467560da231a3061182999236f6e7d","isMergeCommit":true,"messageTitle":"Merge branch \u0027master\u0027 into add-nickie-about-us-info","messageBody":"","fileTypesAndContributionMap":{}},{"hash":"dbd64abfda7a18222b355127ba5ae31e17b51596","isMergeCommit":true,"messageTitle":"Merge pull request #36 from SociallyIneptWeeb/site-wide-settings","messageBody":"Update top navigation bar of project website","fileTypesAndContributionMap":{}}]},{"date":"2025-03-04","commitResults":[{"hash":"f3735ab7397f22a6cbc9742d3035e0721aad5e37","isMergeCommit":false,"messageTitle":"Update DG with non-functional requirements","messageBody":"","fileTypesAndContributionMap":{"docs":{"insertions":5,"deletions":3}}}]},{"date":"2025-03-05","commitResults":[{"hash":"954e3c27c6509d6da7d0c620302ce8136ad83f15","isMergeCommit":false,"messageTitle":"Update NFRs with more concrete actionable steps","messageBody":"","fileTypesAndContributionMap":{"docs":{"insertions":5,"deletions":6}}}]},{"date":"2025-03-13","commitResults":[{"hash":"6ab3aeb7175fa1d5effe4343da71f815a8e4dcef","isMergeCommit":false,"messageTitle":"Add archive feature to delete command","messageBody":"","fileTypesAndContributionMap":{"functional-code":{"insertions":4,"deletions":1}}},{"hash":"8a4f5513a4a80fcb966a7dabe22a26fc596c1248","isMergeCommit":false,"messageTitle":"add restore command and restore feature","messageBody":"","fileTypesAndContributionMap":{"functional-code":{"insertions":134,"deletions":0}}},{"hash":"061bef093a71a3ab0e0c440355b5f42d323b2574","isMergeCommit":true,"messageTitle":"Merge pull request #68 from Neilchen863/add-session-class","messageBody":"Create Session class","fileTypesAndContributionMap":{}}]},{"date":"2025-03-18","commitResults":[{"hash":"d3a9ea41aa9fd6fc0e6491497f5cf0eab9c7282e","isMergeCommit":true,"messageTitle":"Merge pull request #85 from SociallyIneptWeeb/search-partial-match-allowed","messageBody":"Relax search command to allow partial match","fileTypesAndContributionMap":{}},{"hash":"90c9c914178284a27f06f492ecc6ead8095d68a5","isMergeCommit":false,"messageTitle":"Add run task to gradle file","messageBody":"","fileTypesAndContributionMap":{"other":{"insertions":4,"deletions":0}}},{"hash":"7b42f32482112b30a30aa0f8985e01242c8688f9","isMergeCommit":false,"messageTitle":"Add new AttendanceRecord class to track attendance","messageBody":"","fileTypesAndContributionMap":{"functional-code":{"insertions":36,"deletions":0}}},{"hash":"6f5652b0440beb59be88bf1d85d5e9b5f4115271","isMergeCommit":false,"messageTitle":"Add methods to AttendanceRecord","messageBody":"","fileTypesAndContributionMap":{"functional-code":{"insertions":37,"deletions":0}}},{"hash":"e8c0c2fa5ad6e4e8708f8177dfccc8abfba08bf4","isMergeCommit":false,"messageTitle":"Update AttendanceRecord to not allow null values","messageBody":"","fileTypesAndContributionMap":{"functional-code":{"insertions":5,"deletions":0}}},{"hash":"4bdf5f2c6ff88592bff97e9c18ea7040247754ee","isMergeCommit":false,"messageTitle":"Add test cases for AttendanceRecord","messageBody":"","fileTypesAndContributionMap":{"test-code":{"insertions":38,"deletions":0}}},{"hash":"47f0d70fbd3861a37e2c0d0e2d4d1cff16100d5a","isMergeCommit":false,"messageTitle":"Add equals and toString tests for AttendanceRecord","messageBody":"","fileTypesAndContributionMap":{"test-code":{"insertions":22,"deletions":0}}},{"hash":"3ff4d1cdd7246fcd2af0c5e58d9fc07c8b52e77a","isMergeCommit":false,"messageTitle":"Fix toString test in AttendanceRecord","messageBody":"","fileTypesAndContributionMap":{"test-code":{"insertions":4,"deletions":4}}},{"hash":"7593329b9e5ced0fbd030c9b7c148b986951c2b5","isMergeCommit":false,"messageTitle":"Add test case for different object equality","messageBody":"","fileTypesAndContributionMap":{"test-code":{"insertions":6,"deletions":0}}}]},{"date":"2025-03-20","commitResults":[{"hash":"7255c5496cf0be7c3b049fe2b0f85ed1d7a93c55","isMergeCommit":true,"messageTitle":"Merge branch \u0027master\u0027 into add-unarchive-command","messageBody":"","fileTypesAndContributionMap":{}}]},{"date":"2025-03-22","commitResults":[{"hash":"f179c590aa84c2bdec52c04d43339e94f9850ffb","isMergeCommit":false,"messageTitle":"add logic to restore by archived persons user ID","messageBody":"","fileTypesAndContributionMap":{"functional-code":{"insertions":29,"deletions":7}}},{"hash":"357eb6ce06d15ca501990fd31443184f76b83531","isMergeCommit":false,"messageTitle":"update model stubs in test to ensure override","messageBody":"","fileTypesAndContributionMap":{"test-code":{"insertions":19,"deletions":0}}},{"hash":"2bce5549be2e7b143ad19677b2d72850a5b7044c","isMergeCommit":false,"messageTitle":"add test cases for tostring and equals","messageBody":"","fileTypesAndContributionMap":{"test-code":{"insertions":62,"deletions":0}}},{"hash":"57f0fd3c8e07374d2fcf2434e0aabd926db2c27c","isMergeCommit":false,"messageTitle":"fix import order","messageBody":"","fileTypesAndContributionMap":{"functional-code":{"insertions":1,"deletions":1}}},{"hash":"b79331296b70f000188689d01727fecfe6d602de","isMergeCommit":true,"messageTitle":"Merge branch \u0027master\u0027 into add-unarchive-command","messageBody":"","fileTypesAndContributionMap":{}},{"hash":"bbe0634a261f963fb989079b84f262f03b0bec9b","isMergeCommit":false,"messageTitle":"change import to match new changes in upstream","messageBody":"","fileTypesAndContributionMap":{"test-code":{"insertions":2,"deletions":1}}},{"hash":"2357dddedd2e7cd6160e101637223df5616147ca","isMergeCommit":false,"messageTitle":"fix import order","messageBody":"","fileTypesAndContributionMap":{"test-code":{"insertions":1,"deletions":2}}},{"hash":"4bd06055596590aff8a54ea4fee6c6e7fb06672c","isMergeCommit":false,"messageTitle":"add restorecommandparser tests","messageBody":"","fileTypesAndContributionMap":{"test-code":{"insertions":24,"deletions":0}}},{"hash":"a98329b1e876c2ec67eed31cee20634dacac455e","isMergeCommit":false,"messageTitle":"add test for restore command for adressbookparser","messageBody":"","fileTypesAndContributionMap":{"test-code":{"insertions":6,"deletions":0}}},{"hash":"0c2fad08e9b12f4339d8e66a4eac06c11646ec3d","isMergeCommit":false,"messageTitle":"fix code style","messageBody":"","fileTypesAndContributionMap":{"test-code":{"insertions":1,"deletions":1}}},{"hash":"f3f97c666b0e85bc3e80833293adcbd52d2adf08","isMergeCommit":true,"messageTitle":"Merge branch \u0027master\u0027 into add-unarchive-command","messageBody":"","fileTypesAndContributionMap":{}},{"hash":"d045c968c6266576f8cea9c3b82191df114b8a8b","isMergeCommit":false,"messageTitle":"update stub of predicatefiltertest model","messageBody":"","fileTypesAndContributionMap":{"test-code":{"insertions":10,"deletions":0}}},{"hash":"4c3c046a3536eb59f907d059f9559c1b45946bf3","isMergeCommit":false,"messageTitle":"remove debug print statements","messageBody":"","fileTypesAndContributionMap":{"functional-code":{"insertions":0,"deletions":2}}},{"hash":"241c63f80476f32471e789c30f23e6a3b5e90f72","isMergeCommit":false,"messageTitle":"remove debug print statements","messageBody":"","fileTypesAndContributionMap":{"test-code":{"insertions":0,"deletions":1}}},{"hash":"a9ba89e8ab8842e2334f87641df264e82dfd2d61","isMergeCommit":false,"messageTitle":"minor changes","messageBody":"","fileTypesAndContributionMap":{"functional-code":{"insertions":10,"deletions":10},"test-code":{"insertions":1,"deletions":1}}},{"hash":"3540d9fdaca99236831274f661b26104e79cda98","isMergeCommit":true,"messageTitle":"Merge pull request #112 from nickt121/add-unarchive-command","messageBody":"Add restore command","fileTypesAndContributionMap":{}},{"hash":"55d3f493c7ecb69e15601e9799a928e0f429a94e","isMergeCommit":true,"messageTitle":"Merge pull request #113 from SociallyIneptWeeb/update-subject-prefix","messageBody":"Update subject prefix","tags":["v1.3"],"fileTypesAndContributionMap":{}}]},{"date":"2025-03-25","commitResults":[{"hash":"540553b6697e8bd5e72e0442ae84dd8e9fef133d","isMergeCommit":true,"messageTitle":"Merge pull request #121 from SociallyIneptWeeb/assign-student-command","messageBody":"Add assign student command","fileTypesAndContributionMap":{}}]}],"Neilchen863":[{"date":"2025-02-25","commitResults":[{"hash":"4c93786ee11a250fbbbb07653c53388de24fcf77","isMergeCommit":false,"messageTitle":"Add Jiahao\u0027s info in About Us page","messageBody":"","fileTypesAndContributionMap":{"docs":{"insertions":5,"deletions":45}}},{"hash":"16d4e5ce115221135d87950fe214d1b38048036b","isMergeCommit":false,"messageTitle":"Update AboutUs.md with Jiahao\u0027s info","messageBody":"","fileTypesAndContributionMap":{"docs":{"insertions":1,"deletions":0}}}]},{"date":"2025-02-26","commitResults":[{"hash":"c710ac99d58e37c21033035877e49b99329b03cb","isMergeCommit":true,"messageTitle":"Merge pull request #10 from Zhannyhong/add-zhanhong-about-us-info","messageBody":"Add Zhan Hong\u0027s info in About Us page","fileTypesAndContributionMap":{}},{"hash":"999ba484d12b998dcd2a1c32592c6c8fe311e751","isMergeCommit":true,"messageTitle":"Merge pull request #7 from Zhannyhong/add-zhanhong-photo","messageBody":"Add Zhan Hong\u0027s Photo","fileTypesAndContributionMap":{}}]},{"date":"2025-02-27","commitResults":[{"hash":"a48e8261c8718dcc098b7bca2c79b5649aff0dab","isMergeCommit":true,"messageTitle":"Merge branch \u0027master\u0027 into add-jiahao-about-us-info","messageBody":"","fileTypesAndContributionMap":{}},{"hash":"4e14326ca77c0110343ec74328ba1d42bf4a46a2","isMergeCommit":true,"messageTitle":"Merge pull request #14 from Neilchen863/add-jiahao-about-us-info","messageBody":"Add Jiahao\u0027s info in About Us page ","fileTypesAndContributionMap":{}}]},{"date":"2025-03-01","commitResults":[{"hash":"c3776b55116a03a87e61f0d5388d8ed726d4bc77","isMergeCommit":true,"messageTitle":"Merge pull request #37 from SociallyIneptWeeb/target-profile-value","messageBody":"Update target profile and value proposition","fileTypesAndContributionMap":{}}]},{"date":"2025-03-02","commitResults":[{"hash":"85002c6df44b59ad7ad529e5055eab5d7ec2e12a","isMergeCommit":false,"messageTitle":"Update DG with use cases","messageBody":"","fileTypesAndContributionMap":{"docs":{"insertions":127,"deletions":14}}}]},{"date":"2025-03-04","commitResults":[{"hash":"78f37a62ca6c935200bdd41b48d0fdcb18ee8644","isMergeCommit":true,"messageTitle":"Merge pull request #49 from themintchoco/add-glossary","messageBody":"Update glossary with relevant terms to Tutorly","fileTypesAndContributionMap":{}}]},{"date":"2025-03-11","commitResults":[{"hash":"aedef72542f35b724990beb8ae2fe1ef7af4a421","isMergeCommit":true,"messageTitle":"Merge pull request #60 from SociallyIneptWeeb/add-search-query-param","messageBody":"Add name query parameter for search command","fileTypesAndContributionMap":{}}]},{"date":"2025-03-13","commitResults":[{"hash":"b4aed33caa194ff8a3ee04093822c7faa4142117","isMergeCommit":false,"messageTitle":"Create Session class","messageBody":"","fileTypesAndContributionMap":{"functional-code":{"insertions":50,"deletions":0}}},{"hash":"712849d933a7a96a7e2c1412f8b13684c6b363fb","isMergeCommit":false,"messageTitle":"Update Session class","messageBody":"","fileTypesAndContributionMap":{"functional-code":{"insertions":5,"deletions":6}}},{"hash":"79b39f4acb386bf8a66eae273d73e71f3bf09838","isMergeCommit":false,"messageTitle":"Update style","messageBody":"","fileTypesAndContributionMap":{"functional-code":{"insertions":2,"deletions":2}}},{"hash":"4002092036b2587da6334d7e0d0a39d15b6473dd","isMergeCommit":false,"messageTitle":"Update SessionTest","messageBody":"","fileTypesAndContributionMap":{"test-code":{"insertions":42,"deletions":0}}},{"hash":"b12389b0c0974f097ce062ec72951e0bc20fcbb3","isMergeCommit":false,"messageTitle":"Update Style","messageBody":"","fileTypesAndContributionMap":{"test-code":{"insertions":6,"deletions":1}}},{"hash":"56786e2eeaddb6c97fb2517b055270d8638b94ef","isMergeCommit":false,"messageTitle":"Update Style","messageBody":"","fileTypesAndContributionMap":{"test-code":{"insertions":5,"deletions":4}}},{"hash":"c60ad9295aa75d9df3833f77907e2ad6e66567b4","isMergeCommit":false,"messageTitle":"Update Style","messageBody":"","fileTypesAndContributionMap":{"test-code":{"insertions":2,"deletions":5}}}]},{"date":"2025-03-16","commitResults":[{"hash":"10e1c59c90f61ba8da0fa96bfcc6bf576d2ad99c","isMergeCommit":false,"messageTitle":"Add subject and sessionId to session","messageBody":"","fileTypesAndContributionMap":{"functional-code":{"insertions":28,"deletions":5},"test-code":{"insertions":18,"deletions":7}}},{"hash":"3c0d03ca3140cfecfbb3654a1db426e5919a53b0","isMergeCommit":false,"messageTitle":"Add newline at EOF of Session.java and SessionTest.java","messageBody":"","fileTypesAndContributionMap":{"functional-code":{"insertions":1,"deletions":1},"test-code":{"insertions":1,"deletions":1}}},{"hash":"6a31724a07ed42344201911d5a54058f41ae584f","isMergeCommit":false,"messageTitle":"Split lines that exceed 120 characters of Session.java","messageBody":"","fileTypesAndContributionMap":{"functional-code":{"insertions":2,"deletions":1}}},{"hash":"8bf088ddae903fc0b3dd3b28bc9e5cdde1ff4833","isMergeCommit":false,"messageTitle":"Split lines that exceed 120 characters of SessionTest.java","messageBody":"","fileTypesAndContributionMap":{"test-code":{"insertions":2,"deletions":1}}},{"hash":"b01e0d0b4f2992db3a2f4365a19ea8ef699dedd8","isMergeCommit":false,"messageTitle":"Update the javadoc of Session.java to include subject","messageBody":"","fileTypesAndContributionMap":{"functional-code":{"insertions":1,"deletions":0}}},{"hash":"a0f9e1d53ac3e47e5c28f630adf7398b0b3bebc0","isMergeCommit":true,"messageTitle":"Merge pull request #83 from Zhannyhong/assign-student-id","messageBody":"Assign student ID for every new student added","fileTypesAndContributionMap":{}}]},{"date":"2025-03-18","commitResults":[{"hash":"b883998c81e17f417a494acc4f56bb2c6d294f97","isMergeCommit":false,"messageTitle":"Add CreateSessionCommand.java","messageBody":"","fileTypesAndContributionMap":{"functional-code":{"insertions":75,"deletions":0}}},{"hash":"fca231fabb5590d92487ddfd2e1282ec55fcb634","isMergeCommit":false,"messageTitle":"Add UniqueSessionList.java","messageBody":"","fileTypesAndContributionMap":{"functional-code":{"insertions":143,"deletions":1}}},{"hash":"5cdf2e39eacda5fe79b7c2fb6b6634a604499ad8","isMergeCommit":false,"messageTitle":"Handle exceptions","messageBody":"","fileTypesAndContributionMap":{"functional-code":{"insertions":17,"deletions":0}}},{"hash":"8ab68cd6dc1c1c33d417d9a13bc1af32b619081a","isMergeCommit":false,"messageTitle":"Make Session tracked by Model and AddressBook","messageBody":"","fileTypesAndContributionMap":{"functional-code":{"insertions":102,"deletions":7},"test-code":{"insertions":11,"deletions":0}}},{"hash":"090deb61ce8b9f87745e62cbd3de11a449e1dab9","isMergeCommit":false,"messageTitle":"Add isSameSession to Session.java and move it under session package","messageBody":"","fileTypesAndContributionMap":{"other":{"insertions":11,"deletions":1},"test-code":{"insertions":2,"deletions":0}}},{"hash":"b17e6e24a66b868869887b2ed7dfdc39eee1d394","isMergeCommit":true,"messageTitle":"Merge branch \u0027master\u0027 into Add-CreateSessionCommand","messageBody":"","fileTypesAndContributionMap":{}}]},{"date":"2025-03-20","commitResults":[{"hash":"dda1a5e6f31c0972840b27910366c319535fe35f","isMergeCommit":false,"messageTitle":"Delete the trailing white space in AddressBook.java","messageBody":"","fileTypesAndContributionMap":{"functional-code":{"insertions":1,"deletions":1}}},{"hash":"ab7c3fbd001381dc8a1998f6d2b0ce7c58896527","isMergeCommit":false,"messageTitle":"Update the import path of Session in AttendanceRecord.java","messageBody":"","fileTypesAndContributionMap":{"functional-code":{"insertions":1,"deletions":1},"test-code":{"insertions":1,"deletions":1}}},{"hash":"71facf40f9e7136d15729168f1a9510538ddb9cd","isMergeCommit":false,"messageTitle":"Change the isEqualSession method to equals which compare the values of the fields.","messageBody":"","fileTypesAndContributionMap":{"functional-code":{"insertions":15,"deletions":6}}},{"hash":"499fd82ff162302a3a08dd1ce36266bb76bd14db","isMergeCommit":false,"messageTitle":"Update the isEqualSession method to equals in UniqueSessionList.java","messageBody":"","fileTypesAndContributionMap":{"functional-code":{"insertions":4,"deletions":4}}},{"hash":"b195db60aebd3d30141564d8e6d55ce7785a4552","isMergeCommit":false,"messageTitle":"Update the style issues","messageBody":"","fileTypesAndContributionMap":{"functional-code":{"insertions":5,"deletions":7}}},{"hash":"75e17084bc9790cd73f6c4d89efcb4d989d02fd6","isMergeCommit":false,"messageTitle":"Implement the abstract getSessionList method in AttendanceRecordTest.java and update import order","messageBody":"","fileTypesAndContributionMap":{"test-code":{"insertions":7,"deletions":1}}},{"hash":"cd315d5945b47d54dee1b12aec2a5df5a23d7177","isMergeCommit":false,"messageTitle":"Update the toStringMethod test in AddressBookTest.java to include sessions expression","messageBody":"","fileTypesAndContributionMap":{"test-code":{"insertions":9,"deletions":1}}},{"hash":"b92ef8a82762d5fac86e041d7c51a707308ade11","isMergeCommit":false,"messageTitle":"Write test class for CreateSessionCommandTest.java and add session related test functions","messageBody":"","fileTypesAndContributionMap":{"test-code":{"insertions":405,"deletions":69}}},{"hash":"48c478726456d53a762ae7d0b83df7ba4f7b3807","isMergeCommit":false,"messageTitle":"Add EOF to AddressBookTest.java","messageBody":"","fileTypesAndContributionMap":{"test-code":{"insertions":1,"deletions":1}}},{"hash":"07ea632d3f6188d8bbd195680bf629e3afe65043","isMergeCommit":false,"messageTitle":"Update the style issues to all the test classes","messageBody":"","fileTypesAndContributionMap":{"test-code":{"insertions":50,"deletions":46}}},{"hash":"7a2bd675e186404906107a9e17ba18635085ef87","isMergeCommit":false,"messageTitle":"update the import order of UniqueSessionListTest.java","messageBody":"","fileTypesAndContributionMap":{"test-code":{"insertions":6,"deletions":6}}},{"hash":"f12a6e8bd311ed7ec315a7adfdfe7be105046761","isMergeCommit":false,"messageTitle":"update the import order of UniqueSessionListTest.java","messageBody":"","fileTypesAndContributionMap":{"test-code":{"insertions":3,"deletions":3}}},{"hash":"8335060080601f619fe9a833834f37b725366c8a","isMergeCommit":false,"messageTitle":"update the import order of UniqueSessionListTest.java","messageBody":"","fileTypesAndContributionMap":{"test-code":{"insertions":1,"deletions":3}}},{"hash":"c201b69331e8313a1e2fe8a3b6ad904d05821110","isMergeCommit":false,"messageTitle":"update the import order of UniqueSessionListTest.java","messageBody":"","fileTypesAndContributionMap":{"test-code":{"insertions":2,"deletions":1}}},{"hash":"68cf47cf439967ae86100455c3e180577a10c203","isMergeCommit":false,"messageTitle":"update the import order of UniqueSessionListTest.java","messageBody":"","fileTypesAndContributionMap":{"test-code":{"insertions":1,"deletions":0}}},{"hash":"cb9566486aab8c0db038d17c24a7a9856873518c","isMergeCommit":false,"messageTitle":"update the import order of UniqueSessionListTest.java","messageBody":"","fileTypesAndContributionMap":{"test-code":{"insertions":1,"deletions":2}}},{"hash":"4047dd07eeb219df0c4080e2f6377114bfd89d3b","isMergeCommit":false,"messageTitle":"update the import order of UniqueSessionListTest.java","messageBody":"","fileTypesAndContributionMap":{"test-code":{"insertions":1,"deletions":1}}},{"hash":"e51b223febe0b4ae97fdc01ec3b93c777b45c90f","isMergeCommit":false,"messageTitle":"Include hashcode and toString test method in UniqueSessionListTest.java","messageBody":"","fileTypesAndContributionMap":{"test-code":{"insertions":37,"deletions":0}}}]},{"date":"2025-03-21","commitResults":[{"hash":"9366f3b90658b581e7390d56c000b146a6af82e6","isMergeCommit":false,"messageTitle":"Remove the studentId from the Session and make SessionID effectively final","messageBody":"","fileTypesAndContributionMap":{"functional-code":{"insertions":27,"deletions":23},"test-code":{"insertions":3,"deletions":4}}},{"hash":"011e0e5ca254af17ac2204bd9b2a868e0ef001c8","isMergeCommit":false,"messageTitle":"Make session persistent","messageBody":"","fileTypesAndContributionMap":{"functional-code":{"insertions":88,"deletions":3}}},{"hash":"32df4462b2d9703aa6c58ddc3739ff0b138debe5","isMergeCommit":false,"messageTitle":"Make JsonAdaptedSession and the setSessionID be covered by tests","messageBody":"","fileTypesAndContributionMap":{"test-code":{"insertions":71,"deletions":0}}},{"hash":"47f6bf39be72b544a371b3a5d0eb4b1d3c28a904","isMergeCommit":false,"messageTitle":"Split the long line into 2","messageBody":"","fileTypesAndContributionMap":{"test-code":{"insertions":2,"deletions":1}}}]},{"date":"2025-03-24","commitResults":[{"hash":"5ff6682a7c717eb37b08a6bf0705e604f810b163","isMergeCommit":true,"messageTitle":"Merge pull request #120 from SociallyIneptWeeb/enable-gradle-assertions","messageBody":"Enable assertions in gradle build file","fileTypesAndContributionMap":{}}]}],"Zhannyhong":[{"date":"2025-02-25","commitResults":[{"hash":"0c53ce3e4d6cb9a4d23b69eb3e67459bc252847d","isMergeCommit":false,"messageTitle":"Update AboutUs.md with Zhan Hong\u0027s info","messageBody":"","fileTypesAndContributionMap":{"docs":{"insertions":4,"deletions":44}}}]},{"date":"2025-02-26","commitResults":[{"hash":"21a91876d2881f6518563d3a504b7ac9d1aa6d40","isMergeCommit":true,"messageTitle":"Merge pull request #16 from nickt121/add-nickie-photo","messageBody":"Add Nickie\u0027s photo","fileTypesAndContributionMap":{}}]},{"date":"2025-02-27","commitResults":[{"hash":"9648cea8aeef493e66328dca18dbd0d8ac1330e1","isMergeCommit":true,"messageTitle":"Merge pull request #5 from SociallyIneptWeeb/add-bryan-about-us-info","messageBody":"Add Bryan\u0027s info in About Us page","fileTypesAndContributionMap":{}}]},{"date":"2025-02-28","commitResults":[{"hash":"9070905c6eec5244286f6e094d66767500f31338","isMergeCommit":true,"messageTitle":"Merge pull request #21 from themintchoco/add-roy-about-us-info","messageBody":"Add Roy\u0027s info in About Us page","fileTypesAndContributionMap":{}}]},{"date":"2025-03-01","commitResults":[{"hash":"9f4fe9fad353a4f2fcdc0c6c2ea7ca0e4c6dd66c","isMergeCommit":true,"messageTitle":"Merge pull request #22 from nickt121/add-nickie-about-us-info","messageBody":"Add nickie\u0027s info in About Us page","fileTypesAndContributionMap":{}},{"hash":"ab8679906a342699cdff4d1e5bc63b723084b21b","isMergeCommit":true,"messageTitle":"Merge pull request #34 from SociallyIneptWeeb/build-status-badge","messageBody":"Update link of build status badge","fileTypesAndContributionMap":{}},{"hash":"34c12c9183d0e616aba2f663d387bf4cdd2c0822","isMergeCommit":false,"messageTitle":"docs: Update DeveloperGuide.md with user stories","messageBody":"","fileTypesAndContributionMap":{"docs":{"insertions":24,"deletions":9}}},{"hash":"e3e716c0e01145db8c4dcd5863a76a301adda811","isMergeCommit":false,"messageTitle":"docs: Add more user stories to DeveloperGuide.md","messageBody":"","fileTypesAndContributionMap":{"docs":{"insertions":3,"deletions":2}}}]},{"date":"2025-03-02","commitResults":[{"hash":"224dfd6e70911a14b1118504a965a9a0fbfa9c07","isMergeCommit":false,"messageTitle":"refactor: Rename seedu.address packages to tutorly","messageBody":"","fileTypesAndContributionMap":{"other":{"insertions":774,"deletions":771},"docs":{"insertions":13,"deletions":13},"test-code":{"insertions":3,"deletions":3}}},{"hash":"d1761bc54324030e3d28f15e63a5557cc6bd38f3","isMergeCommit":false,"messageTitle":"style: Fix import order to comply with checkstyle","messageBody":"","fileTypesAndContributionMap":{"functional-code":{"insertions":1,"deletions":1}}}]},{"date":"2025-03-03","commitResults":[{"hash":"30e678f262675f77335d675f0298ffb8e4da36d2","isMergeCommit":true,"messageTitle":"Merge pull request #47 from Neilchen863/update-DG-with-use-cases","messageBody":"Update DG with use cases","fileTypesAndContributionMap":{}}]},{"date":"2025-03-04","commitResults":[{"hash":"01fc1f474c50ff86d2fe4027571f866ab688d651","isMergeCommit":true,"messageTitle":"Merge pull request #51 from themintchoco/update-docs","messageBody":"Update docs to align with project","fileTypesAndContributionMap":{}}]},{"date":"2025-03-11","commitResults":[{"hash":"1c7498422447bed15cd99ce6a0825a6893c48905","isMergeCommit":false,"messageTitle":"Add memo field to Add command","messageBody":"","fileTypesAndContributionMap":{"functional-code":{"insertions":192,"deletions":68},"test-code":{"insertions":29,"deletions":11}}}]},{"date":"2025-03-12","commitResults":[{"hash":"52702f769ef28757c9948474b8e6ca268ce42611","isMergeCommit":false,"messageTitle":"Make memo field optional","messageBody":"","fileTypesAndContributionMap":{"functional-code":{"insertions":14,"deletions":17},"test-code":{"insertions":22,"deletions":2}}}]},{"date":"2025-03-13","commitResults":[{"hash":"1c94e001bbfa4b8a3a463f05f60065b29a23dfb5","isMergeCommit":false,"messageTitle":"Make phone, address, email, and memo fields optional","messageBody":"","fileTypesAndContributionMap":{"functional-code":{"insertions":134,"deletions":42},"test-code":{"insertions":289,"deletions":92}}},{"hash":"fa6d014ba9af3993be513c95b0d9a25a5ba5ca27","isMergeCommit":false,"messageTitle":"Fix trailing whitespace error for MemoTest.java","messageBody":"","fileTypesAndContributionMap":{"test-code":{"insertions":13,"deletions":13}}},{"hash":"aa871224ea598df10f7225e2ea02bfeb3668211f","isMergeCommit":false,"messageTitle":"Fix checkstyle errors in EditCommandTest.java","messageBody":"","fileTypesAndContributionMap":{"test-code":{"insertions":12,"deletions":11}}},{"hash":"d6739d071d82662619520e028ae553f78a121ed9","isMergeCommit":true,"messageTitle":"Merge pull request #67 from themintchoco/edit-memo","messageBody":"Add memo field to Edit command","fileTypesAndContributionMap":{}}]},{"date":"2025-03-16","commitResults":[{"hash":"60d047970f928c12d487f68f908e116596127860","isMergeCommit":false,"messageTitle":"Add ID field to Person","messageBody":"","fileTypesAndContributionMap":{"functional-code":{"insertions":23,"deletions":4}}},{"hash":"201386452e56a9aac43786f13a6ff4334529a4e2","isMergeCommit":false,"messageTitle":"Assign student ID for every new student added to the address book","messageBody":"","fileTypesAndContributionMap":{"functional-code":{"insertions":21,"deletions":6},"test-code":{"insertions":3,"deletions":3}}},{"hash":"064d4b8edfcb96f75a7d60e780a8eb7f049c5e61","isMergeCommit":false,"messageTitle":"Fix failing tests for LogicManager and EditCommand","messageBody":"","fileTypesAndContributionMap":{"test-code":{"insertions":28,"deletions":28}}},{"hash":"5fc9d42b0d42fac708d85850268539352b3e9eae","isMergeCommit":false,"messageTitle":"Implement tests for Person\u0027s setId function","messageBody":"","fileTypesAndContributionMap":{"functional-code":{"insertions":4,"deletions":0},"test-code":{"insertions":17,"deletions":0}}},{"hash":"71a333f054759ef935b00d89b11b71f57d386e78","isMergeCommit":true,"messageTitle":"Merge pull request #82 from Neilchen863/update-session-class","messageBody":"Add subject and sessionId to session","fileTypesAndContributionMap":{}},{"hash":"79efd305fe841751e8ca5fb3683cf0ac5641b4cb","isMergeCommit":false,"messageTitle":"Implement tests for Person\u0027s hashCode function","messageBody":"","fileTypesAndContributionMap":{"test-code":{"insertions":11,"deletions":0}}}]},{"date":"2025-03-19","commitResults":[{"hash":"ae23033474bf399367d701ef14aeb8969d19512c","isMergeCommit":true,"messageTitle":"Merge pull request #98 from themintchoco/persist-student-id","messageBody":"Persist student ID","fileTypesAndContributionMap":{}}]},{"date":"2025-03-20","commitResults":[{"hash":"f7829e9404a316561e7ca50ebf401460a66bb866","isMergeCommit":true,"messageTitle":"Merge pull request #94 from Neilchen863/Add-CreateSessionCommand","messageBody":"Add create session command","fileTypesAndContributionMap":{}}]},{"date":"2025-03-22","commitResults":[{"hash":"94caeccce54845aff33b9b8b301a2e06d58cedb8","isMergeCommit":false,"messageTitle":"Display student ID as a Person field in UI","messageBody":"","fileTypesAndContributionMap":{"functional-code":{"insertions":14,"deletions":8},"test-code":{"insertions":1,"deletions":1}}}]},{"date":"2025-03-24","commitResults":[{"hash":"4f56bf243fb86fc47a63cf2e180f5079b66a15fe","isMergeCommit":true,"messageTitle":"Merge pull request #116 from SociallyIneptWeeb/class-diagram-new-lists","messageBody":"Add Session and AttendanceRecord to class diagram","fileTypesAndContributionMap":{}}]},{"date":"2025-03-25","commitResults":[{"hash":"8bbcfa737736a2043320f900e82293713f9831eb","isMergeCommit":false,"messageTitle":"Implement Identity class","messageBody":"","fileTypesAndContributionMap":{"functional-code":{"insertions":173,"deletions":0},"test-code":{"insertions":195,"deletions":1}}},{"hash":"7ba9be97394c6bb6da5ebb12c47c7a48c33b1197","isMergeCommit":false,"messageTitle":"Update tests using Model stubs","messageBody":"","fileTypesAndContributionMap":{"test-code":{"insertions":35,"deletions":0}}},{"hash":"852713cdc41a1c5b95c6619fd02d444fd47291c8","isMergeCommit":false,"messageTitle":"Add student ID to command options","messageBody":"","fileTypesAndContributionMap":{"functional-code":{"insertions":20,"deletions":2},"test-code":{"insertions":5,"deletions":0}}},{"hash":"ebf77ab17e92cfd515459bf3d858d8ca623918ec","isMergeCommit":true,"messageTitle":"Merge branch \u0027refs/heads/master\u0027 into parse-id-name","messageBody":"# Conflicts:\n#\tsrc/main/java/tutorly/model/Model.java\n#\tsrc/main/java/tutorly/model/ModelManager.java\n#\tsrc/main/java/tutorly/model/person/UniquePersonList.java\n#\tsrc/test/java/tutorly/logic/commands/AddCommandTest.java\n#\tsrc/test/java/tutorly/logic/commands/CreateSessionCommandTest.java\n#\tsrc/test/java/tutorly/model/person/PredicateFilterTest.java\n","fileTypesAndContributionMap":{}},{"hash":"e88f00860b61d15e3f8bff75cf29962c87355932","isMergeCommit":false,"messageTitle":"Deconflict merge changes from master branch","messageBody":"","fileTypesAndContributionMap":{"functional-code":{"insertions":57,"deletions":23},"test-code":{"insertions":20,"deletions":23}}},{"hash":"ea29e793154de44add309baee6d6878034a35b25","isMergeCommit":false,"messageTitle":"Add tests for parseId","messageBody":"","fileTypesAndContributionMap":{"test-code":{"insertions":29,"deletions":0}}}]},{"date":"2025-03-26","commitResults":[{"hash":"6a5ff393f13b0b0c44d53db97f0ca35ad45d7638","isMergeCommit":false,"messageTitle":"Modify delete command to use ID and name instead of index","messageBody":"","fileTypesAndContributionMap":{"functional-code":{"insertions":58,"deletions":26},"test-code":{"insertions":111,"deletions":65}}},{"hash":"39135d58d59650d45003462cb49ceaba40ad3bc9","isMergeCommit":false,"messageTitle":"Update ModelStub to include new methods","messageBody":"","fileTypesAndContributionMap":{"test-code":{"insertions":23,"deletions":12}}},{"hash":"b1a328a6dee4338fbabb1ed78c4d31e5ba569e9e","isMergeCommit":true,"messageTitle":"Resolve merge conflicts from master","messageBody":"","fileTypesAndContributionMap":{}}]}],"SociallyIneptWeeb":[{"date":"2025-02-23","commitResults":[{"hash":"97d5f7ada33bb6a8f3ad14e67dbfdae8bbca2edf","isMergeCommit":false,"messageTitle":"Display Codecov badge in README","messageBody":"","fileTypesAndContributionMap":{"docs":{"insertions":2,"deletions":0}}}]},{"date":"2025-02-24","commitResults":[{"hash":"bd3a8faae267b26ab557986545a40679336beed8","isMergeCommit":false,"messageTitle":"Add Bryan\u0027s info in About Us page","messageBody":"","fileTypesAndContributionMap":{"docs":{"insertions":4,"deletions":44}}}]},{"date":"2025-02-26","commitResults":[{"hash":"37180ed63cb4f7494cce0a385b4dfa3f9396a2f1","isMergeCommit":true,"messageTitle":"Merge branch \u0027master\u0027 into add-bryan-about-us-info","messageBody":"","fileTypesAndContributionMap":{}}]},{"date":"2025-02-28","commitResults":[{"hash":"aab848df78c9ccb03aca627019a2ebe81be05bea","isMergeCommit":false,"messageTitle":" Update link of build status badge","messageBody":"","fileTypesAndContributionMap":{"docs":{"insertions":1,"deletions":1}}},{"hash":"c509f14c7caf1a5b2cbee2b71d95890274527801","isMergeCommit":false,"messageTitle":"Acknowledge original source of code","messageBody":"","fileTypesAndContributionMap":{"docs":{"insertions":1,"deletions":1}}},{"hash":"6f4c2a19c66460b77f7eac529201861b7b17c201","isMergeCommit":false,"messageTitle":"Update top navigation bar of project website","messageBody":"","fileTypesAndContributionMap":{"other":{"insertions":2,"deletions":2}}},{"hash":"748baf5b4602df93d32d282dfa47c402a1a14b26","isMergeCommit":false,"messageTitle":"Update target profile and value proposition","messageBody":"","fileTypesAndContributionMap":{"docs":{"insertions":4,"deletions":2}}}]},{"date":"2025-03-01","commitResults":[{"hash":"e91b96c1f25f153f7cbe222c649676c49f1cdc44","isMergeCommit":true,"messageTitle":"Merge pull request #38 from Zhannyhong/dg-user-stories","messageBody":"Update DG with user stories","fileTypesAndContributionMap":{}}]},{"date":"2025-03-02","commitResults":[{"hash":"53def68f46e8cd4c3c1e4333dd4d09f6f5f63a62","isMergeCommit":true,"messageTitle":"Merge pull request #45 from Zhannyhong/rename-packages","messageBody":"Rename AB3 packages to fit product name","fileTypesAndContributionMap":{}}]},{"date":"2025-03-03","commitResults":[{"hash":"82c96554d892faeae8ec922b6f984e4a3417efbc","isMergeCommit":true,"messageTitle":"Merge pull request #48 from themintchoco/update-readme","messageBody":"Update README to align with project","fileTypesAndContributionMap":{}}]},{"date":"2025-03-04","commitResults":[{"hash":"fb571d59f6039e6ef3b03075460a7e0d6efcebc8","isMergeCommit":false,"messageTitle":"Refactor command from find to search","messageBody":"","fileTypesAndContributionMap":{"functional-code":{"insertions":3,"deletions":3},"other":{"insertions":40,"deletions":40},"docs":{"insertions":9,"deletions":9},"test-code":{"insertions":5,"deletions":5}}},{"hash":"e82e28a85e7fb3902007fa59811f0bbde87f53ad","isMergeCommit":false,"messageTitle":"Optimize imports from refactor","messageBody":"","fileTypesAndContributionMap":{"functional-code":{"insertions":1,"deletions":1},"test-code":{"insertions":1,"deletions":1}}}]},{"date":"2025-03-05","commitResults":[{"hash":"152e4f80f72f294d8468ffde7c03cab07b450a7a","isMergeCommit":true,"messageTitle":"Merge pull request #55 from nickt121/update-dg-with-nfr","messageBody":"Update DG with non-functional requirements","fileTypesAndContributionMap":{}}]},{"date":"2025-03-11","commitResults":[{"hash":"36fdfa9a6fd4c2c3cb0b0fc09a59a76a804cee70","isMergeCommit":false,"messageTitle":"Add name parameter for search command","messageBody":"","fileTypesAndContributionMap":{"functional-code":{"insertions":12,"deletions":5},"test-code":{"insertions":24,"deletions":4}}},{"hash":"f63317e67faba9cf65d53d259475bf7887810738","isMergeCommit":false,"messageTitle":"Update user input in search test case","messageBody":"","fileTypesAndContributionMap":{"test-code":{"insertions":1,"deletions":1}}}]},{"date":"2025-03-13","commitResults":[{"hash":"0a1ebe42a7dcbe4c4ed88750dad0f84dbf119f8e","isMergeCommit":true,"messageTitle":"Merge pull request #69 from nickt121/add-archive-logic","messageBody":"Add archive feature to delete command","fileTypesAndContributionMap":{}}]},{"date":"2025-03-16","commitResults":[{"hash":"d76983568724d4ce02ae5b5139a113b2abe0800e","isMergeCommit":false,"messageTitle":"Relax search command to allow partial matching","messageBody":"","fileTypesAndContributionMap":{"functional-code":{"insertions":10,"deletions":10},"test-code":{"insertions":4,"deletions":7}}},{"hash":"16b8f7980edfe273ed5fba5dd03ce546636cac13","isMergeCommit":false,"messageTitle":"Rename word variable to keyword","messageBody":"","fileTypesAndContributionMap":{"functional-code":{"insertions":8,"deletions":7}}},{"hash":"9010ced1fae5ac549a21f0032a9a1d22f47fef2d","isMergeCommit":false,"messageTitle":"Update variable name in tests","messageBody":"","fileTypesAndContributionMap":{"test-code":{"insertions":2,"deletions":2}}}]},{"date":"2025-03-18","commitResults":[{"hash":"d33303e2dbebac36fdff88b7acb24673c727e714","isMergeCommit":true,"messageTitle":"Merge pull request #90 from nickt121/add-gradle-run","messageBody":"Add run task to gradle file","fileTypesAndContributionMap":{}},{"hash":"e056256de1d13fe927ebf53b473df5373a543267","isMergeCommit":true,"messageTitle":"Merge pull request #91 from nickt121/add-session-student-class","messageBody":"Add session student class","fileTypesAndContributionMap":{}}]},{"date":"2025-03-19","commitResults":[{"hash":"db2654097abf547a4f0c306ef87a1d23a40c233e","isMergeCommit":true,"messageTitle":"Merge pull request #100 from themintchoco/fix-student-id","messageBody":"Fix student ID reset after edit","fileTypesAndContributionMap":{}},{"hash":"1b2fa9da9eb615a388ac316e8a1c1f8e4f6f6f2e","isMergeCommit":false,"messageTitle":"Add search by phone field","messageBody":"","fileTypesAndContributionMap":{"functional-code":{"insertions":137,"deletions":19},"test-code":{"insertions":231,"deletions":40}}},{"hash":"36600e3487840d794d4901eba8c186e935f496bc","isMergeCommit":false,"messageTitle":"Add test case for blank keywords for search","messageBody":"","fileTypesAndContributionMap":{"test-code":{"insertions":12,"deletions":0}}}]},{"date":"2025-03-22","commitResults":[{"hash":"681463fe05b22c32fe516fedf4bf135276a65676","isMergeCommit":true,"messageTitle":"Merge pull request #109 from Zhannyhong/display-student-id","messageBody":"Display student ID in Person fields","fileTypesAndContributionMap":{}},{"hash":"1342c66ab3a2d8e7716d43951daa4ac527c537b0","isMergeCommit":true,"messageTitle":"Merge pull request #96 from themintchoco/implement-attendance-record","messageBody":"Implement Attendance","fileTypesAndContributionMap":{}},{"hash":"ab12cefcabc5c4ad720c4056e4d4588198810c25","isMergeCommit":false,"messageTitle":"Search students who attended session","messageBody":"","fileTypesAndContributionMap":{"functional-code":{"insertions":93,"deletions":12},"test-code":{"insertions":214,"deletions":16}}},{"hash":"d1aa353fd3e40ea312e96eff99f91dceb8c7821c","isMergeCommit":false,"messageTitle":"Add javadoc for methods","messageBody":"","fileTypesAndContributionMap":{"functional-code":{"insertions":30,"deletions":4}}},{"hash":"a5a12a31c415921509a531f589bfadec7b2aede0","isMergeCommit":false,"messageTitle":"Remove trailing whitespace","messageBody":"","fileTypesAndContributionMap":{"functional-code":{"insertions":1,"deletions":1}}},{"hash":"cb44d73b8040ba3de9e31530b0084689c1247ec8","isMergeCommit":false,"messageTitle":"update subject prefix to sub","messageBody":"","fileTypesAndContributionMap":{"functional-code":{"insertions":1,"deletions":1}}}]},{"date":"2025-03-23","commitResults":[{"hash":"95d00f21305f4a8844a43a4d6cfbe4ac0bb1b4f8","isMergeCommit":true,"messageTitle":"Merge pull request #114 from themintchoco/refactor-filters","messageBody":"Refactor filters","fileTypesAndContributionMap":{}},{"hash":"de52e1d9d4c214385525d3f643443ec59d5aada0","isMergeCommit":true,"messageTitle":"Merge pull request #115 from themintchoco/refactor-unique-lists","messageBody":"Refactor UniqueLists","fileTypesAndContributionMap":{}},{"hash":"bdf53bbcaf07c689a0f6ba6d919dbef3d09d2fa3","isMergeCommit":false,"messageTitle":"Add Session and AttendanceRecord to class diagram","messageBody":"","fileTypesAndContributionMap":{"docs":{"insertions":10,"deletions":6}}}]},{"date":"2025-03-24","commitResults":[{"hash":"c9831bb823b30f68efdcff2afabf6fad3e2d771e","isMergeCommit":false,"messageTitle":"Enable assertions in gradle build file","messageBody":"","fileTypesAndContributionMap":{"other":{"insertions":1,"deletions":0}}},{"hash":"0f7c3abd87599b0b26b7f7c6920593a04c59cea7","isMergeCommit":false,"messageTitle":"Add assign student command","messageBody":"","fileTypesAndContributionMap":{"functional-code":{"insertions":107,"deletions":0},"test-code":{"insertions":281,"deletions":0}}}]},{"date":"2025-03-26","commitResults":[{"hash":"05bd97c9218d509cdd681cf8d4301f907f573b2f","isMergeCommit":true,"messageTitle":"Merge pull request #123 from themintchoco/multilevel-command-parser","messageBody":"Implement subcommands and subparsers","fileTypesAndContributionMap":{}},{"hash":"566c338c011c50d87c9df9f93e3cc40540c4b811","isMergeCommit":true,"messageTitle":"Merge pull request #124 from Zhannyhong/delete-by-id-name","messageBody":"Migrate delete command to use student ID or name","fileTypesAndContributionMap":{}},{"hash":"d730edbaeed869f258c78a829f9eb8d2c8d171c4","isMergeCommit":true,"messageTitle":"Merge pull request #136 from themintchoco/sessions-ui","messageBody":"Implement Tabs and Sessions UI","fileTypesAndContributionMap":{}}]}]},"authorFileTypeContributionMap":{"themintchoco":{"docs":42,"functional-code":1252,"test-code":1109},"nickt121":{"docs":9,"functional-code":173,"test-code":140,"other":2},"Neilchen863":{"docs":115,"functional-code":331,"test-code":498},"Zhannyhong":{"docs":34,"functional-code":936,"test-code":993,"other":2},"SociallyIneptWeeb":{"docs":28,"functional-code":199,"test-code":339,"other":4}},"authorContributionVariance":{"themintchoco":145077.3,"nickt121":2175.973,"Neilchen863":18927.875,"Zhannyhong":88506.016,"SociallyIneptWeeb":12904.117},"authorDisplayNameMap":{"themintchoco":"CS2103T-T17-3 TAY .. ROY","nickt121":"CS2103T-T17-3 TAN ..CKIE","Neilchen863":"CS2103T-T17-3 CHEN..AHAO","Zhannyhong":"CS2103T-T17-3 LEE ..HONG","SociallyIneptWeeb":"CS2103T-T17-3 LAM ..RYAN"}}
