{"authorDailyContributionsMap":{"blacksesamezongzi":[{"date":"2025-03-05","commitResults":[{"hash":"c008ed5c6eb5d8eae9c9d611130331ace742038b","isMergeCommit":false,"messageTitle":"Update Jiaen\u0027s AboutUs.md","messageBody":"","fileTypesAndContributionMap":{"docs":{"insertions":5,"deletions":6}}}]},{"date":"2025-03-07","commitResults":[{"hash":"90646961934ef09712e324c492f1003c1783787a","isMergeCommit":true,"messageTitle":"Merge pull request #24 from hengjeekuan/branch-UpdateReadME","messageBody":"Update README","fileTypesAndContributionMap":{}},{"hash":"8eac795b95a8febbbd81ed8a28ae5e9c7c81fc91","isMergeCommit":false,"messageTitle":"Update readme file","messageBody":"","fileTypesAndContributionMap":{"docs":{"insertions":22,"deletions":11}}},{"hash":"dc75abb0dffffff5f25ec1c0e53fb4bfcd0b2439","isMergeCommit":true,"messageTitle":"Merge branch \u0027master\u0027 into branch-update-readme-based-on-7-Mar-Update","messageBody":"","fileTypesAndContributionMap":{}},{"hash":"9000211fd86a4d5193890e316ffb6ce2a8c6f114","isMergeCommit":true,"messageTitle":"Merge pull request #27 from chinpcbenjamin/branch-Update-DG","messageBody":"Update Developer Guide","fileTypesAndContributionMap":{}}]},{"date":"2025-03-13","commitResults":[{"hash":"fe554b720c1f63164758389fe24765d372164106","isMergeCommit":true,"messageTitle":"Merge pull request #42 from Alolononon/branch-Event-CRUD-Feature","messageBody":"Add Event CRUD Feature","fileTypesAndContributionMap":{}},{"hash":"13f4c9d2e13ec2e334150332908dcef9979e3542","isMergeCommit":false,"messageTitle":"Add SearchEventCommand.java","messageBody":"","fileTypesAndContributionMap":{"functional-code":{"insertions":4,"deletions":2}}},{"hash":"23fc25e81b53d58243d6d1595c6012e34743d7aa","isMergeCommit":false,"messageTitle":"Update SearchEventCommand.java","messageBody":"","fileTypesAndContributionMap":{"functional-code":{"insertions":74,"deletions":1}}},{"hash":"09a85ce1087ab4b2a0e371a2dd3610e335834690","isMergeCommit":false,"messageTitle":"Add SearchEventCommandParser.java","messageBody":"","fileTypesAndContributionMap":{"functional-code":{"insertions":51,"deletions":0}}},{"hash":"0328e4a33b74685e975b9f81ec25968b5fd8be24","isMergeCommit":false,"messageTitle":"Add case of SearchEvent in AddressBookParser.java","messageBody":"","fileTypesAndContributionMap":{"functional-code":{"insertions":4,"deletions":0}}},{"hash":"d2b06440fce49176f7231c6f8145a0c2447becca","isMergeCommit":false,"messageTitle":"Update the String format of search result","messageBody":"","fileTypesAndContributionMap":{"functional-code":{"insertions":13,"deletions":2}}},{"hash":"7ea49e65e1e03ffa42161d8204b9dc8d600509eb","isMergeCommit":false,"messageTitle":"Delete unused imports and correct the order in SearchEventCommand.java","messageBody":"","fileTypesAndContributionMap":{"functional-code":{"insertions":3,"deletions":7}}},{"hash":"85b58d0963f33fc9a1dc648db17f762dde19a498","isMergeCommit":false,"messageTitle":"Update import statement in SearchEventCommandParser.java and Add Javadoc in SearchEventCommand.java","messageBody":"","fileTypesAndContributionMap":{"functional-code":{"insertions":17,"deletions":9}}},{"hash":"79210b43c13b5a986b40083a4b219d9ccdd4e692","isMergeCommit":false,"messageTitle":"Fix the order of import in SearchEVentCommand.java and SearchEventCommandParser.java, switch order of \".\" in SearchEventCommand.java","messageBody":"","fileTypesAndContributionMap":{"functional-code":{"insertions":4,"deletions":6}}},{"hash":"f6f73b1f9e4ec76aaf597136922a026d156976fc","isMergeCommit":false,"messageTitle":"Update import order in SearchEventCommandParser.java and SearchEventCommand.java","messageBody":"","fileTypesAndContributionMap":{"functional-code":{"insertions":2,"deletions":1}}},{"hash":"35856d331a2f836fe2f12638b1b553837850b32b","isMergeCommit":false,"messageTitle":"Update import order in SearchEventCommandParser.java","messageBody":"","fileTypesAndContributionMap":{"functional-code":{"insertions":1,"deletions":1}}},{"hash":"5c4ab0a21dc45bb1a0a256498133459256b75b43","isMergeCommit":false,"messageTitle":"Delete the seperate line in import statement","messageBody":"","fileTypesAndContributionMap":{"functional-code":{"insertions":0,"deletions":1}}}]},{"date":"2025-03-20","commitResults":[{"hash":"38667e860d546440e8b57f7020d0aa08817ba586","isMergeCommit":false,"messageTitle":"Modify Event Panel with search result of search_event","messageBody":"","fileTypesAndContributionMap":{"functional-code":{"insertions":109,"deletions":96}}},{"hash":"d54db833d6a4988fdb98f9fec91c85bb798dd0f3","isMergeCommit":false,"messageTitle":"Add SearchEventCommandTest.java and corresponding utils","messageBody":"","fileTypesAndContributionMap":{"functional-code":{"insertions":21,"deletions":0},"test-code":{"insertions":128,"deletions":1}}},{"hash":"153d2df287fe638213f4c15517c99b988861213b","isMergeCommit":false,"messageTitle":"Solve the checkstyle issue","messageBody":"","fileTypesAndContributionMap":{"functional-code":{"insertions":17,"deletions":8},"test-code":{"insertions":35,"deletions":12}}},{"hash":"1bb898eace12b81a81c27ac0b27f65a539c56182","isMergeCommit":false,"messageTitle":"Add more test cases in SearchEventCommandTest.java","messageBody":"","fileTypesAndContributionMap":{"test-code":{"insertions":19,"deletions":0}}},{"hash":"e7f86d6ddad03f07d97c6eac42803928779a5081","isMergeCommit":false,"messageTitle":"Add test cases","messageBody":"","fileTypesAndContributionMap":{"functional-code":{"insertions":3,"deletions":2},"test-code":{"insertions":54,"deletions":4}}},{"hash":"b321421cbdc50bef6eb6f25bbb3a607dd3e75686","isMergeCommit":false,"messageTitle":"Add test cases","messageBody":"","fileTypesAndContributionMap":{"test-code":{"insertions":78,"deletions":2}}},{"hash":"700ba60eb4ee71b0a6ddb0c2a13ae0338c2a6382","isMergeCommit":false,"messageTitle":"Fix CheckStyle error","messageBody":"","fileTypesAndContributionMap":{"test-code":{"insertions":4,"deletions":2}}},{"hash":"98ca92d10c1eec48e7490937f74ec97b7996cc7f","isMergeCommit":false,"messageTitle":"Update SearchEventCommandParserTest.java","messageBody":"","fileTypesAndContributionMap":{"test-code":{"insertions":6,"deletions":33}}},{"hash":"cc537fc0148c217777f924d1748f8aa35b30491b","isMergeCommit":false,"messageTitle":"Add test cases in SearchEventCommandParserTest.java","messageBody":"","fileTypesAndContributionMap":{"functional-code":{"insertions":5,"deletions":0},"test-code":{"insertions":16,"deletions":0}}}]},{"date":"2025-03-24","commitResults":[{"hash":"f20c4cbd2bdd42445a7973206b560bca5b49d3ef","isMergeCommit":false,"messageTitle":"Update DeveloperGuide with use cases","messageBody":"","fileTypesAndContributionMap":{"docs":{"insertions":61,"deletions":16}}},{"hash":"720033de70fce93bbf8bf50f7b221768b28ad13c","isMergeCommit":false,"messageTitle":"Modify format of use case titles for consistency","messageBody":"","fileTypesAndContributionMap":{"docs":{"insertions":2,"deletions":2}}}]}],"mhaikelll":[{"date":"2025-03-05","commitResults":[{"hash":"5ff2fe5ef084f53ea31643f61e0440ef00100d8b","isMergeCommit":false,"messageTitle":"Update Haikel Aboutus","messageBody":"","fileTypesAndContributionMap":{"docs":{"insertions":5,"deletions":6}}}]},{"date":"2025-03-06","commitResults":[{"hash":"49b680c668d8b5b0b864e42d4f6b3155174ffa63","isMergeCommit":true,"messageTitle":"Merge branch \u0027master\u0027 into branch-Update-AboutUs","messageBody":"","fileTypesAndContributionMap":{}},{"hash":"6543771189649495d43912195d31b7dbcc60107c","isMergeCommit":true,"messageTitle":"Merge pull request #19 from chinpcbenjamin/branch-Update-AboutUs","messageBody":"Update AboutUs with Ben\u0027s Information","fileTypesAndContributionMap":{}},{"hash":"09e296b0e18b98eed65e79e314118f464e30e746","isMergeCommit":true,"messageTitle":"Merge branch \u0027master\u0027 into branch-UpdateAboutUs","messageBody":"","fileTypesAndContributionMap":{}},{"hash":"6269d63276ce7b43a4424c8b11a4fe72301f905e","isMergeCommit":true,"messageTitle":"Merge pull request #21 from hengjeekuan/branch-UpdateAboutUs","messageBody":"Update Jee photo in AboutUs","fileTypesAndContributionMap":{}},{"hash":"a20f1b8591310793d9967c81e8893c01eef5c5dd","isMergeCommit":true,"messageTitle":"Merge branch \u0027master\u0027 into branch-aboutUs","messageBody":"","fileTypesAndContributionMap":{}},{"hash":"11a417d1fec268eced4b124ae28bcf977fd32687","isMergeCommit":true,"messageTitle":"Merge pull request #25 from Alolononon/branch-aboutUs","messageBody":"Update Jian Tao in the AboutUs page","fileTypesAndContributionMap":{}},{"hash":"ef92be7f28bbcded554df5c00de0432053888aaa","isMergeCommit":true,"messageTitle":"Merge pull request #22 from chinpcbenjamin/branch-Update-Ui","messageBody":"Branch update UI","fileTypesAndContributionMap":{}}]},{"date":"2025-03-07","commitResults":[{"hash":"ca3f40971d01035be5ea8f273b9bb86969edf41b","isMergeCommit":true,"messageTitle":"Merge pull request #26 from Alolononon/branch-developerGuide","messageBody":"update developer guide","fileTypesAndContributionMap":{}},{"hash":"f87c0779213d8159f98f39513afdb360b7dd110c","isMergeCommit":false,"messageTitle":"Update dev guide NFRs","messageBody":"","fileTypesAndContributionMap":{"docs":{"insertions":26,"deletions":4}}},{"hash":"04aef3070f3b8929182629b37ade964998f36b42","isMergeCommit":false,"messageTitle":"Update NFRs devguide v2","messageBody":"","fileTypesAndContributionMap":{"docs":{"insertions":5,"deletions":0}}},{"hash":"50ee66608b31d94ed6fdd480cc7296f9dec9d4fe","isMergeCommit":false,"messageTitle":"Update NFRs v3","messageBody":"","fileTypesAndContributionMap":{"docs":{"insertions":4,"deletions":4}}}]},{"date":"2025-03-10","commitResults":[{"hash":"51cd0fd15fbd0531aaed30d4b8fd681fc4025ae2","isMergeCommit":true,"messageTitle":"Merge pull request #38 from chinpcbenjamin/branch-staff-crud","messageBody":"Adding Feature 1 CRUD for Staff","fileTypesAndContributionMap":{}}]},{"date":"2025-03-12","commitResults":[{"hash":"77eda2bebe818e07df62a9a66955c6a063a2797c","isMergeCommit":true,"messageTitle":"Merge pull request #41 from chinpcbenjamin/branch-staff-view-list","messageBody":"Adding Feature 1: View Staff List","fileTypesAndContributionMap":{}},{"hash":"202f050dd43c8573dedd826b68c0c7a30da6899a","isMergeCommit":false,"messageTitle":"Add student feature","messageBody":"","fileTypesAndContributionMap":{"functional-code":{"insertions":419,"deletions":0},"test-code":{"insertions":718,"deletions":0}}},{"hash":"825b031058ce0e9b2ca5aaf1eedae98374978f1d","isMergeCommit":false,"messageTitle":"Fix checkstyle add student","messageBody":"","fileTypesAndContributionMap":{"functional-code":{"insertions":7,"deletions":3}}},{"hash":"f5f3a1903423883de6190a89e8269949ce7a62a7","isMergeCommit":false,"messageTitle":"Fix compile error addstucomtest","messageBody":"","fileTypesAndContributionMap":{"test-code":{"insertions":0,"deletions":118}}},{"hash":"eaaa927009d7f575899ed9db19fe976c24405a61","isMergeCommit":false,"messageTitle":"Fix compile errors addstucomtest v2","messageBody":"","fileTypesAndContributionMap":{"test-code":{"insertions":0,"deletions":84}}},{"hash":"7a3470b8adf55d137ef6016597e28cb435b97d32","isMergeCommit":false,"messageTitle":"Fix checkstyle add student","messageBody":"","fileTypesAndContributionMap":{"test-code":{"insertions":19,"deletions":10}}},{"hash":"bd53150b74ef992d3bef37cd8f40c37287ec8398","isMergeCommit":false,"messageTitle":"Fix compile error add stu v3","messageBody":"","fileTypesAndContributionMap":{"test-code":{"insertions":0,"deletions":172}}},{"hash":"481cdd5242e06b81544900cc4cfe133b2cbecf4f","isMergeCommit":false,"messageTitle":"Search staff feature v1","messageBody":"","fileTypesAndContributionMap":{"functional-code":{"insertions":125,"deletions":0}}}]},{"date":"2025-03-13","commitResults":[{"hash":"97911417576c17a3bbafa72e3e135090c5fb50d9","isMergeCommit":true,"messageTitle":"Merge pull request #39 from hengjeekuan/branch-external-crud","messageBody":"Add AddExternalCommand class","fileTypesAndContributionMap":{}},{"hash":"e8ec74b2db8dacb9c0425b4416955515bdf431d2","isMergeCommit":false,"messageTitle":"Update search staff feature v2","messageBody":"","fileTypesAndContributionMap":{"functional-code":{"insertions":136,"deletions":12}}},{"hash":"d62dc94b5f39a133849c14f82623da54d36caedd","isMergeCommit":true,"messageTitle":"Merge branch \u0027master\u0027 into search-staff-feature","messageBody":"","fileTypesAndContributionMap":{}},{"hash":"c5226e59c8bdee7e5a84d5d4be64ed17342f7bab","isMergeCommit":false,"messageTitle":"Update search staff v3","messageBody":"","fileTypesAndContributionMap":{"functional-code":{"insertions":14,"deletions":10}}},{"hash":"08cac44c3b79939a8e975243183cbcda358573f5","isMergeCommit":true,"messageTitle":"Merge branch \u0027search-staff-feature\u0027 of https://github.com/mhaikelll/tp into search-staff-feature","messageBody":"Merge search staff feature\n","fileTypesAndContributionMap":{}},{"hash":"a55b296db2dcb0e63fa79c963587786a5e339a21","isMergeCommit":false,"messageTitle":"Update search staff v4","messageBody":"","fileTypesAndContributionMap":{"functional-code":{"insertions":1,"deletions":0}}}]},{"date":"2025-03-14","commitResults":[{"hash":"792ee97a11a66f8173a42d809e57fb7d8708c217","isMergeCommit":false,"messageTitle":"Fix search staff","messageBody":"","fileTypesAndContributionMap":{"functional-code":{"insertions":8,"deletions":3}}},{"hash":"319fac766149d06f115dc70f6b31d45dcbc2e0a2","isMergeCommit":false,"messageTitle":"Fix search staff v2","messageBody":"","fileTypesAndContributionMap":{"functional-code":{"insertions":1,"deletions":1}}},{"hash":"2887856fbbc5846843af9dbbde4e091812d34d6e","isMergeCommit":true,"messageTitle":"Merge pull request #77 from chinpcbenjamin/branch-student-view-list","messageBody":"Add view Student List functionality","fileTypesAndContributionMap":{}}]},{"date":"2025-03-16","commitResults":[{"hash":"28f27b0f8267addc5b25dd6358d49c0ef40342a3","isMergeCommit":false,"messageTitle":"Add search student feature v1","messageBody":"","fileTypesAndContributionMap":{"functional-code":{"insertions":245,"deletions":0}}},{"hash":"6cf67231538ee3b32ffdec20123dba7fdbc5c600","isMergeCommit":false,"messageTitle":"Add search student feature v2","messageBody":"","fileTypesAndContributionMap":{"functional-code":{"insertions":2,"deletions":1}}},{"hash":"f6d96e08111efa7a300f711ac031c9dc97defa3a","isMergeCommit":false,"messageTitle":"Add testing for add student, search staff, search student v1","messageBody":"","fileTypesAndContributionMap":{"test-code":{"insertions":195,"deletions":5}}},{"hash":"7e836d62f8c58ed864b0f0a3e0ae9f485abe58fe","isMergeCommit":false,"messageTitle":"Add testing for add student, search staff, search student v2","messageBody":"","fileTypesAndContributionMap":{"test-code":{"insertions":36,"deletions":15}}},{"hash":"afca8a205f1f53efbb6d5e22943b5764d51a216c","isMergeCommit":false,"messageTitle":"Add testing for add student, search staff, search student v3","messageBody":"","fileTypesAndContributionMap":{"test-code":{"insertions":1,"deletions":1}}},{"hash":"afb551c50efafe3ce9d0743846ad3c914a1e7fa9","isMergeCommit":false,"messageTitle":"Add testing for add student, search staff, search student v4","messageBody":"","fileTypesAndContributionMap":{"test-code":{"insertions":92,"deletions":0}}},{"hash":"2ca36a321f516ff7a949cb2e5f9bac49f962d420","isMergeCommit":false,"messageTitle":"Add testing for add student, search staff, search student v5","messageBody":"","fileTypesAndContributionMap":{"test-code":{"insertions":2,"deletions":2}}},{"hash":"6dd8c577728ede6a0bbb55c33280fed0670a5768","isMergeCommit":false,"messageTitle":"Add testing for add student, search staff, search student v6","messageBody":"","fileTypesAndContributionMap":{"test-code":{"insertions":143,"deletions":0}}},{"hash":"54432a8dad97961fb85452d17676f34af93e0f64","isMergeCommit":false,"messageTitle":"Add testing for add student, search staff, search student v7","messageBody":"","fileTypesAndContributionMap":{"test-code":{"insertions":13,"deletions":9}}},{"hash":"cdf6321e56e1fb9e4a46792f93a3e07d55730470","isMergeCommit":false,"messageTitle":"Add testing for add student, search staff, search student v8","messageBody":"","fileTypesAndContributionMap":{"test-code":{"insertions":6,"deletions":6}}},{"hash":"cabf2b6fcd37d4f826fa8edcbfcb72935394484e","isMergeCommit":false,"messageTitle":"Add testing for add student, search staff, search student v9","messageBody":"","fileTypesAndContributionMap":{"test-code":{"insertions":0,"deletions":2}}},{"hash":"16db9d4ef574b870c9e95bf5db1c8ba3f49649a8","isMergeCommit":false,"messageTitle":"Add testing for add student, search staff, search student v10","messageBody":"","fileTypesAndContributionMap":{"test-code":{"insertions":104,"deletions":0}}},{"hash":"0e6be2d10c08ad61fc949f4a3bea62e939b2d99a","isMergeCommit":false,"messageTitle":"Add testing for add student, search staff, search student v11","messageBody":"","fileTypesAndContributionMap":{"test-code":{"insertions":12,"deletions":6}}},{"hash":"8ba05be7f710cf480cacb0741abe93a1bcdc4b31","isMergeCommit":false,"messageTitle":"Add testing for add student, search staff, search student v12","messageBody":"","fileTypesAndContributionMap":{"test-code":{"insertions":44,"deletions":0}}},{"hash":"bb327e5ce5625d1a3f2d1c8b0ccf47cacb207f81","isMergeCommit":false,"messageTitle":"Add testing for add student, search staff, search student v13","messageBody":"","fileTypesAndContributionMap":{"test-code":{"insertions":53,"deletions":0}}},{"hash":"18838fa4c19cd2dfe5d9ef36c9c248c51cfb2efd","isMergeCommit":false,"messageTitle":"Add testing for add student, search staff, search student v14","messageBody":"","fileTypesAndContributionMap":{"test-code":{"insertions":0,"deletions":1}}},{"hash":"ad6a6f6fa8795042538c2095f080447824017a8e","isMergeCommit":false,"messageTitle":"Update student designation","messageBody":"","fileTypesAndContributionMap":{"functional-code":{"insertions":3,"deletions":3}}},{"hash":"06e86312cb7bd3d69a7905e8781859f1f8edfc4c","isMergeCommit":false,"messageTitle":"Update search staff after review","messageBody":"","fileTypesAndContributionMap":{"functional-code":{"insertions":9,"deletions":7},"test-code":{"insertions":3,"deletions":3}}},{"hash":"51e97f61211f76eea7cdb8aeb850ca47a81c3635","isMergeCommit":true,"messageTitle":"Merge pull request #79 from chinpcbenjamin/branch-delete-student","messageBody":"Feature 1: Student - Delete","fileTypesAndContributionMap":{}}]},{"date":"2025-03-17","commitResults":[{"hash":"cf7597a98334aec1e32abd2272cdcb507910df79","isMergeCommit":true,"messageTitle":"Merge pull request #80 from chinpcbenjamin/branch-student-storage","messageBody":"Feature 1: Student Storage","fileTypesAndContributionMap":{}},{"hash":"39916ba498cefcc29f597aafa7afeb7d8e731fd4","isMergeCommit":true,"messageTitle":"Merge pull request #81 from chinpcbenjamin/branch-staff-delete","messageBody":"Feature 1: Staff - Delete","fileTypesAndContributionMap":{}},{"hash":"205e148995e861d8c0f7ea858de04d4af5fef97e","isMergeCommit":true,"messageTitle":"Merge pull request #82 from chinpcbenjamin/branch-staff-storage","messageBody":"Feature 1: Staff - Storage","fileTypesAndContributionMap":{}}]},{"date":"2025-03-18","commitResults":[{"hash":"5533a4d17ebf4b02ef991ac91e265116b0d71ff6","isMergeCommit":true,"messageTitle":"Merge pull request #73 from hengjeekuan/branch-external-read","messageBody":"Branch external read","fileTypesAndContributionMap":{}},{"hash":"d7426c04dd66f6440e4eb38782d8476997d7cb3d","isMergeCommit":false,"messageTitle":"Add search external feature","messageBody":"","fileTypesAndContributionMap":{"functional-code":{"insertions":200,"deletions":0}}},{"hash":"ec7b99d0189d1c711ca88c95364f788818e7f01d","isMergeCommit":false,"messageTitle":"Update search external feature v1","messageBody":"","fileTypesAndContributionMap":{"functional-code":{"insertions":4,"deletions":4}}},{"hash":"c7959329c5e51ff2f141ba1be45cbab1b7fce44d","isMergeCommit":false,"messageTitle":"Add tests for search external feature","messageBody":"","fileTypesAndContributionMap":{"test-code":{"insertions":201,"deletions":0}}},{"hash":"eeffa4c17f255ad886119f255895cac270bc2a43","isMergeCommit":false,"messageTitle":"Add tests for search external feature v2","messageBody":"","fileTypesAndContributionMap":{"test-code":{"insertions":3,"deletions":3}}}]},{"date":"2025-03-20","commitResults":[{"hash":"1627c7296f4ea15ee3ed2bef76e171a04b5d26fa","isMergeCommit":true,"messageTitle":"Merge pull request #86 from hengjeekuan/branch-external-delete","messageBody":"Feature 1: External Parties - Delete","fileTypesAndContributionMap":{}},{"hash":"eb03a9b5f1afc0527c8b51345397a9a560b54aab","isMergeCommit":true,"messageTitle":"Merge pull request #87 from hengjeekuan/branch-external-storage","messageBody":"Feature 1: External Parties - Storage","fileTypesAndContributionMap":{}},{"hash":"8cf56418128f902fd220c5925fdb3a68f69b19a3","isMergeCommit":true,"messageTitle":"Merge pull request #89 from blacksesamezongzi/branch-add-test-cases-for-searchEventParser","messageBody":"Enable result of SearchEvent command to be shown in the ui","fileTypesAndContributionMap":{}},{"hash":"1fa32702808d86f4fc0ae7a5faec55a036108724","isMergeCommit":true,"messageTitle":"Merge pull request #90 from chinpcbenjamin/branch-v1.3.0","messageBody":"Update version number to v1.3.0","tags":["v1.3"],"fileTypesAndContributionMap":{}}]},{"date":"2025-03-24","commitResults":[{"hash":"d67217dbc8c4fd3afd85709ffa899bc3957a7751","isMergeCommit":true,"messageTitle":"Merge pull request #100 from blacksesamezongzi/branch-update-develop-guide-with-use-cases","messageBody":"Update DeveloperGuide with use cases","fileTypesAndContributionMap":{}}]}],"Alolononon":[{"date":"2025-03-06","commitResults":[{"hash":"ac86144c030c244ee5cf8b2b8fe38dd6adf8bab8","isMergeCommit":false,"messageTitle":"Update Jian Tao in the AboutUs page","messageBody":"","fileTypesAndContributionMap":{"docs":{"insertions":5,"deletions":6}}}]},{"date":"2025-03-07","commitResults":[{"hash":"4448ca7e4977e215513f4222fa768b76cf561067","isMergeCommit":false,"messageTitle":"update developer guide for target user profile, value proposition and user stories","messageBody":"","fileTypesAndContributionMap":{"docs":{"insertions":29,"deletions":10}}}]},{"date":"2025-03-11","commitResults":[{"hash":"f9c0778a1ba0a3e95e94c0fbf01b020408b3e60d","isMergeCommit":false,"messageTitle":"Add Event CRUD Feature","messageBody":"event is able to be added, deleted and listed\nthe events will be shown under the person list panel.\nthe events will be saved in the json file and loaded when the app is started.\n","fileTypesAndContributionMap":{"functional-code":{"insertions":1107,"deletions":3}}}]},{"date":"2025-03-12","commitResults":[{"hash":"83cd37368f4990da2e83717b813c0da364a09693","isMergeCommit":false,"messageTitle":"edit prefix for add event command","messageBody":"","fileTypesAndContributionMap":{"functional-code":{"insertions":3,"deletions":3}}},{"hash":"75c0b0e8d540c0bf167c7a8dd0dd1a1fdecd9171","isMergeCommit":true,"messageTitle":"Merge branch \u0027master\u0027 into branch-Event-CRUD-Feature","messageBody":"","fileTypesAndContributionMap":{}},{"hash":"26eedb4df11e744f7cd005ba69b0d72521dd7d37","isMergeCommit":false,"messageTitle":"Update AddressBook.java","messageBody":"","fileTypesAndContributionMap":{"functional-code":{"insertions":1,"deletions":1}}}]},{"date":"2025-03-13","commitResults":[{"hash":"495c9b3a72a0e4cc25d0de446c6c4c1043dd9603","isMergeCommit":false,"messageTitle":"edit check style on multiple files","messageBody":"","fileTypesAndContributionMap":{"functional-code":{"insertions":92,"deletions":46},"other":{"insertions":62,"deletions":13}}},{"hash":"d135d1cfd8ef33228c2271e215b3e4cd8e1bf613","isMergeCommit":false,"messageTitle":"edit check style on multiple files","messageBody":"","fileTypesAndContributionMap":{"test-code":{"insertions":33,"deletions":0}}},{"hash":"3e64c74a0156b8bb296d65173af2e0dc6cad11cc","isMergeCommit":false,"messageTitle":"edit JsonSerializableAddressBook.java. note that now it does not store event data after the window closed","messageBody":"","fileTypesAndContributionMap":{"functional-code":{"insertions":14,"deletions":14}}},{"hash":"694e381c5351d6c54dfa36b00f9690c9d5b86d0c","isMergeCommit":true,"messageTitle":"Merge branch \u0027master\u0027 into branch-Event-CRUD-Feature","messageBody":"","fileTypesAndContributionMap":{}},{"hash":"980b2f78c84d2ca0fa65187c6040179def4b1c2d","isMergeCommit":false,"messageTitle":"change event commands to add_event, delete_event, list_event","messageBody":"","fileTypesAndContributionMap":{"functional-code":{"insertions":3,"deletions":3}}},{"hash":"40a3c90e7306b18dcd12843bb56923564a0481c4","isMergeCommit":true,"messageTitle":"Merge branch \u0027branch-Event-CRUD-Feature\u0027 of https://github.com/Alolononon/tp into branch-Event-CRUD-Feature","messageBody":"","fileTypesAndContributionMap":{}}]},{"date":"2025-03-23","commitResults":[{"hash":"5a6c4595c1df955847633a4434c0d98abde0e4e5","isMergeCommit":false,"messageTitle":"add event test coverage","messageBody":"","fileTypesAndContributionMap":{"functional-code":{"insertions":6,"deletions":8},"test-code":{"insertions":308,"deletions":0}}},{"hash":"bec3e64696591d058180e97861228a5ce38abdae","isMergeCommit":false,"messageTitle":"add view_event command function","messageBody":"","fileTypesAndContributionMap":{"functional-code":{"insertions":233,"deletions":9}}},{"hash":"10910f1d72510dac98b0cf13b90c383ef82b54d1","isMergeCommit":false,"messageTitle":"add GUI for view_event command","messageBody":"","fileTypesAndContributionMap":{"functional-code":{"insertions":123,"deletions":0}}},{"hash":"705069c1c0c2f2130c6f4b859ffba22a89436846","isMergeCommit":true,"messageTitle":"merge from branch-update-event-testing  to branch-view-event-command","messageBody":"","fileTypesAndContributionMap":{}},{"hash":"f625b8f9d51ee559cfc7dba8cf8557af283de838","isMergeCommit":false,"messageTitle":"add test case for view event with bug fix","messageBody":"","fileTypesAndContributionMap":{"functional-code":{"insertions":42,"deletions":9},"test-code":{"insertions":165,"deletions":0}}},{"hash":"6d4364aba63e3f666f33d3de3d46b335903801f1","isMergeCommit":false,"messageTitle":"edit checkstyle error","messageBody":"","fileTypesAndContributionMap":{"functional-code":{"insertions":1,"deletions":1}}},{"hash":"c3d0d4ca6d2562221c4b81a940d4e00f3dce1591","isMergeCommit":false,"messageTitle":"add testcase for event class","messageBody":"","fileTypesAndContributionMap":{"test-code":{"insertions":98,"deletions":1}}}]},{"date":"2025-03-24","commitResults":[{"hash":"4d45a4440140be1a4af74b94f47c46126e65f7d7","isMergeCommit":false,"messageTitle":"add testcase for add_event, delete_event and event","messageBody":"","fileTypesAndContributionMap":{"test-code":{"insertions":323,"deletions":0}}}]},{"date":"2025-03-25","commitResults":[{"hash":"fa61c22eb5645c2fd0cb2a46a061c45465074fa5","isMergeCommit":true,"messageTitle":"Merge pull request #108 from hengjeekuan/branch-external-identity-check","messageBody":"Feature 1 Bug Fix: Adding External Party Identity Check","fileTypesAndContributionMap":{}}]}],"chinpcbenjamin":[{"date":"2025-02-22","commitResults":[{"hash":"815374f34854984a253ca5950fed31a6d2cd6a22","isMergeCommit":false,"messageTitle":"Update README.md","messageBody":"","fileTypesAndContributionMap":{"docs":{"insertions":1,"deletions":0}}},{"hash":"e6913a4e9400a253e8c22581a7485f2e6b928e2d","isMergeCommit":false,"messageTitle":"Update README.md","messageBody":"Added Code Coverage Badge","fileTypesAndContributionMap":{"docs":{"insertions":2,"deletions":0}}},{"hash":"db688fdb1ade9e601fa907e1668f413708d4929b","isMergeCommit":true,"messageTitle":"Merge pull request #1 from AY2425S2-CS2103T-T11-3/switch-docs-to-markbind","messageBody":"Switch docs to markbind","fileTypesAndContributionMap":{}},{"hash":"f87c54c483cd1d3935c85f9e8d094985f863ca86","isMergeCommit":false,"messageTitle":"Update default.md","messageBody":"Changed Product Name from AB3 to ResiConnect","fileTypesAndContributionMap":{"docs":{"insertions":1,"deletions":1}}}]},{"date":"2025-03-05","commitResults":[{"hash":"19efc9a728760a42f0651177c3f21858c878ccd3","isMergeCommit":false,"messageTitle":"Update AboutUs with Ben\u0027s Information","messageBody":"","fileTypesAndContributionMap":{"docs":{"insertions":4,"deletions":45}}},{"hash":"90c27f5ea2f28730c86d2e755cbf4591f08faa2b","isMergeCommit":false,"messageTitle":"Update AboutUs.md","messageBody":"","fileTypesAndContributionMap":{"docs":{"insertions":2,"deletions":1}}},{"hash":"595df1161506075f7865409a28bd2de3d2c5ca44","isMergeCommit":false,"messageTitle":"Update AboutUs.md","messageBody":"","fileTypesAndContributionMap":{"docs":{"insertions":0,"deletions":1}}}]},{"date":"2025-03-06","commitResults":[{"hash":"4ea23a50b9e734910d2c9b08799be4228abc0d43","isMergeCommit":true,"messageTitle":"Merge pull request #18 from blacksesamezongzi/branch-Edit-Jiaen_AboutUs","messageBody":"Update Jiaen\u0027s AboutUs.md","fileTypesAndContributionMap":{}},{"hash":"b2b021650b826b3b8bdf69f16f284c4e58b62b7c","isMergeCommit":true,"messageTitle":"Merge branch \u0027master\u0027 into branch-Update-Haikel-Aboutus","messageBody":"","fileTypesAndContributionMap":{}},{"hash":"09e687c202812c9fd701f629724a4303be05981a","isMergeCommit":false,"messageTitle":"Update AboutUs.md","messageBody":"","fileTypesAndContributionMap":{"docs":{"insertions":3,"deletions":3}}},{"hash":"184614c98efd7a9a81a38ef8cdd106e3ab909fef","isMergeCommit":true,"messageTitle":"Merge pull request #20 from mhaikelll/branch-Update-Haikel-Aboutus","messageBody":"Update Haikel Aboutus","fileTypesAndContributionMap":{}}]},{"date":"2025-03-07","commitResults":[{"hash":"c5aca92aaa517084b7c3168edf4193024859d46d","isMergeCommit":false,"messageTitle":"Update DG Acknowledgements","messageBody":"","fileTypesAndContributionMap":{"docs":{"insertions":1,"deletions":1}}},{"hash":"f83dea5a49185b22b75b3d6cd58418572d11c4f4","isMergeCommit":true,"messageTitle":"Merge branch \u0027master\u0027 into branch-Update-DG","messageBody":"","fileTypesAndContributionMap":{}},{"hash":"63f01898953603737f6205c7208eb248be27cd1e","isMergeCommit":false,"messageTitle":"Update Developer Guide","messageBody":"","fileTypesAndContributionMap":{"docs":{"insertions":4,"deletions":3}}},{"hash":"e4df360a3437e64320e20850577fe4366c770c24","isMergeCommit":false,"messageTitle":"Add use case to Developer Guide","messageBody":"","fileTypesAndContributionMap":{"docs":{"insertions":17,"deletions":0}}},{"hash":"47d2b051b10e12a0da30da59fcb543699f3dbb80","isMergeCommit":true,"messageTitle":"Merge pull request #28 from blacksesamezongzi/branch-update-readme-based-on-7-Mar-Update","messageBody":"Update readme file","fileTypesAndContributionMap":{}},{"hash":"f5392c7425b57c46cf819e36b9ed03c8c9fa5828","isMergeCommit":false,"messageTitle":"Add find student use case to developer guide","messageBody":"","fileTypesAndContributionMap":{"docs":{"insertions":18,"deletions":0}}},{"hash":"1a9ec4c1df959b04f2593f251bda539e23b27436","isMergeCommit":false,"messageTitle":"Update delete person use case in developer guide","messageBody":"","fileTypesAndContributionMap":{"docs":{"insertions":13,"deletions":11}}},{"hash":"2c816cbf95de44525144b3bc5aa30f0860e95f86","isMergeCommit":false,"messageTitle":"Update extentions to use cases","messageBody":"","fileTypesAndContributionMap":{"docs":{"insertions":4,"deletions":1}}},{"hash":"8aaf1e3236a46f53c1ed3b43cb6c85fc7cb035ba","isMergeCommit":false,"messageTitle":"Update add student use case","messageBody":"","fileTypesAndContributionMap":{"docs":{"insertions":1,"deletions":1}}},{"hash":"ece38a6f97af7042904f94ee1083a254c57d5e25","isMergeCommit":true,"messageTitle":"Merge pull request #29 from mhaikelll/branch-Update-NFRs","messageBody":"Update dev guide NFRs","fileTypesAndContributionMap":{}},{"hash":"2716cd8b3ea1da92fa35e9a23de9ee8c2d3e7fbc","isMergeCommit":false,"messageTitle":"Update extension of add user use case","messageBody":"","fileTypesAndContributionMap":{"docs":{"insertions":2,"deletions":1}}}]},{"date":"2025-03-09","commitResults":[{"hash":"8d0ccffeb206cff9495ba947f908e957d7ce40ba","isMergeCommit":false,"messageTitle":"Add new command prefix and AddStaffCommand class","messageBody":"","fileTypesAndContributionMap":{"functional-code":{"insertions":99,"deletions":4}}},{"hash":"2398e64cd3ba5a84b5f8af7a0ab6c327650cc095","isMergeCommit":false,"messageTitle":"Start on AddStaffCommandParser","messageBody":"","fileTypesAndContributionMap":{"functional-code":{"insertions":71,"deletions":1}}},{"hash":"9d21160aee56b3f37c4be86ad6a3d1cff9fd2a66","isMergeCommit":false,"messageTitle":"Add AddStaffCommandParser Javadoc","messageBody":"","fileTypesAndContributionMap":{"functional-code":{"insertions":3,"deletions":0}}},{"hash":"51f050b5d319dbeab6821cd707876e374bf2ad53","isMergeCommit":false,"messageTitle":"Fix import order in AddStaffCommandParser","messageBody":"","fileTypesAndContributionMap":{"functional-code":{"insertions":5,"deletions":4}}},{"hash":"4b41f6e62dc98f3d8a15fb87014d514da0fdd259","isMergeCommit":false,"messageTitle":"Add parseLevel method to ParserUtil and add Level class","messageBody":"","fileTypesAndContributionMap":{"functional-code":{"insertions":4,"deletions":0}}},{"hash":"e832efc980f760d6ca0b61862a3d234e867384e4","isMergeCommit":false,"messageTitle":"Add parseLevel to ParserUtil and add Level class","messageBody":"","fileTypesAndContributionMap":{"functional-code":{"insertions":73,"deletions":1}}},{"hash":"6a5798e5e789c2555dc63d32d8bb44002f7f5278","isMergeCommit":false,"messageTitle":"Add parseRoom to ParserUtil and add Room class","messageBody":"","fileTypesAndContributionMap":{"functional-code":{"insertions":59,"deletions":21}}},{"hash":"a3eabff135c10167f45cf327a194b8c17a654c14","isMergeCommit":false,"messageTitle":"Add parseBlock to ParserUtil and create Block class","messageBody":"","fileTypesAndContributionMap":{"functional-code":{"insertions":79,"deletions":1}}}]},{"date":"2025-03-10","commitResults":[{"hash":"4ca5597f795ad1f170de5fd91e05f5b6cea94533","isMergeCommit":false,"messageTitle":"Add parseDesignation and Designation class","messageBody":"","fileTypesAndContributionMap":{"functional-code":{"insertions":94,"deletions":7}}},{"hash":"b73513a6cc0756824bd9364e90fb049297a6c02c","isMergeCommit":false,"messageTitle":"Fix constraints for Designation class","messageBody":"","fileTypesAndContributionMap":{"functional-code":{"insertions":3,"deletions":2}}},{"hash":"2f2be8dbefc2857b675643090953a109080b3ca4","isMergeCommit":false,"messageTitle":"Add Staff class","messageBody":"","fileTypesAndContributionMap":{"functional-code":{"insertions":74,"deletions":2}}},{"hash":"84ceacbc010bb460015bb7c48755f2e9bae2f28e","isMergeCommit":false,"messageTitle":"Update AddStaffCommand and its parser to use Staff","messageBody":"","fileTypesAndContributionMap":{"functional-code":{"insertions":12,"deletions":9}}},{"hash":"11ced173dfaad09507f1f0601e2912ca492265f7","isMergeCommit":false,"messageTitle":"Update AddStaffCommand and parser to display correct errors","messageBody":"","fileTypesAndContributionMap":{"functional-code":{"insertions":18,"deletions":16}}},{"hash":"8e45e73caf6a009bd5f5dfbc88d63db3ac6e4fff","isMergeCommit":false,"messageTitle":"Remove AddCommand import from AddStaffCommandParser","messageBody":"","fileTypesAndContributionMap":{"functional-code":{"insertions":0,"deletions":1}}},{"hash":"e26dc3d755fd8f072770f98f90c133363bae125e","isMergeCommit":false,"messageTitle":"Update AddStaffCommand to allow viewing of staff in PersonList","messageBody":"","fileTypesAndContributionMap":{"functional-code":{"insertions":8,"deletions":1}}},{"hash":"2a4e7b447e335fd56d74a8d9e628caa2baa83a1b","isMergeCommit":false,"messageTitle":"Add tests for AddStaffCommand","messageBody":"","fileTypesAndContributionMap":{"test-code":{"insertions":349,"deletions":0}}},{"hash":"bd438819d614d64532fa8b9f568fb20421ea47a3","isMergeCommit":false,"messageTitle":"Add tests for AddStaffCommandParser","messageBody":"","fileTypesAndContributionMap":{"functional-code":{"insertions":5,"deletions":5},"test-code":{"insertions":100,"deletions":1}}},{"hash":"29ed9ee75d9ad7eef4d5879bcfa657e58fa6ed9f","isMergeCommit":false,"messageTitle":"Add more tests for AddStaffCommand and AddStaffCommandParser","messageBody":"","fileTypesAndContributionMap":{"test-code":{"insertions":61,"deletions":0}}},{"hash":"64818daacc763b310427171c3c0198a5504414b3","isMergeCommit":false,"messageTitle":"Add AddStaffCommand test case to AddressBookParserTest","messageBody":"","fileTypesAndContributionMap":{"test-code":{"insertions":13,"deletions":0}}},{"hash":"e118c9958dbacf09ee92c94351b07781265c0296","isMergeCommit":false,"messageTitle":"Add tests for Block class","messageBody":"","fileTypesAndContributionMap":{"test-code":{"insertions":77,"deletions":0}}},{"hash":"ac39fb84b00bfb83206faea25f07cc03877cd5b4","isMergeCommit":false,"messageTitle":"Add tests for Designation class","messageBody":"","fileTypesAndContributionMap":{"test-code":{"insertions":72,"deletions":1}}},{"hash":"5d6289a3b96b07c824ed69c01c030b4d529bb706","isMergeCommit":false,"messageTitle":"Add tests for Room class","messageBody":"","fileTypesAndContributionMap":{"functional-code":{"insertions":18,"deletions":2},"test-code":{"insertions":75,"deletions":0}}},{"hash":"6c0dbed098f0c64fcda17187c485f0d1169c428e","isMergeCommit":false,"messageTitle":"Add tests for Level class","messageBody":"","fileTypesAndContributionMap":{"functional-code":{"insertions":18,"deletions":2},"test-code":{"insertions":82,"deletions":6}}},{"hash":"05fbefa96b89bd6402732c2c2d1aa75eaae45c77","isMergeCommit":false,"messageTitle":"Add tests for Staff class","messageBody":"","fileTypesAndContributionMap":{"test-code":{"insertions":65,"deletions":0}}},{"hash":"4373a33eac23180ef76dc7e38ac306b5a0196155","isMergeCommit":false,"messageTitle":"Add StaffCard class and fxml","messageBody":"","fileTypesAndContributionMap":{"functional-code":{"insertions":134,"deletions":0}}},{"hash":"837afdd3a277cb368880625aeee040d5169cc4cc","isMergeCommit":false,"messageTitle":"Add StaffListPanel class and fxml","messageBody":"","fileTypesAndContributionMap":{"functional-code":{"insertions":58,"deletions":1}}},{"hash":"eb93495f9ada28dbdbb28b38a4460a9c1836509f","isMergeCommit":false,"messageTitle":"Add support for viewing staff list","messageBody":"A UniqueStaffList class was created to store the list of staff added\nto ResiConnect. To support the new staff list, the AddressBook class,\nModel interface, ModelManager class and ReadOnlyAddressBook interface\nwere updated.\n","fileTypesAndContributionMap":{"functional-code":{"insertions":240,"deletions":1}}},{"hash":"409dd0a57411867dfe68d7a5ec3d0a4e6c0403e4","isMergeCommit":false,"messageTitle":"Add support for viewing staff list","messageBody":"To support the new staff list, the AddressBook class, Model interface,\nModelManager class, Logic interface and LogicManager class were updated.\nStaffListPanel.fxml was fixed to correctly reference the right .java\nfile. AddStaffCommand was fixed to add the staff to the staff list\ninstead of the person list.\n","fileTypesAndContributionMap":{"functional-code":{"insertions":63,"deletions":6}}},{"hash":"066071f48521ff16330f77ebfe5716de4c7cdd67","isMergeCommit":false,"messageTitle":"Update tests to match updated interfaces","messageBody":"","fileTypesAndContributionMap":{"functional-code":{"insertions":1,"deletions":0},"test-code":{"insertions":124,"deletions":162}}},{"hash":"b77594088b0718fc10daed659a2cc2ba13b73743","isMergeCommit":false,"messageTitle":"Fix AddStaffCommandTest","messageBody":"","fileTypesAndContributionMap":{"test-code":{"insertions":3,"deletions":3}}}]},{"date":"2025-03-11","commitResults":[{"hash":"c8595bce17180625de61bbe4fe21b968976ea8ad","isMergeCommit":false,"messageTitle":"Add ListStaffCommand class","messageBody":"","fileTypesAndContributionMap":{"functional-code":{"insertions":23,"deletions":3}}}]},{"date":"2025-03-12","commitResults":[{"hash":"7260514b54ff41a066a835276f0afae8d0e9b9e7","isMergeCommit":false,"messageTitle":"Add listeners to detect change in list to be displayed","messageBody":"","fileTypesAndContributionMap":{"functional-code":{"insertions":102,"deletions":3}}},{"hash":"fb045b54ab0acec4ec97a6fcae2ef4cfb9fb8136","isMergeCommit":false,"messageTitle":"Update AddressBookParser to handle ListStaffCommand","messageBody":"","fileTypesAndContributionMap":{"functional-code":{"insertions":20,"deletions":3}}},{"hash":"f1b988b68e138f1c47cb6b51bb1bee66e9216bda","isMergeCommit":false,"messageTitle":"Update ModelStub","messageBody":"","fileTypesAndContributionMap":{"test-code":{"insertions":17,"deletions":0}}},{"hash":"38593616ba87a8fff52411dfa1aa19a194239851","isMergeCommit":false,"messageTitle":"Add tests for LogicManager","messageBody":"","fileTypesAndContributionMap":{"test-code":{"insertions":38,"deletions":0}}},{"hash":"6ce60ae898cb739ffc83b81130bd0d7271aac19e","isMergeCommit":false,"messageTitle":"Add ListStaffCommandTest","messageBody":"","fileTypesAndContributionMap":{"test-code":{"insertions":29,"deletions":0}}},{"hash":"86dbbb56f634a725fddd51dd975073aba4ac4039","isMergeCommit":false,"messageTitle":"Add various test cases","messageBody":"","fileTypesAndContributionMap":{"test-code":{"insertions":4,"deletions":0}}},{"hash":"7c42fc780dfba753816da0b457e776264bc41427","isMergeCommit":false,"messageTitle":"Add various test cases","messageBody":"","fileTypesAndContributionMap":{"functional-code":{"insertions":0,"deletions":2},"test-code":{"insertions":200,"deletions":7}}}]},{"date":"2025-03-13","commitResults":[{"hash":"4fec4c2247344b66380b5dba7f032b1a9d6817a2","isMergeCommit":true,"messageTitle":"Merge pull request #45 from mhaikelll/search-staff-feature","messageBody":"Add Feature 2: Search Staff","fileTypesAndContributionMap":{}},{"hash":"5b4c4316125d8e790c64349dbfa9c45259e3a38c","isMergeCommit":true,"messageTitle":"Merge branch \u0027master\u0027 into branch-search-event-using-name-from-to","messageBody":"","fileTypesAndContributionMap":{}},{"hash":"fe2651ddbf29267c98e985e50d86db9e04220bbd","isMergeCommit":false,"messageTitle":"Update AddressBookParser.java","messageBody":"","fileTypesAndContributionMap":{"functional-code":{"insertions":2,"deletions":2}}},{"hash":"87f77f18948f08e1170e79a848a15f33b8daae2b","isMergeCommit":true,"messageTitle":"Merge pull request #46 from blacksesamezongzi/branch-search-event-using-name-from-to","messageBody":"Feature 4: Search for events going on in the residences","fileTypesAndContributionMap":{}}]},{"date":"2025-03-14","commitResults":[{"hash":"7dafbeb3919815fef6454239ef7a57bb043d788f","isMergeCommit":true,"messageTitle":"Merge pull request #60 from mhaikelll/search-staff-fix","messageBody":"Feature 2: Fix search staff","fileTypesAndContributionMap":{}},{"hash":"86199df06b582f5531462b6124d60083ece63a94","isMergeCommit":false,"messageTitle":"Add ListStudentCommand and UniqueStudentList","messageBody":"","fileTypesAndContributionMap":{"functional-code":{"insertions":190,"deletions":0}}},{"hash":"3223c884cf42f31683ea75e95f27cbea739072fa","isMergeCommit":false,"messageTitle":"Update AddressBook and ReadOnlyAddressBook to support Student","messageBody":"","fileTypesAndContributionMap":{"functional-code":{"insertions":54,"deletions":3}}},{"hash":"01810ece0a59e31d0817869b6accce08ac809725","isMergeCommit":false,"messageTitle":"Update ListType, Model and ModelManager to support Student","messageBody":"","fileTypesAndContributionMap":{"functional-code":{"insertions":73,"deletions":5}}},{"hash":"4ef4ea6cb495dcf8aaa638e23ce476cf12db68c2","isMergeCommit":false,"messageTitle":"Update Logic and LogicManager to support Student","messageBody":"","fileTypesAndContributionMap":{"functional-code":{"insertions":10,"deletions":0}}},{"hash":"ee3faecd6100af4868c8d75ad41b6c2aabcc2327","isMergeCommit":false,"messageTitle":"Add StudentCard and StudentListPanel","messageBody":"","fileTypesAndContributionMap":{"functional-code":{"insertions":122,"deletions":4}}},{"hash":"bd568ad303b4a66fcd3e5f4b8105c0ffd17318be","isMergeCommit":false,"messageTitle":"Add StudentListCard.fxml and StudentListPanel.fxml","messageBody":"","fileTypesAndContributionMap":{"functional-code":{"insertions":118,"deletions":24}}},{"hash":"faab7af1f83a46d76d1a3e65b67b8e4a7cd741de","isMergeCommit":false,"messageTitle":"Update Designation to become StaffDesignation","messageBody":"","fileTypesAndContributionMap":{"functional-code":{"insertions":10,"deletions":10},"other":{"insertions":4,"deletions":4},"test-code":{"insertions":33,"deletions":33}}},{"hash":"c184c6c24959783ab183a1b065f182ba2a28405b","isMergeCommit":false,"messageTitle":"Standardise UI for each of the Cards and Panels","messageBody":"","fileTypesAndContributionMap":{"functional-code":{"insertions":57,"deletions":25}}},{"hash":"a0be29dafaaca523e754e562d776eaa41f6e7dd4","isMergeCommit":false,"messageTitle":"Modify files to comply with CheckStyle","messageBody":"","fileTypesAndContributionMap":{"functional-code":{"insertions":8,"deletions":6},"test-code":{"insertions":40,"deletions":2}}},{"hash":"e85418f5b10990821ad01412d03a43f57a997b28","isMergeCommit":false,"messageTitle":"Add test cases","messageBody":"","fileTypesAndContributionMap":{"test-code":{"insertions":359,"deletions":0}}},{"hash":"f95f4534c5f065883d87e3f97a2cf5b2c629ca01","isMergeCommit":false,"messageTitle":"Add tests to AddressBookTest","messageBody":"","fileTypesAndContributionMap":{"test-code":{"insertions":74,"deletions":0}}},{"hash":"5616b16654c353eb4cd6147d5430f37ad9f9ca5f","isMergeCommit":false,"messageTitle":"Add test cases to ModelManagerTest","messageBody":"","fileTypesAndContributionMap":{"test-code":{"insertions":108,"deletions":0}}},{"hash":"5afeb8a5bf4e0c8f5fb2feb68fbc803d47ecbc5c","isMergeCommit":false,"messageTitle":"Edit erroneous function name in UniqueStudentListTest","messageBody":"","fileTypesAndContributionMap":{"test-code":{"insertions":1,"deletions":1}}},{"hash":"a98d36907a773cb8ff1d44a14636ac5f9bd58251","isMergeCommit":false,"messageTitle":"Fix Checkstyle for various tests","messageBody":"","fileTypesAndContributionMap":{"test-code":{"insertions":1,"deletions":2}}}]},{"date":"2025-03-16","commitResults":[{"hash":"1f0be23073e444881b654024522f6394b4dbf600","isMergeCommit":true,"messageTitle":"Merge pull request #78 from mhaikelll/search-student-feature","messageBody":"Feature 2: Search Student","fileTypesAndContributionMap":{}},{"hash":"2aa6b5e2e273532d59a493d8b50907fbb905a9e0","isMergeCommit":false,"messageTitle":"Add DeleteStudentCommand class","messageBody":"","fileTypesAndContributionMap":{"functional-code":{"insertions":71,"deletions":0}}},{"hash":"0227bb7c5095c49cb5a9cda0061e8957446ac7fe","isMergeCommit":false,"messageTitle":"Add DeleteStudentCommandParser class","messageBody":"","fileTypesAndContributionMap":{"functional-code":{"insertions":28,"deletions":0}}},{"hash":"9e77c63ed244fea3e867a038a5e5b9021db2606f","isMergeCommit":false,"messageTitle":"Update AddressBookParser to support deletion of students","messageBody":"","fileTypesAndContributionMap":{"functional-code":{"insertions":4,"deletions":0}}},{"hash":"bd1a3f6d8db41d243ab0e564400e0ab3ae7327cc","isMergeCommit":false,"messageTitle":"Add DeleteStudentCommandTest class","messageBody":"","fileTypesAndContributionMap":{"test-code":{"insertions":127,"deletions":0}}},{"hash":"4a490d453b3f26c674db9cc23a60d4da968cf142","isMergeCommit":false,"messageTitle":"Add DeleteStudentCommandParserTest and update AddressBookParserTest","messageBody":"","fileTypesAndContributionMap":{"functional-code":{"insertions":2,"deletions":1},"test-code":{"insertions":41,"deletions":0}}},{"hash":"e066f004e36e286b0b0705ebc01a061aa197ef84","isMergeCommit":false,"messageTitle":"Update files to meet Checkstyle","messageBody":"","fileTypesAndContributionMap":{"functional-code":{"insertions":0,"deletions":1},"test-code":{"insertions":2,"deletions":2}}}]},{"date":"2025-03-17","commitResults":[{"hash":"775f775b7100ab15beb93924939e33fd74640140","isMergeCommit":false,"messageTitle":"Add JsonAdaptedStudent class","messageBody":"","fileTypesAndContributionMap":{"functional-code":{"insertions":163,"deletions":0}}},{"hash":"11e49ae0c783c90832a2788a1b31a7c4750c6822","isMergeCommit":false,"messageTitle":"Update JsonSerializableAddressBook to handle students","messageBody":"","fileTypesAndContributionMap":{"functional-code":{"insertions":13,"deletions":0}}},{"hash":"d0d1fcdafc01c8c3a33fecd587f3d44ddcad1ebd","isMergeCommit":false,"messageTitle":"Update JsonAdaptedStudent and StudentDesignation to fix JSON loading issue","messageBody":"","fileTypesAndContributionMap":{"functional-code":{"insertions":5,"deletions":1}}},{"hash":"a1f350a9c20f8cf9e514a5a69a383d2acc3a83f0","isMergeCommit":false,"messageTitle":"Fix Checkstyle in JsonAdaptedStudent","messageBody":"","fileTypesAndContributionMap":{"functional-code":{"insertions":1,"deletions":0}}},{"hash":"89d07629b9f8ac8ce0946b5d59af0437dd534a6d","isMergeCommit":false,"messageTitle":"Add test cases for JsonAdaptedStudent","messageBody":"","fileTypesAndContributionMap":{"functional-code":{"insertions":19,"deletions":0},"other":{"insertions":1,"deletions":1},"test-code":{"insertions":283,"deletions":1}}},{"hash":"e0ffe910c446d584d9a1a44e9f50ba187e031e5e","isMergeCommit":false,"messageTitle":"Fix Checkstyle","messageBody":"","fileTypesAndContributionMap":{"test-code":{"insertions":1,"deletions":0}}},{"hash":"7858dd2396f2c894d4b41afb4f54694587caa5fc","isMergeCommit":false,"messageTitle":"Add DeleteStaffCommand","messageBody":"","fileTypesAndContributionMap":{"functional-code":{"insertions":71,"deletions":0}}},{"hash":"934640040754d16757bc9f83ba073b365ab47aaa","isMergeCommit":false,"messageTitle":"Add DeleteStaffCommandParser class","messageBody":"","fileTypesAndContributionMap":{"functional-code":{"insertions":27,"deletions":0}}},{"hash":"ffabbc7b3b498c76630510144663ed224f31cb54","isMergeCommit":false,"messageTitle":"Update AddressBookParser to handle DeleteStaffCommand","messageBody":"","fileTypesAndContributionMap":{"functional-code":{"insertions":4,"deletions":0}}},{"hash":"f3ecd746695b78440a634ffb21f16d2aa25e0c58","isMergeCommit":false,"messageTitle":"Add DeleteStaffCommandTest","messageBody":"","fileTypesAndContributionMap":{"test-code":{"insertions":127,"deletions":2}}},{"hash":"12e370bafe1de0a36fa76e09e7134f8a6966dd79","isMergeCommit":false,"messageTitle":"Update AddressBookParserTest to test DeleteStaffCommand","messageBody":"","fileTypesAndContributionMap":{"test-code":{"insertions":8,"deletions":0}}},{"hash":"1f7235d61b160ca9645e3a555ba7036f7f821f7c","isMergeCommit":false,"messageTitle":"Add DeleteStaffCommandParserTest","messageBody":"","fileTypesAndContributionMap":{"test-code":{"insertions":32,"deletions":0}}},{"hash":"467274debd194ae1e98cfcafe3d08fc45fcc7894","isMergeCommit":false,"messageTitle":"Add JsonAdaptedStaff and update StaffDesignation get method name and its uses","messageBody":"","fileTypesAndContributionMap":{"functional-code":{"insertions":181,"deletions":6},"test-code":{"insertions":73,"deletions":73}}},{"hash":"56cb556f2c4d8c2f8c379ed495fae2a812222100","isMergeCommit":false,"messageTitle":"Update JsonSerializableAddressBook to handle Staff and JsonAdaptedStaff","messageBody":"","fileTypesAndContributionMap":{"functional-code":{"insertions":12,"deletions":0}}},{"hash":"2eb2497e8ec7bc8bf2aa82a75776e613f9964797","isMergeCommit":false,"messageTitle":"Add JsonAdaptedStaffTest","messageBody":"","fileTypesAndContributionMap":{"functional-code":{"insertions":1,"deletions":1},"test-code":{"insertions":263,"deletions":1}}},{"hash":"2f834bd11484d1529d790fa628d1590960b54e10","isMergeCommit":false,"messageTitle":"Fix Checkstyle","messageBody":"","fileTypesAndContributionMap":{"test-code":{"insertions":1,"deletions":1}}},{"hash":"c49212a5e98bbf28c8dc6bff081c40a308d9c22b","isMergeCommit":false,"messageTitle":"Update JsonAdaptedStudent\u0027s order of constructor to match Student","messageBody":"","fileTypesAndContributionMap":{"functional-code":{"insertions":6,"deletions":6},"test-code":{"insertions":24,"deletions":25}}},{"hash":"1c6d9b615633296838ffc737be465850b68d2909","isMergeCommit":true,"messageTitle":"Merge branch \u0027master\u0027 into branch-staff-storage","messageBody":"","fileTypesAndContributionMap":{}},{"hash":"bcb0e268677660dfcaacecc9bba27d393473ca0c","isMergeCommit":false,"messageTitle":"Update JsonAdaptedStaffTest","messageBody":"","fileTypesAndContributionMap":{"test-code":{"insertions":2,"deletions":3}}}]},{"date":"2025-03-18","commitResults":[{"hash":"3c084f4ae43eb95c7d755ebb598a286c0df057df","isMergeCommit":false,"messageTitle":"Add JsonAdaptedStudent class","messageBody":"","fileTypesAndContributionMap":{"functional-code":{"insertions":163,"deletions":0}}},{"hash":"5bc23c95bfca8a85e83e70d7395e7a7544a1e2f8","isMergeCommit":false,"messageTitle":"Update JsonSerializableAddressBook to handle students","messageBody":"","fileTypesAndContributionMap":{"functional-code":{"insertions":13,"deletions":0}}},{"hash":"58c4c2b51688e8ee62e82b07640a0ee9f6c5ccd8","isMergeCommit":false,"messageTitle":"Update JsonAdaptedStudent and StudentDesignation to fix JSON loading issue","messageBody":"","fileTypesAndContributionMap":{"functional-code":{"insertions":5,"deletions":1}}},{"hash":"908dd332d3e7f1acdca241ae673686e11ec2d6b3","isMergeCommit":false,"messageTitle":"Fix Checkstyle in JsonAdaptedStudent","messageBody":"","fileTypesAndContributionMap":{"functional-code":{"insertions":1,"deletions":0}}},{"hash":"c18779efca3c5439765593ee665af836ab4c9a1b","isMergeCommit":false,"messageTitle":"Add test cases for JsonAdaptedStudent","messageBody":"","fileTypesAndContributionMap":{"functional-code":{"insertions":19,"deletions":0},"other":{"insertions":1,"deletions":1},"test-code":{"insertions":283,"deletions":1}}},{"hash":"bec81f20dafd6935543e1b30ae83136469a71d42","isMergeCommit":false,"messageTitle":"Fix Checkstyle","messageBody":"","fileTypesAndContributionMap":{"test-code":{"insertions":1,"deletions":0}}},{"hash":"02865e97adeee30c8bc5ed9ae7d209453dd7676f","isMergeCommit":false,"messageTitle":"Update JsonAdaptedStudent\u0027s order of constructor to match Student","messageBody":"","fileTypesAndContributionMap":{"functional-code":{"insertions":6,"deletions":6},"test-code":{"insertions":24,"deletions":25}}},{"hash":"4881102e0081aea51f644725d108650a1dccddf0","isMergeCommit":false,"messageTitle":"Add DeleteStaffCommand","messageBody":"","fileTypesAndContributionMap":{"functional-code":{"insertions":71,"deletions":0}}},{"hash":"030bb8a379d3fe2dfd1914ddccdab9509806e3c2","isMergeCommit":false,"messageTitle":"Add DeleteStaffCommandParser class","messageBody":"","fileTypesAndContributionMap":{"functional-code":{"insertions":27,"deletions":0}}},{"hash":"ef497f574a5fa98bc74fd679812cf5cb2996d044","isMergeCommit":false,"messageTitle":"Update AddressBookParser to handle DeleteStaffCommand","messageBody":"","fileTypesAndContributionMap":{"functional-code":{"insertions":4,"deletions":0}}},{"hash":"e552637cdb0e9e60290e620730393f04604ea5b6","isMergeCommit":false,"messageTitle":"Add DeleteStaffCommandTest","messageBody":"","fileTypesAndContributionMap":{"test-code":{"insertions":127,"deletions":2}}},{"hash":"77b2be035339318ccfe638b2b519b20038caee66","isMergeCommit":false,"messageTitle":"Update AddressBookParserTest to test DeleteStaffCommand","messageBody":"","fileTypesAndContributionMap":{"test-code":{"insertions":8,"deletions":0}}},{"hash":"bd29e4596c5d97bdb8fb0c443fb4c2d9e7ebeb89","isMergeCommit":false,"messageTitle":"Add DeleteStaffCommandParserTest","messageBody":"","fileTypesAndContributionMap":{"test-code":{"insertions":32,"deletions":0}}},{"hash":"0b622c7cc38e8acc10e322029119560e2004ee80","isMergeCommit":false,"messageTitle":"Add JsonAdaptedStaff and update StaffDesignation get method name and its uses","messageBody":"","fileTypesAndContributionMap":{"functional-code":{"insertions":181,"deletions":6},"test-code":{"insertions":23,"deletions":23}}},{"hash":"c5fb5e2d0c9057d2e64558497152df5134f6fd55","isMergeCommit":false,"messageTitle":"Update JsonSerializableAddressBook to handle Staff and JsonAdaptedStaff","messageBody":"","fileTypesAndContributionMap":{"functional-code":{"insertions":12,"deletions":0}}},{"hash":"38d7c9574ead929c09d2c2c2dd37d08bb55d47cf","isMergeCommit":false,"messageTitle":"Add JsonAdaptedStaffTest","messageBody":"","fileTypesAndContributionMap":{"functional-code":{"insertions":1,"deletions":1},"test-code":{"insertions":263,"deletions":1}}},{"hash":"e2d974a0d43078d5bbe8181aaa8b59836ec58186","isMergeCommit":false,"messageTitle":"Fix Checkstyle","messageBody":"","fileTypesAndContributionMap":{"test-code":{"insertions":1,"deletions":1}}},{"hash":"b918e1c30e1b2382c6e9e5d18674e200e46ec7aa","isMergeCommit":false,"messageTitle":"Update JsonAdaptedStaffTest","messageBody":"","fileTypesAndContributionMap":{"test-code":{"insertions":2,"deletions":3}}}]},{"date":"2025-03-20","commitResults":[{"hash":"a4b8186e4a404c57c6a392fd43a2d5e9e35301da","isMergeCommit":false,"messageTitle":"Update version number to v1.3.0","messageBody":"","fileTypesAndContributionMap":{"functional-code":{"insertions":1,"deletions":1}}}]},{"date":"2025-03-24","commitResults":[{"hash":"af161f26eaf37ed2d81b9e05a71fc3abbab1c7ae","isMergeCommit":true,"messageTitle":"Merge pull request #99 from Alolononon/branch-view-event-command","messageBody":"Add view_event command","fileTypesAndContributionMap":{}}]}],"hengjeekuan":[{"date":"2025-03-05","commitResults":[{"hash":"6451896c07466ac73510cece0cdb4764d80b081b","isMergeCommit":false,"messageTitle":"Update Jee photo in AboutUs","messageBody":"","fileTypesAndContributionMap":{"docs":{"insertions":3,"deletions":40}}}]},{"date":"2025-03-06","commitResults":[{"hash":"4f4adb698eca41b129a021c6b65973995bdf6032","isMergeCommit":false,"messageTitle":"Update README","messageBody":"","fileTypesAndContributionMap":{"docs":{"insertions":1,"deletions":1}}},{"hash":"226fb5bad3f07b8d412e5acb0ff14706a8892353","isMergeCommit":false,"messageTitle":"Change link in ReadME to correct link","messageBody":"","fileTypesAndContributionMap":{"docs":{"insertions":1,"deletions":1}}},{"hash":"7997b5bb2e3711fb13cd145199866998f59d6a47","isMergeCommit":false,"messageTitle":"Update ReadME","messageBody":"","fileTypesAndContributionMap":{"docs":{"insertions":7,"deletions":8}}}]},{"date":"2025-03-07","commitResults":[{"hash":"78c10a2b05f4650928a081d23049672f452dd5e7","isMergeCommit":false,"messageTitle":"Update ReadME","messageBody":"","fileTypesAndContributionMap":{"docs":{"insertions":3,"deletions":7}}},{"hash":"3603889c1987b9a365295ce43802f814ef222752","isMergeCommit":true,"messageTitle":"Merge branch \u0027master\u0027 into branch-UpdateReadME","messageBody":"","fileTypesAndContributionMap":{}}]},{"date":"2025-03-09","commitResults":[{"hash":"2a9be49efaa16c1e98354b2005e699ca2df5c1c4","isMergeCommit":false,"messageTitle":"Add AddExternalCommand class","messageBody":"","fileTypesAndContributionMap":{"functional-code":{"insertions":69,"deletions":0}}},{"hash":"d5e19b066d24008d30b4a8e877f86ce28e6fc80b","isMergeCommit":false,"messageTitle":"Remove trailing whitespace in documents","messageBody":"","fileTypesAndContributionMap":{"functional-code":{"insertions":1,"deletions":0},"docs":{"insertions":4,"deletions":4}}},{"hash":"515f942831b02e2af04f0a5755554426a3a2c7c8","isMergeCommit":false,"messageTitle":"Add empty line at EOF of AddExternalCommand,.java","messageBody":"","fileTypesAndContributionMap":{"functional-code":{"insertions":1,"deletions":2}}}]},{"date":"2025-03-10","commitResults":[{"hash":"5fa7c93b097b4889e4a397ab2bbd3015ea4e4aba","isMergeCommit":false,"messageTitle":"Add AddExternalCommand into the application","messageBody":"AddressBookParser#parseCommand() does not yet recognise AddExternalCommand.\n\nUpdate AddressBookParser#parseCommand() to recognise AddExternalCommand.\nUpdate tests to match AddressBookParser and AddExternalCommand\n","fileTypesAndContributionMap":{"functional-code":{"insertions":15,"deletions":15},"test-code":{"insertions":31,"deletions":8}}},{"hash":"2b22a438a95cd1836b065f0217a0b595f7b74201","isMergeCommit":false,"messageTitle":"Fix Checkstyle errors","messageBody":"","fileTypesAndContributionMap":{"functional-code":{"insertions":5,"deletions":1},"test-code":{"insertions":3,"deletions":5}}},{"hash":"1baf7647ae94ab51f51afbda7667565e9dc6627b","isMergeCommit":false,"messageTitle":"Fix Checkstyle errors","messageBody":"","fileTypesAndContributionMap":{"functional-code":{"insertions":10,"deletions":8},"test-code":{"insertions":1,"deletions":1}}},{"hash":"2bb5e4ce9dce4087f46337e1ec8784893a63cb5f","isMergeCommit":false,"messageTitle":"Add AddExternalCommandParser.java","messageBody":"Program currently does not have a parser to read user\u0027s input for AddExternalCommand.\n\nCreating this parser class will allow us to read user input and extract the arguments we need.\n\nLet\u0027s create this parser class named AddExternalCommandParser, change the output of AddressBookParser when it reads \u0027add_ext\u0027 command, change AddExternalCommand to now take in 4 variables.\n","fileTypesAndContributionMap":{"functional-code":{"insertions":95,"deletions":14}}},{"hash":"bf241b34043cf5ce0b1d252276ee183c16f5275d","isMergeCommit":false,"messageTitle":"Fix Checkstyle errors","messageBody":"","fileTypesAndContributionMap":{"functional-code":{"insertions":5,"deletions":9}}},{"hash":"9a4eb3ca0bf1d8d2fbc83d9e2ebd545edd34c4f4","isMergeCommit":false,"messageTitle":"Fix test cases","messageBody":"","fileTypesAndContributionMap":{"test-code":{"insertions":29,"deletions":5}}},{"hash":"6d0df4642b594cd9686dcbc617fd20089ea8b9d9","isMergeCommit":false,"messageTitle":"Fix Checkstyle errors","messageBody":"","fileTypesAndContributionMap":{"test-code":{"insertions":18,"deletions":3}}}]},{"date":"2025-03-12","commitResults":[{"hash":"24f2473c1583c6ca64020e46843c74d6e6c0e3df","isMergeCommit":false,"messageTitle":"Add parseDescription to ParserUtil and add Description class","messageBody":"","fileTypesAndContributionMap":{"functional-code":{"insertions":66,"deletions":5}}},{"hash":"08c4dfb1b665074b19fca5772c0d97ef860dc2f4","isMergeCommit":false,"messageTitle":"Add ExternalParty class","messageBody":"","fileTypesAndContributionMap":{"functional-code":{"insertions":40,"deletions":0}}},{"hash":"ca79afd491a98d9f37177374c13e94db58ba9f7a","isMergeCommit":false,"messageTitle":"Add a second constructor for Person class","messageBody":"","fileTypesAndContributionMap":{"functional-code":{"insertions":9,"deletions":0}}},{"hash":"522259e07adb86a0d1636f912ac9f71174a1dde1","isMergeCommit":false,"messageTitle":"Update AddExternalCommand and its parser to use ExternalParty","messageBody":"","fileTypesAndContributionMap":{"functional-code":{"insertions":16,"deletions":28}}},{"hash":"44c63040acdfc438f7179d09d8fa09c28e996bf3","isMergeCommit":false,"messageTitle":"Create ExternalPartyBuilder.java","messageBody":"","fileTypesAndContributionMap":{"test-code":{"insertions":83,"deletions":0}}},{"hash":"fb5825be73bbd1f4250b1861fc1243b771944761","isMergeCommit":false,"messageTitle":"Add AddExternalCommand test case to AddressBookParserTest","messageBody":"","fileTypesAndContributionMap":{"test-code":{"insertions":6,"deletions":17}}},{"hash":"72d78cf6a0d7c17b7d8a017f899cb06710065ef8","isMergeCommit":false,"messageTitle":"Fix Checkstyle errors","messageBody":"","fileTypesAndContributionMap":{"functional-code":{"insertions":4,"deletions":1}}},{"hash":"eb669bfafad81d898cca261c04c0ba1a536746b4","isMergeCommit":false,"messageTitle":"Add tests for AddExternalCommand","messageBody":"","fileTypesAndContributionMap":{"test-code":{"insertions":181,"deletions":16}}},{"hash":"2dd956b50db4028520d59d5f268f799893b863f8","isMergeCommit":false,"messageTitle":"Fix bugs","messageBody":"","fileTypesAndContributionMap":{"functional-code":{"insertions":27,"deletions":24},"test-code":{"insertions":2,"deletions":0}}},{"hash":"64b948c33b3b3b10b405ff008a51f22d2a4f30ab","isMergeCommit":true,"messageTitle":"Merge pull request #44 from mhaikelll/add-student-feature","messageBody":"Add Feature 1: Add Student","fileTypesAndContributionMap":{}},{"hash":"e3f9b3f53dd345e47f2b3cd99d7fbd2bc60f8c75","isMergeCommit":false,"messageTitle":"Add AddExternalCommandParserTest","messageBody":"","fileTypesAndContributionMap":{"test-code":{"insertions":57,"deletions":0}}},{"hash":"f3c52c7629386278ad2a6cd1d4a7931c5913c938","isMergeCommit":false,"messageTitle":"Fix test cases for AddExternalCommandParserTest","messageBody":"","fileTypesAndContributionMap":{"functional-code":{"insertions":16,"deletions":7},"test-code":{"insertions":23,"deletions":24}}}]},{"date":"2025-03-13","commitResults":[{"hash":"4f581c4dcb598771400204b26ccbcfe39fd3f237","isMergeCommit":false,"messageTitle":"Fix bugs in AddExternalCommandParser and AddressBookParserTest","messageBody":"","fileTypesAndContributionMap":{"functional-code":{"insertions":2,"deletions":3},"test-code":{"insertions":1,"deletions":1}}},{"hash":"2bdf09bbe700b50249caa0de9bfad64e10ae4a3a","isMergeCommit":true,"messageTitle":"Merge branch \u0027master\u0027 into branch-external-crud","messageBody":"","fileTypesAndContributionMap":{}},{"hash":"49433c6685708e204f439c4e142178b831f02250","isMergeCommit":false,"messageTitle":"Update ParserUtil.java","messageBody":"","fileTypesAndContributionMap":{"functional-code":{"insertions":1,"deletions":0}}},{"hash":"c0db049905825693e0deb77846fd1cd870ba5324","isMergeCommit":false,"messageTitle":"Update CliSyntax.java","messageBody":"","fileTypesAndContributionMap":{"functional-code":{"insertions":0,"deletions":2}}},{"hash":"6e862e787a54388101fa450f63a4560811f94ebb","isMergeCommit":false,"messageTitle":"Update ParserUtil.java","messageBody":"","fileTypesAndContributionMap":{"functional-code":{"insertions":2,"deletions":1}}},{"hash":"4e1b5e8a0d643a2027addb9f10ab3ba68ac47b63","isMergeCommit":false,"messageTitle":"Update ParserUtil.java","messageBody":"","fileTypesAndContributionMap":{"functional-code":{"insertions":1,"deletions":1}}},{"hash":"5d004de438411b475af3585800b718aad45447ca","isMergeCommit":false,"messageTitle":"Update ParserUtil.java","messageBody":"","fileTypesAndContributionMap":{"functional-code":{"insertions":0,"deletions":1}}},{"hash":"c4710ebfa6771c25b93775277a1aed2c148deef5","isMergeCommit":false,"messageTitle":"Update AddExternalCommandTest.java","messageBody":"","fileTypesAndContributionMap":{"test-code":{"insertions":0,"deletions":75}}},{"hash":"cb50eb81650624ed86bfa136f371fbf040ec34f7","isMergeCommit":false,"messageTitle":"Update AddExternalCommandTest.java","messageBody":"","fileTypesAndContributionMap":{"test-code":{"insertions":0,"deletions":6}}},{"hash":"d7f76b31820c9a7582d614a3a8535dcbaf3a72da","isMergeCommit":false,"messageTitle":"Update CliSyntax.java","messageBody":"","fileTypesAndContributionMap":{"functional-code":{"insertions":2,"deletions":2}}},{"hash":"bdcea25c1f51bc63ba5fd9507a7c41a44c0b7e4a","isMergeCommit":false,"messageTitle":"Create ExternalPartyCard.java","messageBody":"","fileTypesAndContributionMap":{"functional-code":{"insertions":48,"deletions":0}}},{"hash":"ac107133c70dea8583cb5597da866eac9b98ccec","isMergeCommit":false,"messageTitle":"Create ExternalPartyListCard.fxml","messageBody":"","fileTypesAndContributionMap":{"functional-code":{"insertions":50,"deletions":1}}},{"hash":"74ee0cea24a392c92b608ca1f34988e728aa845b","isMergeCommit":false,"messageTitle":"Create ExternalPartyListPanel.java and ExternalPartyListPanel.fxml","messageBody":"","fileTypesAndContributionMap":{"functional-code":{"insertions":56,"deletions":0}}}]},{"date":"2025-03-17","commitResults":[{"hash":"1bb2b7c45c1be5648b98516e4f52befb5da84bd1","isMergeCommit":false,"messageTitle":"Add support for viewing external party list","messageBody":"","fileTypesAndContributionMap":{"functional-code":{"insertions":301,"deletions":4}}},{"hash":"f9e4a9e7d8fa1505803ea24878b4268421ec9367","isMergeCommit":false,"messageTitle":"Update tests to match updated interfaces","messageBody":"","fileTypesAndContributionMap":{"test-code":{"insertions":42,"deletions":3}}},{"hash":"545e830b0b104bdde2750e80321a6904792392a7","isMergeCommit":false,"messageTitle":"Add ListExternalPartyCommand","messageBody":"","fileTypesAndContributionMap":{"functional-code":{"insertions":23,"deletions":0}}},{"hash":"19a0f2c0fe7c0a00712688ec2d321131aab6eea7","isMergeCommit":false,"messageTitle":"Add External into ListType to be listened and be shown on MainWindow.java","messageBody":"","fileTypesAndContributionMap":{"functional-code":{"insertions":11,"deletions":2}}},{"hash":"4a817ac4f284a85a6b002cb79875af641123e75f","isMergeCommit":false,"messageTitle":"Update AddressBookParser to handle ListExternalPartyCommand","messageBody":"","fileTypesAndContributionMap":{"functional-code":{"insertions":12,"deletions":0}}},{"hash":"b5fc37cf5ead21b3b0397cfcd42c0ca5b45c3090","isMergeCommit":false,"messageTitle":"Add tests for LogicManager","messageBody":"","fileTypesAndContributionMap":{"test-code":{"insertions":5,"deletions":0}}},{"hash":"1ec2e19ac0cdbf4e62589f3515b10b4a6f5615ae","isMergeCommit":false,"messageTitle":"Add ListExternalPartyCommandTest","messageBody":"","fileTypesAndContributionMap":{"test-code":{"insertions":28,"deletions":0}}},{"hash":"1ce9ffd9bcbe62f1b2b6aa49b2b99054279259df","isMergeCommit":false,"messageTitle":"Add various test cases","messageBody":"","fileTypesAndContributionMap":{"test-code":{"insertions":201,"deletions":1}}},{"hash":"8c08b15647f32ab2975fb4a386f208e3853ead20","isMergeCommit":true,"messageTitle":"Merge branch \u0027master\u0027 into branch-external-read","messageBody":"","fileTypesAndContributionMap":{}},{"hash":"e343ae36b38e527dbf127f945de4d670b9ea2f67","isMergeCommit":false,"messageTitle":"Update Logic.java","messageBody":"","fileTypesAndContributionMap":{"functional-code":{"insertions":1,"deletions":1}}},{"hash":"8ab2a0ea78f3823e978276aef36e5091c0acea90","isMergeCommit":false,"messageTitle":"Update AddressBook.java","messageBody":"","fileTypesAndContributionMap":{"functional-code":{"insertions":4,"deletions":4}}},{"hash":"8bda536b82ee808cf54e3b0d7a311ddbdb4d6ed3","isMergeCommit":false,"messageTitle":"Update ModelManager.java","messageBody":"","fileTypesAndContributionMap":{"functional-code":{"insertions":1,"deletions":1}}},{"hash":"9eca7b7f1d583496b25c4912b0e00201507944b4","isMergeCommit":false,"messageTitle":"Update MainWindow.java","messageBody":"","fileTypesAndContributionMap":{"functional-code":{"insertions":1,"deletions":1}}},{"hash":"7d3b62288e2098b0676a8b9a2c10bfa4fae72954","isMergeCommit":false,"messageTitle":"Update ModelManagerTest.java","messageBody":"","fileTypesAndContributionMap":{"test-code":{"insertions":1,"deletions":1}}},{"hash":"f57883bc369a1b64156f7f5b109056ac9ec5e3e5","isMergeCommit":false,"messageTitle":"Update LogicManager.java","messageBody":"","fileTypesAndContributionMap":{"functional-code":{"insertions":2,"deletions":0}}},{"hash":"35c8ec6fb51e1e9eb9f9a1ab946994f341ce0cdd","isMergeCommit":false,"messageTitle":"Update Logic.java","messageBody":"","fileTypesAndContributionMap":{"functional-code":{"insertions":1,"deletions":1}}},{"hash":"fc74668973adf9e1a21a3b106b2c5e5d802b181a","isMergeCommit":false,"messageTitle":"Update LogicManager.java","messageBody":"","fileTypesAndContributionMap":{"functional-code":{"insertions":1,"deletions":1}}},{"hash":"dfb20594b4eb7376cca495f39ffa8faeb69736bb","isMergeCommit":false,"messageTitle":"Update AddressBook.java","messageBody":"","fileTypesAndContributionMap":{"functional-code":{"insertions":2,"deletions":4}}},{"hash":"3c99a2f6c407609fad92a54cefc744eb33b523e3","isMergeCommit":false,"messageTitle":"Update Model.java","messageBody":"","fileTypesAndContributionMap":{"functional-code":{"insertions":1,"deletions":2}}},{"hash":"de75e70945b0c1e4bfbd0085e89be3221ac9b081","isMergeCommit":false,"messageTitle":"Update ModelManager.java","messageBody":"","fileTypesAndContributionMap":{"functional-code":{"insertions":1,"deletions":1}}},{"hash":"a95f5e2ddec11f6a58705c309e31ef8850fbe215","isMergeCommit":false,"messageTitle":"Update ModelStub.java","messageBody":"","fileTypesAndContributionMap":{"test-code":{"insertions":1,"deletions":1}}},{"hash":"5f4ef161ef42ebc813d584e3e3d1cb09e0f51e8e","isMergeCommit":false,"messageTitle":"Update ModelManagerTest.java","messageBody":"","fileTypesAndContributionMap":{"test-code":{"insertions":3,"deletions":4}}},{"hash":"a44b984db9e712c3d3ac5183ed76e3facf21cc71","isMergeCommit":false,"messageTitle":"Update UniqueExternalPartyListTest.java","messageBody":"","fileTypesAndContributionMap":{"test-code":{"insertions":12,"deletions":14}}},{"hash":"5a85c9e13caa653d300aa5a8633d5a8b45529920","isMergeCommit":false,"messageTitle":"Update ModelManagerTest.java","messageBody":"","fileTypesAndContributionMap":{"test-code":{"insertions":2,"deletions":2}}},{"hash":"db0d7fc4f730b54ac01164b49056477598054b9e","isMergeCommit":false,"messageTitle":"Update UniqueExternalPartyListTest.java","messageBody":"","fileTypesAndContributionMap":{"test-code":{"insertions":2,"deletions":2}}},{"hash":"9c7ba3ead533086ca76a5673e72c14cb5355cecb","isMergeCommit":false,"messageTitle":"Update UniqueExternalPartyListTest.java","messageBody":"","fileTypesAndContributionMap":{"test-code":{"insertions":1,"deletions":1}}}]},{"date":"2025-03-18","commitResults":[{"hash":"657d02d0cdc1caba73896a4fa9e44e75d7b1b7de","isMergeCommit":false,"messageTitle":"Fix bugs","messageBody":"","fileTypesAndContributionMap":{"functional-code":{"insertions":6,"deletions":12}}},{"hash":"da26fc9faf0bbfb13dfc5df0bbd6029ed72bdc01","isMergeCommit":false,"messageTitle":"Fix bugs","messageBody":"","fileTypesAndContributionMap":{"functional-code":{"insertions":0,"deletions":1}}},{"hash":"49b14f1310ee82428fe91883818d88c732260975","isMergeCommit":false,"messageTitle":"Fix bugs","messageBody":"","fileTypesAndContributionMap":{"functional-code":{"insertions":10,"deletions":5}}},{"hash":"1a7677e386f915a04021e2673e70f715a0a943ae","isMergeCommit":false,"messageTitle":"Add DeleteExternalCommand class","messageBody":"","fileTypesAndContributionMap":{"functional-code":{"insertions":71,"deletions":0}}},{"hash":"1ca5354c2329115ae5ef9f81ff89112be325513b","isMergeCommit":false,"messageTitle":"Add DeleteExternalCommandParser class","messageBody":"","fileTypesAndContributionMap":{"functional-code":{"insertions":28,"deletions":0}}},{"hash":"77a6b82b9e4a5639ac11832eae9617aa430bd88d","isMergeCommit":false,"messageTitle":"Update AddressBookParser to support deletion of external parties","messageBody":"","fileTypesAndContributionMap":{"functional-code":{"insertions":4,"deletions":0}}},{"hash":"f88e997d464493b03811dfa4660010d97e80f2ec","isMergeCommit":false,"messageTitle":"Add DeleteStudentCommandTest class","messageBody":"","fileTypesAndContributionMap":{"test-code":{"insertions":128,"deletions":0}}},{"hash":"aac90c6a9abb91e1f101c16b807024e0a18943bf","isMergeCommit":false,"messageTitle":"Add DeleteExternalCommandParserTest and update AddressBookParserTest","messageBody":"","fileTypesAndContributionMap":{"functional-code":{"insertions":2,"deletions":1},"test-code":{"insertions":41,"deletions":0}}}]},{"date":"2025-03-19","commitResults":[{"hash":"a2c81ae899d41933ebacdaf711dcdcba12cdf506","isMergeCommit":true,"messageTitle":"Merge pull request #84 from mhaikelll/search-external-feature","messageBody":"Feature 2: Search External ","fileTypesAndContributionMap":{}},{"hash":"932dd5d352141a4a167f6d5542515ed6fd0d9eae","isMergeCommit":false,"messageTitle":"Remove unused import","messageBody":"","fileTypesAndContributionMap":{"functional-code":{"insertions":0,"deletions":1}}},{"hash":"2f740a631893dcca61eab0e02a437a222e74d45f","isMergeCommit":true,"messageTitle":"Merge branch \u0027master\u0027 into branch-external-delete","messageBody":"","fileTypesAndContributionMap":{}},{"hash":"d3703f4092a160d19a10a2c862a69407c97e26cc","isMergeCommit":false,"messageTitle":"Change naming of methods and variables to include external party instead of external","messageBody":"","fileTypesAndContributionMap":{"functional-code":{"insertions":4,"deletions":4},"other":{"insertions":49,"deletions":45},"test-code":{"insertions":4,"deletions":4}}}]},{"date":"2025-03-20","commitResults":[{"hash":"6c884b8feda5636ec3124aaa9b5851f2ac8c968b","isMergeCommit":false,"messageTitle":"Add JsonAdpatedExternalParty","messageBody":"","fileTypesAndContributionMap":{"functional-code":{"insertions":95,"deletions":0}}},{"hash":"92a1add5a7f3e8c30902da732e49e34b9daddec3","isMergeCommit":false,"messageTitle":"Update JsonSerializableAddressBook to handle ExternalParty and JsonAdaptedExternalParty","messageBody":"","fileTypesAndContributionMap":{"functional-code":{"insertions":13,"deletions":7}}},{"hash":"8556eedd2f851ea6f7dec29674cec22b94dbe315","isMergeCommit":false,"messageTitle":"Add JsonAdaptedExternalPartyTest","messageBody":"","fileTypesAndContributionMap":{"functional-code":{"insertions":3,"deletions":5},"test-code":{"insertions":109,"deletions":0}}},{"hash":"0eeb185c329d2dc561eaab9f7c770066489044c3","isMergeCommit":false,"messageTitle":"Fix Checkstyle","messageBody":"","fileTypesAndContributionMap":{"test-code":{"insertions":1,"deletions":1}}},{"hash":"a73782632cc5da818f369d8a7f8598589a3303a2","isMergeCommit":false,"messageTitle":"Fix bugs","messageBody":"","fileTypesAndContributionMap":{"functional-code":{"insertions":1,"deletions":1}}}]},{"date":"2025-03-25","commitResults":[{"hash":"83349bc3ced9560eeb7d7aeb6e2442209eabd0dc","isMergeCommit":false,"messageTitle":"Fix old bugs","messageBody":"","fileTypesAndContributionMap":{"functional-code":{"insertions":1,"deletions":0}}},{"hash":"5c17d03cd7f1f09191edce7fc1b143381f7a3333","isMergeCommit":false,"messageTitle":"Change logic of checking equality of two external party objects","messageBody":"","fileTypesAndContributionMap":{"functional-code":{"insertions":15,"deletions":0}}},{"hash":"e75330e92e6ac7cf5127afad577794f962a83677","isMergeCommit":false,"messageTitle":"Change what AddExternalCommand checks before adding External Party object","messageBody":"","fileTypesAndContributionMap":{"functional-code":{"insertions":2,"deletions":2}}},{"hash":"eb95d75e71c8f70f6f7093659f5a735e6ffa9bf3","isMergeCommit":false,"messageTitle":"Add various test cases and made changes to old test cases","messageBody":"","fileTypesAndContributionMap":{"test-code":{"insertions":81,"deletions":7}}}]}]},"authorFileTypeContributionMap":{"blacksesamezongzi":{"docs":71,"functional-code":204,"test-code":287},"mhaikelll":{"docs":36,"functional-code":1128,"test-code":1211},"Alolononon":{"docs":31,"functional-code":1558,"test-code":925},"chinpcbenjamin":{"docs":60,"functional-code":2371,"test-code":2660},"hengjeekuan":{"docs":2,"functional-code":985,"test-code":902}},"authorContributionVariance":{"blacksesamezongzi":13597.681,"mhaikelll":112654.734,"Alolononon":66399.945,"chinpcbenjamin":258015.55,"hengjeekuan":30869.258},"authorDisplayNameMap":{"blacksesamezongzi":"CS2103T-T11-3 SUN ..IAEN","mhaikelll":"CS2103T-T11-3 MUHA..ASIN","Alolononon":"CS2103T-T11-3 HO J.. TAO","chinpcbenjamin":"CS2103T-T11-3 CHIN..AMIN","hengjeekuan":"CS2103T-T11-3 HENG..KUAN"}}
