{"authorDailyContributionsMap":{"blacksesamezongzi":[{"date":"2025-03-05","commitResults":[{"hash":"c008ed5c6eb5d8eae9c9d611130331ace742038b","isMergeCommit":false,"messageTitle":"Update Jiaen\u0027s AboutUs.md","messageBody":"","fileTypesAndContributionMap":{"docs":{"insertions":5,"deletions":6}}}]},{"date":"2025-03-07","commitResults":[{"hash":"90646961934ef09712e324c492f1003c1783787a","isMergeCommit":true,"messageTitle":"Merge pull request #24 from hengjeekuan/branch-UpdateReadME","messageBody":"Update README","fileTypesAndContributionMap":{}},{"hash":"8eac795b95a8febbbd81ed8a28ae5e9c7c81fc91","isMergeCommit":false,"messageTitle":"Update readme file","messageBody":"","fileTypesAndContributionMap":{"docs":{"insertions":22,"deletions":11}}},{"hash":"dc75abb0dffffff5f25ec1c0e53fb4bfcd0b2439","isMergeCommit":true,"messageTitle":"Merge branch \u0027master\u0027 into branch-update-readme-based-on-7-Mar-Update","messageBody":"","fileTypesAndContributionMap":{}},{"hash":"9000211fd86a4d5193890e316ffb6ce2a8c6f114","isMergeCommit":true,"messageTitle":"Merge pull request #27 from chinpcbenjamin/branch-Update-DG","messageBody":"Update Developer Guide","fileTypesAndContributionMap":{}}]},{"date":"2025-03-13","commitResults":[{"hash":"fe554b720c1f63164758389fe24765d372164106","isMergeCommit":true,"messageTitle":"Merge pull request #42 from Alolononon/branch-Event-CRUD-Feature","messageBody":"Add Event CRUD Feature","fileTypesAndContributionMap":{}},{"hash":"13f4c9d2e13ec2e334150332908dcef9979e3542","isMergeCommit":false,"messageTitle":"Add SearchEventCommand.java","messageBody":"","fileTypesAndContributionMap":{"functional-code":{"insertions":4,"deletions":2}}},{"hash":"23fc25e81b53d58243d6d1595c6012e34743d7aa","isMergeCommit":false,"messageTitle":"Update SearchEventCommand.java","messageBody":"","fileTypesAndContributionMap":{"functional-code":{"insertions":74,"deletions":1}}},{"hash":"09a85ce1087ab4b2a0e371a2dd3610e335834690","isMergeCommit":false,"messageTitle":"Add SearchEventCommandParser.java","messageBody":"","fileTypesAndContributionMap":{"functional-code":{"insertions":51,"deletions":0}}},{"hash":"0328e4a33b74685e975b9f81ec25968b5fd8be24","isMergeCommit":false,"messageTitle":"Add case of SearchEvent in AddressBookParser.java","messageBody":"","fileTypesAndContributionMap":{"functional-code":{"insertions":4,"deletions":0}}},{"hash":"d2b06440fce49176f7231c6f8145a0c2447becca","isMergeCommit":false,"messageTitle":"Update the String format of search result","messageBody":"","fileTypesAndContributionMap":{"functional-code":{"insertions":13,"deletions":2}}},{"hash":"7ea49e65e1e03ffa42161d8204b9dc8d600509eb","isMergeCommit":false,"messageTitle":"Delete unused imports and correct the order in SearchEventCommand.java","messageBody":"","fileTypesAndContributionMap":{"functional-code":{"insertions":3,"deletions":7}}},{"hash":"85b58d0963f33fc9a1dc648db17f762dde19a498","isMergeCommit":false,"messageTitle":"Update import statement in SearchEventCommandParser.java and Add Javadoc in SearchEventCommand.java","messageBody":"","fileTypesAndContributionMap":{"functional-code":{"insertions":17,"deletions":9}}},{"hash":"79210b43c13b5a986b40083a4b219d9ccdd4e692","isMergeCommit":false,"messageTitle":"Fix the order of import in SearchEVentCommand.java and SearchEventCommandParser.java, switch order of \".\" in SearchEventCommand.java","messageBody":"","fileTypesAndContributionMap":{"functional-code":{"insertions":4,"deletions":6}}},{"hash":"f6f73b1f9e4ec76aaf597136922a026d156976fc","isMergeCommit":false,"messageTitle":"Update import order in SearchEventCommandParser.java and SearchEventCommand.java","messageBody":"","fileTypesAndContributionMap":{"functional-code":{"insertions":2,"deletions":1}}},{"hash":"35856d331a2f836fe2f12638b1b553837850b32b","isMergeCommit":false,"messageTitle":"Update import order in SearchEventCommandParser.java","messageBody":"","fileTypesAndContributionMap":{"functional-code":{"insertions":1,"deletions":1}}},{"hash":"5c4ab0a21dc45bb1a0a256498133459256b75b43","isMergeCommit":false,"messageTitle":"Delete the seperate line in import statement","messageBody":"","fileTypesAndContributionMap":{"functional-code":{"insertions":0,"deletions":1}}}]}],"mhaikelll":[{"date":"2025-03-05","commitResults":[{"hash":"5ff2fe5ef084f53ea31643f61e0440ef00100d8b","isMergeCommit":false,"messageTitle":"Update Haikel Aboutus","messageBody":"","fileTypesAndContributionMap":{"docs":{"insertions":5,"deletions":6}}}]},{"date":"2025-03-06","commitResults":[{"hash":"49b680c668d8b5b0b864e42d4f6b3155174ffa63","isMergeCommit":true,"messageTitle":"Merge branch \u0027master\u0027 into branch-Update-AboutUs","messageBody":"","fileTypesAndContributionMap":{}},{"hash":"6543771189649495d43912195d31b7dbcc60107c","isMergeCommit":true,"messageTitle":"Merge pull request #19 from chinpcbenjamin/branch-Update-AboutUs","messageBody":"Update AboutUs with Ben\u0027s Information","fileTypesAndContributionMap":{}},{"hash":"09e296b0e18b98eed65e79e314118f464e30e746","isMergeCommit":true,"messageTitle":"Merge branch \u0027master\u0027 into branch-UpdateAboutUs","messageBody":"","fileTypesAndContributionMap":{}},{"hash":"6269d63276ce7b43a4424c8b11a4fe72301f905e","isMergeCommit":true,"messageTitle":"Merge pull request #21 from hengjeekuan/branch-UpdateAboutUs","messageBody":"Update Jee photo in AboutUs","fileTypesAndContributionMap":{}},{"hash":"a20f1b8591310793d9967c81e8893c01eef5c5dd","isMergeCommit":true,"messageTitle":"Merge branch \u0027master\u0027 into branch-aboutUs","messageBody":"","fileTypesAndContributionMap":{}},{"hash":"11a417d1fec268eced4b124ae28bcf977fd32687","isMergeCommit":true,"messageTitle":"Merge pull request #25 from Alolononon/branch-aboutUs","messageBody":"Update Jian Tao in the AboutUs page","fileTypesAndContributionMap":{}},{"hash":"ef92be7f28bbcded554df5c00de0432053888aaa","isMergeCommit":true,"messageTitle":"Merge pull request #22 from chinpcbenjamin/branch-Update-Ui","messageBody":"Branch update UI","fileTypesAndContributionMap":{}}]},{"date":"2025-03-07","commitResults":[{"hash":"ca3f40971d01035be5ea8f273b9bb86969edf41b","isMergeCommit":true,"messageTitle":"Merge pull request #26 from Alolononon/branch-developerGuide","messageBody":"update developer guide","fileTypesAndContributionMap":{}},{"hash":"f87c0779213d8159f98f39513afdb360b7dd110c","isMergeCommit":false,"messageTitle":"Update dev guide NFRs","messageBody":"","fileTypesAndContributionMap":{"docs":{"insertions":26,"deletions":4}}},{"hash":"04aef3070f3b8929182629b37ade964998f36b42","isMergeCommit":false,"messageTitle":"Update NFRs devguide v2","messageBody":"","fileTypesAndContributionMap":{"docs":{"insertions":5,"deletions":0}}},{"hash":"50ee66608b31d94ed6fdd480cc7296f9dec9d4fe","isMergeCommit":false,"messageTitle":"Update NFRs v3","messageBody":"","fileTypesAndContributionMap":{"docs":{"insertions":4,"deletions":4}}}]},{"date":"2025-03-10","commitResults":[{"hash":"51cd0fd15fbd0531aaed30d4b8fd681fc4025ae2","isMergeCommit":true,"messageTitle":"Merge pull request #38 from chinpcbenjamin/branch-staff-crud","messageBody":"Adding Feature 1 CRUD for Staff","fileTypesAndContributionMap":{}}]},{"date":"2025-03-12","commitResults":[{"hash":"77eda2bebe818e07df62a9a66955c6a063a2797c","isMergeCommit":true,"messageTitle":"Merge pull request #41 from chinpcbenjamin/branch-staff-view-list","messageBody":"Adding Feature 1: View Staff List","fileTypesAndContributionMap":{}},{"hash":"202f050dd43c8573dedd826b68c0c7a30da6899a","isMergeCommit":false,"messageTitle":"Add student feature","messageBody":"","fileTypesAndContributionMap":{"functional-code":{"insertions":419,"deletions":0},"test-code":{"insertions":718,"deletions":0}}},{"hash":"825b031058ce0e9b2ca5aaf1eedae98374978f1d","isMergeCommit":false,"messageTitle":"Fix checkstyle add student","messageBody":"","fileTypesAndContributionMap":{"functional-code":{"insertions":7,"deletions":3}}},{"hash":"f5f3a1903423883de6190a89e8269949ce7a62a7","isMergeCommit":false,"messageTitle":"Fix compile error addstucomtest","messageBody":"","fileTypesAndContributionMap":{"test-code":{"insertions":0,"deletions":118}}},{"hash":"eaaa927009d7f575899ed9db19fe976c24405a61","isMergeCommit":false,"messageTitle":"Fix compile errors addstucomtest v2","messageBody":"","fileTypesAndContributionMap":{"test-code":{"insertions":0,"deletions":84}}},{"hash":"7a3470b8adf55d137ef6016597e28cb435b97d32","isMergeCommit":false,"messageTitle":"Fix checkstyle add student","messageBody":"","fileTypesAndContributionMap":{"test-code":{"insertions":19,"deletions":10}}},{"hash":"bd53150b74ef992d3bef37cd8f40c37287ec8398","isMergeCommit":false,"messageTitle":"Fix compile error add stu v3","messageBody":"","fileTypesAndContributionMap":{"test-code":{"insertions":0,"deletions":172}}},{"hash":"481cdd5242e06b81544900cc4cfe133b2cbecf4f","isMergeCommit":false,"messageTitle":"Search staff feature v1","messageBody":"","fileTypesAndContributionMap":{"functional-code":{"insertions":125,"deletions":0}}}]},{"date":"2025-03-13","commitResults":[{"hash":"97911417576c17a3bbafa72e3e135090c5fb50d9","isMergeCommit":true,"messageTitle":"Merge pull request #39 from hengjeekuan/branch-external-crud","messageBody":"Add AddExternalCommand class","fileTypesAndContributionMap":{}},{"hash":"e8ec74b2db8dacb9c0425b4416955515bdf431d2","isMergeCommit":false,"messageTitle":"Update search staff feature v2","messageBody":"","fileTypesAndContributionMap":{"functional-code":{"insertions":136,"deletions":12}}},{"hash":"d62dc94b5f39a133849c14f82623da54d36caedd","isMergeCommit":true,"messageTitle":"Merge branch \u0027master\u0027 into search-staff-feature","messageBody":"","fileTypesAndContributionMap":{}},{"hash":"c5226e59c8bdee7e5a84d5d4be64ed17342f7bab","isMergeCommit":false,"messageTitle":"Update search staff v3","messageBody":"","fileTypesAndContributionMap":{"functional-code":{"insertions":14,"deletions":10}}},{"hash":"08cac44c3b79939a8e975243183cbcda358573f5","isMergeCommit":true,"messageTitle":"Merge branch \u0027search-staff-feature\u0027 of https://github.com/mhaikelll/tp into search-staff-feature","messageBody":"Merge search staff feature\n","fileTypesAndContributionMap":{}},{"hash":"a55b296db2dcb0e63fa79c963587786a5e339a21","isMergeCommit":false,"messageTitle":"Update search staff v4","messageBody":"","fileTypesAndContributionMap":{"functional-code":{"insertions":1,"deletions":0}}}]},{"date":"2025-03-14","commitResults":[{"hash":"792ee97a11a66f8173a42d809e57fb7d8708c217","isMergeCommit":false,"messageTitle":"Fix search staff","messageBody":"","fileTypesAndContributionMap":{"functional-code":{"insertions":8,"deletions":3}}},{"hash":"319fac766149d06f115dc70f6b31d45dcbc2e0a2","isMergeCommit":false,"messageTitle":"Fix search staff v2","messageBody":"","fileTypesAndContributionMap":{"functional-code":{"insertions":1,"deletions":1}}},{"hash":"2887856fbbc5846843af9dbbde4e091812d34d6e","isMergeCommit":true,"messageTitle":"Merge pull request #77 from chinpcbenjamin/branch-student-view-list","messageBody":"Add view Student List functionality","fileTypesAndContributionMap":{}}]}],"Alolononon":[{"date":"2025-03-06","commitResults":[{"hash":"ac86144c030c244ee5cf8b2b8fe38dd6adf8bab8","isMergeCommit":false,"messageTitle":"Update Jian Tao in the AboutUs page","messageBody":"","fileTypesAndContributionMap":{"docs":{"insertions":5,"deletions":6}}}]},{"date":"2025-03-07","commitResults":[{"hash":"4448ca7e4977e215513f4222fa768b76cf561067","isMergeCommit":false,"messageTitle":"update developer guide for target user profile, value proposition and user stories","messageBody":"","fileTypesAndContributionMap":{"docs":{"insertions":29,"deletions":10}}}]},{"date":"2025-03-11","commitResults":[{"hash":"f9c0778a1ba0a3e95e94c0fbf01b020408b3e60d","isMergeCommit":false,"messageTitle":"Add Event CRUD Feature","messageBody":"event is able to be added, deleted and listed\nthe events will be shown under the person list panel.\nthe events will be saved in the json file and loaded when the app is started.\n","fileTypesAndContributionMap":{"functional-code":{"insertions":1107,"deletions":3}}}]},{"date":"2025-03-12","commitResults":[{"hash":"83cd37368f4990da2e83717b813c0da364a09693","isMergeCommit":false,"messageTitle":"edit prefix for add event command","messageBody":"","fileTypesAndContributionMap":{"functional-code":{"insertions":3,"deletions":3}}},{"hash":"75c0b0e8d540c0bf167c7a8dd0dd1a1fdecd9171","isMergeCommit":true,"messageTitle":"Merge branch \u0027master\u0027 into branch-Event-CRUD-Feature","messageBody":"","fileTypesAndContributionMap":{}},{"hash":"26eedb4df11e744f7cd005ba69b0d72521dd7d37","isMergeCommit":false,"messageTitle":"Update AddressBook.java","messageBody":"","fileTypesAndContributionMap":{"functional-code":{"insertions":1,"deletions":1}}}]},{"date":"2025-03-13","commitResults":[{"hash":"495c9b3a72a0e4cc25d0de446c6c4c1043dd9603","isMergeCommit":false,"messageTitle":"edit check style on multiple files","messageBody":"","fileTypesAndContributionMap":{"functional-code":{"insertions":92,"deletions":46},"other":{"insertions":62,"deletions":13}}},{"hash":"d135d1cfd8ef33228c2271e215b3e4cd8e1bf613","isMergeCommit":false,"messageTitle":"edit check style on multiple files","messageBody":"","fileTypesAndContributionMap":{"test-code":{"insertions":33,"deletions":0}}},{"hash":"3e64c74a0156b8bb296d65173af2e0dc6cad11cc","isMergeCommit":false,"messageTitle":"edit JsonSerializableAddressBook.java. note that now it does not store event data after the window closed","messageBody":"","fileTypesAndContributionMap":{"functional-code":{"insertions":14,"deletions":14}}},{"hash":"694e381c5351d6c54dfa36b00f9690c9d5b86d0c","isMergeCommit":true,"messageTitle":"Merge branch \u0027master\u0027 into branch-Event-CRUD-Feature","messageBody":"","fileTypesAndContributionMap":{}},{"hash":"980b2f78c84d2ca0fa65187c6040179def4b1c2d","isMergeCommit":false,"messageTitle":"change event commands to add_event, delete_event, list_event","messageBody":"","fileTypesAndContributionMap":{"functional-code":{"insertions":3,"deletions":3}}},{"hash":"40a3c90e7306b18dcd12843bb56923564a0481c4","isMergeCommit":true,"messageTitle":"Merge branch \u0027branch-Event-CRUD-Feature\u0027 of https://github.com/Alolononon/tp into branch-Event-CRUD-Feature","messageBody":"","fileTypesAndContributionMap":{}}]}],"chinpcbenjamin":[{"date":"2025-02-22","commitResults":[{"hash":"815374f34854984a253ca5950fed31a6d2cd6a22","isMergeCommit":false,"messageTitle":"Update README.md","messageBody":"","fileTypesAndContributionMap":{"docs":{"insertions":1,"deletions":0}}},{"hash":"e6913a4e9400a253e8c22581a7485f2e6b928e2d","isMergeCommit":false,"messageTitle":"Update README.md","messageBody":"Added Code Coverage Badge","fileTypesAndContributionMap":{"docs":{"insertions":2,"deletions":0}}},{"hash":"db688fdb1ade9e601fa907e1668f413708d4929b","isMergeCommit":true,"messageTitle":"Merge pull request #1 from AY2425S2-CS2103T-T11-3/switch-docs-to-markbind","messageBody":"Switch docs to markbind","fileTypesAndContributionMap":{}},{"hash":"f87c54c483cd1d3935c85f9e8d094985f863ca86","isMergeCommit":false,"messageTitle":"Update default.md","messageBody":"Changed Product Name from AB3 to ResiConnect","fileTypesAndContributionMap":{"docs":{"insertions":1,"deletions":1}}}]},{"date":"2025-03-05","commitResults":[{"hash":"19efc9a728760a42f0651177c3f21858c878ccd3","isMergeCommit":false,"messageTitle":"Update AboutUs with Ben\u0027s Information","messageBody":"","fileTypesAndContributionMap":{"docs":{"insertions":4,"deletions":45}}},{"hash":"90c27f5ea2f28730c86d2e755cbf4591f08faa2b","isMergeCommit":false,"messageTitle":"Update AboutUs.md","messageBody":"","fileTypesAndContributionMap":{"docs":{"insertions":2,"deletions":1}}},{"hash":"595df1161506075f7865409a28bd2de3d2c5ca44","isMergeCommit":false,"messageTitle":"Update AboutUs.md","messageBody":"","fileTypesAndContributionMap":{"docs":{"insertions":0,"deletions":1}}}]},{"date":"2025-03-06","commitResults":[{"hash":"4ea23a50b9e734910d2c9b08799be4228abc0d43","isMergeCommit":true,"messageTitle":"Merge pull request #18 from blacksesamezongzi/branch-Edit-Jiaen_AboutUs","messageBody":"Update Jiaen\u0027s AboutUs.md","fileTypesAndContributionMap":{}},{"hash":"b2b021650b826b3b8bdf69f16f284c4e58b62b7c","isMergeCommit":true,"messageTitle":"Merge branch \u0027master\u0027 into branch-Update-Haikel-Aboutus","messageBody":"","fileTypesAndContributionMap":{}},{"hash":"09e687c202812c9fd701f629724a4303be05981a","isMergeCommit":false,"messageTitle":"Update AboutUs.md","messageBody":"","fileTypesAndContributionMap":{"docs":{"insertions":3,"deletions":3}}},{"hash":"184614c98efd7a9a81a38ef8cdd106e3ab909fef","isMergeCommit":true,"messageTitle":"Merge pull request #20 from mhaikelll/branch-Update-Haikel-Aboutus","messageBody":"Update Haikel Aboutus","fileTypesAndContributionMap":{}}]},{"date":"2025-03-07","commitResults":[{"hash":"c5aca92aaa517084b7c3168edf4193024859d46d","isMergeCommit":false,"messageTitle":"Update DG Acknowledgements","messageBody":"","fileTypesAndContributionMap":{"docs":{"insertions":1,"deletions":1}}},{"hash":"f83dea5a49185b22b75b3d6cd58418572d11c4f4","isMergeCommit":true,"messageTitle":"Merge branch \u0027master\u0027 into branch-Update-DG","messageBody":"","fileTypesAndContributionMap":{}},{"hash":"63f01898953603737f6205c7208eb248be27cd1e","isMergeCommit":false,"messageTitle":"Update Developer Guide","messageBody":"","fileTypesAndContributionMap":{"docs":{"insertions":4,"deletions":3}}},{"hash":"e4df360a3437e64320e20850577fe4366c770c24","isMergeCommit":false,"messageTitle":"Add use case to Developer Guide","messageBody":"","fileTypesAndContributionMap":{"docs":{"insertions":17,"deletions":0}}},{"hash":"47d2b051b10e12a0da30da59fcb543699f3dbb80","isMergeCommit":true,"messageTitle":"Merge pull request #28 from blacksesamezongzi/branch-update-readme-based-on-7-Mar-Update","messageBody":"Update readme file","fileTypesAndContributionMap":{}},{"hash":"f5392c7425b57c46cf819e36b9ed03c8c9fa5828","isMergeCommit":false,"messageTitle":"Add find student use case to developer guide","messageBody":"","fileTypesAndContributionMap":{"docs":{"insertions":18,"deletions":0}}},{"hash":"1a9ec4c1df959b04f2593f251bda539e23b27436","isMergeCommit":false,"messageTitle":"Update delete person use case in developer guide","messageBody":"","fileTypesAndContributionMap":{"docs":{"insertions":13,"deletions":11}}},{"hash":"2c816cbf95de44525144b3bc5aa30f0860e95f86","isMergeCommit":false,"messageTitle":"Update extentions to use cases","messageBody":"","fileTypesAndContributionMap":{"docs":{"insertions":4,"deletions":1}}},{"hash":"8aaf1e3236a46f53c1ed3b43cb6c85fc7cb035ba","isMergeCommit":false,"messageTitle":"Update add student use case","messageBody":"","fileTypesAndContributionMap":{"docs":{"insertions":1,"deletions":1}}},{"hash":"ece38a6f97af7042904f94ee1083a254c57d5e25","isMergeCommit":true,"messageTitle":"Merge pull request #29 from mhaikelll/branch-Update-NFRs","messageBody":"Update dev guide NFRs","fileTypesAndContributionMap":{}},{"hash":"2716cd8b3ea1da92fa35e9a23de9ee8c2d3e7fbc","isMergeCommit":false,"messageTitle":"Update extension of add user use case","messageBody":"","fileTypesAndContributionMap":{"docs":{"insertions":2,"deletions":1}}}]},{"date":"2025-03-09","commitResults":[{"hash":"8d0ccffeb206cff9495ba947f908e957d7ce40ba","isMergeCommit":false,"messageTitle":"Add new command prefix and AddStaffCommand class","messageBody":"","fileTypesAndContributionMap":{"functional-code":{"insertions":99,"deletions":4}}},{"hash":"2398e64cd3ba5a84b5f8af7a0ab6c327650cc095","isMergeCommit":false,"messageTitle":"Start on AddStaffCommandParser","messageBody":"","fileTypesAndContributionMap":{"functional-code":{"insertions":71,"deletions":1}}},{"hash":"9d21160aee56b3f37c4be86ad6a3d1cff9fd2a66","isMergeCommit":false,"messageTitle":"Add AddStaffCommandParser Javadoc","messageBody":"","fileTypesAndContributionMap":{"functional-code":{"insertions":3,"deletions":0}}},{"hash":"51f050b5d319dbeab6821cd707876e374bf2ad53","isMergeCommit":false,"messageTitle":"Fix import order in AddStaffCommandParser","messageBody":"","fileTypesAndContributionMap":{"functional-code":{"insertions":5,"deletions":4}}},{"hash":"4b41f6e62dc98f3d8a15fb87014d514da0fdd259","isMergeCommit":false,"messageTitle":"Add parseLevel method to ParserUtil and add Level class","messageBody":"","fileTypesAndContributionMap":{"functional-code":{"insertions":4,"deletions":0}}},{"hash":"e832efc980f760d6ca0b61862a3d234e867384e4","isMergeCommit":false,"messageTitle":"Add parseLevel to ParserUtil and add Level class","messageBody":"","fileTypesAndContributionMap":{"functional-code":{"insertions":73,"deletions":1}}},{"hash":"6a5798e5e789c2555dc63d32d8bb44002f7f5278","isMergeCommit":false,"messageTitle":"Add parseRoom to ParserUtil and add Room class","messageBody":"","fileTypesAndContributionMap":{"functional-code":{"insertions":59,"deletions":21}}},{"hash":"a3eabff135c10167f45cf327a194b8c17a654c14","isMergeCommit":false,"messageTitle":"Add parseBlock to ParserUtil and create Block class","messageBody":"","fileTypesAndContributionMap":{"functional-code":{"insertions":79,"deletions":1}}}]},{"date":"2025-03-10","commitResults":[{"hash":"4ca5597f795ad1f170de5fd91e05f5b6cea94533","isMergeCommit":false,"messageTitle":"Add parseDesignation and Designation class","messageBody":"","fileTypesAndContributionMap":{"functional-code":{"insertions":94,"deletions":7}}},{"hash":"b73513a6cc0756824bd9364e90fb049297a6c02c","isMergeCommit":false,"messageTitle":"Fix constraints for Designation class","messageBody":"","fileTypesAndContributionMap":{"functional-code":{"insertions":3,"deletions":2}}},{"hash":"2f2be8dbefc2857b675643090953a109080b3ca4","isMergeCommit":false,"messageTitle":"Add Staff class","messageBody":"","fileTypesAndContributionMap":{"functional-code":{"insertions":74,"deletions":2}}},{"hash":"84ceacbc010bb460015bb7c48755f2e9bae2f28e","isMergeCommit":false,"messageTitle":"Update AddStaffCommand and its parser to use Staff","messageBody":"","fileTypesAndContributionMap":{"functional-code":{"insertions":12,"deletions":9}}},{"hash":"11ced173dfaad09507f1f0601e2912ca492265f7","isMergeCommit":false,"messageTitle":"Update AddStaffCommand and parser to display correct errors","messageBody":"","fileTypesAndContributionMap":{"functional-code":{"insertions":18,"deletions":16}}},{"hash":"8e45e73caf6a009bd5f5dfbc88d63db3ac6e4fff","isMergeCommit":false,"messageTitle":"Remove AddCommand import from AddStaffCommandParser","messageBody":"","fileTypesAndContributionMap":{"functional-code":{"insertions":0,"deletions":1}}},{"hash":"e26dc3d755fd8f072770f98f90c133363bae125e","isMergeCommit":false,"messageTitle":"Update AddStaffCommand to allow viewing of staff in PersonList","messageBody":"","fileTypesAndContributionMap":{"functional-code":{"insertions":8,"deletions":1}}},{"hash":"2a4e7b447e335fd56d74a8d9e628caa2baa83a1b","isMergeCommit":false,"messageTitle":"Add tests for AddStaffCommand","messageBody":"","fileTypesAndContributionMap":{"test-code":{"insertions":349,"deletions":0}}},{"hash":"bd438819d614d64532fa8b9f568fb20421ea47a3","isMergeCommit":false,"messageTitle":"Add tests for AddStaffCommandParser","messageBody":"","fileTypesAndContributionMap":{"functional-code":{"insertions":5,"deletions":5},"test-code":{"insertions":100,"deletions":1}}},{"hash":"29ed9ee75d9ad7eef4d5879bcfa657e58fa6ed9f","isMergeCommit":false,"messageTitle":"Add more tests for AddStaffCommand and AddStaffCommandParser","messageBody":"","fileTypesAndContributionMap":{"test-code":{"insertions":61,"deletions":0}}},{"hash":"64818daacc763b310427171c3c0198a5504414b3","isMergeCommit":false,"messageTitle":"Add AddStaffCommand test case to AddressBookParserTest","messageBody":"","fileTypesAndContributionMap":{"test-code":{"insertions":13,"deletions":0}}},{"hash":"e118c9958dbacf09ee92c94351b07781265c0296","isMergeCommit":false,"messageTitle":"Add tests for Block class","messageBody":"","fileTypesAndContributionMap":{"test-code":{"insertions":77,"deletions":0}}},{"hash":"ac39fb84b00bfb83206faea25f07cc03877cd5b4","isMergeCommit":false,"messageTitle":"Add tests for Designation class","messageBody":"","fileTypesAndContributionMap":{"test-code":{"insertions":72,"deletions":1}}},{"hash":"5d6289a3b96b07c824ed69c01c030b4d529bb706","isMergeCommit":false,"messageTitle":"Add tests for Room class","messageBody":"","fileTypesAndContributionMap":{"functional-code":{"insertions":18,"deletions":2},"test-code":{"insertions":75,"deletions":0}}},{"hash":"6c0dbed098f0c64fcda17187c485f0d1169c428e","isMergeCommit":false,"messageTitle":"Add tests for Level class","messageBody":"","fileTypesAndContributionMap":{"functional-code":{"insertions":18,"deletions":2},"test-code":{"insertions":82,"deletions":6}}},{"hash":"05fbefa96b89bd6402732c2c2d1aa75eaae45c77","isMergeCommit":false,"messageTitle":"Add tests for Staff class","messageBody":"","fileTypesAndContributionMap":{"test-code":{"insertions":65,"deletions":0}}},{"hash":"4373a33eac23180ef76dc7e38ac306b5a0196155","isMergeCommit":false,"messageTitle":"Add StaffCard class and fxml","messageBody":"","fileTypesAndContributionMap":{"functional-code":{"insertions":134,"deletions":0}}},{"hash":"837afdd3a277cb368880625aeee040d5169cc4cc","isMergeCommit":false,"messageTitle":"Add StaffListPanel class and fxml","messageBody":"","fileTypesAndContributionMap":{"functional-code":{"insertions":58,"deletions":1}}},{"hash":"eb93495f9ada28dbdbb28b38a4460a9c1836509f","isMergeCommit":false,"messageTitle":"Add support for viewing staff list","messageBody":"A UniqueStaffList class was created to store the list of staff added\nto ResiConnect. To support the new staff list, the AddressBook class,\nModel interface, ModelManager class and ReadOnlyAddressBook interface\nwere updated.\n","fileTypesAndContributionMap":{"functional-code":{"insertions":240,"deletions":1}}},{"hash":"409dd0a57411867dfe68d7a5ec3d0a4e6c0403e4","isMergeCommit":false,"messageTitle":"Add support for viewing staff list","messageBody":"To support the new staff list, the AddressBook class, Model interface,\nModelManager class, Logic interface and LogicManager class were updated.\nStaffListPanel.fxml was fixed to correctly reference the right .java\nfile. AddStaffCommand was fixed to add the staff to the staff list\ninstead of the person list.\n","fileTypesAndContributionMap":{"functional-code":{"insertions":63,"deletions":6}}},{"hash":"066071f48521ff16330f77ebfe5716de4c7cdd67","isMergeCommit":false,"messageTitle":"Update tests to match updated interfaces","messageBody":"","fileTypesAndContributionMap":{"functional-code":{"insertions":1,"deletions":0},"test-code":{"insertions":124,"deletions":162}}},{"hash":"b77594088b0718fc10daed659a2cc2ba13b73743","isMergeCommit":false,"messageTitle":"Fix AddStaffCommandTest","messageBody":"","fileTypesAndContributionMap":{"test-code":{"insertions":3,"deletions":3}}}]},{"date":"2025-03-11","commitResults":[{"hash":"c8595bce17180625de61bbe4fe21b968976ea8ad","isMergeCommit":false,"messageTitle":"Add ListStaffCommand class","messageBody":"","fileTypesAndContributionMap":{"functional-code":{"insertions":23,"deletions":3}}}]},{"date":"2025-03-12","commitResults":[{"hash":"7260514b54ff41a066a835276f0afae8d0e9b9e7","isMergeCommit":false,"messageTitle":"Add listeners to detect change in list to be displayed","messageBody":"","fileTypesAndContributionMap":{"functional-code":{"insertions":102,"deletions":3}}},{"hash":"fb045b54ab0acec4ec97a6fcae2ef4cfb9fb8136","isMergeCommit":false,"messageTitle":"Update AddressBookParser to handle ListStaffCommand","messageBody":"","fileTypesAndContributionMap":{"functional-code":{"insertions":20,"deletions":3}}},{"hash":"f1b988b68e138f1c47cb6b51bb1bee66e9216bda","isMergeCommit":false,"messageTitle":"Update ModelStub","messageBody":"","fileTypesAndContributionMap":{"test-code":{"insertions":17,"deletions":0}}},{"hash":"38593616ba87a8fff52411dfa1aa19a194239851","isMergeCommit":false,"messageTitle":"Add tests for LogicManager","messageBody":"","fileTypesAndContributionMap":{"test-code":{"insertions":38,"deletions":0}}},{"hash":"6ce60ae898cb739ffc83b81130bd0d7271aac19e","isMergeCommit":false,"messageTitle":"Add ListStaffCommandTest","messageBody":"","fileTypesAndContributionMap":{"test-code":{"insertions":29,"deletions":0}}},{"hash":"86dbbb56f634a725fddd51dd975073aba4ac4039","isMergeCommit":false,"messageTitle":"Add various test cases","messageBody":"","fileTypesAndContributionMap":{"test-code":{"insertions":4,"deletions":0}}},{"hash":"7c42fc780dfba753816da0b457e776264bc41427","isMergeCommit":false,"messageTitle":"Add various test cases","messageBody":"","fileTypesAndContributionMap":{"functional-code":{"insertions":0,"deletions":2},"test-code":{"insertions":200,"deletions":7}}}]},{"date":"2025-03-13","commitResults":[{"hash":"4fec4c2247344b66380b5dba7f032b1a9d6817a2","isMergeCommit":true,"messageTitle":"Merge pull request #45 from mhaikelll/search-staff-feature","messageBody":"Add Feature 2: Search Staff","fileTypesAndContributionMap":{}},{"hash":"5b4c4316125d8e790c64349dbfa9c45259e3a38c","isMergeCommit":true,"messageTitle":"Merge branch \u0027master\u0027 into branch-search-event-using-name-from-to","messageBody":"","fileTypesAndContributionMap":{}},{"hash":"fe2651ddbf29267c98e985e50d86db9e04220bbd","isMergeCommit":false,"messageTitle":"Update AddressBookParser.java","messageBody":"","fileTypesAndContributionMap":{"functional-code":{"insertions":2,"deletions":2}}},{"hash":"87f77f18948f08e1170e79a848a15f33b8daae2b","isMergeCommit":true,"messageTitle":"Merge pull request #46 from blacksesamezongzi/branch-search-event-using-name-from-to","messageBody":"Feature 4: Search for events going on in the residences","fileTypesAndContributionMap":{}}]},{"date":"2025-03-14","commitResults":[{"hash":"7dafbeb3919815fef6454239ef7a57bb043d788f","isMergeCommit":true,"messageTitle":"Merge pull request #60 from mhaikelll/search-staff-fix","messageBody":"Feature 2: Fix search staff","fileTypesAndContributionMap":{}},{"hash":"86199df06b582f5531462b6124d60083ece63a94","isMergeCommit":false,"messageTitle":"Add ListStudentCommand and UniqueStudentList","messageBody":"","fileTypesAndContributionMap":{"functional-code":{"insertions":190,"deletions":0}}},{"hash":"3223c884cf42f31683ea75e95f27cbea739072fa","isMergeCommit":false,"messageTitle":"Update AddressBook and ReadOnlyAddressBook to support Student","messageBody":"","fileTypesAndContributionMap":{"functional-code":{"insertions":54,"deletions":3}}},{"hash":"01810ece0a59e31d0817869b6accce08ac809725","isMergeCommit":false,"messageTitle":"Update ListType, Model and ModelManager to support Student","messageBody":"","fileTypesAndContributionMap":{"functional-code":{"insertions":73,"deletions":5}}},{"hash":"4ef4ea6cb495dcf8aaa638e23ce476cf12db68c2","isMergeCommit":false,"messageTitle":"Update Logic and LogicManager to support Student","messageBody":"","fileTypesAndContributionMap":{"functional-code":{"insertions":10,"deletions":0}}},{"hash":"ee3faecd6100af4868c8d75ad41b6c2aabcc2327","isMergeCommit":false,"messageTitle":"Add StudentCard and StudentListPanel","messageBody":"","fileTypesAndContributionMap":{"functional-code":{"insertions":122,"deletions":4}}},{"hash":"bd568ad303b4a66fcd3e5f4b8105c0ffd17318be","isMergeCommit":false,"messageTitle":"Add StudentListCard.fxml and StudentListPanel.fxml","messageBody":"","fileTypesAndContributionMap":{"functional-code":{"insertions":118,"deletions":24}}},{"hash":"faab7af1f83a46d76d1a3e65b67b8e4a7cd741de","isMergeCommit":false,"messageTitle":"Update Designation to become StaffDesignation","messageBody":"","fileTypesAndContributionMap":{"functional-code":{"insertions":10,"deletions":10},"other":{"insertions":4,"deletions":4},"test-code":{"insertions":33,"deletions":33}}},{"hash":"c184c6c24959783ab183a1b065f182ba2a28405b","isMergeCommit":false,"messageTitle":"Standardise UI for each of the Cards and Panels","messageBody":"","fileTypesAndContributionMap":{"functional-code":{"insertions":57,"deletions":25}}},{"hash":"a0be29dafaaca523e754e562d776eaa41f6e7dd4","isMergeCommit":false,"messageTitle":"Modify files to comply with CheckStyle","messageBody":"","fileTypesAndContributionMap":{"functional-code":{"insertions":8,"deletions":6},"test-code":{"insertions":40,"deletions":2}}},{"hash":"e85418f5b10990821ad01412d03a43f57a997b28","isMergeCommit":false,"messageTitle":"Add test cases","messageBody":"","fileTypesAndContributionMap":{"test-code":{"insertions":359,"deletions":0}}},{"hash":"f95f4534c5f065883d87e3f97a2cf5b2c629ca01","isMergeCommit":false,"messageTitle":"Add tests to AddressBookTest","messageBody":"","fileTypesAndContributionMap":{"test-code":{"insertions":74,"deletions":0}}},{"hash":"5616b16654c353eb4cd6147d5430f37ad9f9ca5f","isMergeCommit":false,"messageTitle":"Add test cases to ModelManagerTest","messageBody":"","fileTypesAndContributionMap":{"test-code":{"insertions":108,"deletions":0}}},{"hash":"5afeb8a5bf4e0c8f5fb2feb68fbc803d47ecbc5c","isMergeCommit":false,"messageTitle":"Edit erroneous function name in UniqueStudentListTest","messageBody":"","fileTypesAndContributionMap":{"test-code":{"insertions":1,"deletions":1}}},{"hash":"a98d36907a773cb8ff1d44a14636ac5f9bd58251","isMergeCommit":false,"messageTitle":"Fix Checkstyle for various tests","messageBody":"","fileTypesAndContributionMap":{"test-code":{"insertions":1,"deletions":2}}}]}],"hengjeekuan":[{"date":"2025-03-05","commitResults":[{"hash":"6451896c07466ac73510cece0cdb4764d80b081b","isMergeCommit":false,"messageTitle":"Update Jee photo in AboutUs","messageBody":"","fileTypesAndContributionMap":{"docs":{"insertions":3,"deletions":40}}}]},{"date":"2025-03-06","commitResults":[{"hash":"4f4adb698eca41b129a021c6b65973995bdf6032","isMergeCommit":false,"messageTitle":"Update README","messageBody":"","fileTypesAndContributionMap":{"docs":{"insertions":1,"deletions":1}}},{"hash":"226fb5bad3f07b8d412e5acb0ff14706a8892353","isMergeCommit":false,"messageTitle":"Change link in ReadME to correct link","messageBody":"","fileTypesAndContributionMap":{"docs":{"insertions":1,"deletions":1}}},{"hash":"7997b5bb2e3711fb13cd145199866998f59d6a47","isMergeCommit":false,"messageTitle":"Update ReadME","messageBody":"","fileTypesAndContributionMap":{"docs":{"insertions":7,"deletions":8}}}]},{"date":"2025-03-07","commitResults":[{"hash":"78c10a2b05f4650928a081d23049672f452dd5e7","isMergeCommit":false,"messageTitle":"Update ReadME","messageBody":"","fileTypesAndContributionMap":{"docs":{"insertions":3,"deletions":7}}},{"hash":"3603889c1987b9a365295ce43802f814ef222752","isMergeCommit":true,"messageTitle":"Merge branch \u0027master\u0027 into branch-UpdateReadME","messageBody":"","fileTypesAndContributionMap":{}}]},{"date":"2025-03-09","commitResults":[{"hash":"2a9be49efaa16c1e98354b2005e699ca2df5c1c4","isMergeCommit":false,"messageTitle":"Add AddExternalCommand class","messageBody":"","fileTypesAndContributionMap":{"functional-code":{"insertions":69,"deletions":0}}},{"hash":"d5e19b066d24008d30b4a8e877f86ce28e6fc80b","isMergeCommit":false,"messageTitle":"Remove trailing whitespace in documents","messageBody":"","fileTypesAndContributionMap":{"functional-code":{"insertions":1,"deletions":0},"docs":{"insertions":4,"deletions":4}}},{"hash":"515f942831b02e2af04f0a5755554426a3a2c7c8","isMergeCommit":false,"messageTitle":"Add empty line at EOF of AddExternalCommand,.java","messageBody":"","fileTypesAndContributionMap":{"functional-code":{"insertions":1,"deletions":2}}}]},{"date":"2025-03-10","commitResults":[{"hash":"5fa7c93b097b4889e4a397ab2bbd3015ea4e4aba","isMergeCommit":false,"messageTitle":"Add AddExternalCommand into the application","messageBody":"AddressBookParser#parseCommand() does not yet recognise AddExternalCommand.\n\nUpdate AddressBookParser#parseCommand() to recognise AddExternalCommand.\nUpdate tests to match AddressBookParser and AddExternalCommand\n","fileTypesAndContributionMap":{"functional-code":{"insertions":15,"deletions":15},"test-code":{"insertions":31,"deletions":8}}},{"hash":"2b22a438a95cd1836b065f0217a0b595f7b74201","isMergeCommit":false,"messageTitle":"Fix Checkstyle errors","messageBody":"","fileTypesAndContributionMap":{"functional-code":{"insertions":5,"deletions":1},"test-code":{"insertions":3,"deletions":5}}},{"hash":"1baf7647ae94ab51f51afbda7667565e9dc6627b","isMergeCommit":false,"messageTitle":"Fix Checkstyle errors","messageBody":"","fileTypesAndContributionMap":{"functional-code":{"insertions":10,"deletions":8},"test-code":{"insertions":1,"deletions":1}}},{"hash":"2bb5e4ce9dce4087f46337e1ec8784893a63cb5f","isMergeCommit":false,"messageTitle":"Add AddExternalCommandParser.java","messageBody":"Program currently does not have a parser to read user\u0027s input for AddExternalCommand.\n\nCreating this parser class will allow us to read user input and extract the arguments we need.\n\nLet\u0027s create this parser class named AddExternalCommandParser, change the output of AddressBookParser when it reads \u0027add_ext\u0027 command, change AddExternalCommand to now take in 4 variables.\n","fileTypesAndContributionMap":{"functional-code":{"insertions":95,"deletions":14}}},{"hash":"bf241b34043cf5ce0b1d252276ee183c16f5275d","isMergeCommit":false,"messageTitle":"Fix Checkstyle errors","messageBody":"","fileTypesAndContributionMap":{"functional-code":{"insertions":5,"deletions":9}}},{"hash":"9a4eb3ca0bf1d8d2fbc83d9e2ebd545edd34c4f4","isMergeCommit":false,"messageTitle":"Fix test cases","messageBody":"","fileTypesAndContributionMap":{"test-code":{"insertions":29,"deletions":5}}},{"hash":"6d0df4642b594cd9686dcbc617fd20089ea8b9d9","isMergeCommit":false,"messageTitle":"Fix Checkstyle errors","messageBody":"","fileTypesAndContributionMap":{"test-code":{"insertions":18,"deletions":3}}}]},{"date":"2025-03-12","commitResults":[{"hash":"24f2473c1583c6ca64020e46843c74d6e6c0e3df","isMergeCommit":false,"messageTitle":"Add parseDescription to ParserUtil and add Description class","messageBody":"","fileTypesAndContributionMap":{"functional-code":{"insertions":66,"deletions":5}}},{"hash":"08c4dfb1b665074b19fca5772c0d97ef860dc2f4","isMergeCommit":false,"messageTitle":"Add ExternalParty class","messageBody":"","fileTypesAndContributionMap":{"functional-code":{"insertions":40,"deletions":0}}},{"hash":"ca79afd491a98d9f37177374c13e94db58ba9f7a","isMergeCommit":false,"messageTitle":"Add a second constructor for Person class","messageBody":"","fileTypesAndContributionMap":{"functional-code":{"insertions":9,"deletions":0}}},{"hash":"522259e07adb86a0d1636f912ac9f71174a1dde1","isMergeCommit":false,"messageTitle":"Update AddExternalCommand and its parser to use ExternalParty","messageBody":"","fileTypesAndContributionMap":{"functional-code":{"insertions":16,"deletions":28}}},{"hash":"44c63040acdfc438f7179d09d8fa09c28e996bf3","isMergeCommit":false,"messageTitle":"Create ExternalPartyBuilder.java","messageBody":"","fileTypesAndContributionMap":{"test-code":{"insertions":83,"deletions":0}}},{"hash":"fb5825be73bbd1f4250b1861fc1243b771944761","isMergeCommit":false,"messageTitle":"Add AddExternalCommand test case to AddressBookParserTest","messageBody":"","fileTypesAndContributionMap":{"test-code":{"insertions":6,"deletions":17}}},{"hash":"72d78cf6a0d7c17b7d8a017f899cb06710065ef8","isMergeCommit":false,"messageTitle":"Fix Checkstyle errors","messageBody":"","fileTypesAndContributionMap":{"functional-code":{"insertions":4,"deletions":1}}},{"hash":"eb669bfafad81d898cca261c04c0ba1a536746b4","isMergeCommit":false,"messageTitle":"Add tests for AddExternalCommand","messageBody":"","fileTypesAndContributionMap":{"test-code":{"insertions":181,"deletions":16}}},{"hash":"2dd956b50db4028520d59d5f268f799893b863f8","isMergeCommit":false,"messageTitle":"Fix bugs","messageBody":"","fileTypesAndContributionMap":{"functional-code":{"insertions":27,"deletions":24},"test-code":{"insertions":2,"deletions":0}}},{"hash":"64b948c33b3b3b10b405ff008a51f22d2a4f30ab","isMergeCommit":true,"messageTitle":"Merge pull request #44 from mhaikelll/add-student-feature","messageBody":"Add Feature 1: Add Student","fileTypesAndContributionMap":{}},{"hash":"e3f9b3f53dd345e47f2b3cd99d7fbd2bc60f8c75","isMergeCommit":false,"messageTitle":"Add AddExternalCommandParserTest","messageBody":"","fileTypesAndContributionMap":{"test-code":{"insertions":57,"deletions":0}}},{"hash":"f3c52c7629386278ad2a6cd1d4a7931c5913c938","isMergeCommit":false,"messageTitle":"Fix test cases for AddExternalCommandParserTest","messageBody":"","fileTypesAndContributionMap":{"functional-code":{"insertions":16,"deletions":7},"test-code":{"insertions":23,"deletions":24}}}]},{"date":"2025-03-13","commitResults":[{"hash":"4f581c4dcb598771400204b26ccbcfe39fd3f237","isMergeCommit":false,"messageTitle":"Fix bugs in AddExternalCommandParser and AddressBookParserTest","messageBody":"","fileTypesAndContributionMap":{"functional-code":{"insertions":2,"deletions":3},"test-code":{"insertions":1,"deletions":1}}},{"hash":"2bdf09bbe700b50249caa0de9bfad64e10ae4a3a","isMergeCommit":true,"messageTitle":"Merge branch \u0027master\u0027 into branch-external-crud","messageBody":"","fileTypesAndContributionMap":{}},{"hash":"49433c6685708e204f439c4e142178b831f02250","isMergeCommit":false,"messageTitle":"Update ParserUtil.java","messageBody":"","fileTypesAndContributionMap":{"functional-code":{"insertions":1,"deletions":0}}},{"hash":"c0db049905825693e0deb77846fd1cd870ba5324","isMergeCommit":false,"messageTitle":"Update CliSyntax.java","messageBody":"","fileTypesAndContributionMap":{"functional-code":{"insertions":0,"deletions":2}}},{"hash":"6e862e787a54388101fa450f63a4560811f94ebb","isMergeCommit":false,"messageTitle":"Update ParserUtil.java","messageBody":"","fileTypesAndContributionMap":{"functional-code":{"insertions":2,"deletions":1}}},{"hash":"4e1b5e8a0d643a2027addb9f10ab3ba68ac47b63","isMergeCommit":false,"messageTitle":"Update ParserUtil.java","messageBody":"","fileTypesAndContributionMap":{"functional-code":{"insertions":1,"deletions":1}}},{"hash":"5d004de438411b475af3585800b718aad45447ca","isMergeCommit":false,"messageTitle":"Update ParserUtil.java","messageBody":"","fileTypesAndContributionMap":{"functional-code":{"insertions":0,"deletions":1}}},{"hash":"c4710ebfa6771c25b93775277a1aed2c148deef5","isMergeCommit":false,"messageTitle":"Update AddExternalCommandTest.java","messageBody":"","fileTypesAndContributionMap":{"test-code":{"insertions":0,"deletions":75}}},{"hash":"cb50eb81650624ed86bfa136f371fbf040ec34f7","isMergeCommit":false,"messageTitle":"Update AddExternalCommandTest.java","messageBody":"","fileTypesAndContributionMap":{"test-code":{"insertions":0,"deletions":6}}},{"hash":"d7f76b31820c9a7582d614a3a8535dcbaf3a72da","isMergeCommit":false,"messageTitle":"Update CliSyntax.java","messageBody":"","fileTypesAndContributionMap":{"functional-code":{"insertions":2,"deletions":2}}}]}]},"authorFileTypeContributionMap":{"blacksesamezongzi":{"docs":22,"functional-code":145,"test-code":0},"mhaikelll":{"docs":36,"functional-code":680,"test-code":352},"Alolononon":{"docs":31,"functional-code":1194,"test-code":33},"chinpcbenjamin":{"docs":64,"functional-code":1782,"test-code":1789},"hengjeekuan":{"docs":2,"functional-code":266,"test-code":276}},"authorContributionVariance":{"blacksesamezongzi":1802.0845,"mhaikelll":121409.15,"Alolononon":55313.69,"chinpcbenjamin":244494.64,"hengjeekuan":20867.863},"authorDisplayNameMap":{"blacksesamezongzi":"CS2103T-T11-3 SUN ..IAEN","mhaikelll":"CS2103T-T11-3 MUHA..ASIN","Alolononon":"CS2103T-T11-3 HO J.. TAO","chinpcbenjamin":"CS2103T-T11-3 CHIN..AMIN","hengjeekuan":"CS2103T-T11-3 HENG..KUAN"}}
