{"authorDailyContributionsMap":{"flljy940":[{"date":"2025-03-05","commitResults":[{"hash":"fd330f48f9cd93faf013ecaa4a9573e68a113bf2","isMergeCommit":false,"messageTitle":"Commit","messageBody":"","fileTypesAndContributionMap":{"docs":{"insertions":1,"deletions":1}}},{"hash":"7773540bae3a6d189544f586680e8cb5a30a4fce","isMergeCommit":true,"messageTitle":"Merge pull request #11 from izniy/branch-AddPhoto","messageBody":"Fixes #7","fileTypesAndContributionMap":{}},{"hash":"2131f7f57e83e9ba7137c0dc7c9723e9c9d1a3ed","isMergeCommit":false,"messageTitle":"Add role and responsibilities","messageBody":"","fileTypesAndContributionMap":{"docs":{"insertions":3,"deletions":2}}},{"hash":"b7e95b9aa34ff1ddd7b14f3c80f035d7a8a07fa6","isMergeCommit":false,"messageTitle":"Add role","messageBody":"","fileTypesAndContributionMap":{"docs":{"insertions":2,"deletions":2}}}]},{"date":"2025-03-06","commitResults":[{"hash":"49926bf7c0ab796b672c1f2aea78041eac986272","isMergeCommit":true,"messageTitle":"Merge pull request #34 from nicolaskjh/update-dg-v1.1","messageBody":"Update user stories, use cases and NFRs in DG","fileTypesAndContributionMap":{}}]},{"date":"2025-03-13","commitResults":[{"hash":"aad556c034a58ebd80437087f891aa358ccb83d5","isMergeCommit":false,"messageTitle":"Implement NextLessonCommand","messageBody":"","fileTypesAndContributionMap":{"functional-code":{"insertions":215,"deletions":11},"test-code":{"insertions":210,"deletions":15}}},{"hash":"5f347462d1a77afc8751b10fda516adfbcb787d8","isMergeCommit":false,"messageTitle":"Update unit tests for NextLessonCommand","messageBody":"","fileTypesAndContributionMap":{"functional-code":{"insertions":3,"deletions":2},"test-code":{"insertions":55,"deletions":4}}},{"hash":"12d059f51fd73954b5a53fb8604fc0396608e024","isMergeCommit":false,"messageTitle":"Update unit tests for NextLesson","messageBody":"","fileTypesAndContributionMap":{"test-code":{"insertions":15,"deletions":0}}},{"hash":"66bb4ae494b908caab45d110b7888b073989d397","isMergeCommit":false,"messageTitle":"Update UI","messageBody":"","fileTypesAndContributionMap":{"functional-code":{"insertions":18,"deletions":3}}}]},{"date":"2025-03-14","commitResults":[{"hash":"1556add9586acc3c48a24f4ae16138b69ab6db37","isMergeCommit":true,"messageTitle":"Merge pull request #50 from bipplane/fix-pay-conflict","messageBody":"Fix merge conflict","fileTypesAndContributionMap":{}}]},{"date":"2025-03-17","commitResults":[{"hash":"0f733979d8ffddd84681c6ff9947a8bf55010d62","isMergeCommit":false,"messageTitle":"Model class update","messageBody":"","fileTypesAndContributionMap":{"functional-code":{"insertions":46,"deletions":10}}},{"hash":"30f2b1413918e770ef3c4d0406ca714b0fd7a990","isMergeCommit":false,"messageTitle":"Update parsing logic","messageBody":"","fileTypesAndContributionMap":{"functional-code":{"insertions":86,"deletions":28}}}]},{"date":"2025-03-18","commitResults":[{"hash":"9d04c408f3c237cfcc3cd08d60163e4d87ddd45f","isMergeCommit":false,"messageTitle":"Time issue","messageBody":"","fileTypesAndContributionMap":{"functional-code":{"insertions":125,"deletions":90}}},{"hash":"68fc48e90b0118a7f3b3c8c150dcba11853650e8","isMergeCommit":false,"messageTitle":"Update UG for NextLessonCommand","messageBody":"","fileTypesAndContributionMap":{"docs":{"insertions":23,"deletions":1}}}]},{"date":"2025-03-19","commitResults":[{"hash":"fb3bdb020199878111f1009945180cfbe7d885a9","isMergeCommit":false,"messageTitle":"Fix format","messageBody":"","fileTypesAndContributionMap":{"docs":{"insertions":2,"deletions":2},"test-code":{"insertions":46,"deletions":0}}},{"hash":"f16fd0cca2835c8168f12782fa7f94d785d1b0f8","isMergeCommit":false,"messageTitle":"Commit","messageBody":"","fileTypesAndContributionMap":{"docs":{"insertions":2,"deletions":2}}},{"hash":"9ee2e7000d6e4297e698ff5e2b781430b51b6a6f","isMergeCommit":false,"messageTitle":"Fix minor issue","messageBody":"","fileTypesAndContributionMap":{"docs":{"insertions":2,"deletions":2},"test-code":{"insertions":0,"deletions":46}}},{"hash":"8b26542c244e7c026d1001defde0124eccf5af9c","isMergeCommit":true,"messageTitle":"Merge branch \u0027master\u0027 into nextlesson-ug-update","messageBody":"","fileTypesAndContributionMap":{}},{"hash":"0e393066a269a882478e12e00fc3add72c1ef30b","isMergeCommit":false,"messageTitle":"Fix typo","messageBody":"","fileTypesAndContributionMap":{"docs":{"insertions":1,"deletions":1}}}]},{"date":"2025-03-21","commitResults":[{"hash":"16cb0370e3115e218d044e7f4a664c8305750f52","isMergeCommit":false,"messageTitle":"Fix code quality and logging issue","messageBody":"","fileTypesAndContributionMap":{"functional-code":{"insertions":182,"deletions":112},"test-code":{"insertions":17,"deletions":17}}}]},{"date":"2025-03-22","commitResults":[{"hash":"3c411ec98b1d17552ad5e79921a5c8548b450e2a","isMergeCommit":false,"messageTitle":"Null handling","messageBody":"","fileTypesAndContributionMap":{"functional-code":{"insertions":56,"deletions":91},"test-code":{"insertions":7,"deletions":3}}},{"hash":"5fb3a5dc519b30eadd4f209ec453064020716ab2","isMergeCommit":true,"messageTitle":"Resolved merge conflicts","messageBody":"","fileTypesAndContributionMap":{}},{"hash":"df6bb8042fec8e9d31b0f2c6ff66bcd10ae9f1e8","isMergeCommit":false,"messageTitle":"Add JUnit tests for NextLessonCommandParser","messageBody":"","fileTypesAndContributionMap":{"functional-code":{"insertions":2,"deletions":1},"test-code":{"insertions":58,"deletions":0}}},{"hash":"ba8f56af503aeb190a365760f755cd88bf00fef2","isMergeCommit":false,"messageTitle":"Add tests for NextLesson","messageBody":"","fileTypesAndContributionMap":{"functional-code":{"insertions":12,"deletions":0},"test-code":{"insertions":42,"deletions":0}}}]},{"date":"2025-03-24","commitResults":[{"hash":"2a0cc06557f09a0eee574a65dea020092db0dbfb","isMergeCommit":false,"messageTitle":"Update","messageBody":"","fileTypesAndContributionMap":{"functional-code":{"insertions":2,"deletions":3},"test-code":{"insertions":15,"deletions":3}}},{"hash":"2c63c2ae5ca16aac03b7921bfec31f90d6bd3cec","isMergeCommit":false,"messageTitle":"Update documentation","messageBody":"","fileTypesAndContributionMap":{"docs":{"insertions":5,"deletions":5}}},{"hash":"dcefe541b62205d00f169697d881c5655e6b32be","isMergeCommit":false,"messageTitle":"Add icon in command box","messageBody":"","fileTypesAndContributionMap":{"functional-code":{"insertions":13,"deletions":2}}}]},{"date":"2025-03-25","commitResults":[{"hash":"815202a23ec2045c2461cb9eba2c9292e34bae25","isMergeCommit":false,"messageTitle":"Change color scheme","messageBody":"","fileTypesAndContributionMap":{"functional-code":{"insertions":37,"deletions":36}}}]},{"date":"2025-03-26","commitResults":[{"hash":"0bf3abad6c13089e825a9610b2486b2e98e13a02","isMergeCommit":false,"messageTitle":"Add icon in Person List Card","messageBody":"","fileTypesAndContributionMap":{"functional-code":{"insertions":128,"deletions":41}}},{"hash":"da6bad667db751b2e5e14cad3c72d28c776a4826","isMergeCommit":false,"messageTitle":"Change to Theme.java","messageBody":"","fileTypesAndContributionMap":{"other":{"insertions":12,"deletions":10}}},{"hash":"7d7f37e14a20d51cd22b8a7b0516fa0cedae52c8","isMergeCommit":false,"messageTitle":"Change color scheme and effect","messageBody":"","fileTypesAndContributionMap":{"functional-code":{"insertions":2,"deletions":2},"other":{"insertions":35,"deletions":8}}},{"hash":"8bbf88ec551ae0ff040100d708646784121bffff","isMergeCommit":false,"messageTitle":"Changes to scroll bar","messageBody":"","fileTypesAndContributionMap":{"functional-code":{"insertions":6,"deletions":6}}},{"hash":"91c500e2e12a15f7574ff922fce3d0c85f31d262","isMergeCommit":true,"messageTitle":"Merge remote-tracking branch \u0027upstream/master\u0027 into ui-update","messageBody":"","fileTypesAndContributionMap":{}},{"hash":"bb926526216202bcad828f7fc657f401240dc996","isMergeCommit":false,"messageTitle":"Update Storage diagram and DG","messageBody":"","fileTypesAndContributionMap":{"docs":{"insertions":19,"deletions":10}}}]},{"date":"2025-03-27","commitResults":[{"hash":"ced88ceb04d32180e5ffb0a209fb1a18565cf392","isMergeCommit":false,"messageTitle":"Rename address book name and update icon","messageBody":"","fileTypesAndContributionMap":{"functional-code":{"insertions":3,"deletions":3},"test-code":{"insertions":1,"deletions":1}}},{"hash":"6850b4b7c426da0111a219351f93178892d0da7d","isMergeCommit":false,"messageTitle":"Update commons","messageBody":"","fileTypesAndContributionMap":{"functional-code":{"insertions":1,"deletions":1}}},{"hash":"636f5122c280a48d2bcdb6542d443155c3e87fc6","isMergeCommit":false,"messageTitle":"Add icon in command box","messageBody":"","fileTypesAndContributionMap":{"functional-code":{"insertions":13,"deletions":2}}},{"hash":"753a455c2fb1b2a385ab13e114f30130bb0439ef","isMergeCommit":false,"messageTitle":"Change color scheme","messageBody":"# Conflicts:\n#\tsrc/main/resources/view/Theme.css\n","fileTypesAndContributionMap":{"functional-code":{"insertions":32,"deletions":31}}},{"hash":"802bf722b249793d9c0dcb66c5464efbdd02b039","isMergeCommit":false,"messageTitle":"Add icon in Person List Card","messageBody":"","fileTypesAndContributionMap":{"functional-code":{"insertions":120,"deletions":32}}},{"hash":"ffbceaeef149acde8cce82159765a0b673496765","isMergeCommit":false,"messageTitle":"Change to Theme.java","messageBody":"","fileTypesAndContributionMap":{"functional-code":{"insertions":9,"deletions":8}}},{"hash":"fde933bfbc0456085dee7ed94442ea1df66b0ccd","isMergeCommit":false,"messageTitle":"Changes to scroll bar","messageBody":"","fileTypesAndContributionMap":{"functional-code":{"insertions":5,"deletions":5}}},{"hash":"8414841ad4f6fe2838d53aa9fb60c9ede347118c","isMergeCommit":false,"messageTitle":"Update UG and fix minor issue","messageBody":"","fileTypesAndContributionMap":{"functional-code":{"insertions":1,"deletions":1}}},{"hash":"c8d023bfcedcae87e37698136ddd5ef45d706611","isMergeCommit":false,"messageTitle":"Quick fix UI","messageBody":"","fileTypesAndContributionMap":{"functional-code":{"insertions":15,"deletions":14}}},{"hash":"24958f03931bcc078878302431759b7696622346","isMergeCommit":true,"messageTitle":"Merge branch \u0027master\u0027 into ui-menu-bar","messageBody":"","fileTypesAndContributionMap":{}},{"hash":"635a3c3d951636b2f4a7d3608ff2a6180676de9b","isMergeCommit":true,"messageTitle":"Merge branch \u0027master\u0027 into branch-UnpayCommand","messageBody":"","fileTypesAndContributionMap":{}},{"hash":"6846baf8cb580624ab0b105aed2c0a2d813e14ea","isMergeCommit":true,"messageTitle":"Merge branch \u0027master\u0027 into uml-update-model","messageBody":"","fileTypesAndContributionMap":{}}]},{"date":"2025-04-01","commitResults":[{"hash":"d43914684a8453cf79fd4a3a57ae93e19c3d9cfe","isMergeCommit":true,"messageTitle":"Merge pull request #108 from izniy/branch-DGlinks","messageBody":"Change the links of Ui.java, Logic.java, Model.java and Storage.java in Developer Guide","fileTypesAndContributionMap":{}},{"hash":"9c142ab1aad0633f4674ae20ace2dbc263797694","isMergeCommit":true,"messageTitle":"Merge pull request #109 from izniy/branch-CardinalityChange","messageBody":"Change cardinality for NextLesson in Model Class UML diagram","fileTypesAndContributionMap":{}},{"hash":"1adb30d326928b4d8852ae88e7e8f717aa73111a","isMergeCommit":true,"messageTitle":"Merge pull request #110 from izniy/branch-PayStatusUMLChange","messageBody":"Add missing PayStatus to Model Class UML diagram","fileTypesAndContributionMap":{}},{"hash":"13468bbd34697cdd83c458ec1289c7776b3c203f","isMergeCommit":true,"messageTitle":"Merge pull request #111 from izniy/branch-ParsersClassUML","messageBody":"Remove the various CommandParser classes in ParserClasses UML diagram","fileTypesAndContributionMap":{}},{"hash":"54915d212b978a65bcbdf224c50336bb4d6f4e94","isMergeCommit":true,"messageTitle":"Merge branch \u0027master\u0027 into refactor-remark","messageBody":"","fileTypesAndContributionMap":{}},{"hash":"89173fd3aacc0c7cbb3ae712cfd346bdef40b5f3","isMergeCommit":true,"messageTitle":"Merge pull request #119 from bipplane/refactor-remark","messageBody":"Refactor Remark to PayStatus in relevant files","fileTypesAndContributionMap":{}},{"hash":"bd16e028333c151bb4717f9437c97e2978b8d952","isMergeCommit":true,"messageTitle":"Merge branch \u0027master\u0027 into dg-link-fix","messageBody":"","fileTypesAndContributionMap":{}},{"hash":"751f38680a9e9d60d4c721dbfa788fb41d419d28","isMergeCommit":true,"messageTitle":"Merge branch \u0027master\u0027 into listcommand-test","messageBody":"","fileTypesAndContributionMap":{}},{"hash":"f91187e48637b861ab6bafbdaadeaa513a91147d","isMergeCommit":true,"messageTitle":"Merge branch \u0027master\u0027 into deletecommand-test","messageBody":"","fileTypesAndContributionMap":{}},{"hash":"be36a57c8f59c48d0c85cdc7fde6cfc7037f0091","isMergeCommit":false,"messageTitle":"Add date format","messageBody":"","fileTypesAndContributionMap":{"docs":{"insertions":3,"deletions":4}}},{"hash":"dec1856eab01e09e555d0e854abee21d7ec8672c","isMergeCommit":false,"messageTitle":"Improve consistency","messageBody":"","fileTypesAndContributionMap":{"docs":{"insertions":16,"deletions":16}}}]},{"date":"2025-04-02","commitResults":[{"hash":"e9eb021aef8aa290993d326a3d1916b280cd5359","isMergeCommit":true,"messageTitle":"Merge conflicts","messageBody":"","fileTypesAndContributionMap":{}},{"hash":"5640dc048664c07ec6512c6bfdc1cf5e133c3bcb","isMergeCommit":false,"messageTitle":"Improve UG","messageBody":"","fileTypesAndContributionMap":{"docs":{"insertions":10,"deletions":1}}},{"hash":"5efa612dbe2340c6198b83a1a1030fafdfcf293d","isMergeCommit":false,"messageTitle":"Add appropriate message for empty list","messageBody":"","fileTypesAndContributionMap":{"functional-code":{"insertions":6,"deletions":0}}},{"hash":"d013a9e7905187dd36f93fc66d0e98b06bf72773","isMergeCommit":false,"messageTitle":"Update message","messageBody":"","fileTypesAndContributionMap":{"functional-code":{"insertions":3,"deletions":1}}},{"hash":"5333f63bc2b8d68abbfefcc70be58ac59d745416","isMergeCommit":false,"messageTitle":"Lower case","messageBody":"","fileTypesAndContributionMap":{"functional-code":{"insertions":1,"deletions":1}}},{"hash":"458a1fe84ac2404f4e473945ea6b1486d31fa695","isMergeCommit":false,"messageTitle":"Update unique phone","messageBody":"","fileTypesAndContributionMap":{"functional-code":{"insertions":71,"deletions":1}}},{"hash":"76721d14cf5ecf3c879a97b51e1ac38640f1ff6b","isMergeCommit":true,"messageTitle":"Merge branch \u0027master\u0027 into branch-empty-list-handling","messageBody":"","fileTypesAndContributionMap":{}},{"hash":"e94e8ce850fa2a494f60e8f475349d7b186692dc","isMergeCommit":true,"messageTitle":"Merge remote-tracking branch \u0027upstream/master\u0027 into branch-multiple-subject","messageBody":"","fileTypesAndContributionMap":{}},{"hash":"a072ae33317737b88916fd0ce54b3067cd573c6f","isMergeCommit":false,"messageTitle":"Fix","messageBody":"","fileTypesAndContributionMap":{"functional-code":{"insertions":5,"deletions":8},"test-code":{"insertions":8,"deletions":0}}},{"hash":"37b8df9c2e6227d4a00edb879e65c2a23305c5fd","isMergeCommit":false,"messageTitle":"Checkstyle","messageBody":"","fileTypesAndContributionMap":{"functional-code":{"insertions":3,"deletions":3}}},{"hash":"a0a0393e402224efe5e3c4a6d6f4fe783fec8b84","isMergeCommit":false,"messageTitle":"Update relevant files","messageBody":"","fileTypesAndContributionMap":{"functional-code":{"insertions":27,"deletions":1}}},{"hash":"e64fb9d9948774df0e94597fdb903c1e2d92aa3e","isMergeCommit":false,"messageTitle":"Add tests","messageBody":"","fileTypesAndContributionMap":{"functional-code":{"insertions":7,"deletions":7},"test-code":{"insertions":148,"deletions":13}}},{"hash":"5214929738b29bdf21be57bb4b3a2ddb847eebe8","isMergeCommit":false,"messageTitle":"Fix checkstyle","messageBody":"","fileTypesAndContributionMap":{"test-code":{"insertions":13,"deletions":3}}},{"hash":"911023de971e8dfa486ba441d4067b87b9020713","isMergeCommit":true,"messageTitle":"Merge remote-tracking branch \u0027upstream/master\u0027 into branch-unique-phone","messageBody":"","fileTypesAndContributionMap":{}},{"hash":"5a348ebe2f795ed01d1a3390ff4253633af27826","isMergeCommit":false,"messageTitle":"Fix line endings","messageBody":"","fileTypesAndContributionMap":{"functional-code":{"insertions":11,"deletions":11}}}]},{"date":"2025-04-03","commitResults":[{"hash":"aff94fd886c60e1a718ff7a5e7f76bbd80b26a15","isMergeCommit":false,"messageTitle":"Add more tests","messageBody":"","fileTypesAndContributionMap":{"test-code":{"insertions":45,"deletions":0}}},{"hash":"a1b1297b682fc44beefbb1036794d53ed89f073b","isMergeCommit":false,"messageTitle":"Fix checkstyle","messageBody":"","fileTypesAndContributionMap":{"test-code":{"insertions":0,"deletions":1}}},{"hash":"e55ed9f427d3b26da0a12bd3373d4f199ec6234e","isMergeCommit":true,"messageTitle":"Merge remote-tracking branch \u0027upstream/master\u0027 into branch-unique-phone","messageBody":"","fileTypesAndContributionMap":{}},{"hash":"746cdbd1af0b63dd550d5f87fb3e1936d0ae7b58","isMergeCommit":false,"messageTitle":"Add more more tests","messageBody":"","fileTypesAndContributionMap":{"test-code":{"insertions":17,"deletions":0}}},{"hash":"74598dd6693fec915e6bb3f2caf81a8abef73b39","isMergeCommit":false,"messageTitle":"Fix minor issue on unpay command","messageBody":"","fileTypesAndContributionMap":{"functional-code":{"insertions":1,"deletions":1}}},{"hash":"0d7d5124bfbe384f1f51d492f5d7c100f6638513","isMergeCommit":false,"messageTitle":"Add EditSequenceDiagram","messageBody":"","fileTypesAndContributionMap":{"functional-code":{"insertions":1,"deletions":1},"docs":{"insertions":87,"deletions":1}}},{"hash":"30d357051385fe36e0543365cb917da36b462ba3","isMergeCommit":false,"messageTitle":"Adjust size","messageBody":"","fileTypesAndContributionMap":{"docs":{"insertions":2,"deletions":2}}},{"hash":"fe832b169142e433e0616fa94bf01f6b6186e44a","isMergeCommit":false,"messageTitle":"Update ug","messageBody":"","fileTypesAndContributionMap":{"docs":{"insertions":2,"deletions":8}}},{"hash":"9d340fd7f695d8f1ca149d088e848818a430ea05","isMergeCommit":false,"messageTitle":"Fix issue","messageBody":"","fileTypesAndContributionMap":{"docs":{"insertions":1,"deletions":1}}}]}],"nicolaskjh":[{"date":"2025-03-05","commitResults":[{"hash":"89b3553bea33365a073de616a0eeda1f271b8501","isMergeCommit":false,"messageTitle":"Add photo to About Us","messageBody":"","fileTypesAndContributionMap":{"docs":{"insertions":10,"deletions":18}}},{"hash":"928adc959003366ca83dddbc6dda509c15c40536","isMergeCommit":true,"messageTitle":"Merge branch \u0027master\u0027 into add-nicolaskjh-info","messageBody":"","fileTypesAndContributionMap":{}},{"hash":"eea8d30aa80476c4a53106da03208ce9eba12f27","isMergeCommit":true,"messageTitle":"Merge pull request #9 from bipplane/add-photo","messageBody":"Closes #4","fileTypesAndContributionMap":{}},{"hash":"ecab795099d7264feeed8ccbbea2c8e98e8df312","isMergeCommit":false,"messageTitle":"Update info in About Us","messageBody":"","fileTypesAndContributionMap":{"docs":{"insertions":2,"deletions":2}}},{"hash":"529c0f2ed3d6aad84368605020c61e81e1b97991","isMergeCommit":false,"messageTitle":"Update role in About Us","messageBody":"","fileTypesAndContributionMap":{"docs":{"insertions":1,"deletions":1}}},{"hash":"60c6900985b902802b06d9493d5974865a94da75","isMergeCommit":true,"messageTitle":"Merge pull request #17 from bipplane/add-roles","messageBody":"Fixes #16","fileTypesAndContributionMap":{}},{"hash":"983edceef70a94257a9697bc427177a8b5791dc2","isMergeCommit":false,"messageTitle":"Update use cases","messageBody":"","fileTypesAndContributionMap":{"docs":{"insertions":48,"deletions":6}}},{"hash":"3e385b13c942eff153bf028b7de7fde12b1cd088","isMergeCommit":false,"messageTitle":"Update non-functional requirements","messageBody":"","fileTypesAndContributionMap":{"docs":{"insertions":23,"deletions":3}}}]},{"date":"2025-03-06","commitResults":[{"hash":"e9734b39ec91d67c1d4b8f8d2e2348e98ca366a5","isMergeCommit":false,"messageTitle":"Update user stories, use cases and NFRs in DG","messageBody":"","fileTypesAndContributionMap":{"docs":{"insertions":23,"deletions":30}}}]},{"date":"2025-03-13","commitResults":[{"hash":"1a44d5efa6fe1940ef8dd249683c87af445b539a","isMergeCommit":true,"messageTitle":"Merge pull request #38 from bipplane/change-help-window","messageBody":"Improve help window","fileTypesAndContributionMap":{}},{"hash":"6483fdc2e626f8f6c1bbbdae471104490af76b8d","isMergeCommit":true,"messageTitle":"Merge branch \u0027master\u0027 into add-esc-hotkey","messageBody":"","fileTypesAndContributionMap":{}},{"hash":"0d6dbaddd960d90609c2740795b6ef4a785f69b2","isMergeCommit":true,"messageTitle":"Merge pull request #42 from bipplane/add-esc-hotkey","messageBody":"Add ESC hotkey ","fileTypesAndContributionMap":{}},{"hash":"4de20bed1644bfe66a16984b2078885fe59c86ae","isMergeCommit":true,"messageTitle":"Merge branch \u0027master\u0027 into add-nextlessoncommand","messageBody":"","fileTypesAndContributionMap":{}},{"hash":"573a6ca5107df16d1f8538c88c53b1b7e04672c9","isMergeCommit":true,"messageTitle":"Merge pull request #43 from flljy940/add-nextlessoncommand","messageBody":"Implement NextLessonCommand","fileTypesAndContributionMap":{}},{"hash":"268ca925904c2641e0b71a8419ed4a262bbd79ee","isMergeCommit":false,"messageTitle":"Change tag to subject","messageBody":"","fileTypesAndContributionMap":{"functional-code":{"insertions":210,"deletions":205},"other":{"insertions":1,"deletions":1},"test-code":{"insertions":117,"deletions":116}}},{"hash":"418e30d53c75d83381f0a884e4edb3e7ae832484","isMergeCommit":false,"messageTitle":"Fix subject unit tests","messageBody":"","fileTypesAndContributionMap":{"functional-code":{"insertions":11,"deletions":11},"test-code":{"insertions":84,"deletions":73}}},{"hash":"377ac87161c943688e3060b234696a9f0667bde0","isMergeCommit":false,"messageTitle":"Add unit tests for Subject","messageBody":"","fileTypesAndContributionMap":{"test-code":{"insertions":55,"deletions":0}}},{"hash":"b72115fe732cc2a9f54100b2e4a7b2f9a995696e","isMergeCommit":false,"messageTitle":"Fix checkstyle errors","messageBody":"","fileTypesAndContributionMap":{"test-code":{"insertions":2,"deletions":2}}},{"hash":"d30641d6159f0bb48d62e1e951cec179e6fc699e","isMergeCommit":false,"messageTitle":"Add unit tests for Person","messageBody":"","fileTypesAndContributionMap":{"test-code":{"insertions":15,"deletions":3}}},{"hash":"fd02f22f43d7b03d654034852accc6d4fe52f970","isMergeCommit":true,"messageTitle":"Merge pull request #48 from bipplane/fix-nextlesson","messageBody":"Update NextLesson message formatting","fileTypesAndContributionMap":{}},{"hash":"8822f9192decbb9a78f51087deacbad1e7ce9073","isMergeCommit":false,"messageTitle":"Fix coding style","messageBody":"","fileTypesAndContributionMap":{"functional-code":{"insertions":6,"deletions":6}}},{"hash":"4e5483a750e805e935c6dac7a46ab13c1164e1f8","isMergeCommit":true,"messageTitle":"Merge branch \u0027master\u0027 into add-subjects-v1.2","messageBody":"","fileTypesAndContributionMap":{}},{"hash":"efcf406a13e8208a4419593c135df8724d7da081","isMergeCommit":true,"messageTitle":"Merge branch add-subjects-v1.2 from fork into add-subjects-v1.2","messageBody":"","fileTypesAndContributionMap":{}}]},{"date":"2025-03-19","commitResults":[{"hash":"b7f59c8e18c7e99a83327a007bee73643ed52904","isMergeCommit":false,"messageTitle":"Replace tag with subject in UG","messageBody":"","fileTypesAndContributionMap":{"docs":{"insertions":12,"deletions":12}}},{"hash":"ed0d1168689adfe4cab542b25f3bc7dc142d8562","isMergeCommit":false,"messageTitle":"Add unit tests","messageBody":"","fileTypesAndContributionMap":{"test-code":{"insertions":35,"deletions":5}}},{"hash":"69a3520853630a0b591c8704a632d25ecf46ff0e","isMergeCommit":false,"messageTitle":"Change UI for subjects and paid fields","messageBody":"","fileTypesAndContributionMap":{"functional-code":{"insertions":11,"deletions":21}}},{"hash":"74ab7332970c601cf7be4e9ef6d08e3aa46b2b16","isMergeCommit":false,"messageTitle":"Fix bug for empty subject list in UI","messageBody":"","fileTypesAndContributionMap":{"functional-code":{"insertions":5,"deletions":1}}},{"hash":"8c73eaf51aa7ce48bf01e32af50da0cf449cf2c5","isMergeCommit":true,"messageTitle":"Merge pull request #67 from bipplane/add-tests","messageBody":"Add JUnit tests","fileTypesAndContributionMap":{}}]},{"date":"2025-03-25","commitResults":[{"hash":"6dd629d3f501104f386a41e3dd52a00b604955c6","isMergeCommit":true,"messageTitle":"Merge pull request #82 from bipplane/sort-nextlesson","messageBody":"Implement Sorting feature for NextLesson","fileTypesAndContributionMap":{}},{"hash":"089a7cd35c69323a3a7f775c29a25ece67551a87","isMergeCommit":true,"messageTitle":"Merge branch \u0027master\u0027 into branch-UnpayCommand","messageBody":"","fileTypesAndContributionMap":{}},{"hash":"652d400862b0b3f684db2477a5f69dba0dbd84c0","isMergeCommit":false,"messageTitle":"Fix checkstyle errors in AddressBookParser","messageBody":"","fileTypesAndContributionMap":{"functional-code":{"insertions":2,"deletions":2}}},{"hash":"a5d4a30bf1b81baa8251a497ed94bb1595ffd88e","isMergeCommit":false,"messageTitle":"Fix checkstyle errors in AddressBookParserTest","messageBody":"","fileTypesAndContributionMap":{"test-code":{"insertions":1,"deletions":1}}},{"hash":"96d086cbe2fb868df51943942e92b041159492cf","isMergeCommit":false,"messageTitle":"Fix checkstyle errors in AddressBookParser","messageBody":"","fileTypesAndContributionMap":{"functional-code":{"insertions":2,"deletions":2}}},{"hash":"e715d6e2f595bd270a3c9d296d6479e8b90b24ab","isMergeCommit":false,"messageTitle":"Fix checkstyle errors in AddressBookParserTest","messageBody":"","fileTypesAndContributionMap":{"test-code":{"insertions":1,"deletions":1}}},{"hash":"d6aa25584976641d1170c9e67c4f30f85b6b52e9","isMergeCommit":false,"messageTitle":"Update AddressBookParserTest.java","messageBody":"","fileTypesAndContributionMap":{"test-code":{"insertions":1,"deletions":1}}},{"hash":"82e963b52291232ba6b219e6fe7d4cb49123f227","isMergeCommit":true,"messageTitle":"Merge pull request #81 from izniy/branch-UnpayCommand","messageBody":"Implement Payment Status Reset Feature","fileTypesAndContributionMap":{}},{"hash":"32e88b4beb9b6dedc5fb0dc6bf284d3d1996236c","isMergeCommit":false,"messageTitle":"Add FilterDateCommand","messageBody":"","fileTypesAndContributionMap":{"functional-code":{"insertions":133,"deletions":2}}}]},{"date":"2025-03-26","commitResults":[{"hash":"0f10b6730c299dc1822a96c6e626eefb4bf31b94","isMergeCommit":false,"messageTitle":"Fix error handling for FilterDateCommand","messageBody":"","fileTypesAndContributionMap":{"functional-code":{"insertions":29,"deletions":6}}},{"hash":"6fd56688dbce8a118174d6ce847062c71f5c9769","isMergeCommit":false,"messageTitle":"Add tests for FilterDateCommand class","messageBody":"","fileTypesAndContributionMap":{"test-code":{"insertions":54,"deletions":0}}},{"hash":"fbf6589d33379ac19e976a12e553d2c99943af18","isMergeCommit":false,"messageTitle":"Add tests for FilterDateCommand","messageBody":"","fileTypesAndContributionMap":{"functional-code":{"insertions":18,"deletions":4},"test-code":{"insertions":177,"deletions":1}}},{"hash":"1f50c8670e8f33376c7d592564bfa6c9cdc4abc2","isMergeCommit":false,"messageTitle":"Fix checkstyle errors","messageBody":"","fileTypesAndContributionMap":{"functional-code":{"insertions":1,"deletions":1},"test-code":{"insertions":13,"deletions":15}}},{"hash":"376541aa81a5eb468bf86a7eb435ed72b3e7e0eb","isMergeCommit":false,"messageTitle":"Add test for parsing filter date command","messageBody":"","fileTypesAndContributionMap":{"test-code":{"insertions":13,"deletions":0}}},{"hash":"a7d335aa832a9ce4a96d0fe2cc9a723aa3f39f52","isMergeCommit":false,"messageTitle":"Add filter command to UG","messageBody":"","fileTypesAndContributionMap":{"docs":{"insertions":12,"deletions":0}}}]},{"date":"2025-03-27","commitResults":[{"hash":"34b7d21e0764f4ed2e65105f6501fc9a151fc538","isMergeCommit":true,"messageTitle":"Merge branch \u0027master\u0027 into add-sort-ug","messageBody":"","fileTypesAndContributionMap":{}},{"hash":"ed61c40a4e009772792fd4b54d2cfb91e176d97c","isMergeCommit":true,"messageTitle":"Merge pull request #88 from bipplane/add-sort-ug","messageBody":"Add sort functionality to UG","fileTypesAndContributionMap":{}},{"hash":"34f813f558766208072b7bf5531042abd68b1f75","isMergeCommit":true,"messageTitle":"Merge branch \u0027master\u0027 into ui-menu-bar","messageBody":"","fileTypesAndContributionMap":{}},{"hash":"bc3ff1eb2d30d723902e8e91e9198e1b30a59417","isMergeCommit":true,"messageTitle":"Merge branch \u0027master\u0027 into change-helpwindow-copyurl","messageBody":"","fileTypesAndContributionMap":{}},{"hash":"51071bc04461a1891e38b8af961da07cd4694145","isMergeCommit":true,"messageTitle":"Merge pull request #92 from flljy940/ui-menu-bar","messageBody":"Update menu bar","fileTypesAndContributionMap":{}},{"hash":"e2e47f235fbb5a257942a5a5e3e8819b0d962c99","isMergeCommit":true,"messageTitle":"Merge branch \u0027master\u0027 into change-helpwindow-copyurl","messageBody":"","fileTypesAndContributionMap":{}},{"hash":"d940b95b25ea919336f07c253db5627632f6fd1c","isMergeCommit":true,"messageTitle":"Merge pull request #98 from bipplane/change-helpwindow-copyurl","messageBody":"Change helpwindow copyurl","tags":["v1.4"],"fileTypesAndContributionMap":{}},{"hash":"2ae71a66c73cd04d2bf261da69bf028a1627537b","isMergeCommit":false,"messageTitle":"Update UML for FilterDateCommand","messageBody":"","fileTypesAndContributionMap":{"docs":{"insertions":25,"deletions":19}}},{"hash":"98914ee109ec07392151b76dd3439036579866ce","isMergeCommit":true,"messageTitle":"Merge pull request #99 from izniy/branch-UnpayCommand","messageBody":"Update UML for Parser Classes","fileTypesAndContributionMap":{}},{"hash":"7dcc3eaf7745bc1a16adda6b8ae6a48d2818be67","isMergeCommit":true,"messageTitle":"Merge branch \u0027master\u0027 into uml-update","messageBody":"","fileTypesAndContributionMap":{}},{"hash":"6f3777a2354f6413d74030dda4d2fdeab7606dad","isMergeCommit":true,"messageTitle":"Merge pull request #94 from flljy940/uml-update","messageBody":"Update UML diagram for Storage","fileTypesAndContributionMap":{}},{"hash":"44f2aa08d670fdd574df0e5d99428a8e6c5428cd","isMergeCommit":true,"messageTitle":"Merge branch \u0027master\u0027 into uml-update-model","messageBody":"","fileTypesAndContributionMap":{}},{"hash":"d98a0debe7b6840abb2d3d06eb615aaa441e6947","isMergeCommit":true,"messageTitle":"Merge pull request #90 from bipplane/uml-update-model","messageBody":"Update UML model class diagram","fileTypesAndContributionMap":{}}]},{"date":"2025-04-01","commitResults":[{"hash":"c2c4e3ae1c283e76e2dfc86ba1eaf01f5b20d070","isMergeCommit":true,"messageTitle":"Merge pull request #128 from bipplane/fix-pay-default","messageBody":"Fix PayStatus reflecting wrong colour on UI","fileTypesAndContributionMap":{}}]},{"date":"2025-04-02","commitResults":[{"hash":"ac2be5f072a13561fb2246228c3fe12e98c427c5","isMergeCommit":true,"messageTitle":"Merge pull request #138 from bipplane/phone-fix","messageBody":"Phone fix","fileTypesAndContributionMap":{}},{"hash":"196c3da396576e2ef35f2df2c6aa9babbb72bec3","isMergeCommit":true,"messageTitle":"Merge branch \u0027master\u0027 into ug-updates","messageBody":"","fileTypesAndContributionMap":{}},{"hash":"4a0baf5176af624466bd7dd51324ba0909b95ca0","isMergeCommit":true,"messageTitle":"Merge branch \u0027master\u0027 into branch-empty-list-handling","messageBody":"","fileTypesAndContributionMap":{}},{"hash":"2c9bbd1f3199168b17150879c9b4560be24272c8","isMergeCommit":true,"messageTitle":"Merge pull request #143 from bipplane/ug-updates","messageBody":"Update UserGuide","fileTypesAndContributionMap":{}},{"hash":"0b37b78bb917f1265a0d041538534ed6ee626e1b","isMergeCommit":true,"messageTitle":"Merge branch \u0027master\u0027 into branch-empty-list-handling","messageBody":"","fileTypesAndContributionMap":{}},{"hash":"f32704bb0f9de07be2c9d7670cb62010c89075a0","isMergeCommit":true,"messageTitle":"Merge pull request #144 from flljy940/branch-empty-list-handling","messageBody":"Add appropriate message for empty list","fileTypesAndContributionMap":{}},{"hash":"273e09e741bd6cba6dca49f8484faf6f80b2daf6","isMergeCommit":true,"messageTitle":"Merge branch \u0027master\u0027 into branch-multiple-subject","messageBody":"","fileTypesAndContributionMap":{}},{"hash":"59cc6c6a352080c3edf7c9d6b609815219312544","isMergeCommit":true,"messageTitle":"Merge pull request #145 from flljy940/branch-multiple-subject","messageBody":"Improve message displayed for multiple subjects","fileTypesAndContributionMap":{}},{"hash":"d3308673ce701d1318232e454532a2c3e0c9768d","isMergeCommit":true,"messageTitle":"Merge branch \u0027master\u0027 into branch-case-insensitive-subject","messageBody":"","fileTypesAndContributionMap":{}},{"hash":"40191e71a8bfa42bcc416a3dafe4923099b70844","isMergeCommit":true,"messageTitle":"Merge pull request #146 from flljy940/branch-case-insensitive-subject","messageBody":"Case insensitive subject","fileTypesAndContributionMap":{}}]},{"date":"2025-04-03","commitResults":[{"hash":"f00eddaf115535c5470a92f69e9daebe8efae912","isMergeCommit":false,"messageTitle":"Update invalid index message","messageBody":"","fileTypesAndContributionMap":{"functional-code":{"insertions":2,"deletions":1}}},{"hash":"09f6a01c61dea69c131bc2d27def13ab59b82b60","isMergeCommit":false,"messageTitle":"Fix checkstyle error","messageBody":"","fileTypesAndContributionMap":{"functional-code":{"insertions":2,"deletions":2}}},{"hash":"e0c137b5315955f82d2e4022456b60a4804fba98","isMergeCommit":false,"messageTitle":"Add use cases to Developer Guide","messageBody":"","fileTypesAndContributionMap":{"docs":{"insertions":80,"deletions":12}}},{"hash":"262e8ac82d0e97ade5247acb9a0be4f840161cfb","isMergeCommit":false,"messageTitle":"Fix extra space in message","messageBody":"","fileTypesAndContributionMap":{"functional-code":{"insertions":1,"deletions":1}}},{"hash":"86c87f37e3fb273bd38a2c34e754cec6ddc9a142","isMergeCommit":true,"messageTitle":"Merge branch \u0027master\u0027 into fix-pay-errormessages","messageBody":"","fileTypesAndContributionMap":{}},{"hash":"9ab8fe4bde76ce6f8594b13e0bf97487f5994c68","isMergeCommit":true,"messageTitle":"Merge branch \u0027master\u0027 into branch-FilterbyPayStatus","messageBody":"","fileTypesAndContributionMap":{}},{"hash":"9e876af0593bb9370162413de694ce87ab9d513c","isMergeCommit":true,"messageTitle":"Merge pull request #149 from izniy/branch-FilterbyPayStatus","messageBody":"Implement FilterPaidStatusCommand and FilterSubjectCommand","fileTypesAndContributionMap":{}},{"hash":"b752367013786fe7e9ddae2efab588757f28b625","isMergeCommit":true,"messageTitle":"Merge pull request #140 from bipplane/nextlesson-fix","messageBody":"Add current time check to NextLesson","fileTypesAndContributionMap":{}},{"hash":"8372a350280c43e329c27e7c9d3edc17c4c1e181","isMergeCommit":false,"messageTitle":"Update UI to prevent truncated address","messageBody":"","fileTypesAndContributionMap":{"functional-code":{"insertions":7,"deletions":1}}},{"hash":"67f4ba91c9434827516f54a3a12bbbed43008a28","isMergeCommit":true,"messageTitle":"Merge pull request #148 from flljy940/branch-unique-phone","messageBody":"Unique phone number","fileTypesAndContributionMap":{}},{"hash":"5f3e77a024fea0fd38a816ce94c304dcba2e6f8e","isMergeCommit":false,"messageTitle":"Update user stories in DG","messageBody":"","fileTypesAndContributionMap":{"docs":{"insertions":20,"deletions":14}}},{"hash":"7f289e243fa8faaf54a5a761d43f53ed5f18e7c1","isMergeCommit":false,"messageTitle":"Update use cases in DG","messageBody":"","fileTypesAndContributionMap":{"docs":{"insertions":2,"deletions":2}}},{"hash":"0f5d9fd0e4947256cbcc8129dbda09c29d457a63","isMergeCommit":false,"messageTitle":"Update appendix for testing in DG","messageBody":"","fileTypesAndContributionMap":{"docs":{"insertions":27,"deletions":8}}},{"hash":"f2ec912a1afdab064ad4c99a03c8ce8564aecb5d","isMergeCommit":false,"messageTitle":"Update appendix for testing in DG","messageBody":"","fileTypesAndContributionMap":{"docs":{"insertions":14,"deletions":3}}},{"hash":"beeeb6f5119630007a953b2d362731600fb849a2","isMergeCommit":false,"messageTitle":"Update ParserClasses UML diagram","messageBody":"","fileTypesAndContributionMap":{"docs":{"insertions":3,"deletions":3}}},{"hash":"085446a339a644b2c54263f7fce290d3167cd3e2","isMergeCommit":true,"messageTitle":"Merge branch \u0027master\u0027 into update-dg","messageBody":"","fileTypesAndContributionMap":{}},{"hash":"9e734adf0bbc42ccda4ec4a2f6c8dbe2de0858a9","isMergeCommit":true,"messageTitle":"Merge branch \u0027update-dg\u0027 of https://github.com/nicolaskjh/tp into update-dg","messageBody":"","fileTypesAndContributionMap":{}},{"hash":"a73a0a3550c1a152b2104f310a4f650aa3563662","isMergeCommit":false,"messageTitle":"Update value proposition","messageBody":"","fileTypesAndContributionMap":{"docs":{"insertions":2,"deletions":2}}},{"hash":"b5537a5a737563084c02edbca6d4c0f5f978b8c1","isMergeCommit":false,"messageTitle":"Remove irrelevant user stories","messageBody":"","fileTypesAndContributionMap":{"docs":{"insertions":0,"deletions":1}}},{"hash":"397d0f152f0e2fb6683d5308d328025a907dd18a","isMergeCommit":true,"messageTitle":"Merge branch \u0027update-dg\u0027 of https://github.com/nicolaskjh/tp into update-dg","messageBody":"","fileTypesAndContributionMap":{}},{"hash":"d73b466bf5ea4db876b7b9489dbfe33482ee1eab","isMergeCommit":false,"messageTitle":"Fix user stories","messageBody":"","fileTypesAndContributionMap":{"docs":{"insertions":2,"deletions":1}}},{"hash":"c343ac8e9236ed58f94e6fcc0cb15b5a5f07eb3e","isMergeCommit":false,"messageTitle":"Update person to student in DG","messageBody":"","fileTypesAndContributionMap":{"docs":{"insertions":14,"deletions":14}}},{"hash":"2eff4abb3a2383a8cf5bfa08d334d7d591c702ac","isMergeCommit":false,"messageTitle":"Fix formatting of DG for PDF","messageBody":"","fileTypesAndContributionMap":{"docs":{"insertions":6,"deletions":3}}},{"hash":"d9bb786cecaff4176438b2ff9c232243cc145b8d","isMergeCommit":false,"messageTitle":"Fix formatting in use cases","messageBody":"","fileTypesAndContributionMap":{"docs":{"insertions":1,"deletions":0}}},{"hash":"c16e94417c1f1dda2a88ab2d56d952a33b7e5b22","isMergeCommit":false,"messageTitle":"Update PDF formatting for DG","messageBody":"","fileTypesAndContributionMap":{"docs":{"insertions":4,"deletions":0}}},{"hash":"51bb3c218046014328a893f96371c719c7357024","isMergeCommit":true,"messageTitle":"Merge pull request #175 from bipplane/ug-fix","messageBody":"Adjust text and image sizes","fileTypesAndContributionMap":{}},{"hash":"e7f6bcc1ca47caa79dd781ab1349d917983a61e6","isMergeCommit":true,"messageTitle":"Merge pull request #176 from bipplane/ug-fix1","messageBody":"Fix image resolution","fileTypesAndContributionMap":{}},{"hash":"f2d90eb97484c16a782333756ac41675d926f288","isMergeCommit":true,"messageTitle":"Merge pull request #177 from bipplane/ug-fix2","messageBody":"Fix image","fileTypesAndContributionMap":{}},{"hash":"5ab48e114e99df69d182d17ccbc6e6851e065b16","isMergeCommit":false,"messageTitle":"Fix unintentional header in FAQ","messageBody":"","fileTypesAndContributionMap":{"docs":{"insertions":1,"deletions":0}}},{"hash":"60d21a9f3f45f69228147415137d16191354f594","isMergeCommit":false,"messageTitle":"Fix formatting in FAQ","messageBody":"","fileTypesAndContributionMap":{"docs":{"insertions":4,"deletions":4}}}]},{"date":"2025-04-06","commitResults":[{"hash":"242a5fb36285e5a6344ffd6ba6a00ff1454e9233","isMergeCommit":true,"messageTitle":"Merge pull request #243 from bipplane/ug-fix3","messageBody":"Improve quick start section and other parts of UserGuide","fileTypesAndContributionMap":{}},{"hash":"58060fd5690f3075d39dc436b0a788701b06b9de","isMergeCommit":true,"messageTitle":"Merge branch \u0027master\u0027 into nextlesson-limit","messageBody":"","fileTypesAndContributionMap":{}},{"hash":"0b9d143b03f8711d5c093d0983fbc5e7c23285bd","isMergeCommit":true,"messageTitle":"Merge pull request #244 from bipplane/nextlesson-limit","messageBody":"Add validation for lesson date to ensure realistic date \u0026 time","fileTypesAndContributionMap":{}},{"hash":"68ba53581b20de4458dd84bd13c8fec48f29e42b","isMergeCommit":true,"messageTitle":"Merge branch \u0027master\u0027 into input-limits","messageBody":"","fileTypesAndContributionMap":{}},{"hash":"d274205e8df5c4440d4affcae0e1cb826fa9dcda","isMergeCommit":true,"messageTitle":"Merge pull request #245 from bipplane/input-limits","messageBody":"Add Input limits for person fields","fileTypesAndContributionMap":{}},{"hash":"9833cf11cd120edb371f6716e723808389c7dcc7","isMergeCommit":true,"messageTitle":"Merge branch \u0027master\u0027 into duplicate-msg-fix","messageBody":"","fileTypesAndContributionMap":{}},{"hash":"c510eaf425da51af84f4666c1b5e5edad91a8124","isMergeCommit":true,"messageTitle":"Merge pull request #246 from bipplane/duplicate-msg-fix","messageBody":"Improve duplicate student error message in add \u0026 edit","fileTypesAndContributionMap":{}},{"hash":"8ed51fd8d410235ebee6724339402706d625ff23","isMergeCommit":false,"messageTitle":"Update date error messages","messageBody":"","fileTypesAndContributionMap":{"functional-code":{"insertions":11,"deletions":8},"test-code":{"insertions":13,"deletions":7}}},{"hash":"b302ab7ef2c241524d772fe162c5ddb5ac4da2bf","isMergeCommit":false,"messageTitle":"Add input constraints","messageBody":"","fileTypesAndContributionMap":{"docs":{"insertions":96,"deletions":17}}},{"hash":"377fb48745d563964b116abc45ffec185bf6a069","isMergeCommit":false,"messageTitle":"Update sentence formatting","messageBody":"","fileTypesAndContributionMap":{"docs":{"insertions":3,"deletions":3}}}]}],"izniy":[{"date":"2025-03-05","commitResults":[{"hash":"ed8a028e28b4b1fc01e8b5cfda4b502acfed573d","isMergeCommit":false,"messageTitle":"Edit About Us","messageBody":"","fileTypesAndContributionMap":{"docs":{"insertions":1,"deletions":1}}},{"hash":"0ff31e762b619133f16f6b94fd20d5a08aef2ea2","isMergeCommit":true,"messageTitle":"Merge pull request #12 from flljy940/master","messageBody":"Add profile picture for Joselyn","fileTypesAndContributionMap":{}},{"hash":"0c1d539b7dbf92c6d38e3799d5dae52df8cecf7b","isMergeCommit":false,"messageTitle":"Add Role to About Us","messageBody":"","fileTypesAndContributionMap":{"docs":{"insertions":2,"deletions":2}}},{"hash":"8b7704a7318d49e533d73a71bb458f7eb007d027","isMergeCommit":true,"messageTitle":"Merge pull request #18 from nicolaskjh/add-nicolaskjh-info","messageBody":"Fixes #14","fileTypesAndContributionMap":{}},{"hash":"9f1f698381652fc37568baaf09739dd426690933","isMergeCommit":false,"messageTitle":"Add Target User Profile and Value Proposition","messageBody":"","fileTypesAndContributionMap":{"docs":{"insertions":4,"deletions":2}}}]},{"date":"2025-03-06","commitResults":[{"hash":"a15b00fe769587dacc32a89d66e22588f8f63b04","isMergeCommit":false,"messageTitle":"Add RemarkCommand","messageBody":"","fileTypesAndContributionMap":{"functional-code":{"insertions":201,"deletions":11},"test-code":{"insertions":203,"deletions":13}}}]},{"date":"2025-03-13","commitResults":[{"hash":"a58b0d13fa330b78618167f5cbb466d8d86e0bc8","isMergeCommit":false,"messageTitle":"Implement PayCommand","messageBody":"","fileTypesAndContributionMap":{"functional-code":{"insertions":96,"deletions":130},"test-code":{"insertions":127,"deletions":175}}}]},{"date":"2025-03-18","commitResults":[{"hash":"90cac2b6190cd2e16bf162e2575182eb7282a7ed","isMergeCommit":false,"messageTitle":"Add Payment Feature to User Guide","messageBody":"","fileTypesAndContributionMap":{"docs":{"insertions":17,"deletions":0}}}]},{"date":"2025-03-19","commitResults":[{"hash":"bbd7e924e4a9abe5a41f44da5d9d80e4ca028758","isMergeCommit":true,"messageTitle":"Merge pull request #70 from bipplane/add-tests2","messageBody":"Add JUnit tests for LogicManager","tags":["v1.3"],"fileTypesAndContributionMap":{}}]},{"date":"2025-03-21","commitResults":[{"hash":"59a98433f8290ddae220e6054d1f878dbe7491c8","isMergeCommit":true,"messageTitle":"Merge pull request #73 from bipplane/enable-assertions","messageBody":"Enable assertions in gradle","fileTypesAndContributionMap":{}},{"hash":"1d26d080d163d33e75f42f3c4a6af86960227977","isMergeCommit":true,"messageTitle":"Merge branch \u0027master\u0027 into add-tests3","messageBody":"","fileTypesAndContributionMap":{}},{"hash":"02d9f6adf1f78a2a455339e5a4c641463ed74242","isMergeCommit":true,"messageTitle":"Merge pull request #74 from bipplane/add-tests3","messageBody":"Add JUnit tests","fileTypesAndContributionMap":{}}]},{"date":"2025-03-23","commitResults":[{"hash":"fe0206aab55e0c588c3d073f696095932f4892c2","isMergeCommit":false,"messageTitle":"Add UnpayCommand","messageBody":"","fileTypesAndContributionMap":{"functional-code":{"insertions":121,"deletions":0}}}]},{"date":"2025-03-24","commitResults":[{"hash":"ceaafcf9dc0833b13b05a9445e46ab11a8fda97a","isMergeCommit":false,"messageTitle":"Add tests for new files","messageBody":"","fileTypesAndContributionMap":{"functional-code":{"insertions":9,"deletions":3},"test-code":{"insertions":146,"deletions":0}}},{"hash":"ea0a9e6549b5f96a5ea85802d0c4191f00c0fdb9","isMergeCommit":false,"messageTitle":"Update UserGuide to include UnpayCommand","messageBody":"","fileTypesAndContributionMap":{"docs":{"insertions":22,"deletions":1}}}]},{"date":"2025-03-25","commitResults":[{"hash":"c804e87a48373baec7946682e80eac60604ebc02","isMergeCommit":false,"messageTitle":"Fix Checkstyle violations in UnpayCommand and test files","messageBody":"","fileTypesAndContributionMap":{"functional-code":{"insertions":24,"deletions":2},"test-code":{"insertions":1,"deletions":2}}},{"hash":"62e064fdbf177502c4734f5591c07050c6655129","isMergeCommit":true,"messageTitle":"Merge branch \u0027branch-UnpayCommand\u0027 of https://github.com/izniy/tp into branch-UnpayCommand","messageBody":"","fileTypesAndContributionMap":{}}]},{"date":"2025-03-27","commitResults":[{"hash":"6b53fc86d05fffc4bbe663ef6a2f1772ddb9b583","isMergeCommit":false,"messageTitle":"Update UML for Parser Classes","messageBody":"","fileTypesAndContributionMap":{"docs":{"insertions":7,"deletions":2}}},{"hash":"03242c6df3de9e0cbe7fff25be0af353f54d00b2","isMergeCommit":true,"messageTitle":"Merge branch \u0027branch-UnpayCommand\u0027 of https://github.com/izniy/tp into branch-UnpayCommand","messageBody":"","fileTypesAndContributionMap":{}},{"hash":"fa1f58ebd736d9dfd5f05e666eb18f0ea167476e","isMergeCommit":false,"messageTitle":"Update UML of Parser Classes","messageBody":"","fileTypesAndContributionMap":{"docs":{"insertions":9,"deletions":9}}},{"hash":"b623fe8b31e9e976d21113840e5b7a9305f909da","isMergeCommit":true,"messageTitle":"Merge branch \u0027branch-UnpayCommand\u0027 of https://github.com/izniy/tp into branch-UnpayCommand","messageBody":"","fileTypesAndContributionMap":{}},{"hash":"389c2d0e22fdc20377bf9181c673d2b9887457af","isMergeCommit":false,"messageTitle":"Update UML diagram for Parser Classes","messageBody":"","fileTypesAndContributionMap":{"docs":{"insertions":1,"deletions":1}}},{"hash":"3e781d311a4e797a572ed769dc8afdf3804a3784","isMergeCommit":true,"messageTitle":"Merge branch \u0027master\u0027 into add-filtercommand-uml","messageBody":"","fileTypesAndContributionMap":{}},{"hash":"ef363e8fbf3feb25c0d490128b15aafbd2f6cf8b","isMergeCommit":true,"messageTitle":"Merge pull request #102 from nicolaskjh/add-filtercommand-uml","messageBody":"Add UML diagram for FilterDateCommand","fileTypesAndContributionMap":{}}]},{"date":"2025-03-31","commitResults":[{"hash":"5e54f9e0ed05a88a498155645fdbbc68bf99f5f4","isMergeCommit":false,"messageTitle":"Change the links of Ui.java, Logic.java, Model.java and Storage.java in the Developer Guide","messageBody":"","fileTypesAndContributionMap":{"functional-code":{"insertions":0,"deletions":1},"other":{"insertions":4,"deletions":1},"docs":{"insertions":4,"deletions":4}}},{"hash":"f165390c2500781e65b787b0ac4122fc7116f09e","isMergeCommit":false,"messageTitle":"Change cardinality for NextLesson in Model Class UML diagram","messageBody":"","fileTypesAndContributionMap":{"docs":{"insertions":1,"deletions":1}}},{"hash":"6a17a0da4bdeece5f07ca31623ee13a4233eece2","isMergeCommit":false,"messageTitle":"Add PayStatus to the Model Class UML diagram","messageBody":"","fileTypesAndContributionMap":{"docs":{"insertions":2,"deletions":1}}},{"hash":"b737ea4fe332bffa5269200637a3db57ccaf9a7b","isMergeCommit":false,"messageTitle":"Edit all parts of the diagram to be within the box","messageBody":"","fileTypesAndContributionMap":{"docs":{"insertions":1,"deletions":0}}},{"hash":"b6e90a5cbac9ecabde426b617bfcc4c21c6b9c8d","isMergeCommit":false,"messageTitle":"Edit such that all the classes are within the box in the diagram","messageBody":"","fileTypesAndContributionMap":{"docs":{"insertions":3,"deletions":2}}},{"hash":"169ca8ec2c7dd7c2f337ccd2a081ebd9d951adb3","isMergeCommit":false,"messageTitle":"Remove the various CommandParser classes in ParserClasses UML diagram","messageBody":"","fileTypesAndContributionMap":{"docs":{"insertions":1,"deletions":7}}},{"hash":"636087e2fb68a5cd7013b86a65b086d3630e6627","isMergeCommit":false,"messageTitle":"Fix issues for CI build failure","messageBody":"","fileTypesAndContributionMap":{"docs":{"insertions":8,"deletions":8}}},{"hash":"fe149ff7c545416616d9285ff9ef16bbf8b72663","isMergeCommit":false,"messageTitle":"Fix issues causing CI build failure","messageBody":"","fileTypesAndContributionMap":{"docs":{"insertions":8,"deletions":8}}}]},{"date":"2025-04-03","commitResults":[{"hash":"d3e7bb294bae8373a947748d1203f378834a66bf","isMergeCommit":false,"messageTitle":"Implement FilterPaidStatusCommand and FilterSubjectCommand","messageBody":"","fileTypesAndContributionMap":{"functional-code":{"insertions":324,"deletions":10},"docs":{"insertions":48,"deletions":11},"test-code":{"insertions":473,"deletions":35}}},{"hash":"7534182b62ddb2d9da5a2a89d440cb62fd308d32","isMergeCommit":false,"messageTitle":"Fix style errors","messageBody":"","fileTypesAndContributionMap":{"functional-code":{"insertions":6,"deletions":6},"docs":{"insertions":1,"deletions":1},"test-code":{"insertions":6,"deletions":6}}},{"hash":"7ae74bb81d0a1bf62d0a21078aca8662b8107d2c","isMergeCommit":false,"messageTitle":"Fix style errors","messageBody":"","fileTypesAndContributionMap":{"functional-code":{"insertions":1,"deletions":1},"test-code":{"insertions":1,"deletions":1}}},{"hash":"c5b39cdff1d0015e9fcea81e99f18d43aa463c3f","isMergeCommit":false,"messageTitle":"Fix style errors","messageBody":"","fileTypesAndContributionMap":{"functional-code":{"insertions":2,"deletions":3}}},{"hash":"74d72e76537df17d7ede9c4d8e5eb82c747e320a","isMergeCommit":false,"messageTitle":"Fix style errors","messageBody":"","fileTypesAndContributionMap":{"test-code":{"insertions":9,"deletions":16}}},{"hash":"d14bd6204e8a5b97edf73714c27c266b0e5331be","isMergeCommit":false,"messageTitle":"Fix style error","messageBody":"","fileTypesAndContributionMap":{"test-code":{"insertions":1,"deletions":0}}},{"hash":"b84b327fe24d0c995d64219dc434ca4ee69d4da4","isMergeCommit":false,"messageTitle":"Remove unnecessary comments","messageBody":"","fileTypesAndContributionMap":{"functional-code":{"insertions":9,"deletions":12}}},{"hash":"2f47b02d564adc4b4a9a3edfffa26adf1f5e9e12","isMergeCommit":false,"messageTitle":"Implement FilterPaidStatusCommand and FilterSubjectCommand","messageBody":"","fileTypesAndContributionMap":{"functional-code":{"insertions":324,"deletions":10},"docs":{"insertions":48,"deletions":11},"test-code":{"insertions":473,"deletions":35}}},{"hash":"6e9824eab191e90d8537485afeaba8c5b3718de0","isMergeCommit":false,"messageTitle":"Fix style errors","messageBody":"","fileTypesAndContributionMap":{"functional-code":{"insertions":6,"deletions":6},"docs":{"insertions":1,"deletions":1},"test-code":{"insertions":6,"deletions":6}}},{"hash":"201010eaef5fd01f1c4ed6df7559a75a2e0ba1ea","isMergeCommit":false,"messageTitle":"Fix style errors","messageBody":"","fileTypesAndContributionMap":{"functional-code":{"insertions":1,"deletions":1},"test-code":{"insertions":1,"deletions":1}}},{"hash":"944713e90a6d25494e1299a4dba3859b37ac0402","isMergeCommit":false,"messageTitle":"Fix style errors","messageBody":"","fileTypesAndContributionMap":{"functional-code":{"insertions":2,"deletions":3}}},{"hash":"fa8133128b5ac414d672bdeb8780facfb58434f6","isMergeCommit":false,"messageTitle":"Fix style errors","messageBody":"","fileTypesAndContributionMap":{"test-code":{"insertions":9,"deletions":16}}},{"hash":"9b3880d2de84d0482d964c94b23e4b21ceffdcec","isMergeCommit":false,"messageTitle":"Fix style error","messageBody":"","fileTypesAndContributionMap":{"test-code":{"insertions":1,"deletions":0}}},{"hash":"9222f299558fff9e70d6a81f791d2b8b0504aa9a","isMergeCommit":false,"messageTitle":"Remove unnecessary comments","messageBody":"","fileTypesAndContributionMap":{"functional-code":{"insertions":9,"deletions":12}}},{"hash":"d2b1a3273d7002993dcf725c70f0691f3a7a4950","isMergeCommit":true,"messageTitle":"Merge branch \u0027branch-FilterbyPayStatus\u0027 of https://github.com/izniy/tp into branch-FilterbyPayStatus","messageBody":"","fileTypesAndContributionMap":{}},{"hash":"15974f0d11839228574713e270a52e71b969dbcf","isMergeCommit":false,"messageTitle":"Fix bug causing filtering of unpaid students to not work","messageBody":"","fileTypesAndContributionMap":{"functional-code":{"insertions":24,"deletions":27},"test-code":{"insertions":36,"deletions":11}}},{"hash":"6a3e6e767e3d0a6f3328ea4d9cd15eb2d15a4663","isMergeCommit":true,"messageTitle":"Merge pull request #150 from nicolaskjh/fix-pay-errormessages","messageBody":"Update invalid index message","fileTypesAndContributionMap":{}},{"hash":"5d98120ffe41ee4367137a82952d397f25340f26","isMergeCommit":false,"messageTitle":"Fix style errors","messageBody":"","fileTypesAndContributionMap":{"functional-code":{"insertions":2,"deletions":2},"test-code":{"insertions":3,"deletions":3}}},{"hash":"4d2d79f79eef0403a5ccaa67dbbb87d1051f4a0e","isMergeCommit":false,"messageTitle":"Fix style errors","messageBody":"","fileTypesAndContributionMap":{"functional-code":{"insertions":7,"deletions":3}}},{"hash":"d6aa272d5c520cbde9337da1aabc823ae46af094","isMergeCommit":true,"messageTitle":"Merge branch \u0027master\u0027 into update-dg-usecases","messageBody":"","fileTypesAndContributionMap":{}},{"hash":"26235d67e75212876d33011d6d6ec663c0c8f1e7","isMergeCommit":true,"messageTitle":"Merge pull request #152 from nicolaskjh/update-dg-usecases","messageBody":"Add use cases to Developer Guide","fileTypesAndContributionMap":{}},{"hash":"abd8e63305f0e839e46a4cf3b2de18b127c0f837","isMergeCommit":false,"messageTitle":"Edit Command Summary in UserGuide","messageBody":"","fileTypesAndContributionMap":{"docs":{"insertions":5,"deletions":3}}},{"hash":"6c81ba9afce58d6b8aaf964345e6ba17334a76ee","isMergeCommit":false,"messageTitle":"Add context for User story","messageBody":"","fileTypesAndContributionMap":{"docs":{"insertions":4,"deletions":1}}},{"hash":"524e42db13c8840bdb7ff91a80b6d122b3525b51","isMergeCommit":false,"messageTitle":"Edit User story","messageBody":"","fileTypesAndContributionMap":{"docs":{"insertions":2,"deletions":2}}},{"hash":"3d9809ec190ce6c9aa9533e38aae84ce228d2a07","isMergeCommit":true,"messageTitle":"Merge pull request #178 from nicolaskjh/fix-ug-bug","messageBody":"Fix unintentional header in FAQ","tags":["v1.5"],"fileTypesAndContributionMap":{}}]},{"date":"2025-04-06","commitResults":[{"hash":"bc61d07dd74e9ca8905ddbc6f6e4cad88086337a","isMergeCommit":false,"messageTitle":"Fix Developer Guide bugs and UML diagram","messageBody":"","fileTypesAndContributionMap":{"docs":{"insertions":21,"deletions":9}}},{"hash":"4061529e429dcaaa616609efbba5932d25538b6e","isMergeCommit":false,"messageTitle":"Fix Developer Guide bugs","messageBody":"","fileTypesAndContributionMap":{"docs":{"insertions":3,"deletions":3}}},{"hash":"ca87fb46ba254d576888c774d4f988a73fcb1585","isMergeCommit":false,"messageTitle":"Fix issue of sample data not being representative","messageBody":"","fileTypesAndContributionMap":{"functional-code":{"insertions":5,"deletions":2}}},{"hash":"60bdcdfb570bc4b72acb22c2c168d1b5d92150a9","isMergeCommit":false,"messageTitle":"Add to Sample data","messageBody":"","fileTypesAndContributionMap":{"functional-code":{"insertions":2,"deletions":2}}},{"hash":"e51800755b3dfe8c5727ae44cc8d191e6c214349","isMergeCommit":false,"messageTitle":"Edit Developer Guide to change wording and make punctuation consistent","messageBody":"","fileTypesAndContributionMap":{"docs":{"insertions":2,"deletions":2}}},{"hash":"f327f038fe5e0549e20612f75294a784c0dc7da3","isMergeCommit":true,"messageTitle":"Merge branch \u0027branch-sampledata\u0027 of https://github.com/izniy/tp into branch-sampledata","messageBody":"","fileTypesAndContributionMap":{}}]}],"bipplane":[{"date":"2025-03-05","commitResults":[{"hash":"f27f41dc23c3a0b8021bdd159b9ec60b0ef9aaf3","isMergeCommit":false,"messageTitle":"Update profile image for Ryan","messageBody":"","fileTypesAndContributionMap":{"docs":{"insertions":1,"deletions":1}}},{"hash":"c86b68a44461574a7825e3044ef4b5b45c7f836e","isMergeCommit":true,"messageTitle":"Merge pull request #8 from nicolaskjh/add-nicolaskjh-info","messageBody":"Fixes #5","fileTypesAndContributionMap":{}},{"hash":"808756eb275fc4dc26d567635dc99f6a5cba3bdf","isMergeCommit":false,"messageTitle":"Update role description for Ryan","messageBody":"","fileTypesAndContributionMap":{"docs":{"insertions":1,"deletions":1}}},{"hash":"8feffee2ba30ba00eab9d375d1f70b8b95a521a6","isMergeCommit":true,"messageTitle":"Merge pull request #15 from izniy/branch-AddRole","messageBody":"Fixes #13","fileTypesAndContributionMap":{}},{"hash":"195e163f9daafde116964812a9e7ffc3bc46db65","isMergeCommit":true,"messageTitle":"Merge pull request #21 from flljy940/add-role","messageBody":"Add role","fileTypesAndContributionMap":{}},{"hash":"38fb591bd97e0f2066d58e8b01db207b7aff10ae","isMergeCommit":false,"messageTitle":"Update pages to match team project","messageBody":"","fileTypesAndContributionMap":{"docs":{"insertions":120,"deletions":44}}},{"hash":"cc247dad4f33fb06256361a6c0210b3b34dd5135","isMergeCommit":false,"messageTitle":"Update pages to match team project","messageBody":"","fileTypesAndContributionMap":{"docs":{"insertions":1,"deletions":1}}},{"hash":"ddd1e92ac265de41837bcef7a9be9813458c08a9","isMergeCommit":false,"messageTitle":"Update team member portfolios","messageBody":"","fileTypesAndContributionMap":{"docs":{"insertions":139,"deletions":8}}},{"hash":"e40d0206c9b80ad97b68dbc0a14b969c101511de","isMergeCommit":false,"messageTitle":"Update team member portfolios","messageBody":"","fileTypesAndContributionMap":{"docs":{"insertions":0,"deletions":2}}}]},{"date":"2025-03-06","commitResults":[{"hash":"8f4950e9e4fe138b3308a42fa230b65809993ccd","isMergeCommit":true,"messageTitle":"Merge pull request #24 from nicolaskjh/update-dg-v1.1","messageBody":"Fixes #23","fileTypesAndContributionMap":{}},{"hash":"967d20ca8f8b5b150ca9c7a8ed21c523e55e1bfa","isMergeCommit":true,"messageTitle":"Merge branch \u0027master\u0027 into add-ui-mockup","messageBody":"","fileTypesAndContributionMap":{}},{"hash":"ec61926a5db45336825ad1593abdf939ed824fb0","isMergeCommit":true,"messageTitle":"Merge branch \u0027master\u0027 into update-page","messageBody":"","fileTypesAndContributionMap":{}},{"hash":"6318ec56ca12a621d1f9cb6f5e8849f1f5648cc5","isMergeCommit":true,"messageTitle":"Merge pull request #27 from bipplane/update-page","messageBody":"Update pages to match team project, fixes #22","fileTypesAndContributionMap":{}},{"hash":"9f636953ac09e8bc4b96dc31033dfb96b76334f2","isMergeCommit":true,"messageTitle":"Merge branch \u0027master\u0027 into branch-DeveloperGuide","messageBody":"","fileTypesAndContributionMap":{}},{"hash":"5f2eeff61e40c543e0bf68373f10dcfd928c8e6b","isMergeCommit":true,"messageTitle":"Merge pull request #29 from izniy/branch-DeveloperGuide","messageBody":"Add user target profile and value proposition, fixes #28","fileTypesAndContributionMap":{}},{"hash":"1b982a0d23434c194019811a96cf397e7d17badc","isMergeCommit":true,"messageTitle":"Merge branch \u0027master\u0027 into add-portfolios","messageBody":"","fileTypesAndContributionMap":{}},{"hash":"00a931a5f30c583f42be20deb17c440da439da74","isMergeCommit":true,"messageTitle":"Merge pull request #31 from bipplane/add-portfolios","messageBody":"Update team member portfolios, fixes #30","fileTypesAndContributionMap":{}}]},{"date":"2025-03-07","commitResults":[{"hash":"fdd7e70217d307b35938a25d0707c223eb0d0ee2","isMergeCommit":false,"messageTitle":"Enhance HelpWindow UI and add keyboard shortcut","messageBody":"","fileTypesAndContributionMap":{"functional-code":{"insertions":57,"deletions":9}}},{"hash":"6b6caef174462797f55981b3e2e2c62245b05fcd","isMergeCommit":false,"messageTitle":"Fix hotkey for HelpWindow","messageBody":"","fileTypesAndContributionMap":{"functional-code":{"insertions":1,"deletions":1}}},{"hash":"11a86ac3dceb76a304b0abea6bd30be07f5d57d5","isMergeCommit":false,"messageTitle":"Fix checkstyle errors","messageBody":"","fileTypesAndContributionMap":{"functional-code":{"insertions":0,"deletions":1}}}]},{"date":"2025-03-08","commitResults":[{"hash":"476f6a4375020fc340a4127e99c3d65e4e50da61","isMergeCommit":false,"messageTitle":"Add HelpWindow testcases","messageBody":"","fileTypesAndContributionMap":{"test-code":{"insertions":7,"deletions":0}}},{"hash":"ee53b61c31af402c54bdee4b5c20e634f8cfd16c","isMergeCommit":false,"messageTitle":"Fix checkstyle","messageBody":"","fileTypesAndContributionMap":{"test-code":{"insertions":2,"deletions":1}}}]},{"date":"2025-03-12","commitResults":[{"hash":"72380de2a1edcbe4b6f0e9edff8fb5e4e4c9ffbf","isMergeCommit":false,"messageTitle":"Add ESC hotkey to exit application","messageBody":"","fileTypesAndContributionMap":{"functional-code":{"insertions":31,"deletions":4}}},{"hash":"dc5980fbe49ffb785bf0693d7b0b4632a3dcba14","isMergeCommit":false,"messageTitle":"Prompt workflow rerun","messageBody":"","fileTypesAndContributionMap":{"docs":{"insertions":2,"deletions":2}}}]},{"date":"2025-03-13","commitResults":[{"hash":"553ffbd32a3d5527e3367effb974c114ce41873b","isMergeCommit":false,"messageTitle":"Update NextLesson message formatting","messageBody":"","fileTypesAndContributionMap":{"functional-code":{"insertions":3,"deletions":3},"test-code":{"insertions":6,"deletions":3}}},{"hash":"4126773eae1407d879c6b211a33fbe8fe71a94d5","isMergeCommit":true,"messageTitle":"Merge branch \u0027master\u0027 into add-subjects-v1.2","messageBody":"","fileTypesAndContributionMap":{}},{"hash":"daace328344b6054224932caa3369771ea39e9c7","isMergeCommit":true,"messageTitle":"Merge pull request #46 from nicolaskjh/add-subjects-v1.2","messageBody":"Add Subject to Person","fileTypesAndContributionMap":{}}]},{"date":"2025-03-14","commitResults":[{"hash":"c097e8f3d511966c2a21279524845b027fea16e4","isMergeCommit":true,"messageTitle":"Merge branch \u0027pr-45\u0027 into fix-payment-conflict","messageBody":"# Conflicts:\n#\tsrc/main/java/seedu/address/logic/commands/EditCommand.java\n#\tsrc/main/java/seedu/address/logic/parser/AddCommandParser.java\n#\tsrc/main/java/seedu/address/logic/parser/AddressBookParser.java\n#\tsrc/main/java/seedu/address/logic/parser/CliSyntax.java\n#\tsrc/main/java/seedu/address/model/person/Person.java\n#\tsrc/main/java/seedu/address/model/util/SampleDataUtil.java\n#\tsrc/main/java/seedu/address/storage/JsonAdaptedPerson.java\n#\tsrc/main/java/seedu/address/ui/PersonCard.java\n#\tsrc/test/data/JsonSerializableAddressBookTest/duplicatePersonAddressBook.json\n#\tsrc/test/data/JsonSerializableAddressBookTest/typicalPersonsAddressBook.json\n#\tsrc/test/java/seedu/address/logic/commands/CommandTestUtil.java\n#\tsrc/test/java/seedu/address/storage/JsonAdaptedPersonTest.java\n#\tsrc/test/java/seedu/address/testutil/PersonBuilder.java\n#\tsrc/test/java/seedu/address/testutil/TypicalPersons.java\n","fileTypesAndContributionMap":{}},{"hash":"c10b64766149750974a1daeac9d5f7ca97732956","isMergeCommit":true,"messageTitle":"Merge branch \u0027fix-payment-conflict\u0027 into fix-pay-conflict","messageBody":"# Conflicts:\n#\tsrc/main/java/seedu/address/logic/commands/EditCommand.java\n#\tsrc/main/java/seedu/address/logic/parser/AddCommandParser.java\n#\tsrc/main/java/seedu/address/model/person/Person.java\n#\tsrc/main/java/seedu/address/model/util/SampleDataUtil.java\n#\tsrc/main/java/seedu/address/storage/JsonAdaptedPerson.java\n#\tsrc/main/java/seedu/address/ui/PersonCard.java\n#\tsrc/test/data/JsonSerializableAddressBookTest/duplicatePersonAddressBook.json\n#\tsrc/test/data/JsonSerializableAddressBookTest/typicalPersonsAddressBook.json\n#\tsrc/test/java/seedu/address/storage/JsonAdaptedPersonTest.java\n#\tsrc/test/java/seedu/address/testutil/PersonBuilder.java\n#\tsrc/test/java/seedu/address/testutil/TypicalPersons.java\n","fileTypesAndContributionMap":{}},{"hash":"4fcd5d9d40b76a49cb365cefc11c15829fe22545","isMergeCommit":false,"messageTitle":"Add Remark field to Person model and update related classes","messageBody":"","fileTypesAndContributionMap":{"functional-code":{"insertions":4,"deletions":4},"test-code":{"insertions":3,"deletions":3}}},{"hash":"9609ea54cd41feeb8e43925a4472fc910f1a733b","isMergeCommit":false,"messageTitle":"Fix checkstyle errors","messageBody":"","fileTypesAndContributionMap":{"functional-code":{"insertions":26,"deletions":10},"docs":{"insertions":2,"deletions":2},"test-code":{"insertions":1,"deletions":2}}},{"hash":"cf27d8a36d1b0a795cb897dde49ab1ac8cd4a3fc","isMergeCommit":false,"messageTitle":"Add additional JUnit tests","messageBody":"","fileTypesAndContributionMap":{"test-code":{"insertions":18,"deletions":5}}},{"hash":"b8483c8bf34ac90dce25a874b2ad4cae0838df98","isMergeCommit":false,"messageTitle":"Fix checkstyle","messageBody":"","fileTypesAndContributionMap":{"test-code":{"insertions":7,"deletions":1}}},{"hash":"78c7bb34d077dfe7b5a547041c97308d366626de","isMergeCommit":false,"messageTitle":"Add tests","messageBody":"","fileTypesAndContributionMap":{"test-code":{"insertions":13,"deletions":0}}}]},{"date":"2025-03-19","commitResults":[{"hash":"f533c6c4e8812a5ab8d49cc855bf74086d4fe850","isMergeCommit":false,"messageTitle":"Update HelpWindow UI and add new exit hotkey","messageBody":"","fileTypesAndContributionMap":{"functional-code":{"insertions":15,"deletions":6}}},{"hash":"452da687659cc9bf535202e441b91685bb590af7","isMergeCommit":false,"messageTitle":"Update website details","messageBody":"","fileTypesAndContributionMap":{"docs":{"insertions":3,"deletions":3}}},{"hash":"5e1d84f07c5f40ca537ad25e3b3101a2aba315e0","isMergeCommit":true,"messageTitle":"Merge pull request #63 from nicolaskjh/update-subjects-ui","messageBody":"Change UI for subjects and paid fields","fileTypesAndContributionMap":{}},{"hash":"775e020b1abdd3c5d867bc403f0ce9a9aab1bd25","isMergeCommit":true,"messageTitle":"Merge branch \u0027master\u0027 into update-ug-addcommand","messageBody":"","fileTypesAndContributionMap":{}},{"hash":"bf4df9021e9b64698bfcad4805d38cddae7e6f28","isMergeCommit":true,"messageTitle":"Merge pull request #60 from nicolaskjh/update-ug-addcommand","messageBody":"Update AddCommand and EditCommand in UG to use subjects","fileTypesAndContributionMap":{}},{"hash":"e3037476473e80c890fe9c198f226fbd98395dc3","isMergeCommit":true,"messageTitle":"Merge branch \u0027master\u0027 into branch-v1.3","messageBody":"","fileTypesAndContributionMap":{}},{"hash":"7b29d69352a2388a1ead5f72089005ae6ccf2a55","isMergeCommit":true,"messageTitle":"Merge branch \u0027master\u0027 into nextlesson-ug-update","messageBody":"","fileTypesAndContributionMap":{}},{"hash":"f9e2173b6db42a117ef04d39d9011a73e38fdab8","isMergeCommit":true,"messageTitle":"Merge pull request #55 from izniy/branch-v1.3","messageBody":"Add Payment Feature to User Guide","fileTypesAndContributionMap":{}},{"hash":"f8218d44078c275038a0a01d9b9bf9e080879563","isMergeCommit":true,"messageTitle":"Merge branch \u0027master\u0027 into add-unit-tests","messageBody":"","fileTypesAndContributionMap":{}},{"hash":"e9171572d82478844593ed4fd9d81fdcde67f9f2","isMergeCommit":true,"messageTitle":"Merge branch \u0027master\u0027 into add-helpwindow-stuff","messageBody":"","fileTypesAndContributionMap":{}},{"hash":"1da949db9f636f558200346b78d079eb2f02000e","isMergeCommit":true,"messageTitle":"Merge branch \u0027master\u0027 into update-website","messageBody":"","fileTypesAndContributionMap":{}},{"hash":"1ad725152ec7df6a4d9958279ee4cde699ee3532","isMergeCommit":true,"messageTitle":"Merge pull request #56 from flljy940/nextlesson-ug-update","messageBody":"Update UG for NextLessonCommand","fileTypesAndContributionMap":{}},{"hash":"551a4be9841722be859caab8a90fb530fe6169e5","isMergeCommit":true,"messageTitle":"Merge branch \u0027master\u0027 into add-unit-tests","messageBody":"","fileTypesAndContributionMap":{}},{"hash":"a3954c79cd6b77e90c9725e19957740c4a2004c7","isMergeCommit":true,"messageTitle":"Merge pull request #62 from nicolaskjh/add-unit-tests","messageBody":"Add JUnit tests","fileTypesAndContributionMap":{}},{"hash":"823188760dd31835dad2fe44d04c6fa906aa353c","isMergeCommit":true,"messageTitle":"Merge branch \u0027master\u0027 into add-helpwindow-stuff","messageBody":"","fileTypesAndContributionMap":{}},{"hash":"98fe3cb49c4f13da9c1cf6e3c9c6a4b221f2aa38","isMergeCommit":true,"messageTitle":"Merge pull request #64 from bipplane/add-helpwindow-stuff","messageBody":"Improve HelpWindow Content","fileTypesAndContributionMap":{}},{"hash":"604b84065b25b42b5ad2d72e8b14287ddc568b33","isMergeCommit":true,"messageTitle":"Merge branch \u0027master\u0027 into update-website","messageBody":"","fileTypesAndContributionMap":{}},{"hash":"3d90c6e71228638a63e9fc001592cabb51dd2a71","isMergeCommit":true,"messageTitle":"Merge pull request #66 from bipplane/update-website","messageBody":"Update website info","fileTypesAndContributionMap":{}},{"hash":"e77904e2711d8dfcd9469ada9b6c7de2b8a80f01","isMergeCommit":false,"messageTitle":"Add JUnit tests for code coverage","messageBody":"","fileTypesAndContributionMap":{"test-code":{"insertions":104,"deletions":3}}},{"hash":"03a56f6c7d14133bea0f78707f09a450ac3bd3bc","isMergeCommit":false,"messageTitle":"Add JUnit tests for LogicManager","messageBody":"","fileTypesAndContributionMap":{"test-code":{"insertions":29,"deletions":1}}}]},{"date":"2025-03-21","commitResults":[{"hash":"76662eac20e042b7bccee8408bbc4b683d765e63","isMergeCommit":false,"messageTitle":"Add JUnit tests","messageBody":"","fileTypesAndContributionMap":{"test-code":{"insertions":82,"deletions":0}}},{"hash":"9dc2e77739220c234cef8d67c14b18c898249577","isMergeCommit":false,"messageTitle":"Enable assertions in gradle","messageBody":"","fileTypesAndContributionMap":{"other":{"insertions":4,"deletions":0}}},{"hash":"f64575057bd79e3ae5717271a65f020a208aa63a","isMergeCommit":false,"messageTitle":"Update src/test/java/seedu/address/storage/StorageManagerTest.java","messageBody":"Co-authored-by: codecov-ai[bot] \u003c156709835+codecov-ai[bot]@users.noreply.github.com\u003e","fileTypesAndContributionMap":{"test-code":{"insertions":17,"deletions":7}}},{"hash":"937bc6d54f68b03b4c08c14e173eee821b411a36","isMergeCommit":false,"messageTitle":"Fix JUnit tests","messageBody":"","fileTypesAndContributionMap":{"test-code":{"insertions":58,"deletions":28}}},{"hash":"14ab552a4c9240e615e23bb78ac8bacdf99527b8","isMergeCommit":false,"messageTitle":"Fix JUnit test","messageBody":"","fileTypesAndContributionMap":{"test-code":{"insertions":0,"deletions":7}}},{"hash":"f3d4cabd3be38907dc7078f950ba1ec5ce6241c1","isMergeCommit":false,"messageTitle":"Remove unused imports","messageBody":"","fileTypesAndContributionMap":{"test-code":{"insertions":0,"deletions":2}}}]},{"date":"2025-03-24","commitResults":[{"hash":"5c807abdefb0408f4fd048cf16c5c9e037505d3d","isMergeCommit":false,"messageTitle":"Add SortCommand to sort persons using NextLesson fields","messageBody":"","fileTypesAndContributionMap":{"functional-code":{"insertions":80,"deletions":0}}},{"hash":"aa38a16576a847f6bef710131b36d59f163795d6","isMergeCommit":false,"messageTitle":"Add additional method for setting NextLesson","messageBody":"","fileTypesAndContributionMap":{"test-code":{"insertions":18,"deletions":1}}},{"hash":"2bef71d4f12b5a13aaccce2e8467a91c09222cd4","isMergeCommit":false,"messageTitle":"Add NextLesson fields for persons","messageBody":"","fileTypesAndContributionMap":{"test-code":{"insertions":8,"deletions":2}}},{"hash":"c23514f611c4acee8f5774674c6718ed2774f4b8","isMergeCommit":false,"messageTitle":"Adjust NextLesson sorting logic","messageBody":"","fileTypesAndContributionMap":{"functional-code":{"insertions":1,"deletions":4}}},{"hash":"ef2e6771ac4453fbe46284e49843e7a7b8b7385f","isMergeCommit":false,"messageTitle":"Add JUnit tests","messageBody":"","fileTypesAndContributionMap":{"test-code":{"insertions":150,"deletions":0}}},{"hash":"1e4869736fb2dafd99df0300d558069567bf2e5f","isMergeCommit":true,"messageTitle":"Merge pull request #76 from flljy940/next-lesson-localdatetime","messageBody":"Change NextLessonCommand Parameter Type from String to LocalDateTime","fileTypesAndContributionMap":{}},{"hash":"e9ae735a1f596460d2cd529ed5d4b3c52f7e4160","isMergeCommit":true,"messageTitle":"Merge branch \u0027master\u0027 into sort-nextlesson","messageBody":"","fileTypesAndContributionMap":{}},{"hash":"98fb786828e94615fc43488108fbdb870f5e6f95","isMergeCommit":false,"messageTitle":"Add JUnit tests","messageBody":"","fileTypesAndContributionMap":{"test-code":{"insertions":92,"deletions":2}}},{"hash":"0d592e19169b0c3d29ed3eaf80f9506eb7341dc8","isMergeCommit":false,"messageTitle":"Improve OOP","messageBody":"","fileTypesAndContributionMap":{"functional-code":{"insertions":7,"deletions":2}}},{"hash":"ea94be0624f50b1e2c664a54db0a6213ba67d7e1","isMergeCommit":false,"messageTitle":"Update null check for NextLesson","messageBody":"","fileTypesAndContributionMap":{"functional-code":{"insertions":6,"deletions":4}}},{"hash":"b133c56001c15d624c5fbf990234042ac5795532","isMergeCommit":false,"messageTitle":"Fix checkstyle errors","messageBody":"","fileTypesAndContributionMap":{"functional-code":{"insertions":3,"deletions":3},"test-code":{"insertions":0,"deletions":3}}},{"hash":"9776cdcfc2010c63fc27bd7d9c0db4138a5fa2e9","isMergeCommit":true,"messageTitle":"Merge remote-tracking branch \u0027origin/sort-nextlesson\u0027 into sort-nextlesson","messageBody":"","fileTypesAndContributionMap":{}}]},{"date":"2025-03-25","commitResults":[{"hash":"0a8cd87be47f33695263b4d578643dc661236fed","isMergeCommit":true,"messageTitle":"Merge branch \u0027master\u0027 into branch-UnpayCommand","messageBody":"","fileTypesAndContributionMap":{}},{"hash":"768fed371898d7c60df8e2185f84509917e4ecb2","isMergeCommit":false,"messageTitle":"Add logging functionality","messageBody":"","fileTypesAndContributionMap":{"functional-code":{"insertions":10,"deletions":0}}}]},{"date":"2025-03-26","commitResults":[{"hash":"929366e10de665d7bfba5008324a678a25dbfe03","isMergeCommit":false,"messageTitle":"Update UML model class diagram","messageBody":"","fileTypesAndContributionMap":{"docs":{"insertions":4,"deletions":2}}},{"hash":"99ef08f72a2a3b0510c1e8c43ae6fcbedb76ec18","isMergeCommit":false,"messageTitle":"Add sort functionality in UG","messageBody":"","fileTypesAndContributionMap":{"docs":{"insertions":8,"deletions":0}}}]},{"date":"2025-03-27","commitResults":[{"hash":"9a7b701fbdfe6054fa34965cc440635293f0ccbd","isMergeCommit":true,"messageTitle":"Merge pull request #83 from nicolaskjh/add-filter-command","messageBody":"Add filter command","fileTypesAndContributionMap":{}},{"hash":"5b9df24f6fcced26706c2a1002e6c5e5337a9435","isMergeCommit":true,"messageTitle":"Merge branch \u0027master\u0027 into update-ug-filtercommand","messageBody":"","fileTypesAndContributionMap":{}},{"hash":"358bfd493b67662e40a09988e71ec77634f4b466","isMergeCommit":true,"messageTitle":"Merge pull request #84 from nicolaskjh/update-ug-filtercommand","messageBody":"Add FilterDateCommand to UG","fileTypesAndContributionMap":{}},{"hash":"cee871c51b225a4f59943f864bbddf58e38ce436","isMergeCommit":true,"messageTitle":"Merge branch \u0027master\u0027 into ui-update","messageBody":"","fileTypesAndContributionMap":{}},{"hash":"0c58138034866580fba2256936d428a6f1f08d3b","isMergeCommit":true,"messageTitle":"Merge branch \u0027master\u0027 into ui-menu-bar","messageBody":"","fileTypesAndContributionMap":{}},{"hash":"992bd7cad2a3295c99427c9ad644abd6384811f8","isMergeCommit":true,"messageTitle":"Merge branch \u0027master\u0027 into add-sort-ug","messageBody":"","fileTypesAndContributionMap":{}},{"hash":"df84ed561dc8d0e959cf76d00e88dd3e660bb4e8","isMergeCommit":true,"messageTitle":"Merge pull request #91 from flljy940/ui-update","messageBody":"Update UI","fileTypesAndContributionMap":{}},{"hash":"1182aaeebc1216be26396474337df2d5507aa608","isMergeCommit":false,"messageTitle":"Change copy url hotkey and update HelpWindow UI","messageBody":"","fileTypesAndContributionMap":{"functional-code":{"insertions":3,"deletions":3}}},{"hash":"85ba0ef86f135c010e14ebca753bf6a8501d807f","isMergeCommit":false,"messageTitle":"Update sort command description and syntax in User Guide","messageBody":"","fileTypesAndContributionMap":{"docs":{"insertions":4,"deletions":4}}},{"hash":"562339629554b1c4a512e33215eb66a6f08ee9f8","isMergeCommit":false,"messageTitle":"Refix syntax errors","messageBody":"","fileTypesAndContributionMap":{"docs":{"insertions":4,"deletions":2}}},{"hash":"9c42e67efb5ae58cebf89ac052f96b1637ded385","isMergeCommit":false,"messageTitle":"Add assertions for real","messageBody":"","fileTypesAndContributionMap":{"other":{"insertions":1,"deletions":0}}},{"hash":"72dcb734af488c5481d564b09e6d1c6c9b8adc60","isMergeCommit":false,"messageTitle":"Fix syntax","messageBody":"","fileTypesAndContributionMap":{"functional-code":{"insertions":1,"deletions":1},"docs":{"insertions":1,"deletions":1}}}]},{"date":"2025-04-01","commitResults":[{"hash":"7171ce7b583c3a27b3a03c303b4660027069bdad","isMergeCommit":false,"messageTitle":"Add test for ListCommand with empty AddressBook","messageBody":"","fileTypesAndContributionMap":{"test-code":{"insertions":10,"deletions":0}}},{"hash":"d97668bdd37b7404fa8fa8c7f49e95045cd3002d","isMergeCommit":false,"messageTitle":"Add edge case tests for DeleteCommand and DeleteCommandParser","messageBody":"","fileTypesAndContributionMap":{"test-code":{"insertions":49,"deletions":0}}},{"hash":"9bf0932103b2feb709e66e23f110515b9b3da2b4","isMergeCommit":false,"messageTitle":"Enhance email logic and update tests with edge cases","messageBody":"","fileTypesAndContributionMap":{"functional-code":{"insertions":15,"deletions":5},"test-code":{"insertions":16,"deletions":6}}},{"hash":"ae2833d53921c68e131033120fcc8c687efe0df0","isMergeCommit":false,"messageTitle":"Remove redundant test cases for trailing whitespace","messageBody":"","fileTypesAndContributionMap":{"test-code":{"insertions":0,"deletions":2}}},{"hash":"5db9010179d21b3e0797f6934ca9f1c4d0b688aa","isMergeCommit":false,"messageTitle":"Refactor Remark to PayStatus in relevant files","messageBody":"","fileTypesAndContributionMap":{"functional-code":{"insertions":93,"deletions":86},"test-code":{"insertions":86,"deletions":74}}},{"hash":"f3c2377d22a1a83ed55e22e785171fcbd0cf27b5","isMergeCommit":false,"messageTitle":"Update links in DeveloperGuide and DevOps","messageBody":"","fileTypesAndContributionMap":{"docs":{"insertions":7,"deletions":7}}},{"hash":"823725a9d185bf0b74e7458321e2c0640261e76b","isMergeCommit":false,"messageTitle":"Update links in DeveloperGuide","messageBody":"","fileTypesAndContributionMap":{"docs":{"insertions":4,"deletions":4}}},{"hash":"1bad6b68b37d0e7c6f1242392a9636b1b443b812","isMergeCommit":false,"messageTitle":"Enhance email validation logic and add test cases","messageBody":"","fileTypesAndContributionMap":{"functional-code":{"insertions":2,"deletions":1},"test-code":{"insertions":3,"deletions":0}}},{"hash":"1714dae2272820fbbaab314da32ed8e6372920fc","isMergeCommit":true,"messageTitle":"Merge branch \u0027master\u0027 into email-fix","messageBody":"","fileTypesAndContributionMap":{}},{"hash":"dbd75b00bf5177346320aa2c34a1efaa79085436","isMergeCommit":true,"messageTitle":"Merge pull request #120 from bipplane/dg-link-fix","messageBody":"Update links in DeveloperGuide and DevOps","fileTypesAndContributionMap":{}},{"hash":"b96122455018862942ffdfdfe8a78a787f47f9d4","isMergeCommit":true,"messageTitle":"Merge branch \u0027master\u0027 into email-fix","messageBody":"","fileTypesAndContributionMap":{}},{"hash":"7d6f59e35870da7b7c86344abee0fcc320fb6e0b","isMergeCommit":true,"messageTitle":"Merge pull request #118 from bipplane/email-fix","messageBody":"Enhance email logic and update tests with edge cases","fileTypesAndContributionMap":{}},{"hash":"22a58418138aa77c1e319435b8293a733e6818a7","isMergeCommit":true,"messageTitle":"Merge branch \u0027master\u0027 into deletecommand-test","messageBody":"","fileTypesAndContributionMap":{}},{"hash":"2b6ae09a643142beaf49dc3a262247e84f367921","isMergeCommit":true,"messageTitle":"Merge pull request #116 from bipplane/deletecommand-test","messageBody":"Add edge case tests for DeleteCommand and DeleteCommandParser","fileTypesAndContributionMap":{}},{"hash":"1fe11aa4be3662547338a441d6a2dde66e2b140a","isMergeCommit":true,"messageTitle":"Merge branch \u0027master\u0027 into listcommand-test","messageBody":"","fileTypesAndContributionMap":{}},{"hash":"87fc48d4b0ee74fb9af15c4dc6f75b38880d8c2c","isMergeCommit":true,"messageTitle":"Merge pull request #114 from bipplane/listcommand-test","messageBody":"Add test for ListCommand with empty AddressBook","fileTypesAndContributionMap":{}},{"hash":"5e96804e68ad3f543d57ff974c8d3cf1750966ab","isMergeCommit":false,"messageTitle":"Fix PayStatus reflecting wrong colour on UI","messageBody":"","fileTypesAndContributionMap":{"functional-code":{"insertions":10,"deletions":10},"test-code":{"insertions":3,"deletions":3}}}]},{"date":"2025-04-02","commitResults":[{"hash":"321958de6952eac172014e15368a56a8c1212784","isMergeCommit":false,"messageTitle":"Enhance phone validation by checking length","messageBody":"","fileTypesAndContributionMap":{"functional-code":{"insertions":17,"deletions":0}}},{"hash":"a428d9cfd9f8f6180891634ccd535352af019326","isMergeCommit":false,"messageTitle":"Add tests for phone validation","messageBody":"","fileTypesAndContributionMap":{"test-code":{"insertions":20,"deletions":2}}},{"hash":"90c36f3e0c787e826d142ed58a757b763511a134","isMergeCommit":true,"messageTitle":"Merge branch \u0027master\u0027 into phone-fix","messageBody":"","fileTypesAndContributionMap":{}},{"hash":"4b0b49f4e5119c7cdd2bc867f30ea0bd5dab347c","isMergeCommit":true,"messageTitle":"Merge pull request #134 from flljy940/branch-ug","messageBody":"UG update","fileTypesAndContributionMap":{}},{"hash":"bc2b2085ab0972bedd0eeec84d52e8b994a00737","isMergeCommit":true,"messageTitle":"Merge branch \u0027master\u0027 into improve-ug","messageBody":"","fileTypesAndContributionMap":{}},{"hash":"2271fc1a7a565e9a49b11667c0fab03cc90a87de","isMergeCommit":true,"messageTitle":"Merge pull request #136 from flljy940/improve-ug","messageBody":"Enhancement of UG","fileTypesAndContributionMap":{}},{"hash":"7eb70a00396889a4522d0447f9449dfa77981188","isMergeCommit":true,"messageTitle":"Merge branch \u0027master\u0027 into phone-fix","messageBody":"","fileTypesAndContributionMap":{}},{"hash":"99af896055e5ac3e4bd34c15a88ff7eaaf344df2","isMergeCommit":false,"messageTitle":"Add current time check to NextLesson","messageBody":"","fileTypesAndContributionMap":{"functional-code":{"insertions":5,"deletions":1}}},{"hash":"87a0e5d67b9d74f92d526b297a4f3dd25681ab30","isMergeCommit":false,"messageTitle":"Improve parser logic and add tests","messageBody":"","fileTypesAndContributionMap":{"functional-code":{"insertions":19,"deletions":11},"test-code":{"insertions":49,"deletions":1}}},{"hash":"754dc69cc3441b1b51fae80c30b68f28688fe68a","isMergeCommit":false,"messageTitle":"Update tests to use current date and time","messageBody":"","fileTypesAndContributionMap":{"test-code":{"insertions":25,"deletions":14}}},{"hash":"620fc8727bb9140b814224dbdb806bb25cb9c7ed","isMergeCommit":false,"messageTitle":"Update tests to use current date and time","messageBody":"","fileTypesAndContributionMap":{"test-code":{"insertions":2,"deletions":1}}},{"hash":"d6d1008f90eb7ee5c7f038e00704f98d1c748894","isMergeCommit":false,"messageTitle":"Decrease email character limit","messageBody":"","fileTypesAndContributionMap":{"functional-code":{"insertions":1,"deletions":1}}},{"hash":"ecdf976247b48a3de3a1c6dc7420a4bd5b9170c6","isMergeCommit":false,"messageTitle":"Update message constraint","messageBody":"","fileTypesAndContributionMap":{"functional-code":{"insertions":1,"deletions":1}}},{"hash":"eeb97e55e165de1f5360d639b2c5e61d22359600","isMergeCommit":false,"messageTitle":"Refine code for better OOP","messageBody":"","fileTypesAndContributionMap":{"functional-code":{"insertions":3,"deletions":2}}},{"hash":"9fcf892362fbfe841ecba8797c84318ea2d4e4d4","isMergeCommit":true,"messageTitle":"Merge remote-tracking branch \u0027origin/phone-fix\u0027 into phone-fix","messageBody":"","fileTypesAndContributionMap":{}},{"hash":"a2e273f5909061b74b13b6eb0f6388c08333a344","isMergeCommit":false,"messageTitle":"Update UserGuide","messageBody":"","fileTypesAndContributionMap":{"docs":{"insertions":11,"deletions":9}}},{"hash":"7017f0b054f5f0de64c96a626fa09ca6b545fed4","isMergeCommit":true,"messageTitle":"Merge branch \u0027master\u0027 into nextlesson-fix","messageBody":"","fileTypesAndContributionMap":{}}]},{"date":"2025-04-03","commitResults":[{"hash":"92109273339c208ba0a97a5ab36cef880e52e74f","isMergeCommit":true,"messageTitle":"Merge branch \u0027master\u0027 into nextlesson-fix","messageBody":"","fileTypesAndContributionMap":{}},{"hash":"bbb188ca6b9eb0e16444369ff18db72cc4dace88","isMergeCommit":false,"messageTitle":"Fix test","messageBody":"","fileTypesAndContributionMap":{"test-code":{"insertions":1,"deletions":1}}},{"hash":"d306b30262554840e57b719f61c1b20f43b518ac","isMergeCommit":false,"messageTitle":"Fix test","messageBody":"","fileTypesAndContributionMap":{"test-code":{"insertions":0,"deletions":1}}},{"hash":"01217692969878b7bcd87f6a297da0327588987b","isMergeCommit":true,"messageTitle":"Merge branch \u0027master\u0027 into update-ui","messageBody":"","fileTypesAndContributionMap":{}},{"hash":"36206ae9471c9d1cf3c51e85dbe19f6f74fd522d","isMergeCommit":true,"messageTitle":"Merge branch \u0027master\u0027 into update-ui","messageBody":"","fileTypesAndContributionMap":{}},{"hash":"89ec9e662693515ae08b41d00576368867386a0b","isMergeCommit":true,"messageTitle":"Merge pull request #153 from nicolaskjh/update-ui","messageBody":"Update UI to prevent truncated address","fileTypesAndContributionMap":{}},{"hash":"b39b618a652346905f796fd313b3c09f03968e3d","isMergeCommit":true,"messageTitle":"Merge branch \u0027master\u0027 into fix-unpaid","messageBody":"","fileTypesAndContributionMap":{}},{"hash":"4e5173dceae59ba97a9666d9b1baa66161718f57","isMergeCommit":true,"messageTitle":"Merge pull request #154 from flljy940/fix-unpaid","messageBody":"Fix small small issue on unpay command","fileTypesAndContributionMap":{}},{"hash":"4829e28474ef6b26bb8adb04896f4d4ecdae5de7","isMergeCommit":true,"messageTitle":"Merge branch \u0027master\u0027 into update-dg","messageBody":"","fileTypesAndContributionMap":{}},{"hash":"84a7619d86ac6babd8565def736398b1e2892407","isMergeCommit":false,"messageTitle":"Add test for invalid past lesson date input","messageBody":"","fileTypesAndContributionMap":{"test-code":{"insertions":1,"deletions":0}}},{"hash":"dc7dd8a0e8ce86ad9e97d245e1e5a4f1bdc0a74c","isMergeCommit":false,"messageTitle":"Fix duplicate phone logic in EditCommand","messageBody":"","fileTypesAndContributionMap":{"functional-code":{"insertions":1,"deletions":1}}},{"hash":"a7dae870d7bd39167096766519fb88501abefe1d","isMergeCommit":false,"messageTitle":"Remove unused prefix from CliSyntax","messageBody":"","fileTypesAndContributionMap":{"functional-code":{"insertions":0,"deletions":2}}},{"hash":"820fe39db7b4a66cce7e645e538d4a8fc98828d4","isMergeCommit":false,"messageTitle":"Refactor persons to students in displayed text","messageBody":"","fileTypesAndContributionMap":{"functional-code":{"insertions":14,"deletions":14}}},{"hash":"eced597e5ec60d843277cbca6ff3a3a04af246ed","isMergeCommit":false,"messageTitle":"Remove unused prefix from tests","messageBody":"","fileTypesAndContributionMap":{"test-code":{"insertions":1,"deletions":2}}},{"hash":"87c719a868f0ec4732a41957c469d52ddcf24a8e","isMergeCommit":false,"messageTitle":"Fix checkstyle","messageBody":"","fileTypesAndContributionMap":{"functional-code":{"insertions":2,"deletions":1}}},{"hash":"8bad2f90bf79fe4e76fa68f76d13200229296c31","isMergeCommit":true,"messageTitle":"Merge pull request #156 from nicolaskjh/update-dg","messageBody":"Update DG appendices","fileTypesAndContributionMap":{}},{"hash":"126e63d0bc381ec24c2876257a26e93ad00249a6","isMergeCommit":true,"messageTitle":"Merge branch \u0027master\u0027 into add-tests1","messageBody":"","fileTypesAndContributionMap":{}},{"hash":"597d559c99fd06b03beba5ed5a9979223b52b45d","isMergeCommit":true,"messageTitle":"Merge pull request #157 from bipplane/add-tests1","messageBody":"Add test for NextLessonParser \u0026 Fix Duplicate phone logic","fileTypesAndContributionMap":{}},{"hash":"e11b13a3858e53ab5d8f9366a9a61e934fa48ced","isMergeCommit":true,"messageTitle":"Merge branch \u0027master\u0027 into branch-UGchange","messageBody":"","fileTypesAndContributionMap":{}},{"hash":"cab66ddd73a69d3d1e2070db0bc2fac3e00ba146","isMergeCommit":true,"messageTitle":"Merge pull request #159 from izniy/branch-UGchange","messageBody":"Edit final tweaks for UserGuide","fileTypesAndContributionMap":{}},{"hash":"7524411b1a35b97a47dfac5cbae34ba7352966bc","isMergeCommit":true,"messageTitle":"Merge branch \u0027master\u0027 into refactor-persons","messageBody":"","fileTypesAndContributionMap":{}},{"hash":"d86bb1843a3d1ef634178b4f07cce1ef790d2b9c","isMergeCommit":false,"messageTitle":"Refactor person to student in UserGuide","messageBody":"","fileTypesAndContributionMap":{"docs":{"insertions":64,"deletions":64}}},{"hash":"cfa7f74b78fe8058da7ac6bc5f2c9d96af8b7aff","isMergeCommit":true,"messageTitle":"Merge remote-tracking branch \u0027origin/refactor-persons\u0027 into refactor-persons","messageBody":"","fileTypesAndContributionMap":{}},{"hash":"2d40ccaf4ee27bc9808d5807fe33c543ae3af0cd","isMergeCommit":false,"messageTitle":"Refactor person to student in UserGuide","messageBody":"","fileTypesAndContributionMap":{"docs":{"insertions":1,"deletions":1}}},{"hash":"40e02091124f010235dc0581d9d98360b273a7e1","isMergeCommit":true,"messageTitle":"Merge pull request #163 from nicolaskjh/update-dg-format","messageBody":"Fix formatting of DG for PDF","fileTypesAndContributionMap":{}},{"hash":"c6a18a17d3629ebef950b3f7af1061d46c214f78","isMergeCommit":true,"messageTitle":"Merge branch \u0027master\u0027 into refactor-persons","messageBody":"","fileTypesAndContributionMap":{}},{"hash":"503e053e6ee86804d3cadbaa133556aa7ee5c5d9","isMergeCommit":true,"messageTitle":"Merge pull request #161 from bipplane/refactor-persons","messageBody":"Refactor persons to students in displayed text","fileTypesAndContributionMap":{}},{"hash":"f2439d53f854be4c5eaeac9f7e9df240710cc11a","isMergeCommit":true,"messageTitle":"Merge branch \u0027master\u0027 into update-dg-format","messageBody":"","fileTypesAndContributionMap":{}},{"hash":"61f6b29ffdaf3e22e1529bed6fc8d3779b745c62","isMergeCommit":true,"messageTitle":"Merge pull request #164 from nicolaskjh/update-dg-format","messageBody":"Fix formatting in use cases","fileTypesAndContributionMap":{}},{"hash":"8399a0e3ec6fa3312c5a628f412bf8300762c075","isMergeCommit":true,"messageTitle":"Merge branch \u0027master\u0027 into dg-implementation","messageBody":"","fileTypesAndContributionMap":{}},{"hash":"8776eef5cd7b283c58f1d99dba32c55be02e1582","isMergeCommit":true,"messageTitle":"Merge pull request #166 from flljy940/dg-implementation","messageBody":"Add EditSequenceDiagram","fileTypesAndContributionMap":{}},{"hash":"ba20ada9a165f3180387c25c91bc5371e3fa8c47","isMergeCommit":false,"messageTitle":"Update DeveloperGuide.md","messageBody":"","fileTypesAndContributionMap":{"docs":{"insertions":0,"deletions":1}}},{"hash":"3c54c3b02fd7b15f51a13ae5058d6dffe7ed0e70","isMergeCommit":true,"messageTitle":"Merge pull request #168 from AY2425S2-CS2103T-T16-4/dg-patch-1","messageBody":"Update DeveloperGuide.md","fileTypesAndContributionMap":{}},{"hash":"fd2cc20bfcec29ff9a3f23e023bf23d48164fab6","isMergeCommit":true,"messageTitle":"Merge pull request #169 from flljy940/diagram-dg","messageBody":"Adjust size","fileTypesAndContributionMap":{}},{"hash":"95e8bd0dc3f1464d12ada825586cb4dbddd6d90b","isMergeCommit":true,"messageTitle":"Merge branch \u0027master\u0027 into ug-1.5","messageBody":"","fileTypesAndContributionMap":{}},{"hash":"e0f12d8ff445963b7e1142e2bab45724b9ca847d","isMergeCommit":true,"messageTitle":"Merge pull request #170 from flljy940/ug-1.5","messageBody":"Update screenshots","fileTypesAndContributionMap":{}},{"hash":"49c5c8dc0dcd7e80e0af1dcb05192f5d05a2efeb","isMergeCommit":false,"messageTitle":"Adjust text and image sizes","messageBody":"","fileTypesAndContributionMap":{"docs":{"insertions":50,"deletions":23}}},{"hash":"0fbe001e530045a604c32c9f279d5fb1eefdfb21","isMergeCommit":true,"messageTitle":"Merge pull request #172 from nicolaskjh/fix-dg-format","messageBody":"Update PDF formatting for DG","fileTypesAndContributionMap":{}},{"hash":"3ca561c2e264f36dd8e40b9894047544d2f17e4e","isMergeCommit":true,"messageTitle":"Merge branch \u0027master\u0027 into ug-fix","messageBody":"","fileTypesAndContributionMap":{}},{"hash":"11e0ab6b3d0d4a5ac4f3a9cccf885dc76dcbd342","isMergeCommit":false,"messageTitle":"Fix image resolution","messageBody":"","fileTypesAndContributionMap":{"docs":{"insertions":3,"deletions":3}}},{"hash":"5d51080b1d36b19d54ccf479701b775649c98b40","isMergeCommit":false,"messageTitle":"Fix image","messageBody":"","fileTypesAndContributionMap":{"docs":{"insertions":2,"deletions":2}}}]},{"date":"2025-04-05","commitResults":[{"hash":"5f7e986db5ea5c09456307cfa75beed32e8d7cd7","isMergeCommit":false,"messageTitle":"Improve quick start section of UserGuide","messageBody":"","fileTypesAndContributionMap":{"docs":{"insertions":24,"deletions":30}}},{"hash":"8caf58b5b332c144a51fa9a303f3a11db1d61439","isMergeCommit":false,"messageTitle":"Add help section to UserGuide for user assistance","messageBody":"","fileTypesAndContributionMap":{"docs":{"insertions":2,"deletions":0}}},{"hash":"fe75c3fcfb526a3afb17ae237850e1264b31141d","isMergeCommit":false,"messageTitle":"Add validation for lesson date to ensure realistic date \u0026 time","messageBody":"","fileTypesAndContributionMap":{"functional-code":{"insertions":5,"deletions":0},"test-code":{"insertions":14,"deletions":6}}},{"hash":"c9dcbb7c572b8b03bc3c9e14328ab63294aa25db","isMergeCommit":false,"messageTitle":"Update phone length constraint message","messageBody":"","fileTypesAndContributionMap":{"functional-code":{"insertions":1,"deletions":1}}},{"hash":"1ecfd788dcc99965db747b190566f5f930901404","isMergeCommit":false,"messageTitle":"Add length constraint of 100 characters for address","messageBody":"","fileTypesAndContributionMap":{"functional-code":{"insertions":4,"deletions":2},"test-code":{"insertions":3,"deletions":0}}}]},{"date":"2025-04-06","commitResults":[{"hash":"0a6b91b307a2d032e2cb6766b2ccc9c1c803449a","isMergeCommit":false,"messageTitle":"Add length constraint of 50 characters for names","messageBody":"","fileTypesAndContributionMap":{"functional-code":{"insertions":4,"deletions":2},"test-code":{"insertions":2,"deletions":0}}},{"hash":"2bf4be74c9d2f9598ed2e2ef095d76bd581763be","isMergeCommit":false,"messageTitle":"Improve duplicate student error message in add \u0026 edit","messageBody":"","fileTypesAndContributionMap":{"functional-code":{"insertions":9,"deletions":8},"test-code":{"insertions":8,"deletions":8}}},{"hash":"16a9d75a6ed979abfecfaff07e0317ef6bd4c5ce","isMergeCommit":false,"messageTitle":"Improve duplicate student error message in add \u0026 edit","messageBody":"","fileTypesAndContributionMap":{"functional-code":{"insertions":0,"deletions":1}}},{"hash":"4f7f5f940096debf8daf8df25a8fd5c1a9312a14","isMergeCommit":false,"messageTitle":"Enhance name validation to disallow numeric-only entries","messageBody":"","fileTypesAndContributionMap":{"functional-code":{"insertions":3,"deletions":2},"test-code":{"insertions":1,"deletions":1}}},{"hash":"e6c0c6a8175982df3491910893d4b7b9371fe579","isMergeCommit":false,"messageTitle":"Further improve UserGuide","messageBody":"","fileTypesAndContributionMap":{"docs":{"insertions":38,"deletions":11}}},{"hash":"7b0e54f9ea7c9a7112d683ad3c204bd171303c07","isMergeCommit":false,"messageTitle":"Add caution note about scheduling conflicts in UserGuide","messageBody":"","fileTypesAndContributionMap":{"docs":{"insertions":6,"deletions":0}}},{"hash":"c07855dfc280fb353c571a289d932c9967706e46","isMergeCommit":true,"messageTitle":"Merge branch \u0027master\u0027 into branch-sampledata","messageBody":"","fileTypesAndContributionMap":{}},{"hash":"b964cd7ec452d0c19d5e21985c21b0ac62114646","isMergeCommit":true,"messageTitle":"Merge branch \u0027master\u0027 into branch-sampledata","messageBody":"","fileTypesAndContributionMap":{}},{"hash":"f6795a1437c46cfd4a5ec612bd678cfa68d06537","isMergeCommit":true,"messageTitle":"Merge pull request #251 from nicolaskjh/fix-ug-v1.6","messageBody":"Add input constraints and known issues to UG","fileTypesAndContributionMap":{}},{"hash":"7dde1dda2423d81e2d265342db9ade9bd1173237","isMergeCommit":true,"messageTitle":"Merge branch \u0027master\u0027 into fix-date-errormessages","messageBody":"","fileTypesAndContributionMap":{}},{"hash":"64242d23702926a468a250bf86b018d2106a2b10","isMergeCommit":true,"messageTitle":"Merge pull request #250 from nicolaskjh/fix-date-errormessages","messageBody":"Update date error messages","fileTypesAndContributionMap":{}},{"hash":"038ae333aadc6afba1d48faed153eb85b69ff215","isMergeCommit":true,"messageTitle":"Merge branch \u0027master\u0027 into branch-sampledata","messageBody":"","fileTypesAndContributionMap":{}}]},{"date":"2025-04-07","commitResults":[{"hash":"2f644e8d70c68d7986558a37d055fea4a63b3944","isMergeCommit":true,"messageTitle":"Merge pull request #249 from izniy/branch-sampledata","messageBody":"Fix Developer Guide issues and change sample data to be more representative","fileTypesAndContributionMap":{}}]}]},"authorFileTypeContributionMap":{"flljy940":{"docs":127,"functional-code":673,"test-code":583},"nicolaskjh":{"docs":321,"functional-code":386,"test-code":518},"izniy":{"docs":70,"functional-code":560,"test-code":754,"other":4},"bipplane":{"docs":289,"functional-code":383,"test-code":763,"other":5}},"authorContributionVariance":{"flljy940":15878.857,"nicolaskjh":21868.494,"izniy":101232.37,"bipplane":12406.017},"authorDisplayNameMap":{"flljy940":"CS2103T-T16-4 JOSE..G YI","nicolaskjh":"CS2103T-T16-4 KOH ..OLAS","izniy":"CS2103T-T16-4 NG Y..N ZI","bipplane":"CS2103T-T16-4 RYAN..YANG"}}
