{"authorDailyContributionsMap":{"xumarcus":[{"date":"2025-03-05","commitResults":[{"hash":"8e6cc2ce7580762f7dc97ba5dfff38ad1c38508e","isMergeCommit":true,"messageTitle":"Merge pull request #15 from BladerX11/14-add-photo","messageBody":"Docs: Add Dallas\u0027 photo","fileTypesAndContributionMap":{}},{"hash":"5f5a35a832a10bf6bdcab2f5c5775b1c0dd3ebd5","isMergeCommit":false,"messageTitle":"Update AboutUs page","messageBody":"","fileTypesAndContributionMap":{"docs":{"insertions":51,"deletions":5}}}]},{"date":"2025-03-07","commitResults":[{"hash":"1d856c57203213ed2d690aa85ec73433bf04224c","isMergeCommit":true,"messageTitle":"Merge pull request #40 from BladerX11/20-update-build-status","messageBody":"Show build status badge","fileTypesAndContributionMap":{}}]},{"date":"2025-03-08","commitResults":[{"hash":"454c31c6d6bc7845b8729ed23a92b8aa9fab58d0","isMergeCommit":true,"messageTitle":"Merge branch \u0027master\u0027 into 29-update-aboutus","messageBody":"# Conflicts:\n#\tdocs/AboutUs.md\n","fileTypesAndContributionMap":{}},{"hash":"d762d1d23363b60678605b4f3371937189b1644c","isMergeCommit":false,"messageTitle":"Remove trailing whitespace and add EOF","messageBody":"","fileTypesAndContributionMap":{"docs":{"insertions":212,"deletions":138}}},{"hash":"5a222f81f071d44df3fa420f0b4de1c1dca2dae3","isMergeCommit":true,"messageTitle":"Merge pull request #35 from xumarcus/29-update-aboutus","messageBody":"Update AboutUs","fileTypesAndContributionMap":{}},{"hash":"e27410b46a2c72938a5cc38ded7cbb3a99612222","isMergeCommit":true,"messageTitle":"Merge pull request #39 from xk1234/add-photo","messageBody":"Added developer info","fileTypesAndContributionMap":{}},{"hash":"6747ecf246a45b5e99da19c880b93349eb13923f","isMergeCommit":false,"messageTitle":"Undo wrap lines","messageBody":"","fileTypesAndContributionMap":{"docs":{"insertions":39,"deletions":97}}},{"hash":"028fa85d1ced46e9ddb4121c7f3fbdadd768e027","isMergeCommit":true,"messageTitle":"Merge pull request #45 from xumarcus/chore-reformat-dev-guide","messageBody":"Undo wrap lines","fileTypesAndContributionMap":{}}]},{"date":"2025-03-09","commitResults":[{"hash":"5ec021ed188bc52920d2af8fe0c7fea4bb5fed38","isMergeCommit":false,"messageTitle":"Add use cases for edit person and export contacts","messageBody":"","fileTypesAndContributionMap":{"docs":{"insertions":47,"deletions":4}}},{"hash":"5bba2f4ad8914bf135f71c0af350a7bfc98e1a7b","isMergeCommit":false,"messageTitle":"Add PR template (see tp Grading)","messageBody":"","fileTypesAndContributionMap":{"docs":{"insertions":58,"deletions":0}}},{"hash":"6bc42538860403a8ae5c0963c0ee84c9e7549f8a","isMergeCommit":false,"messageTitle":"Add links and plagiarism section","messageBody":"","fileTypesAndContributionMap":{"docs":{"insertions":23,"deletions":12}}},{"hash":"c8b8d3459dd4d0daff428bf9b7d7ab7f1cd43514","isMergeCommit":false,"messageTitle":"Update README and acknowledge source","messageBody":"","fileTypesAndContributionMap":{"docs":{"insertions":28,"deletions":1}}},{"hash":"a5934919ad22280a301cf09d0eee4e9614e9149f","isMergeCommit":true,"messageTitle":"Merge pull request #44 from Bill-1/use-cases","messageBody":"Add uses cases for adding, and sending bulk","fileTypesAndContributionMap":{}}]},{"date":"2025-03-10","commitResults":[{"hash":"05db929568ff95e04345ff4b42dec02ee7ae1d06","isMergeCommit":true,"messageTitle":"Merge branch \u0027master\u0027 into 22-content-update","messageBody":"","fileTypesAndContributionMap":{}},{"hash":"4e08819123b5e9bb878ea0396ab8421dddd4fa50","isMergeCommit":true,"messageTitle":"Merge branch \u0027master\u0027 into 26-use-cases-edit-person-export-contacts","messageBody":"","fileTypesAndContributionMap":{}},{"hash":"6a2657c51f63638b6665e5b8c2f3ab3313e2578f","isMergeCommit":false,"messageTitle":"Fix DG spacing","messageBody":"","fileTypesAndContributionMap":{"docs":{"insertions":7,"deletions":19}}},{"hash":"1e6ca309c1c458a2128201a2a5c571155183abe8","isMergeCommit":true,"messageTitle":"Merge branch \u0027master\u0027 into 26-use-cases-edit-person-export-contacts","messageBody":"# Conflicts:\n#\tdocs/DeveloperGuide.md\n","fileTypesAndContributionMap":{}},{"hash":"9104693441f2d4dbdd45088a84b462330a38d232","isMergeCommit":true,"messageTitle":"Merge remote-tracking branch \u0027origin/26-use-cases-edit-person-export-contacts\u0027 into 26-use-cases-edit-person-export-contacts","messageBody":"# Conflicts:\n#\tdocs/DeveloperGuide.md\n","fileTypesAndContributionMap":{}},{"hash":"c224b2066673073f081c9096d390b7d1db96542d","isMergeCommit":false,"messageTitle":"Sync and add use case","messageBody":"","fileTypesAndContributionMap":{"docs":{"insertions":34,"deletions":1}}}]},{"date":"2025-03-11","commitResults":[{"hash":"8f3b9b3b18d2f8c7cd414451c8de029d9c782888","isMergeCommit":false,"messageTitle":"Add export command","messageBody":"","fileTypesAndContributionMap":{"functional-code":{"insertions":160,"deletions":1}}},{"hash":"a61b631cbf5b49feea171c026191b88eb2d5494e","isMergeCommit":true,"messageTitle":"Merge pull request #49 from xumarcus/22-content-update","messageBody":"Update README and acknowledge source","fileTypesAndContributionMap":{}},{"hash":"4b754b020914ecec95faef9952fa3a797dce7c60","isMergeCommit":true,"messageTitle":"Merge pull request #46 from xumarcus/26-use-cases-edit-person-export-contacts","messageBody":"Add use cases for edit person and export contacts","fileTypesAndContributionMap":{}}]},{"date":"2025-03-14","commitResults":[{"hash":"273e108c604ce6b1a81af2ae2481a984bc307dd4","isMergeCommit":false,"messageTitle":"Update site-wide settings","messageBody":"","fileTypesAndContributionMap":{"other":{"insertions":2,"deletions":2}}},{"hash":"3f4d456fa308b843c3f2830ffa92885fa66d8a06","isMergeCommit":false,"messageTitle":"Update README.md format","messageBody":"","fileTypesAndContributionMap":{"docs":{"insertions":3,"deletions":2}}},{"hash":"9a95ebac41ea1a44153919c0bc633c7043fa8e12","isMergeCommit":false,"messageTitle":"Update index.md contents from README.md","messageBody":"","fileTypesAndContributionMap":{"docs":{"insertions":30,"deletions":9}}},{"hash":"6fc145506ccdf87668296b44e71b52969c122599","isMergeCommit":false,"messageTitle":"Update urls to own repo","messageBody":"","fileTypesAndContributionMap":{"functional-code":{"insertions":1,"deletions":1},"docs":{"insertions":8,"deletions":8}}},{"hash":"710699ff349acb4548c714748d67977ca8b18354","isMergeCommit":true,"messageTitle":"Merge branch \u0027master\u0027 into 56-feature-export-list","messageBody":"# Conflicts:\n#\tsrc/main/java/seedu/address/logic/parser/AddressBookParser.java\n#\tsrc/main/java/seedu/address/logic/parser/CliSyntax.java\n","fileTypesAndContributionMap":{}},{"hash":"77b965d6ae3c7a4cb51b1478eb0a71d7bcf33b03","isMergeCommit":false,"messageTitle":"Refactor export implementation to Util class","messageBody":"","fileTypesAndContributionMap":{"functional-code":{"insertions":80,"deletions":60}}},{"hash":"305bfe9f432122bec6b16ef0ac9fef3140459f20","isMergeCommit":false,"messageTitle":"Fix attribute argument to be case-insensitive","messageBody":"","fileTypesAndContributionMap":{"functional-code":{"insertions":3,"deletions":1}}},{"hash":"805591f57f4836d6e1ccff380eeadf4a35ffde5e","isMergeCommit":false,"messageTitle":"Detect attribute duplicates","messageBody":"","fileTypesAndContributionMap":{"functional-code":{"insertions":8,"deletions":1}}},{"hash":"5589a6a64ddf5dc3b9eaa91893bf9b9086375602","isMergeCommit":false,"messageTitle":"Update ExportCommand to use Path","messageBody":"","fileTypesAndContributionMap":{"functional-code":{"insertions":24,"deletions":1}}},{"hash":"df99c92b0679869ad7b5ae1dc052536aafbb71b9","isMergeCommit":false,"messageTitle":"Fix error from empty EnumSet","messageBody":"","fileTypesAndContributionMap":{"functional-code":{"insertions":6,"deletions":3}}},{"hash":"6cb6bfcce2bc330582c222fe2aca51387892d0fa","isMergeCommit":false,"messageTitle":"Move defaults to ExportCommand","messageBody":"","fileTypesAndContributionMap":{"functional-code":{"insertions":4,"deletions":10}}},{"hash":"c33573bcfe20af6d73f8ddd05d6743daab57ba86","isMergeCommit":false,"messageTitle":"Add unit tests for export command","messageBody":"","fileTypesAndContributionMap":{"test-code":{"insertions":167,"deletions":0}}},{"hash":"340109fa8fbbeb89abe81f622b7d15b271b32694","isMergeCommit":false,"messageTitle":"Optimize imports","messageBody":"","fileTypesAndContributionMap":{"test-code":{"insertions":0,"deletions":1}}},{"hash":"ea7550dfbc824791012887fb3cb68fae7c61e930","isMergeCommit":false,"messageTitle":"Fix Checkstyle error","messageBody":"","fileTypesAndContributionMap":{"functional-code":{"insertions":16,"deletions":2},"test-code":{"insertions":8,"deletions":11}}}]},{"date":"2025-03-15","commitResults":[{"hash":"f51f02daf3099614e9d24d3a2ed94584ca5d986a","isMergeCommit":false,"messageTitle":"Add links to index.md","messageBody":"","fileTypesAndContributionMap":{"docs":{"insertions":3,"deletions":0}}},{"hash":"1e4550c24605320c2c26a1f77448a83f82e6dde1","isMergeCommit":true,"messageTitle":"Merge pull request #68 from xumarcus/67-remove-ab3-leftovers","messageBody":"Remove ab3 leftovers","fileTypesAndContributionMap":{}},{"hash":"a561329d770d42abe88d5ede9bc8524bdd8d3b71","isMergeCommit":false,"messageTitle":"Move mock into anonymous subclass","messageBody":"","fileTypesAndContributionMap":{"test-code":{"insertions":7,"deletions":18}}},{"hash":"538b210b51297f1a7c3a2ee120384b8e7d88e1b4","isMergeCommit":false,"messageTitle":"Make expected output dynamic for ExportDataUtilTest","messageBody":"","fileTypesAndContributionMap":{"test-code":{"insertions":9,"deletions":9}}},{"hash":"a2bbc546de5756b09bfaf25e694622e75d857b2a","isMergeCommit":false,"messageTitle":"Modify expectedMessage for ExportCommandTest","messageBody":"","fileTypesAndContributionMap":{"test-code":{"insertions":3,"deletions":3}}},{"hash":"6656fdd1b9a0c2b558d61341a4fea4872184353c","isMergeCommit":false,"messageTitle":"Refactor into ParserUtil","messageBody":"","fileTypesAndContributionMap":{"functional-code":{"insertions":38,"deletions":20},"other":{"insertions":5,"deletions":2},"test-code":{"insertions":3,"deletions":3}}},{"hash":"f6ff1e93ffb83172073a90147e216901813596c6","isMergeCommit":false,"messageTitle":"Fix code analysis","messageBody":"","fileTypesAndContributionMap":{"functional-code":{"insertions":1,"deletions":2}}},{"hash":"47ab4d526507db133511575555053319581a40af","isMergeCommit":false,"messageTitle":"Move empty case to ParserUtil","messageBody":"","fileTypesAndContributionMap":{"functional-code":{"insertions":6,"deletions":6}}},{"hash":"c9a882b3d7f763885fbc2ac6afe211919f0fb49a","isMergeCommit":false,"messageTitle":"Use PREFIX_ATTRIBUTE in test","messageBody":"","fileTypesAndContributionMap":{"test-code":{"insertions":10,"deletions":4}}},{"hash":"1069a96fc9d8a09fae2649fe4f501a4ac54c3725","isMergeCommit":false,"messageTitle":"Move ExportDataUtil to logic/util","messageBody":"","fileTypesAndContributionMap":{"functional-code":{"insertions":2,"deletions":2},"other":{"insertions":2,"deletions":2}}},{"hash":"96ffcf4d73f923d79588648b0cf1069dc763dbe2","isMergeCommit":true,"messageTitle":"Merge pull request #57 from xumarcus/56-feature-export-list","messageBody":"Add export command","fileTypesAndContributionMap":{}}]},{"date":"2025-03-20","commitResults":[{"hash":"d021bccac3dac0298b1f3d5a01ff80f3f8b14734","isMergeCommit":false,"messageTitle":"Update app title and icon","messageBody":"","fileTypesAndContributionMap":{"functional-code":{"insertions":3,"deletions":3},"docs":{"insertions":1,"deletions":0},"test-code":{"insertions":1,"deletions":1}}},{"hash":"d3420502ddc68348f03e15ad13381ccda9e61ac3","isMergeCommit":false,"messageTitle":"Add MailtoCommand","messageBody":"","fileTypesAndContributionMap":{"functional-code":{"insertions":32,"deletions":0}}},{"hash":"f5e1792ad2294ce74a6bfcdd43e9be8e6a23cf48","isMergeCommit":false,"messageTitle":"Add MailtoCommand tests","messageBody":"","fileTypesAndContributionMap":{"functional-code":{"insertions":1,"deletions":1},"test-code":{"insertions":33,"deletions":0}}},{"hash":"e10d9177e91e19f62b8fe771c0e9607141bac830","isMergeCommit":false,"messageTitle":"Add test for empty list","messageBody":"","fileTypesAndContributionMap":{"functional-code":{"insertions":10,"deletions":1},"test-code":{"insertions":10,"deletions":3}}}]},{"date":"2025-03-23","commitResults":[{"hash":"d66d30887309bfaa71f2744960d14d49fd3e0d20","isMergeCommit":true,"messageTitle":"Merge branch \u0027master\u0027 into 84-add-mailto","messageBody":"# Conflicts:\n#\tsrc/main/java/seedu/address/logic/parser/AddressBookParser.java\n#\tsrc/test/java/seedu/address/logic/parser/AddressBookParserTest.java\n","fileTypesAndContributionMap":{}},{"hash":"d002777bd35dfd77a6f3bc9068f84a80a5acffb9","isMergeCommit":false,"messageTitle":"Resolve conflicts","messageBody":"","fileTypesAndContributionMap":{"functional-code":{"insertions":3,"deletions":2}}},{"hash":"41d56b90081ab2e94a351060b05177b63c735ada","isMergeCommit":false,"messageTitle":"Refactor code into Person class","messageBody":"","fileTypesAndContributionMap":{"functional-code":{"insertions":14,"deletions":14}}},{"hash":"cf70ff8860b710ab9d8b4e0b07471fb131e71f96","isMergeCommit":false,"messageTitle":"Add test for AddressBookParser export","messageBody":"","fileTypesAndContributionMap":{"test-code":{"insertions":16,"deletions":0}}},{"hash":"8bfb743ffd58312e0f7620fbf3c8955a274be3d8","isMergeCommit":false,"messageTitle":"Add mailto to UG and DG","messageBody":"","fileTypesAndContributionMap":{"docs":{"insertions":27,"deletions":1}}},{"hash":"60a06ea91eb3dd924abcd0ecf98795622007708c","isMergeCommit":false,"messageTitle":"Add checklist to PR template","messageBody":"","fileTypesAndContributionMap":{"docs":{"insertions":23,"deletions":38}}}]},{"date":"2025-03-24","commitResults":[{"hash":"3579ad2d0744d1c801a937aec0506b019cd31811","isMergeCommit":false,"messageTitle":"Update user guide","messageBody":"","fileTypesAndContributionMap":{"docs":{"insertions":13,"deletions":0}}},{"hash":"2d982dd24c36858b647d082f6611f161d9e8f01e","isMergeCommit":false,"messageTitle":"Move code to generic CsvUtil","messageBody":"","fileTypesAndContributionMap":{"functional-code":{"insertions":104,"deletions":0},"test-code":{"insertions":39,"deletions":0}}},{"hash":"058210079530d04ce316fb8cf703eaff1afef905","isMergeCommit":false,"messageTitle":"Modify parser to parse mandatory file name","messageBody":"","fileTypesAndContributionMap":{"functional-code":{"insertions":11,"deletions":18},"test-code":{"insertions":48,"deletions":15}}},{"hash":"16803682bf1adb0cdbe8f38fd47744f8a6995be7","isMergeCommit":false,"messageTitle":"Fix ModelStub","messageBody":"","fileTypesAndContributionMap":{"test-code":{"insertions":7,"deletions":0}}},{"hash":"3cc9953cedd4ec65aa16afe7b92b7bf7b34b5c5d","isMergeCommit":false,"messageTitle":"Move export code to ModelManager","messageBody":"","fileTypesAndContributionMap":{"functional-code":{"insertions":24,"deletions":0}}},{"hash":"1dada3c832f638207eef1cc874b26e9ec1abf96c","isMergeCommit":false,"messageTitle":"Remove old util class","messageBody":"","fileTypesAndContributionMap":{"functional-code":{"insertions":0,"deletions":50},"test-code":{"insertions":0,"deletions":47}}},{"hash":"fd5ca30adeff535b85cda12aa327d90b9f82998f","isMergeCommit":false,"messageTitle":"Update developer guide","messageBody":"","fileTypesAndContributionMap":{"docs":{"insertions":7,"deletions":3}}},{"hash":"e56de1c285f95005e54f21e3e74a96c4b3d9b27d","isMergeCommit":false,"messageTitle":"Fix parser","messageBody":"","fileTypesAndContributionMap":{"functional-code":{"insertions":18,"deletions":2},"test-code":{"insertions":10,"deletions":7}}},{"hash":"68fc690bd8c25d97dcd8acc491affef3380c8302","isMergeCommit":false,"messageTitle":"Refactor Attribute code into Person","messageBody":"","fileTypesAndContributionMap":{"functional-code":{"insertions":9,"deletions":7}}},{"hash":"ca613a694a1864ebc1f9cf9014001730d7caadc5","isMergeCommit":false,"messageTitle":"Update integration test","messageBody":"","fileTypesAndContributionMap":{"test-code":{"insertions":32,"deletions":0}}},{"hash":"8d405b4a6799bec785015d7455ff1dcbc0af4603","isMergeCommit":false,"messageTitle":"Fix code analysis","messageBody":"","fileTypesAndContributionMap":{"functional-code":{"insertions":1,"deletions":2},"test-code":{"insertions":1,"deletions":2}}},{"hash":"65bba88fdb247820b809508daf2a1e18ac08288c","isMergeCommit":false,"messageTitle":"Add examples to testing","messageBody":"","fileTypesAndContributionMap":{"docs":{"insertions":2,"deletions":2}}},{"hash":"99112ed11ab1eefb8d656dd7a78127f02a0bfc39","isMergeCommit":false,"messageTitle":"Add CsvFileNameTest for coverage","messageBody":"","fileTypesAndContributionMap":{"test-code":{"insertions":61,"deletions":0}}},{"hash":"6a3dd8b7378d7a02a203ba49d222723405dcddb8","isMergeCommit":false,"messageTitle":"Update FAQ","messageBody":"","fileTypesAndContributionMap":{"docs":{"insertions":24,"deletions":0}}}]},{"date":"2025-03-25","commitResults":[{"hash":"821676928633b1db7e0f56a4b0c696dc3ce4278f","isMergeCommit":true,"messageTitle":"Merge pull request #105 from xumarcus/47-update-pr-template","messageBody":"Add checklist to PR template","fileTypesAndContributionMap":{}},{"hash":"7d0dcc40d0c243c23b15bfe9c4c223af6df9b5ef","isMergeCommit":false,"messageTitle":"Update app name and VERSION","messageBody":"","fileTypesAndContributionMap":{"functional-code":{"insertions":4,"deletions":4},"other":{"insertions":1,"deletions":1}}},{"hash":"499ad7a7da10b12a9ac0f52b254f1a0905a4fdf8","isMergeCommit":false,"messageTitle":"Update DG use cases","messageBody":"","fileTypesAndContributionMap":{"docs":{"insertions":35,"deletions":35}}},{"hash":"55ff9c7d59c39ad21bb35727cf111d9b41d2ddd5","isMergeCommit":false,"messageTitle":"Update UG jar name","messageBody":"","fileTypesAndContributionMap":{"docs":{"insertions":4,"deletions":4}}},{"hash":"20df099c634630a48e49e8b376f74d5047ad2b0f","isMergeCommit":false,"messageTitle":"Update UML with Attribute enum","messageBody":"","fileTypesAndContributionMap":{"docs":{"insertions":6,"deletions":0}}},{"hash":"3e67776a4e2f4234c9b86133fad6164e907e1836","isMergeCommit":false,"messageTitle":"Update UML to meet 3 lines requirement","messageBody":"","fileTypesAndContributionMap":{"docs":{"insertions":5,"deletions":0}}}]},{"date":"2025-03-27","commitResults":[{"hash":"56a4f76f44e40369b746209a0fbc8e0004dfbdb3","isMergeCommit":true,"messageTitle":"Merge pull request #117 from xumarcus/113-add-uml-for-attribute","messageBody":"Add uml for attribute","fileTypesAndContributionMap":{}},{"hash":"f996de8a2f5f3d41fdc9d86e1a7b88bf01b99a97","isMergeCommit":false,"messageTitle":"Replace System with AscendNetwork","messageBody":"","fileTypesAndContributionMap":{"docs":{"insertions":34,"deletions":34}}},{"hash":"3a5063a3d081b3ff0cd8375df1ec1338a931afff","isMergeCommit":true,"messageTitle":"Merge branch \u0027master\u0027 into 101-sweep-addressbook","messageBody":"# Conflicts:\n#\tbuild.gradle\n#\tdocs/DeveloperGuide.md\n","fileTypesAndContributionMap":{}},{"hash":"0784d51132bb9edd21fd0a8446f3d4d9dbb70126","isMergeCommit":true,"messageTitle":"Merge pull request #116 from xumarcus/101-sweep-addressbook","messageBody":"Update app name and VERSION","fileTypesAndContributionMap":{}},{"hash":"55e50c7d7ba4c47afe3d841a71fca9b90e9620c8","isMergeCommit":true,"messageTitle":"Merge branch \u0027master\u0027 into 97-add-file-path-to-export","messageBody":"# Conflicts:\n#\tdocs/DeveloperGuide.md\n#\tdocs/UserGuide.md\n","fileTypesAndContributionMap":{}},{"hash":"11af5321f6c9a16f3afa8fefb67c0a273e170cc5","isMergeCommit":false,"messageTitle":"Add newlines to UG FAQ","messageBody":"","fileTypesAndContributionMap":{"docs":{"insertions":8,"deletions":8}}},{"hash":"e957939b946877b1a13bc5150f596671966c84c6","isMergeCommit":false,"messageTitle":"Add screenshot","messageBody":"","fileTypesAndContributionMap":{"docs":{"insertions":3,"deletions":1}}},{"hash":"50ce1c9f367772d135c91e4652264aba7968a78b","isMergeCommit":false,"messageTitle":"Add tip","messageBody":"","fileTypesAndContributionMap":{"docs":{"insertions":2,"deletions":0}}},{"hash":"5dcad7d1fe1af305c57ce2e6eb44022164fe685b","isMergeCommit":true,"messageTitle":"Merge branch \u0027master\u0027 into 97-add-file-path-to-export","messageBody":"# Conflicts:\n#\tdocs/DeveloperGuide.md\n#\tdocs/UserGuide.md\n","fileTypesAndContributionMap":{}},{"hash":"0b035189ce53cb9341eeb3015063ad3d26d8601e","isMergeCommit":true,"messageTitle":"Merge pull request #106 from xumarcus/97-add-file-path-to-export","messageBody":"Add file path to export command","fileTypesAndContributionMap":{}},{"hash":"99ccc7023e3a0519f4bea11f60a8738c74abd03f","isMergeCommit":true,"messageTitle":"Merge branch \u0027master\u0027 into 84-add-mailto","messageBody":"","fileTypesAndContributionMap":{}},{"hash":"8d095ee18ae46e042781eb7f4e1c7a412ccc43dc","isMergeCommit":false,"messageTitle":"Replace contacts with persons","messageBody":"","fileTypesAndContributionMap":{"docs":{"insertions":4,"deletions":4}}},{"hash":"32e233da26ffbdd60b1ed5d8088629a07dac2d36","isMergeCommit":false,"messageTitle":"Fix phrasing for MailtoCommand","messageBody":"","fileTypesAndContributionMap":{"functional-code":{"insertions":4,"deletions":2}}},{"hash":"984939c7f3d4165d17d43af89833c64c3acc82a2","isMergeCommit":false,"messageTitle":"Refactor MailtoCommand","messageBody":"","fileTypesAndContributionMap":{"functional-code":{"insertions":7,"deletions":5}}},{"hash":"236dd69f359fba39842cf390590a568610be6070","isMergeCommit":false,"messageTitle":"Update tests","messageBody":"","fileTypesAndContributionMap":{"test-code":{"insertions":2,"deletions":2}}},{"hash":"1f4d94b8d71f87d72bad507eda01603cd2eda3f1","isMergeCommit":true,"messageTitle":"Merge pull request #104 from xumarcus/84-add-mailto","messageBody":"Add mailto command","fileTypesAndContributionMap":{}},{"hash":"3b3e004aea352cba8f922d509108cd534a804828","isMergeCommit":false,"messageTitle":"Refactor CommandResult","messageBody":"","fileTypesAndContributionMap":{"functional-code":{"insertions":31,"deletions":21},"test-code":{"insertions":10,"deletions":8}}},{"hash":"c13ee4918491aa581ff34c2ff7e9af1152855b5d","isMergeCommit":false,"messageTitle":"Rename HelpWindow","messageBody":"","fileTypesAndContributionMap":{"functional-code":{"insertions":2,"deletions":2},"other":{"insertions":8,"deletions":8},"docs":{"insertions":5,"deletions":5}}},{"hash":"961b40e24b49fe1c51c52f36c45758dbf26aa085","isMergeCommit":false,"messageTitle":"Add record to CommandResult","messageBody":"","fileTypesAndContributionMap":{"functional-code":{"insertions":20,"deletions":9},"test-code":{"insertions":4,"deletions":4}}},{"hash":"c005e75726204a95ff1997701c2bcb767f86fb83","isMergeCommit":false,"messageTitle":"Add updatelinkedText to LinkWindow","messageBody":"","fileTypesAndContributionMap":{"functional-code":{"insertions":30,"deletions":21},"test-code":{"insertions":1,"deletions":1}}},{"hash":"1c84a8de05a92c28a8c64ad49b0b833f7a2a8c30","isMergeCommit":true,"messageTitle":"Merge pull request #132 from BladerX11/131-fix-assertions","messageBody":"Fix assertions","tags":["v1.4"],"fileTypesAndContributionMap":{}}]},{"date":"2025-03-28","commitResults":[{"hash":"e9f89dec8600b9ce8705c8737720fa1838f38539","isMergeCommit":true,"messageTitle":"Merge branch \u0027master\u0027 into 130-linkwindow","messageBody":"","fileTypesAndContributionMap":{}},{"hash":"b9d6b0799780cf15ecd129386326593c4dd09008","isMergeCommit":false,"messageTitle":"Show text with link","messageBody":"","fileTypesAndContributionMap":{"functional-code":{"insertions":40,"deletions":55}}},{"hash":"b2532999d4ddf55c2217a9e387cebcf098ef432c","isMergeCommit":false,"messageTitle":"Add mailto support","messageBody":"","fileTypesAndContributionMap":{"functional-code":{"insertions":7,"deletions":3}}},{"hash":"443635760d92966c45cef08212d88ee95235b72b","isMergeCommit":false,"messageTitle":"Optimize imports","messageBody":"","fileTypesAndContributionMap":{"functional-code":{"insertions":0,"deletions":1}}},{"hash":"1abec7721482646cd6ff40bfecf6ff12e80ee118","isMergeCommit":false,"messageTitle":"Fix tests","messageBody":"","fileTypesAndContributionMap":{"test-code":{"insertions":4,"deletions":1}}},{"hash":"750670ac26307b3c7ba1b7e1dc055e8d89687889","isMergeCommit":false,"messageTitle":"Update UG text and screenshot","messageBody":"","fileTypesAndContributionMap":{"docs":{"insertions":5,"deletions":1}}},{"hash":"bcc9d6f73d28b45e75272ff8ed76ed040c6b8a99","isMergeCommit":false,"messageTitle":"Update UG command summary","messageBody":"","fileTypesAndContributionMap":{"docs":{"insertions":2,"deletions":0}}}]},{"date":"2025-04-01","commitResults":[{"hash":"94f37d4e3a9b9beff6003f7299be6839e6c374dc","isMergeCommit":true,"messageTitle":"Merge pull request #134 from xumarcus/130-linkwindow","messageBody":"Shows mailto link in popup window","fileTypesAndContributionMap":{}},{"hash":"15c4a6681f48618b6f48e907dbacaa8e1e3d7c88","isMergeCommit":true,"messageTitle":"Merge pull request #136 from xumarcus/129-ug-summary","messageBody":"Update UG command summary","fileTypesAndContributionMap":{}},{"hash":"9d099f1edb33d165632c5fab5180a23a7e0035bf","isMergeCommit":false,"messageTitle":"Fix refocus not changing LinkWindow text","messageBody":"","fileTypesAndContributionMap":{"functional-code":{"insertions":7,"deletions":5},"test-code":{"insertions":2,"deletions":3}}},{"hash":"7b60cc0e8d1d0ce8fb360d4f4087637cc556fdc9","isMergeCommit":false,"messageTitle":"Remove DG testing saving data","messageBody":"","fileTypesAndContributionMap":{"docs":{"insertions":0,"deletions":8}}},{"hash":"0c954dd7ab25905c551375ae95696f5753466fcd","isMergeCommit":false,"messageTitle":"Add safeguard","messageBody":"","fileTypesAndContributionMap":{"docs":{"insertions":2,"deletions":1}}},{"hash":"a58ee7300c02c611cdd9c523803ad13ebe891c63","isMergeCommit":false,"messageTitle":"Replace UC13 with UC8","messageBody":"","fileTypesAndContributionMap":{"docs":{"insertions":7,"deletions":20}}},{"hash":"b3e7b720e73b024dec3046a8426e46fb96b396ce","isMergeCommit":false,"messageTitle":"Add safeguard","messageBody":"","fileTypesAndContributionMap":{"docs":{"insertions":12,"deletions":4}}},{"hash":"e00b87d91abfd2ab513108350e685a27c3f667fa","isMergeCommit":false,"messageTitle":"Replace with AscendNetwork","messageBody":"","fileTypesAndContributionMap":{"docs":{"insertions":6,"deletions":6}}},{"hash":"66b24e8e162b083c9b09a0fb37223ddcbba99e0b","isMergeCommit":false,"messageTitle":"Improve mailto language","messageBody":"","fileTypesAndContributionMap":{"docs":{"insertions":5,"deletions":3}}}]},{"date":"2025-04-02","commitResults":[{"hash":"63c9f136ef8393c04b367ee8b5dbbcbbf4ed196b","isMergeCommit":false,"messageTitle":"Update message usage","messageBody":"","fileTypesAndContributionMap":{"functional-code":{"insertions":2,"deletions":1}}},{"hash":"aa8a65c39bc881b770e1a00516d72ec9c8fd8b9e","isMergeCommit":false,"messageTitle":"Fail export if file exists","messageBody":"","fileTypesAndContributionMap":{"functional-code":{"insertions":4,"deletions":1},"docs":{"insertions":1,"deletions":1}}},{"hash":"b045a19ebe60778c74752d395a5d7fd1058f12e1","isMergeCommit":false,"messageTitle":"Fail export if file exists","messageBody":"","fileTypesAndContributionMap":{"functional-code":{"insertions":9,"deletions":5},"test-code":{"insertions":51,"deletions":11}}},{"hash":"49c10cf554b70247316896dedaeae60c43abfc1e","isMergeCommit":false,"messageTitle":"Update CSS class names","messageBody":"","fileTypesAndContributionMap":{"functional-code":{"insertions":1,"deletions":1},"other":{"insertions":2,"deletions":2}}},{"hash":"daf132bec1e0fa5219a89091a193104a5e891b76","isMergeCommit":true,"messageTitle":"Merge pull request #153 from xumarcus/152-refocus-change-content","messageBody":"Fix refocus not changing LinkWindow text","fileTypesAndContributionMap":{}},{"hash":"638d3659afb29d7b888d381636cbcc32cc33c4e2","isMergeCommit":false,"messageTitle":"Rename file path to file name","messageBody":"","fileTypesAndContributionMap":{"functional-code":{"insertions":1,"deletions":1},"docs":{"insertions":3,"deletions":3}}},{"hash":"6912d0e07269f3c26a691205ffdbd41528449f17","isMergeCommit":false,"messageTitle":"Rename file path to file name","messageBody":"","fileTypesAndContributionMap":{"docs":{"insertions":3,"deletions":3}}},{"hash":"9e6218e5fce227e11f0de723052a8c0389684333","isMergeCommit":true,"messageTitle":"Merge pull request #164 from xumarcus/fix-export-message","messageBody":"Fix export message","fileTypesAndContributionMap":{}},{"hash":"22648480cf96420329d4781fb6525bf310174aef","isMergeCommit":false,"messageTitle":"Move data section away from commands","messageBody":"","fileTypesAndContributionMap":{"docs":{"insertions":15,"deletions":15}}},{"hash":"2361c933e2b1dbd93faaaf8fc8496272549b367e","isMergeCommit":false,"messageTitle":"Bold constraints of FILE_NAME","messageBody":"","fileTypesAndContributionMap":{"docs":{"insertions":3,"deletions":3}}},{"hash":"fa0ca15bd73a119769e67ef597b215024f175735","isMergeCommit":false,"messageTitle":"Bold constraints of FILE_NAME","messageBody":"","fileTypesAndContributionMap":{"docs":{"insertions":3,"deletions":3}}},{"hash":"bedb8887eaba266ed7422e21a7c3646577ff6fbe","isMergeCommit":true,"messageTitle":"Merge branch \u0027master\u0027 into misc-ug-update","messageBody":"# Conflicts:\n#\tdocs/UserGuide.md\n","fileTypesAndContributionMap":{}},{"hash":"55bf8d58824812f130686dd7c7920afd2fcde61a","isMergeCommit":true,"messageTitle":"Merge pull request #154 from xumarcus/misc-ug-update","messageBody":"Update UG/DG","fileTypesAndContributionMap":{}}]},{"date":"2025-04-03","commitResults":[{"hash":"4d1c696079477e209b6434d8ad9a39dddfc9fe7f","isMergeCommit":true,"messageTitle":"Merge pull request #165 from xumarcus/fix-linkwindow-css","messageBody":"Update CSS class names","fileTypesAndContributionMap":{}}]},{"date":"2025-04-05","commitResults":[{"hash":"0ae6348dcf109296489bf7df928931a2e1b71f60","isMergeCommit":false,"messageTitle":"Fix language","messageBody":"","fileTypesAndContributionMap":{"docs":{"insertions":2,"deletions":2}}},{"hash":"a6bbc38564477da595a19d803e2022f37d57f812","isMergeCommit":true,"messageTitle":"Merge pull request #227 from xumarcus/208-more-details-mailto-ug","messageBody":"Fix language","fileTypesAndContributionMap":{}}]}],"xk1234":[{"date":"2025-02-23","commitResults":[{"hash":"99a87d3a2342c0fa5736cc538e5b5230d118383f","isMergeCommit":false,"messageTitle":"Update DeveloperGuide.md","messageBody":"AI use","fileTypesAndContributionMap":{"docs":{"insertions":4,"deletions":1}}}]},{"date":"2025-03-06","commitResults":[{"hash":"23a885b25daa27923d2b4c5cbddbcedfabf0a646","isMergeCommit":false,"messageTitle":"Added developer info","messageBody":"","fileTypesAndContributionMap":{"docs":{"insertions":4,"deletions":4}}},{"hash":"8eae31506b4ab5daf724e32459df4f09a3495921","isMergeCommit":false,"messageTitle":"Check actions","messageBody":"Make sure actions work","fileTypesAndContributionMap":{"other":{"insertions":1,"deletions":0}}},{"hash":"38f6de72ffc5c279bf814fcc3e7e6d49a511b7ca","isMergeCommit":true,"messageTitle":"Merge branch \u0027master\u0027 into add-photo","messageBody":"","fileTypesAndContributionMap":{}}]},{"date":"2025-03-07","commitResults":[{"hash":"d34c8d80f72f68d39f0b82ebb1a6c1bb9a07057c","isMergeCommit":false,"messageTitle":"Delete .github/workflows/gradle.yml","messageBody":"Fixing Gradle","fileTypesAndContributionMap":{"other":{"insertions":0,"deletions":47}}},{"hash":"ad38acd2c7323488fd4c8cdf7678ccc1c028ca4e","isMergeCommit":false,"messageTitle":"Create gradle.yml","messageBody":"Fixing gradle","fileTypesAndContributionMap":{"other":{"insertions":46,"deletions":0}}},{"hash":"70935faf689a73cb11ce010c7cc1b10825c6b0c9","isMergeCommit":false,"messageTitle":"Create test.yml","messageBody":"test github actions","fileTypesAndContributionMap":{"other":{"insertions":46,"deletions":0}}},{"hash":"24c4f6484380f81f989bce8f6d3993fbb3b5c60f","isMergeCommit":false,"messageTitle":"Delete .github/workflow directory","messageBody":"","fileTypesAndContributionMap":{"other":{"insertions":0,"deletions":46}}},{"hash":"5446648e688b8e9d712ff5289f1750a58877509a","isMergeCommit":false,"messageTitle":"Create gradle.yml","messageBody":"","fileTypesAndContributionMap":{"other":{"insertions":46,"deletions":0}}},{"hash":"6536dd0a2ec75032a3ad8d6dd239c5398bcb52dc","isMergeCommit":false,"messageTitle":"Delete .github/workflows/test.yml","messageBody":"","fileTypesAndContributionMap":{"other":{"insertions":0,"deletions":46}}}]},{"date":"2025-03-10","commitResults":[{"hash":"a3aa2f01e3e5a664d0dac6a0cf9b0961896e2293","isMergeCommit":false,"messageTitle":"Update AboutUs","messageBody":"","fileTypesAndContributionMap":{"docs":{"insertions":0,"deletions":11}}},{"hash":"89a59245a36f3656fbbcd788bb050509d051535f","isMergeCommit":true,"messageTitle":"Merge pull request #50 from xk1234/add-ui","messageBody":"Update UI","fileTypesAndContributionMap":{}},{"hash":"8f6be49d4720eefa0609f0498c0887f9621fa1c1","isMergeCommit":false,"messageTitle":"Update AboutUs","messageBody":"","fileTypesAndContributionMap":{"docs":{"insertions":52,"deletions":0}}},{"hash":"ffb93712ef4100f9151c890e81693c2d7f3d4af0","isMergeCommit":false,"messageTitle":"Update Use Case","messageBody":"","fileTypesAndContributionMap":{"docs":{"insertions":39,"deletions":0}}},{"hash":"8453d7b92fbfdcbe41dcce5d837d2a84124504f7","isMergeCommit":true,"messageTitle":"Merge pull request #52 from xk1234/usecase-update","messageBody":"Usecase update","fileTypesAndContributionMap":{}},{"hash":"18c0ae6111b3ebff3e13e3bd9442228ebce1f74b","isMergeCommit":false,"messageTitle":"Update Use Case","messageBody":"","fileTypesAndContributionMap":{"docs":{"insertions":3,"deletions":7}}},{"hash":"78ad04e470f9e2e2032de1d16064c948a9dd0540","isMergeCommit":true,"messageTitle":"Merge pull request #48 from xumarcus/chore-add-pr-template","messageBody":"Chore add pr template","fileTypesAndContributionMap":{}},{"hash":"1542f38bc7c3919ecf36a78b84056eab24b25960","isMergeCommit":false,"messageTitle":"Update Use Case","messageBody":"","fileTypesAndContributionMap":{"docs":{"insertions":1,"deletions":1}}},{"hash":"0b4f6d7c899210ce2bdddbf0fad46b56e03f941d","isMergeCommit":true,"messageTitle":"Merge pull request #55 from xk1234/update-pr-2","messageBody":"Update Use Case","fileTypesAndContributionMap":{}}]},{"date":"2025-03-13","commitResults":[{"hash":"bdba9a99dbf3885125cf069e3dd83685d24a09a5","isMergeCommit":false,"messageTitle":"Added Commission To UI","messageBody":"","fileTypesAndContributionMap":{"functional-code":{"insertions":74,"deletions":39}}},{"hash":"84f42f47f2c69d553c01a9863948faa93786f6b7","isMergeCommit":false,"messageTitle":"Added Commission To UI","messageBody":"","fileTypesAndContributionMap":{"functional-code":{"insertions":29,"deletions":5}}},{"hash":"d499fb12e4fbd6ec3e1b27a4220b27fcdd412f34","isMergeCommit":false,"messageTitle":"Edit Commission To UI","messageBody":"","fileTypesAndContributionMap":{"functional-code":{"insertions":22,"deletions":13},"test-code":{"insertions":45,"deletions":30}}},{"hash":"b817e259b5233e53e4b697480e4c872633e44f2b","isMergeCommit":false,"messageTitle":"Edit Commission To UI","messageBody":"","fileTypesAndContributionMap":{"test-code":{"insertions":37,"deletions":15}}},{"hash":"a09f7d999c3877749980da0b9cabb7cbb7e08e3c","isMergeCommit":false,"messageTitle":"Edit Commission To UI","messageBody":"","fileTypesAndContributionMap":{"functional-code":{"insertions":36,"deletions":8},"test-code":{"insertions":71,"deletions":24}}},{"hash":"480e489f0076d3bf96d28b9a2e633e69027bc455","isMergeCommit":true,"messageTitle":"Merge pull request #63 from xk1234/functional-1","messageBody":"Show Commission on UI and add it to Person","fileTypesAndContributionMap":{}},{"hash":"1025e88a4aa6a4388541d5fae3bf352cde37b555","isMergeCommit":false,"messageTitle":"Revert \"Show Commission on UI\"","messageBody":"","fileTypesAndContributionMap":{"functional-code":{"insertions":18,"deletions":114},"test-code":{"insertions":45,"deletions":129}}},{"hash":"ea8c5b7f558c3e521c94bc474adc250479698b8e","isMergeCommit":true,"messageTitle":"Merge pull request #65 from AY2425S2-CS2103T-T14-4/revert-63-functional-1","messageBody":"Revert \"Show Commission on UI\"","fileTypesAndContributionMap":{}},{"hash":"4816aeb93c061a3cbb643ea7232bf01c9bf5217c","isMergeCommit":false,"messageTitle":"Revert \"Revert \"Show Commission on UI\"\"","messageBody":"","fileTypesAndContributionMap":{"functional-code":{"insertions":114,"deletions":18},"test-code":{"insertions":129,"deletions":45}}},{"hash":"7f94260849cae9254ce2f165ccad731e84fea80d","isMergeCommit":true,"messageTitle":"Merge pull request #66 from AY2425S2-CS2103T-T14-4/revert-65-revert-63-functional-1","messageBody":"Revert \"Revert \"Show Commission on UI\"\"","fileTypesAndContributionMap":{}}]},{"date":"2025-03-14","commitResults":[{"hash":"a7c06d2abe812467633606d29dfced8bd47f0e51","isMergeCommit":false,"messageTitle":"Version Fix","messageBody":"","fileTypesAndContributionMap":{"functional-code":{"insertions":1,"deletions":1}}},{"hash":"e87323887b0b73434b1d0b7b9094e630ad5bb24d","isMergeCommit":true,"messageTitle":"Merge pull request #73 from xk1234/verfix","messageBody":"Version Fix","fileTypesAndContributionMap":{}}]},{"date":"2025-03-15","commitResults":[{"hash":"45171559a979c21c43b61d53ff11b0face71ace2","isMergeCommit":false,"messageTitle":"Add sorting by commission","messageBody":"","fileTypesAndContributionMap":{"functional-code":{"insertions":156,"deletions":0},"test-code":{"insertions":6,"deletions":0}}}]},{"date":"2025-03-17","commitResults":[{"hash":"02100a0a1a5fe31b8bf1bee4c635fa6cc272607f","isMergeCommit":false,"messageTitle":"Add tests for sorting commission","messageBody":"","fileTypesAndContributionMap":{"functional-code":{"insertions":21,"deletions":13},"test-code":{"insertions":105,"deletions":3}}},{"hash":"f88ef223acd41f076840f191271a2df4369002e1","isMergeCommit":true,"messageTitle":"Merge branch \u0027master\u0027 into sort-commission","messageBody":"","fileTypesAndContributionMap":{}},{"hash":"2dd132c4852a3b8138022cf27b6905e34c96767f","isMergeCommit":false,"messageTitle":"Add more tests for sorting commission","messageBody":"","fileTypesAndContributionMap":{"test-code":{"insertions":56,"deletions":1}}}]},{"date":"2025-03-18","commitResults":[{"hash":"ee76b96a9f5cacbd84b7f54b9702cf0bebd11c8b","isMergeCommit":true,"messageTitle":"Merge pull request #78 from xk1234/sort-commission","messageBody":"Add sorting by commission","tags":["v1.3"],"fileTypesAndContributionMap":{}}]},{"date":"2025-03-25","commitResults":[{"hash":"dcf1785ecb7a9c9084d8c458de0b13f6274e7697","isMergeCommit":false,"messageTitle":"Added statistics command","messageBody":"","fileTypesAndContributionMap":{"functional-code":{"insertions":79,"deletions":42},"test-code":{"insertions":93,"deletions":51}}},{"hash":"d717ea174d217e056afddb4d8db7c623f652da00","isMergeCommit":false,"messageTitle":"Fixed build gradle and printed bug","messageBody":"","fileTypesAndContributionMap":{"functional-code":{"insertions":1,"deletions":1},"other":{"insertions":1,"deletions":1}}}]},{"date":"2025-03-27","commitResults":[{"hash":"c25bccfd18fd71f9b483b78091358b70180de09c","isMergeCommit":false,"messageTitle":"Added assertions","messageBody":"","fileTypesAndContributionMap":{"other":{"insertions":16,"deletions":2}}},{"hash":"d598649090842accae3f2b0a78aec830e672ac45","isMergeCommit":false,"messageTitle":"Pass tests","messageBody":"","fileTypesAndContributionMap":{"other":{"insertions":0,"deletions":3}}},{"hash":"95e218b176eb15943ed7dec011cf9f4b44b2c128","isMergeCommit":false,"messageTitle":"newline","messageBody":"","fileTypesAndContributionMap":{"other":{"insertions":2,"deletions":1}}},{"hash":"a45e873ad8facf60a7c63e7e7b456d257201283a","isMergeCommit":true,"messageTitle":"Merge pull request #112 from xk1234/gradlechange","messageBody":"Fixed build gradle and printed bug","fileTypesAndContributionMap":{}},{"hash":"5e95a53640f98ef5fe278b34ffe1790aee400976","isMergeCommit":false,"messageTitle":"Added tests","messageBody":"","fileTypesAndContributionMap":{"functional-code":{"insertions":5,"deletions":2},"test-code":{"insertions":84,"deletions":0}}},{"hash":"a0b79e7945a789a2e9eee2adcc00f4bab2248aa3","isMergeCommit":false,"messageTitle":"Added tests","messageBody":"","fileTypesAndContributionMap":{"test-code":{"insertions":0,"deletions":5}}},{"hash":"06299b563f4eb19cff83857fac594665546913ff","isMergeCommit":true,"messageTitle":"Merge pull request #123 from Bill-1/overflow-fix","messageBody":"Temp merg then will chg with my PR","fileTypesAndContributionMap":{}},{"hash":"eb18b7a0df5d56eb182a7610811bdb9e1c0584c9","isMergeCommit":false,"messageTitle":"Added tests","messageBody":"","fileTypesAndContributionMap":{"functional-code":{"insertions":1,"deletions":1},"test-code":{"insertions":0,"deletions":1}}},{"hash":"bbede242f938b95af45292e09fdb3dcc55519dcc","isMergeCommit":true,"messageTitle":"merge","messageBody":"","fileTypesAndContributionMap":{}},{"hash":"80ff5adc91a50d2723802c1efe26a7b110da1c92","isMergeCommit":true,"messageTitle":"Merge pull request #110 from xk1234/stats","messageBody":"Added statistics command","fileTypesAndContributionMap":{}},{"hash":"fde67e6466dc63c44588ffac22990dd6a5bc8579","isMergeCommit":false,"messageTitle":"comm work","messageBody":"","fileTypesAndContributionMap":{"functional-code":{"insertions":1,"deletions":2}}},{"hash":"b709222dc96e57e9e6bf2f7f478367fa71490e0f","isMergeCommit":false,"messageTitle":"comm work","messageBody":"","fileTypesAndContributionMap":{"test-code":{"insertions":2,"deletions":2}}},{"hash":"614230623067871884562b99c64c5db80ca63bcb","isMergeCommit":true,"messageTitle":"Merge pull request #127 from xk1234/addcomm","messageBody":"comm work","fileTypesAndContributionMap":{}}]},{"date":"2025-04-01","commitResults":[{"hash":"e75cc6a366214e7088c04aa82b6bc214dbcd60ef","isMergeCommit":false,"messageTitle":"UserGuide","messageBody":"","fileTypesAndContributionMap":{"docs":{"insertions":26,"deletions":0}}},{"hash":"fb8ebfef00ca9cc6d8ddd5378f338e9f085f3d59","isMergeCommit":true,"messageTitle":"Merge pull request #138 from xk1234/userguide","messageBody":"UserGuide","fileTypesAndContributionMap":{}}]},{"date":"2025-04-03","commitResults":[{"hash":"e2157b12efc11699166be6ee9891fa74937596a6","isMergeCommit":false,"messageTitle":"bugfix","messageBody":"","fileTypesAndContributionMap":{"functional-code":{"insertions":16,"deletions":15},"docs":{"insertions":1,"deletions":1},"test-code":{"insertions":4,"deletions":1}}},{"hash":"3c02f1f35113a236c3fbc186d4476e4b9862b6eb","isMergeCommit":false,"messageTitle":"bugfix","messageBody":"","fileTypesAndContributionMap":{"functional-code":{"insertions":2,"deletions":3},"test-code":{"insertions":5,"deletions":4}}},{"hash":"b24c1721ece503b0ac3288cf0a0e43f4d81d6814","isMergeCommit":false,"messageTitle":"bugfix","messageBody":"","fileTypesAndContributionMap":{"functional-code":{"insertions":11,"deletions":21},"docs":{"insertions":1,"deletions":1},"test-code":{"insertions":50,"deletions":31}}},{"hash":"671bd069b2ae6a1af7121a69ceede9b6c0986665","isMergeCommit":false,"messageTitle":"bugfix","messageBody":"","fileTypesAndContributionMap":{"test-code":{"insertions":4,"deletions":14}}},{"hash":"78727f7d1c2e04a49804b571c79a3ca489617a85","isMergeCommit":false,"messageTitle":"bugfix","messageBody":"","fileTypesAndContributionMap":{"test-code":{"insertions":3,"deletions":4}}},{"hash":"10e099487bfe3fba5e3ed27a6a4bba2494327619","isMergeCommit":true,"messageTitle":"Merge pull request #174 from xk1234/bugfix","messageBody":"Bugfix","fileTypesAndContributionMap":{}},{"hash":"872c199026fe1a12e780dbb946b2b0f3eb4cc7e3","isMergeCommit":false,"messageTitle":"bugfix","messageBody":"","fileTypesAndContributionMap":{"docs":{"insertions":2,"deletions":0}}},{"hash":"9209990563f12c3e36865910f0661f7203170917","isMergeCommit":false,"messageTitle":"bugfix","messageBody":"","fileTypesAndContributionMap":{"docs":{"insertions":1,"deletions":1}}},{"hash":"1c4d46470145f7dcc2bd42fc26692c76ea495692","isMergeCommit":true,"messageTitle":"Merge pull request #177 from xk1234/docsupdate","messageBody":"Docs Update","tags":["v1.5"],"fileTypesAndContributionMap":{}}]},{"date":"2025-04-05","commitResults":[{"hash":"dd31c82df2c8ef9fc44b1b0aa536c1caa13d934e","isMergeCommit":false,"messageTitle":"docs update","messageBody":"","fileTypesAndContributionMap":{"docs":{"insertions":2,"deletions":1}}},{"hash":"3af82b68de91f5dfc06e33241c385289ae842b62","isMergeCommit":false,"messageTitle":"sort commission bugfix","messageBody":"","fileTypesAndContributionMap":{"functional-code":{"insertions":8,"deletions":2},"test-code":{"insertions":14,"deletions":0}}},{"hash":"7c56644dd4380c8d832bafc1f2f24501800ec8ef","isMergeCommit":false,"messageTitle":"sort commission bugfix 2","messageBody":"","fileTypesAndContributionMap":{"functional-code":{"insertions":2,"deletions":2},"test-code":{"insertions":3,"deletions":4}}},{"hash":"b87ad187ca384a8bbfaac33cbf25f3ef0c55432b","isMergeCommit":true,"messageTitle":"Merge pull request #226 from xk1234/bugfix2","messageBody":"sort commission bugfix","fileTypesAndContributionMap":{}},{"hash":"2931416cd18a2d5b522181a58c796b4a698df249","isMergeCommit":true,"messageTitle":"Merge pull request #225 from xk1234/docsupd","messageBody":"docs update","fileTypesAndContributionMap":{}}]}],"BladerX11":[{"date":"2025-03-05","commitResults":[{"hash":"66bfec6f8fcec2b6ad7d41a9d6d2151507d7268c","isMergeCommit":false,"messageTitle":"(Docs): Update Developer Guide requirements section","messageBody":"","fileTypesAndContributionMap":{"docs":{"insertions":69,"deletions":43}}},{"hash":"e86bc78cf6880e3d2d11b7fc42fccb60056bc91b","isMergeCommit":false,"messageTitle":"Docs: Update AboutUs","messageBody":"","fileTypesAndContributionMap":{"docs":{"insertions":6,"deletions":47}}},{"hash":"3301570c97be8e5c8743f58416d99b4c7059531c","isMergeCommit":false,"messageTitle":"Docs: Create portfolio","messageBody":"","fileTypesAndContributionMap":{"docs":{"insertions":33,"deletions":46}}},{"hash":"1d923437decd8948f164a57e7ed1140129915b28","isMergeCommit":false,"messageTitle":"(Docs): Show CI status of repository in README","messageBody":"","fileTypesAndContributionMap":{"docs":{"insertions":1,"deletions":1}}},{"hash":"84161a059b1fe0a33a5c55183560d8afb44b014a","isMergeCommit":true,"messageTitle":"Merge pull request #32 from BladerX11/24-dg-update","messageBody":"Update Developer Guide","fileTypesAndContributionMap":{}},{"hash":"2156d52f536ad54665181cc72e22605e8f038fe7","isMergeCommit":true,"messageTitle":"Merge pull request #36 from BladerX11/16-update-aboutus","messageBody":"Update Dallas\u0027 AboutUs","fileTypesAndContributionMap":{}}]},{"date":"2025-03-07","commitResults":[{"hash":"1f958c2157c2405355809d701bf36b7de42e280c","isMergeCommit":false,"messageTitle":"Docs: Update requirements format","messageBody":"","fileTypesAndContributionMap":{"docs":{"insertions":68,"deletions":57}}},{"hash":"dce5f727961f44107952b7b832d862480ec54b0d","isMergeCommit":false,"messageTitle":"Docs: Add find contact use case","messageBody":"","fileTypesAndContributionMap":{"docs":{"insertions":20,"deletions":0}}},{"hash":"cfc8c75d50545267ec8b2679e5a610d6f72fa994","isMergeCommit":false,"messageTitle":"Docs: Add use case for tagging multiple contacts","messageBody":"","fileTypesAndContributionMap":{"docs":{"insertions":24,"deletions":0}}}]},{"date":"2025-03-08","commitResults":[{"hash":"bd677419b9f7af12cb0c1db1111c8cbbaa41e011","isMergeCommit":true,"messageTitle":"Merge branch \u0027master\u0027 into 27-use-case-filter-contacts","messageBody":"","fileTypesAndContributionMap":{}}]},{"date":"2025-03-12","commitResults":[{"hash":"06527ec15445c396ba544597e848debd7b1356bc","isMergeCommit":false,"messageTitle":"Create predicate package and tag and name predicate","messageBody":"","fileTypesAndContributionMap":{"functional-code":{"insertions":120,"deletions":0},"other":{"insertions":3,"deletions":2},"test-code":{"insertions":235,"deletions":2}}},{"hash":"adf52c43d45cbf6b7a3eb6281b2120548d3d4deb","isMergeCommit":false,"messageTitle":"Feat: Use name and tag predicates in FindCommand","messageBody":"","fileTypesAndContributionMap":{"functional-code":{"insertions":11,"deletions":7},"test-code":{"insertions":79,"deletions":16}}},{"hash":"5c649c329ee523d920788ed2acb8f0fe5da4409b","isMergeCommit":false,"messageTitle":"Feat: Parse FindCommand with name and tag keywords","messageBody":"","fileTypesAndContributionMap":{"functional-code":{"insertions":24,"deletions":11},"test-code":{"insertions":85,"deletions":16}}},{"hash":"c39072eca84b7361867254701be9aef3fe0940e4","isMergeCommit":false,"messageTitle":"Docs: Update new usage of find command in UG","messageBody":"","fileTypesAndContributionMap":{"docs":{"insertions":19,"deletions":13}}},{"hash":"abce9b0d8c6418ea9facc64475461469e3ffce0a","isMergeCommit":false,"messageTitle":"Refactor: Update sample data tags to match target user","messageBody":"","fileTypesAndContributionMap":{"functional-code":{"insertions":12,"deletions":12}}},{"hash":"afce254b4c736ffa3615b782449ff9536892eb27","isMergeCommit":false,"messageTitle":"Feat: Use one prefix for name and tag each in find","messageBody":"","fileTypesAndContributionMap":{"functional-code":{"insertions":13,"deletions":7},"docs":{"insertions":8,"deletions":8},"test-code":{"insertions":18,"deletions":12}}}]},{"date":"2025-03-13","commitResults":[{"hash":"063e6de491bfb370ae35729355348af3442cf0c7","isMergeCommit":true,"messageTitle":"Merge branch \u0027master\u0027 into 42-find-by-tag","messageBody":"","fileTypesAndContributionMap":{}},{"hash":"33a3ba80557d183e4bcc2e9bbaab6faea105f7bd","isMergeCommit":true,"messageTitle":"Merge pull request #62 from BladerX11/42-find-by-tag","messageBody":"Finding persons by tags and names","fileTypesAndContributionMap":{}}]},{"date":"2025-03-14","commitResults":[{"hash":"6749890e9514b095b018148ec476b0d99a44a7a3","isMergeCommit":true,"messageTitle":"Merge pull request #72 from Bill-1/finish-commands","messageBody":"Finish add commission command","fileTypesAndContributionMap":{}}]},{"date":"2025-03-18","commitResults":[{"hash":"284b1632a27db81f70d1e8beb91655ffa33de543","isMergeCommit":false,"messageTitle":"Feat: Add command to tag all listed persons","messageBody":"","fileTypesAndContributionMap":{"functional-code":{"insertions":97,"deletions":0}}},{"hash":"022649577326edc169ce123b5bb7934704daa84c","isMergeCommit":false,"messageTitle":"Feat: Add parser for TagCommand","messageBody":"","fileTypesAndContributionMap":{"functional-code":{"insertions":39,"deletions":1}}},{"hash":"3f3d52da0fd8bbf356f803a29b19e5c10e7e1ecb","isMergeCommit":false,"messageTitle":"Test: Add test for TagCommand","messageBody":"","fileTypesAndContributionMap":{"test-code":{"insertions":114,"deletions":0}}},{"hash":"2b5f3c70472875c69d2250e4a0fe55f6de6d74b3","isMergeCommit":false,"messageTitle":"Test: Add tests for TagCommandParser","messageBody":"","fileTypesAndContributionMap":{"test-code":{"insertions":72,"deletions":0}}},{"hash":"f3db14840ed7240b0d9e97ca23b238003335b226","isMergeCommit":false,"messageTitle":"Docs: Add user guide for tag command","messageBody":"","fileTypesAndContributionMap":{"docs":{"insertions":18,"deletions":0}}},{"hash":"112dfeec0cf7881ae9e48a8efa0abcc4eb23e214","isMergeCommit":false,"messageTitle":"Docs: Update tag command use case","messageBody":"","fileTypesAndContributionMap":{"docs":{"insertions":5,"deletions":2}}},{"hash":"9666c6463a64854927bf5223a535f4a2df07cfbd","isMergeCommit":true,"messageTitle":"Merge branch \u0027master\u0027 into 76-tag-multiple","messageBody":"","fileTypesAndContributionMap":{}},{"hash":"a66c27afcbb928a00827c400014d96e856ca13e3","isMergeCommit":false,"messageTitle":"Test: add test for TagCommand toString method","messageBody":"","fileTypesAndContributionMap":{"functional-code":{"insertions":0,"deletions":1},"test-code":{"insertions":9,"deletions":0}}},{"hash":"7bcc07d4fdba6baa46e43b5f1abc1fcbd31ed9ca","isMergeCommit":false,"messageTitle":"Refactor: Improve JavaDoc for tag command","messageBody":"","fileTypesAndContributionMap":{"functional-code":{"insertions":2,"deletions":0},"test-code":{"insertions":0,"deletions":1}}}]},{"date":"2025-03-19","commitResults":[{"hash":"029957f23a4fa3038f773ca9a2216a2e0bdee358","isMergeCommit":false,"messageTitle":"Refactor: Movw empty list error message to Messages","messageBody":"","fileTypesAndContributionMap":{"functional-code":{"insertions":10,"deletions":7},"test-code":{"insertions":2,"deletions":1}}},{"hash":"170cd9ab9b47857e2f7ebbed5fcbcf845b983d8c","isMergeCommit":false,"messageTitle":"Refactor: Create invalid tag variable for tests","messageBody":"","fileTypesAndContributionMap":{"test-code":{"insertions":12,"deletions":5}}},{"hash":"7c3213474bf7929c0a4f85e5dfaedc35ab1ef59d","isMergeCommit":false,"messageTitle":"Feature: Add command for removing multiple tags at","messageBody":"","fileTypesAndContributionMap":{"functional-code":{"insertions":108,"deletions":0}}},{"hash":"d51ca1cd02a39cfa6cd1ecf6deae93a5082884e8","isMergeCommit":false,"messageTitle":"Feature: Add parser for RemoveTagCommand","messageBody":"","fileTypesAndContributionMap":{"functional-code":{"insertions":43,"deletions":1}}},{"hash":"ba4cfea827f65ae381f70628d450038270c78e2d","isMergeCommit":false,"messageTitle":"Test: Add RemoveTagCommand tests","messageBody":"","fileTypesAndContributionMap":{"test-code":{"insertions":155,"deletions":0}}},{"hash":"76a030905d99ff00f90882eb3d35dea10415c457","isMergeCommit":false,"messageTitle":"Test: Add test for RemoveTagCommand parser","messageBody":"","fileTypesAndContributionMap":{"test-code":{"insertions":77,"deletions":0}}},{"hash":"e66ae7de4f9971f0a20228839e45c95d0c844a14","isMergeCommit":false,"messageTitle":"Docs: Add developer docs for RemomveTagCommand","messageBody":"","fileTypesAndContributionMap":{"docs":{"insertions":23,"deletions":0}}},{"hash":"6f4b650daa37b0d2ca8e3366de3effcaea2ba301","isMergeCommit":false,"messageTitle":"Docs: Add user docs for RemoveAddCommand","messageBody":"","fileTypesAndContributionMap":{"docs":{"insertions":20,"deletions":0}}},{"hash":"68d432db68ebe9636b7cba5a779bd6a89b8d5ba4","isMergeCommit":false,"messageTitle":"Feature: Only report affected person count","messageBody":"","fileTypesAndContributionMap":{"functional-code":{"insertions":6,"deletions":5}}},{"hash":"469f9021de6772b27f2ed01c09b6d8d99e0a2463","isMergeCommit":false,"messageTitle":"Test: Update tests according to new behaviour","messageBody":"","fileTypesAndContributionMap":{"test-code":{"insertions":63,"deletions":37}}},{"hash":"babd03b1000212f1591684c8c44cbe06445d6c99","isMergeCommit":false,"messageTitle":"Docs: Update Tag command in user guide","messageBody":"","fileTypesAndContributionMap":{"docs":{"insertions":2,"deletions":1}}},{"hash":"2bbdd7daa1767058a0889cfdd40802ab0ddd4e13","isMergeCommit":false,"messageTitle":"Test: Setup expected model in RemoveTagCommandTest","messageBody":"","fileTypesAndContributionMap":{"test-code":{"insertions":10,"deletions":11}}},{"hash":"28361f5530e3365b64bf1f2cd9111044ee1a1842","isMergeCommit":false,"messageTitle":"Docs: Update user guide introduction","messageBody":"","fileTypesAndContributionMap":{"docs":{"insertions":78,"deletions":46}}}]},{"date":"2025-03-20","commitResults":[{"hash":"b490764cc6a7823259dd9fbff23a13a0a6fbfffa","isMergeCommit":true,"messageTitle":"Merge pull request #96 from BladerX11/87-ug-intro","messageBody":"Update user guide introduction","fileTypesAndContributionMap":{}},{"hash":"4100bcc618b1411cf3c9b9bb0ac84e70cb8c3128","isMergeCommit":false,"messageTitle":"Refactor: Remove stream operation with side effect","messageBody":"","fileTypesAndContributionMap":{"functional-code":{"insertions":8,"deletions":12}}},{"hash":"9187577b50dcf358b191fddb9e8949b38d428257","isMergeCommit":true,"messageTitle":"Merge pull request #95 from BladerX11/92-remove-tag-multiple","messageBody":"Remove multiple tags","fileTypesAndContributionMap":{}},{"hash":"6072897571b2a1a246e4a5f50f58452ef33d570f","isMergeCommit":false,"messageTitle":"Docs: Fix tooltips in user guide","messageBody":"","fileTypesAndContributionMap":{"docs":{"insertions":3,"deletions":4}}},{"hash":"745b27721ed8ab0427e6c164f5c9b79c1b7a2315","isMergeCommit":false,"messageTitle":"Docs: Move TOC to top of user guide","messageBody":"","fileTypesAndContributionMap":{"docs":{"insertions":5,"deletions":3}}},{"hash":"5a4a997181b90c16053f9fc89fd210cc872bcf8f","isMergeCommit":false,"messageTitle":"Docs: Improve calrity of find command in user guide","messageBody":"","fileTypesAndContributionMap":{"docs":{"insertions":11,"deletions":9}}},{"hash":"c9e7db61520a7031cdaf5f86b38146976018f60e","isMergeCommit":false,"messageTitle":"Docs: Improve clarity of rmtag command","messageBody":"","fileTypesAndContributionMap":{"docs":{"insertions":5,"deletions":5}}},{"hash":"3e0ece4106db0475f5a599ff772339ee2b408033","isMergeCommit":false,"messageTitle":"Docs: Add extensions to find use case","messageBody":"","fileTypesAndContributionMap":{"docs":{"insertions":5,"deletions":2}}},{"hash":"dadb203e683f87fd892164765da300133310b8c6","isMergeCommit":false,"messageTitle":"Refactor: Remove stream with side effects","messageBody":"","fileTypesAndContributionMap":{"functional-code":{"insertions":8,"deletions":6}}},{"hash":"fa3d2ed45cddf62de317e9ddbfce3d6844367d0c","isMergeCommit":false,"messageTitle":"Docs: Fix rmtag phrasing in developer guide","messageBody":"","fileTypesAndContributionMap":{"docs":{"insertions":1,"deletions":1}}},{"hash":"a1ac4300303b83ed1021c41631c300781a905487","isMergeCommit":false,"messageTitle":"Docs: improve tag command phrasing","messageBody":"","fileTypesAndContributionMap":{"docs":{"insertions":5,"deletions":5}}},{"hash":"fce02877c94b01d990f472960081a8215f49b806","isMergeCommit":false,"messageTitle":"Docs: Improve rmtag user guide phrasing","messageBody":"","fileTypesAndContributionMap":{"docs":{"insertions":1,"deletions":1}}},{"hash":"5831d966e7293166874602a5172d3c23b693ea80","isMergeCommit":true,"messageTitle":"Merge branch \u0027master\u0027 into 76-tag-multiple","messageBody":"","fileTypesAndContributionMap":{}},{"hash":"91ce5187adb740e980cc2042012e334d211504dd","isMergeCommit":false,"messageTitle":"Refactor: Use shared empty list command in tag command","messageBody":"","fileTypesAndContributionMap":{"functional-code":{"insertions":1,"deletions":1},"test-code":{"insertions":2,"deletions":1}}},{"hash":"f425d1b9f8fbdfe39ce7732d486670deecf3da0a","isMergeCommit":false,"messageTitle":"Refactor: Use shared invalid tag","messageBody":"","fileTypesAndContributionMap":{"test-code":{"insertions":3,"deletions":3}}},{"hash":"594be1fd76f90d546891d7bc05294d235f7de879","isMergeCommit":false,"messageTitle":"Refactor: Fix AddressBookParserTest formatting","messageBody":"","fileTypesAndContributionMap":{"test-code":{"insertions":3,"deletions":3}}},{"hash":"070e69ea2cb4d90d538cc66f257afeb49a4e1b0b","isMergeCommit":true,"messageTitle":"Merge pull request #103 from BladerX11/102-fix-guides","messageBody":"Fix guide format and clarity","fileTypesAndContributionMap":{}}]},{"date":"2025-03-22","commitResults":[{"hash":"d990bb586ff29482ba78efbf81091240e9775f7e","isMergeCommit":true,"messageTitle":"Merge pull request #99 from xumarcus/74-change-app-title-and-icon","messageBody":"Update app title and icon","fileTypesAndContributionMap":{}},{"hash":"081c78fb54a7ff9d7fdb9eb0587ddaab75915de1","isMergeCommit":true,"messageTitle":"Merge pull request #100 from xumarcus/98-update-gitignore-csv","messageBody":"Update .gitignore to exclude csv","fileTypesAndContributionMap":{}}]},{"date":"2025-03-24","commitResults":[{"hash":"c002c8fe0a703d135d992372ec042fe4c935f92b","isMergeCommit":true,"messageTitle":"Merge pull request #107 from xumarcus/86-user-guide-faq","messageBody":"Update FAQ","fileTypesAndContributionMap":{}},{"hash":"af7c91362c7251bf4b26043e364a5b633a774dd3","isMergeCommit":false,"messageTitle":"Docs: Remove conflict markers","messageBody":"","fileTypesAndContributionMap":{"docs":{"insertions":0,"deletions":3}}},{"hash":"0b79e9cd5b4bdffd11701b24748d86b5e4d74ffe","isMergeCommit":false,"messageTitle":"Test: Remove default expected model in TagCommandTest","messageBody":"","fileTypesAndContributionMap":{"test-code":{"insertions":1,"deletions":2}}},{"hash":"f2eaf7e0622321f3c36b4bb5b9b5d37f09aa5ab3","isMergeCommit":false,"messageTitle":"Fix: Ensure tags are not empty in TagCommand","messageBody":"","fileTypesAndContributionMap":{"functional-code":{"insertions":1,"deletions":0}}},{"hash":"e197789352a70afd49b00ccda046a7f1b527265b","isMergeCommit":true,"messageTitle":"Merge branch \u0027master\u0027 into 76-tag-multiple","messageBody":"","fileTypesAndContributionMap":{}},{"hash":"cfdf6afa6660eabda1df2fd8ff542f3d978c8aac","isMergeCommit":true,"messageTitle":"Merge pull request #91 from BladerX11/76-tag-multiple","messageBody":"Tag multiple contacts at once","fileTypesAndContributionMap":{}},{"hash":"bf5edf87c17856fbfec988960cf9cc8f0802b49b","isMergeCommit":false,"messageTitle":"Refactor: Use built in methods for RemoveTagCommand","messageBody":"","fileTypesAndContributionMap":{"functional-code":{"insertions":5,"deletions":5}}}]},{"date":"2025-03-25","commitResults":[{"hash":"88acde61130f1c49b21f0ba333a8a18e7392e54a","isMergeCommit":true,"messageTitle":"Merge pull request #109 from BladerX11/refactor-rmtag","messageBody":"Refactor RemoveTagCommand","fileTypesAndContributionMap":{}},{"hash":"91c74773f0c56a6248ef5c2fbc28b1b34ec22210","isMergeCommit":false,"messageTitle":"Docs: Add UML and image for filtering implementation","messageBody":"","fileTypesAndContributionMap":{"docs":{"insertions":18,"deletions":0}}},{"hash":"96b74368404135dd5701715a9c94f7a24e2a35a5","isMergeCommit":false,"messageTitle":"Docs: Add documentation on filtering implementaiton","messageBody":"","fileTypesAndContributionMap":{"docs":{"insertions":31,"deletions":7}}},{"hash":"1a714b838c0d8623cdf59e25f78412dc6ae39d7e","isMergeCommit":false,"messageTitle":"Docs: Change all wording to person","messageBody":"","fileTypesAndContributionMap":{"docs":{"insertions":40,"deletions":44}}},{"hash":"19f11bb40fc74f292161a1f7c6add74db11226ff","isMergeCommit":false,"messageTitle":"Docs: Update UC9","messageBody":"","fileTypesAndContributionMap":{"docs":{"insertions":1,"deletions":1}}},{"hash":"3e8fde6d35bb6a2018136c318f1ca70d61b4f514","isMergeCommit":false,"messageTitle":"Docs: Fix formatting","messageBody":"","fileTypesAndContributionMap":{"docs":{"insertions":16,"deletions":15}}}]},{"date":"2025-03-26","commitResults":[{"hash":"a3be086ad634a6bd2b371fc69429861b58999018","isMergeCommit":true,"messageTitle":"Merge pull request #119 from BladerX11/111-filtering-implementation","messageBody":"Add filtering implementation to DG","fileTypesAndContributionMap":{}}]},{"date":"2025-03-27","commitResults":[{"hash":"f744f48249fb601753c7a8ff6e695d9cf94a1e4a","isMergeCommit":false,"messageTitle":"Docs: update UG wording and add screenshots","messageBody":"","fileTypesAndContributionMap":{"docs":{"insertions":32,"deletions":22}}},{"hash":"27e138b0ea347b02c2506e719f08d678239a1631","isMergeCommit":false,"messageTitle":"Docs: Make some UG sentances more natural","messageBody":"","fileTypesAndContributionMap":{"docs":{"insertions":2,"deletions":2}}},{"hash":"02a1d3ab5f5b39c625f790c217bf07885cb0d765","isMergeCommit":true,"messageTitle":"Merge pull request #125 from BladerX11/108-improve-ug-phrasing","messageBody":"Update UG wording and add screenshots","fileTypesAndContributionMap":{}},{"hash":"3f58f428e51c499c9eddf53dca5b499294e083cf","isMergeCommit":false,"messageTitle":"Revert \"Added assertions\"","messageBody":"This reverts commit c25bccfd18fd71f9b483b78091358b70180de09c.\n","fileTypesAndContributionMap":{"other":{"insertions":1,"deletions":13}}},{"hash":"3a23933a4ba70219b5ae7a0929a93df5d750fe97","isMergeCommit":false,"messageTitle":"Chore: Enable assertions in build.gradle","messageBody":"","fileTypesAndContributionMap":{"other":{"insertions":4,"deletions":0}}}]},{"date":"2025-04-03","commitResults":[{"hash":"cce2d230fadf457078eae2ac98ec7855d61424f8","isMergeCommit":false,"messageTitle":"Refactor: Specify parameter in new line","messageBody":"","fileTypesAndContributionMap":{"functional-code":{"insertions":1,"deletions":1}}},{"hash":"7c0e4cf1b2e6172052cd631f58cdbcb1d4537ce8","isMergeCommit":false,"messageTitle":"Refactor: Fix rmtag invaild message parameters","messageBody":"","fileTypesAndContributionMap":{"functional-code":{"insertions":1,"deletions":1}}},{"hash":"4010ab71dc75405d4a29bd923a31ab9774cc76b6","isMergeCommit":false,"messageTitle":"Docs: Shorten find command parameters","messageBody":"","fileTypesAndContributionMap":{"functional-code":{"insertions":2,"deletions":1},"docs":{"insertions":11,"deletions":11}}},{"hash":"0a5d7b2aaf7c9636681ac019c82e60f10e871d58","isMergeCommit":true,"messageTitle":"Merge pull request #172 from BladerX11/160-fix-tag-message","messageBody":"Specify tag command parameters in new line for invalid format","fileTypesAndContributionMap":{}}]},{"date":"2025-04-04","commitResults":[{"hash":"1125a93febd5e7ee79000cee46c0872db9ca2d87","isMergeCommit":false,"messageTitle":"Docs: Add AI usage declaration for code","messageBody":"","fileTypesAndContributionMap":{"docs":{"insertions":4,"deletions":3}}},{"hash":"3fae578fb1417db95d61a352d0cb81d6f3d67091","isMergeCommit":false,"messageTitle":"Docs: Add Marcus AI Use","messageBody":"Co-authored-by: xumarcus \u003c51620147+xumarcus@users.noreply.github.com\u003e","fileTypesAndContributionMap":{"docs":{"insertions":1,"deletions":0}}},{"hash":"8227e377ddec4913e4b27535474ce049b66693bb","isMergeCommit":true,"messageTitle":"Merge pull request #179 from BladerX11/178-reuse-declaration","messageBody":"Docs: Add AI usage declaration for code","fileTypesAndContributionMap":{}}]}],"Bill-1":[{"date":"2025-03-07","commitResults":[{"hash":"ce56b15a4192d739af53d678c167c60560228328","isMergeCommit":false,"messageTitle":"Update About Us","messageBody":"","fileTypesAndContributionMap":{"docs":{"insertions":3,"deletions":3}}},{"hash":"d5c18a1bb08808856fc3b8fc7ab27b21bda3921d","isMergeCommit":false,"messageTitle":"Fix","messageBody":"","fileTypesAndContributionMap":{"docs":{"insertions":7,"deletions":7}}},{"hash":"2082e74900cabaec4093b16224c9faa329d50509","isMergeCommit":false,"messageTitle":"Add uses cases for adding, and sending bulk","messageBody":"","fileTypesAndContributionMap":{"docs":{"insertions":37,"deletions":1}}}]},{"date":"2025-03-08","commitResults":[{"hash":"da8bebf1dd1e1428d2d6b39b5087c8ad1b187799","isMergeCommit":true,"messageTitle":"Merge pull request #41 from BladerX11/27-use-case-filter-contacts","messageBody":"Add use case for filtering contacts and adding tags to multiple contacts","fileTypesAndContributionMap":{}},{"hash":"5269147084383ba9412bcb4874554244de15cbb8","isMergeCommit":true,"messageTitle":"Merge developer guide","messageBody":"","fileTypesAndContributionMap":{}},{"hash":"3032ad31ca9e2262283ec0c0d2e0d6a9a88388cb","isMergeCommit":false,"messageTitle":"Fix","messageBody":"","fileTypesAndContributionMap":{"docs":{"insertions":2,"deletions":40}}}]},{"date":"2025-03-09","commitResults":[{"hash":"6c279e73e390c50f2cdaa625a62ac55b81d893ac","isMergeCommit":true,"messageTitle":"Merge branch \u0027master\u0027 into add-photo","messageBody":"","fileTypesAndContributionMap":{}},{"hash":"875163a3f335d23f776d557d94fe20b0503b3fa9","isMergeCommit":true,"messageTitle":"Merge pull request #43 from Bill-1/add-photo","messageBody":"Add photo, update about us","fileTypesAndContributionMap":{}},{"hash":"0fa618658cd862df5506a0d241c09b9b1efe2eda","isMergeCommit":false,"messageTitle":"Fix","messageBody":"","fileTypesAndContributionMap":{"docs":{"insertions":6,"deletions":8}}}]},{"date":"2025-03-11","commitResults":[{"hash":"fb2f341ef2293738487c79897b36bcf3cb7b81a6","isMergeCommit":false,"messageTitle":"Add add commission command","messageBody":"","fileTypesAndContributionMap":{"functional-code":{"insertions":60,"deletions":0}}},{"hash":"09815f11d50988468c6c5a121367aaca88ed1149","isMergeCommit":false,"messageTitle":"Create commission class","messageBody":"","fileTypesAndContributionMap":{"functional-code":{"insertions":19,"deletions":0}}},{"hash":"2bc6c8cb47684c9430d35e1749a334798180a74d","isMergeCommit":false,"messageTitle":"Fix","messageBody":"","fileTypesAndContributionMap":{"functional-code":{"insertions":1,"deletions":0}}},{"hash":"9217016b52186800b73516f389593e649afdb02c","isMergeCommit":false,"messageTitle":"Fix","messageBody":"","fileTypesAndContributionMap":{"functional-code":{"insertions":1,"deletions":1}}}]},{"date":"2025-03-12","commitResults":[{"hash":"18308ac968bc1cb899c4eb9b0a31680d69b6d0a0","isMergeCommit":false,"messageTitle":"Fix","messageBody":"","fileTypesAndContributionMap":{"functional-code":{"insertions":6,"deletions":1}}},{"hash":"1a3679c7f48aea7178b79176acaf58d822b5df12","isMergeCommit":false,"messageTitle":"Add methods in Commission class and testing","messageBody":"","fileTypesAndContributionMap":{"functional-code":{"insertions":22,"deletions":0},"test-code":{"insertions":35,"deletions":0}}},{"hash":"3adc153764c7c18854474acfcdaff7b210b2fcc2","isMergeCommit":true,"messageTitle":"Merge pull request #61 from Bill-1/commission","messageBody":"Create Commission Class","fileTypesAndContributionMap":{}},{"hash":"1af87938d0ac59ae6b8abfbb8c98b90da6735545","isMergeCommit":true,"messageTitle":"Merge commission class","messageBody":"","fileTypesAndContributionMap":{}}]},{"date":"2025-03-13","commitResults":[{"hash":"84833be00feee6ede0a0e0e846bb63e81277ad01","isMergeCommit":false,"messageTitle":"Add add commission and total features, and expand Commission class","messageBody":"","fileTypesAndContributionMap":{"functional-code":{"insertions":158,"deletions":19},"test-code":{"insertions":19,"deletions":0}}},{"hash":"45d3300a2e80787cfad572a03185fcaa464daefd","isMergeCommit":false,"messageTitle":"Fix","messageBody":"","fileTypesAndContributionMap":{"test-code":{"insertions":2,"deletions":3}}},{"hash":"b592e89ba1da422dc017dcd02fe53a8ec5d7ee30","isMergeCommit":false,"messageTitle":"Fix","messageBody":"","fileTypesAndContributionMap":{"functional-code":{"insertions":8,"deletions":7}}},{"hash":"00546c3409820836d4c431d5c2ea8fc6c3e70b2b","isMergeCommit":false,"messageTitle":"Add testings","messageBody":"","fileTypesAndContributionMap":{"functional-code":{"insertions":33,"deletions":9},"test-code":{"insertions":102,"deletions":2}}},{"hash":"cca32d4bcc973e761e6fcd8a7d65674d77902909","isMergeCommit":false,"messageTitle":"Fix checkstyle","messageBody":"","fileTypesAndContributionMap":{"functional-code":{"insertions":4,"deletions":4},"test-code":{"insertions":1,"deletions":4}}},{"hash":"988ff452536a831a3c5daaa9a0d5cd822fcfc542","isMergeCommit":false,"messageTitle":"Fix testing","messageBody":"","fileTypesAndContributionMap":{"test-code":{"insertions":106,"deletions":2}}},{"hash":"85a171199a0e148bfb9768c86c38ffa441aafaf6","isMergeCommit":false,"messageTitle":"Fix minor mistake","messageBody":"","fileTypesAndContributionMap":{"functional-code":{"insertions":1,"deletions":1}}},{"hash":"220913e69a554f59a37e15d6d61776e2aacd2cf0","isMergeCommit":true,"messageTitle":"Merge branch \u0027master\u0027 into features","messageBody":"","fileTypesAndContributionMap":{}},{"hash":"420e60faa62c4cabe81cf9bb94dda0caae8b1380","isMergeCommit":false,"messageTitle":"Merge","messageBody":"","fileTypesAndContributionMap":{"functional-code":{"insertions":2,"deletions":16},"test-code":{"insertions":2,"deletions":2}}},{"hash":"19cc2e8e68ff4341680ea6a9e7c6488326c1774d","isMergeCommit":true,"messageTitle":"Merge pull request #64 from Bill-1/features","messageBody":"Features","fileTypesAndContributionMap":{}}]},{"date":"2025-03-14","commitResults":[{"hash":"9aabf5aca49de0eeca6053ae53f8bdca999411a6","isMergeCommit":false,"messageTitle":"Finish add commission command","messageBody":"","fileTypesAndContributionMap":{"functional-code":{"insertions":18,"deletions":9}}},{"hash":"672ada58be8da9fcdc4eaa06c3f9e6f924549e87","isMergeCommit":false,"messageTitle":"Fix testing and import","messageBody":"","fileTypesAndContributionMap":{"functional-code":{"insertions":0,"deletions":1},"test-code":{"insertions":0,"deletions":6}}},{"hash":"5924a409572f76c3d84115cc9e8bb395200d67d2","isMergeCommit":false,"messageTitle":"Change total command testing","messageBody":"","fileTypesAndContributionMap":{"functional-code":{"insertions":10,"deletions":3},"test-code":{"insertions":2,"deletions":4}}},{"hash":"c24064141a3fad9b0033d5b0747e39a229b97e9c","isMergeCommit":false,"messageTitle":"Fix","messageBody":"","fileTypesAndContributionMap":{"functional-code":{"insertions":4,"deletions":4}}}]},{"date":"2025-03-18","commitResults":[{"hash":"4bb3f75e5caf191238edd3e09396219b70c87cde","isMergeCommit":false,"messageTitle":"Add new feature Include contacts","messageBody":"","fileTypesAndContributionMap":{"functional-code":{"insertions":108,"deletions":0},"docs":{"insertions":47,"deletions":17}}},{"hash":"834492e18a3e76d41ec221d54f3fe3f92a8e141d","isMergeCommit":false,"messageTitle":"Add testing for incl command","messageBody":"","fileTypesAndContributionMap":{"functional-code":{"insertions":26,"deletions":9},"docs":{"insertions":5,"deletions":4},"test-code":{"insertions":97,"deletions":0}}},{"hash":"fc3f97513ebaf8a2b73b684959c26382c001390e","isMergeCommit":false,"messageTitle":"Add commission class to diagrams","messageBody":"","fileTypesAndContributionMap":{"docs":{"insertions":3,"deletions":0}}}]},{"date":"2025-03-19","commitResults":[{"hash":"892a1eda4525a8bf9d25b1ac7962f353180934f2","isMergeCommit":false,"messageTitle":"Change","messageBody":"","fileTypesAndContributionMap":{"functional-code":{"insertions":8,"deletions":5},"test-code":{"insertions":5,"deletions":2}}},{"hash":"477e6f10fc97e6fded3c7056124c1dd7c0946691","isMergeCommit":false,"messageTitle":"Fix checkstyle","messageBody":"","fileTypesAndContributionMap":{"test-code":{"insertions":1,"deletions":2}}},{"hash":"281e5b063101dd9ecd8405bb477605c7238c5e61","isMergeCommit":false,"messageTitle":"Add minor testing","messageBody":"","fileTypesAndContributionMap":{"test-code":{"insertions":11,"deletions":0}}}]},{"date":"2025-03-20","commitResults":[{"hash":"767703d094465ae71d3f251546bff873c901d1e8","isMergeCommit":false,"messageTitle":"Change","messageBody":"","fileTypesAndContributionMap":{"functional-code":{"insertions":7,"deletions":15},"docs":{"insertions":146,"deletions":96},"test-code":{"insertions":6,"deletions":4}}},{"hash":"d9e7ce78c6baf8ff6d054d8c4aaa6ee8b58880df","isMergeCommit":true,"messageTitle":"Merge branch \u0027master\u0027 into add-to-list","messageBody":"","fileTypesAndContributionMap":{}},{"hash":"e6e020ccda4f25560dc64cb53d348e9406ae24fe","isMergeCommit":false,"messageTitle":"Fix merging","messageBody":"","fileTypesAndContributionMap":{"functional-code":{"insertions":0,"deletions":1}}},{"hash":"2b40cb2414f980cebb8ec2cd4c6e823f7f9460a3","isMergeCommit":false,"messageTitle":"Fix","messageBody":"","fileTypesAndContributionMap":{"docs":{"insertions":2,"deletions":2}}},{"hash":"896e80fa53a63703bcdcb0b8a72fdd3979b72f65","isMergeCommit":true,"messageTitle":"Merge pull request #94 from Bill-1/DG","messageBody":"Add commission class to diagrams","fileTypesAndContributionMap":{}}]},{"date":"2025-03-21","commitResults":[{"hash":"79946f743dfb4d56cd249f752ea41ec092337022","isMergeCommit":false,"messageTitle":"Change","messageBody":"","fileTypesAndContributionMap":{"functional-code":{"insertions":2,"deletions":4},"docs":{"insertions":2,"deletions":2},"test-code":{"insertions":6,"deletions":3}}},{"hash":"87d3eae64f8880de00035f2884f03009ea7b383d","isMergeCommit":false,"messageTitle":"Fix minor","messageBody":"","fileTypesAndContributionMap":{"docs":{"insertions":1,"deletions":1}}}]},{"date":"2025-03-22","commitResults":[{"hash":"b2fa20ac0b8385a730d9b84d399547e94cd9d073","isMergeCommit":false,"messageTitle":"Add documentation","messageBody":"","fileTypesAndContributionMap":{"docs":{"insertions":51,"deletions":18}}},{"hash":"996c5e9119aa505e9fbdcb372ef74ed9a28fc733","isMergeCommit":true,"messageTitle":"Merge pull request #81 from Bill-1/add-to-list","messageBody":"Add new feature Include contacts","fileTypesAndContributionMap":{}}]},{"date":"2025-03-26","commitResults":[{"hash":"57174ba23f9b270be14ede15324619bc4d43472e","isMergeCommit":false,"messageTitle":"Change minor UML","messageBody":"","fileTypesAndContributionMap":{"docs":{"insertions":3,"deletions":3}}},{"hash":"8ef5eb066fa5c9bfc1d8d77296318fb8bf04adaf","isMergeCommit":true,"messageTitle":"Merge pull request #122 from Bill-1/UML-minor-change","messageBody":"Change minor UML","fileTypesAndContributionMap":{}},{"hash":"f74d485cb6f2a0d2a8cd09fb30551c1cd4c6670e","isMergeCommit":false,"messageTitle":"Handle overflow in the constructor","messageBody":"","fileTypesAndContributionMap":{"functional-code":{"insertions":37,"deletions":6},"test-code":{"insertions":6,"deletions":1}}},{"hash":"94b7b8c0f745c15f91b30d4241de7061ba73551a","isMergeCommit":false,"messageTitle":"Add testing","messageBody":"","fileTypesAndContributionMap":{"test-code":{"insertions":52,"deletions":0}}},{"hash":"d759cad1f97f2eddbfaa4f88a164b5d47ed9ca11","isMergeCommit":false,"messageTitle":"Change total","messageBody":"","fileTypesAndContributionMap":{"functional-code":{"insertions":2,"deletions":2}}},{"hash":"35c4291ba5fcb055c696c6df15d1dd1633c8b9e2","isMergeCommit":false,"messageTitle":"Add testing","messageBody":"","fileTypesAndContributionMap":{"test-code":{"insertions":15,"deletions":0}}}]},{"date":"2025-03-27","commitResults":[{"hash":"a4e08459d88d6155612ba7a1d45cbe22006bb9ae","isMergeCommit":false,"messageTitle":"Remove unnecessary exception handles","messageBody":"","fileTypesAndContributionMap":{"functional-code":{"insertions":14,"deletions":24},"test-code":{"insertions":4,"deletions":4}}},{"hash":"e0ae333025a6e1eedaf79f3990e8c5cb09bfa658","isMergeCommit":false,"messageTitle":"Change incl to multiple keywords and corresponding documentations","messageBody":"","fileTypesAndContributionMap":{"functional-code":{"insertions":18,"deletions":8},"docs":{"insertions":7,"deletions":7}}},{"hash":"5c520ea834ae0c4ecd8e70dc91ae4064fb1072f0","isMergeCommit":true,"messageTitle":"Merge","messageBody":"","fileTypesAndContributionMap":{}}]},{"date":"2025-03-29","commitResults":[{"hash":"5c34f79e6f045d076fa845f066f5daf8f76d037d","isMergeCommit":false,"messageTitle":"Fix testing","messageBody":"","fileTypesAndContributionMap":{"functional-code":{"insertions":19,"deletions":29},"docs":{"insertions":1,"deletions":1},"test-code":{"insertions":11,"deletions":3}}},{"hash":"d85fd273bbabcf7e250a17cd5e255a0d60b67881","isMergeCommit":true,"messageTitle":"Merge DG","messageBody":"","fileTypesAndContributionMap":{}},{"hash":"4513548e31300b770025cabffac8a940ef3f4d20","isMergeCommit":false,"messageTitle":"Fix","messageBody":"","fileTypesAndContributionMap":{"docs":{"insertions":1,"deletions":1}}}]},{"date":"2025-04-01","commitResults":[{"hash":"37966253bedd385e356c9b026fd83ce03bc3d845","isMergeCommit":false,"messageTitle":"Add incl to command summary","messageBody":"","fileTypesAndContributionMap":{"docs":{"insertions":1,"deletions":0}}},{"hash":"acb8f335039c6878df925f19a787f5e42feb6f61","isMergeCommit":true,"messageTitle":"Merge pull request #137 from Bill-1/fix-incl","messageBody":"Fix incl","fileTypesAndContributionMap":{}},{"hash":"b6552504654ee3094f2fafbeab4f76562fca5332","isMergeCommit":false,"messageTitle":"Add addc command to command summary","messageBody":"","fileTypesAndContributionMap":{"docs":{"insertions":1,"deletions":0}}}]},{"date":"2025-04-03","commitResults":[{"hash":"305aef1a93de04271d3b3288b0e90fd8ccf095bf","isMergeCommit":false,"messageTitle":"Fix alpha-bugs","messageBody":"","fileTypesAndContributionMap":{"functional-code":{"insertions":2,"deletions":2}}},{"hash":"706f1a90d0072cb1d374e8fa79a165e71e9ec04d","isMergeCommit":false,"messageTitle":"Add testing","messageBody":"","fileTypesAndContributionMap":{"test-code":{"insertions":2,"deletions":0}}},{"hash":"1abd7b0c439be03c7ec1bea41637d20e016fe42f","isMergeCommit":true,"messageTitle":"Merge pull request #175 from Bill-1/alpha-bug-fix","messageBody":"Fix alpha-bugs","fileTypesAndContributionMap":{}},{"hash":"416c1656cdfdeb794c8e0f2755ad7629a3980286","isMergeCommit":true,"messageTitle":"Merge","messageBody":"","fileTypesAndContributionMap":{}},{"hash":"b5c97e36a31a4c006411dd94cfe41232ee3f1d06","isMergeCommit":false,"messageTitle":"Update docs","messageBody":"","fileTypesAndContributionMap":{"docs":{"insertions":48,"deletions":16}}},{"hash":"8c7691a4d2498f73ee69447f289c8f89e8ea5990","isMergeCommit":false,"messageTitle":"Change to relative tag","messageBody":"","fileTypesAndContributionMap":{"docs":{"insertions":2,"deletions":2}}},{"hash":"53bf1a38b6c64eb8edb61910c599709ae19395d5","isMergeCommit":false,"messageTitle":"Add constraints on add","messageBody":"","fileTypesAndContributionMap":{"docs":{"insertions":11,"deletions":1}}},{"hash":"684a5ee07c85caaf20828f0c3432548ac1cbc7d8","isMergeCommit":false,"messageTitle":"Fix UG","messageBody":"","fileTypesAndContributionMap":{"docs":{"insertions":2,"deletions":2}}},{"hash":"3180ecbb4b891bed8aa83b7de859a45c9ae14ef1","isMergeCommit":false,"messageTitle":"Use caps format","messageBody":"","fileTypesAndContributionMap":{"docs":{"insertions":6,"deletions":6}}}]},{"date":"2025-04-04","commitResults":[{"hash":"6f901b1d18673ac12d9a4e890b37873bcde9ac2b","isMergeCommit":false,"messageTitle":"Fix","messageBody":"","fileTypesAndContributionMap":{"docs":{"insertions":1,"deletions":1}}},{"hash":"dde476ea9d1393f666fb27e69a932a6d36bb7ede","isMergeCommit":true,"messageTitle":"Merge pull request #176 from Bill-1/docs","messageBody":"Docs","fileTypesAndContributionMap":{}}]}]},"authorFileTypeContributionMap":{"xumarcus":{"docs":350,"functional-code":482,"test-code":392,"other":2},"xk1234":{"docs":108,"functional-code":329,"test-code":489,"other":2},"BladerX11":{"docs":255,"functional-code":449,"test-code":865,"other":2},"Bill-1":{"docs":219,"functional-code":436,"test-code":437}},"authorContributionVariance":{"xumarcus":18688.566,"xk1234":28829.68,"BladerX11":26594.555,"Bill-1":9418.8545},"authorDisplayNameMap":{"xumarcus":"CS2103T-T14-4 XU J..RCUS","xk1234":"CS2103T-T14-4 YE X..KANG","BladerX11":"CS2103T-T14-4 DALL..LOON","Bill-1":"CS2103T-T14-4 SHIN..UDEI"}}
