{"authorDailyContributionsMap":{"varsha13152":[{"date":"2025-03-06","commitResults":[{"hash":"bc9c8ca50229b61b99da4da6acfdcf938b692ab1","isMergeCommit":false,"messageTitle":"Update AboutUs.md","messageBody":"","fileTypesAndContributionMap":{"docs":{"insertions":6,"deletions":6}}}]},{"date":"2025-03-08","commitResults":[{"hash":"76973f5d662b2c621cce32990ca8a50fb7cfa957","isMergeCommit":true,"messageTitle":"Merge pull request #40 from TanXingZhong/branch-DG","messageBody":"Add NFR","fileTypesAndContributionMap":{}},{"hash":"667a69ce31101ff510a2b65c78389dd901479f5f","isMergeCommit":false,"messageTitle":"Update Developer Guide","messageBody":"","fileTypesAndContributionMap":{"docs":{"insertions":82,"deletions":47}}},{"hash":"df22d0bd6029439cb6da215cbd84cdee928bfd60","isMergeCommit":false,"messageTitle":"Update DG","messageBody":"","fileTypesAndContributionMap":{"docs":{"insertions":61,"deletions":35}}}]},{"date":"2025-03-11","commitResults":[{"hash":"16c81dbc1d08af75c432d296596698c1d360f115","isMergeCommit":false,"messageTitle":"Update find command","messageBody":"","fileTypesAndContributionMap":{"functional-code":{"insertions":186,"deletions":17}}}]},{"date":"2025-03-12","commitResults":[{"hash":"60e416f06a80281a5f353ae15c1b0fa0b79c0ad9","isMergeCommit":true,"messageTitle":"Merge pull request #64 from Reshiro/branch-DuplicateWhitespaces","messageBody":"Add Whitespace Parsing","fileTypesAndContributionMap":{}},{"hash":"0054310d52c4f754c641f0baab82adfdc06eca2a","isMergeCommit":true,"messageTitle":"Merge pull request #63 from iuhiah/branch-A-BookingTag","messageBody":"Fix parse booking tags","fileTypesAndContributionMap":{}},{"hash":"8c99d541658b7d169d8860a29766c2d7b1b92b57","isMergeCommit":false,"messageTitle":"Update developer guide","messageBody":"","fileTypesAndContributionMap":{"docs":{"insertions":6,"deletions":6}}},{"hash":"c61d3ac7428df3b3d9efd1c01e1cca102e55654c","isMergeCommit":false,"messageTitle":"Update Developer Guide","messageBody":"","fileTypesAndContributionMap":{"docs":{"insertions":6,"deletions":6}}},{"hash":"d6b9652f13b918582ec37ee8bf85959faa1e0078","isMergeCommit":false,"messageTitle":"Update FindCommand.java","messageBody":"","fileTypesAndContributionMap":{"functional-code":{"insertions":1,"deletions":1}}},{"hash":"dc908483d7a1cb055be84bf0e5d71517976edf2b","isMergeCommit":false,"messageTitle":"Update style errors","messageBody":"","fileTypesAndContributionMap":{"functional-code":{"insertions":51,"deletions":51}}},{"hash":"de98e55e61be313dd6997ed8d0a4c3933b10ed5c","isMergeCommit":false,"messageTitle":"Update FindCommandTest.java","messageBody":"","fileTypesAndContributionMap":{"functional-code":{"insertions":5,"deletions":0},"test-code":{"insertions":18,"deletions":20}}},{"hash":"b8a73d6a767da86b371bc50096ec1a05fbc57909","isMergeCommit":false,"messageTitle":"Update FindCommandTest.java","messageBody":"","fileTypesAndContributionMap":{"test-code":{"insertions":3,"deletions":4}}},{"hash":"6d02cb7244e6dade3db76330f075281dddf5fef5","isMergeCommit":false,"messageTitle":"Update FindCommand.java","messageBody":"","fileTypesAndContributionMap":{"functional-code":{"insertions":3,"deletions":0},"test-code":{"insertions":69,"deletions":45}}}]},{"date":"2025-03-13","commitResults":[{"hash":"57e958b6dc06a90d8dcd82457a01a027b17ae137","isMergeCommit":false,"messageTitle":"Update Find Command","messageBody":"","fileTypesAndContributionMap":{"functional-code":{"insertions":1,"deletions":1}}},{"hash":"28943665ee6bb09985fb2d0b1835968536d96699","isMergeCommit":false,"messageTitle":"Update help url","messageBody":"","fileTypesAndContributionMap":{"functional-code":{"insertions":1,"deletions":1}}},{"hash":"f2f706d5a54b76cb3c88a546626c75e5c8fb4b4b","isMergeCommit":false,"messageTitle":"Fix style error","messageBody":"","fileTypesAndContributionMap":{"functional-code":{"insertions":2,"deletions":1}}},{"hash":"5eef678ee272cdddf7baa5a71d2b1059499b749d","isMergeCommit":true,"messageTitle":"Merge pull request #68 from TanXingZhong/branch-Fix-CI-status","messageBody":"Fix CI status","fileTypesAndContributionMap":{}},{"hash":"ee54ac74aa488d0a148399459adeb90205616533","isMergeCommit":true,"messageTitle":"Merge pull request #66 from TanXingZhong/branch-Fix-datetimeparser","messageBody":"Fix datetimeparser in booking tag","fileTypesAndContributionMap":{}}]},{"date":"2025-03-16","commitResults":[{"hash":"bb6e6aa5d42547feb368cbe726cf12763a3aa332","isMergeCommit":true,"messageTitle":"Merge branch \u0027update-find-command\u0027","messageBody":"","fileTypesAndContributionMap":{}}]},{"date":"2025-03-17","commitResults":[{"hash":"c42b193e374a1f2e786dc10e6ddbf854c3fae491","isMergeCommit":true,"messageTitle":"Merge branch \u0027AY2425S2-CS2103T-T16-2:master\u0027 into master","messageBody":"","fileTypesAndContributionMap":{}},{"hash":"2c8a15e7fdc68fc8f97e810b756c430a47da360e","isMergeCommit":false,"messageTitle":"Update find command","messageBody":"","fileTypesAndContributionMap":{"functional-code":{"insertions":39,"deletions":4},"test-code":{"insertions":324,"deletions":8}}},{"hash":"bd2062834fd78b1997f0781a6ad7f9a0b7cc3a12","isMergeCommit":false,"messageTitle":"Revert \"Update find command\"","messageBody":"This reverts commit 439c0bfdbbe678faf525056f1d91a3fcd4316bc9.\n","fileTypesAndContributionMap":{"functional-code":{"insertions":4,"deletions":39},"test-code":{"insertions":8,"deletions":324}}},{"hash":"1709336c2bfbe1b14fd20e8a51e9ee45326b871f","isMergeCommit":false,"messageTitle":"Update find test cases","messageBody":"","fileTypesAndContributionMap":{"test-code":{"insertions":324,"deletions":8}}},{"hash":"d7a63f7b172c97f442f538e5cf0d6940daa2be89","isMergeCommit":false,"messageTitle":"Update find command for booking tag","messageBody":"","fileTypesAndContributionMap":{"functional-code":{"insertions":88,"deletions":53}}},{"hash":"4d51481d26b47def36854ec86ccd6cb39b91ac49","isMergeCommit":false,"messageTitle":"Update style errors","messageBody":"","fileTypesAndContributionMap":{"functional-code":{"insertions":73,"deletions":73}}},{"hash":"6e49a7ac6a63dbbfb649e8b79d2096f2a0369bea","isMergeCommit":false,"messageTitle":"Update style errors","messageBody":"","fileTypesAndContributionMap":{"test-code":{"insertions":5,"deletions":3}}},{"hash":"7ead679d4a8e12a77f3ac0e4f9598bf81cf9df98","isMergeCommit":true,"messageTitle":"Merge branch \u0027master\u0027 into add-find-booking","messageBody":"","fileTypesAndContributionMap":{}},{"hash":"dbadaa853d31c9e44800a5cc30bf9bc2d798c4ff","isMergeCommit":false,"messageTitle":"Update FindCommand.java","messageBody":"","fileTypesAndContributionMap":{"functional-code":{"insertions":1,"deletions":1}}},{"hash":"aea74076180921e7e9adb8747f47f863f14fee86","isMergeCommit":true,"messageTitle":"Merge branch \u0027add-find-booking\u0027","messageBody":"","fileTypesAndContributionMap":{}}]},{"date":"2025-03-19","commitResults":[{"hash":"20b099d449ea6c8d1d1d78d741cb3717217d9dd6","isMergeCommit":true,"messageTitle":"Merge branch \u0027AY2425S2-CS2103T-T16-2:master\u0027 into master","messageBody":"","fileTypesAndContributionMap":{}},{"hash":"c3484e265c258cc05ee7e0a250522acc527e556f","isMergeCommit":true,"messageTitle":"Merge pull request #87 from Reshiro/branch-Liststar","messageBody":"Implement liststar Command","fileTypesAndContributionMap":{}},{"hash":"d0182a5b1bf8d21151feebf86c96ae72ec80e35c","isMergeCommit":true,"messageTitle":"Merge branch \u0027AY2425S2-CS2103T-T16-2:master\u0027 into master","messageBody":"","fileTypesAndContributionMap":{}},{"hash":"cd7c565e7e62360a8978cf282a202f6c55e69073","isMergeCommit":false,"messageTitle":"Update user guide","messageBody":"","fileTypesAndContributionMap":{"docs":{"insertions":62,"deletions":14}}},{"hash":"163267f47c341a006c9ca36f1702807b729eda48","isMergeCommit":true,"messageTitle":"Merge branch \u0027master\u0027 into update-UG","messageBody":"","fileTypesAndContributionMap":{}},{"hash":"97888aa3c6edd1ff44d5abb88a592a25dc696ab2","isMergeCommit":true,"messageTitle":"Merge branch \u0027master\u0027 into master","messageBody":"","fileTypesAndContributionMap":{}},{"hash":"689e6415736b0cce3ff643f7f2bebb00a6fffc9e","isMergeCommit":false,"messageTitle":"Update FindCommandTest.java","messageBody":"","fileTypesAndContributionMap":{"test-code":{"insertions":15,"deletions":14}}},{"hash":"76cf6f6cba8434f9ea4876ddd6aecc3f1f7556d1","isMergeCommit":false,"messageTitle":"Update FindCommandTest.java","messageBody":"","fileTypesAndContributionMap":{"test-code":{"insertions":16,"deletions":16}}},{"hash":"f1d3dafe3040d058597d461116e74535f399d145","isMergeCommit":true,"messageTitle":"Merge branch \u0027master\u0027 into update-find-testcases","messageBody":"","fileTypesAndContributionMap":{}},{"hash":"5ab5c0a8feeca9bfa74f27fa9a8874fb1f164fea","isMergeCommit":true,"messageTitle":"Merge pull request #100 from varsha13152/update-find-testcases","messageBody":"Update FindCommandTest.java","fileTypesAndContributionMap":{}}]},{"date":"2025-03-20","commitResults":[{"hash":"be40df7d316a10170b5634a0fa04d5adb6cb7a6b","isMergeCommit":false,"messageTitle":"Update UserGuide.md","messageBody":"","fileTypesAndContributionMap":{"docs":{"insertions":1,"deletions":1}}},{"hash":"a04a3477918540d380acbb915b8b11c8403b38a2","isMergeCommit":false,"messageTitle":"Update UserGuide.md","messageBody":"","fileTypesAndContributionMap":{"docs":{"insertions":1,"deletions":1}}}]},{"date":"2025-03-23","commitResults":[{"hash":"c529490c299ad64a4f7b207e1ea39c43d33617d3","isMergeCommit":true,"messageTitle":"Merge pull request #99 from Reshiro/branch-Unstar-Test","messageBody":"Add Tests for the unstar Command","fileTypesAndContributionMap":{}},{"hash":"c2eef18568a9a69d156502d134886fd4a9c3a119","isMergeCommit":true,"messageTitle":"Merge pull request #103 from TanXingZhong/branch-AddTag","messageBody":"Add addtag command","fileTypesAndContributionMap":{}}]},{"date":"2025-03-27","commitResults":[{"hash":"5eb04870ab23aab930e257ed568d6caa33418eca","isMergeCommit":false,"messageTitle":"Update FindCommand.java and FindCommandParser.java","messageBody":"","fileTypesAndContributionMap":{"functional-code":{"insertions":742,"deletions":112},"test-code":{"insertions":507,"deletions":94}}},{"hash":"4544ebaf9bfb0fa85f915741d1c542f0152cbdad","isMergeCommit":false,"messageTitle":"update UG","messageBody":"","fileTypesAndContributionMap":{"docs":{"insertions":36,"deletions":14}}},{"hash":"64d11964fe025a3743d921e23e6a237479f27f06","isMergeCommit":false,"messageTitle":"Revert \"update UG\"","messageBody":"This reverts commit 4544ebaf9bfb0fa85f915741d1c542f0152cbdad.\n","fileTypesAndContributionMap":{"docs":{"insertions":14,"deletions":36}}},{"hash":"13cf3c5340259dff45fef06e2f493a1b480accdb","isMergeCommit":false,"messageTitle":"Update UserGuide.md","messageBody":"","fileTypesAndContributionMap":{"docs":{"insertions":37,"deletions":14}}},{"hash":"adc79db657fd3339165b561c29a3b49954321983","isMergeCommit":false,"messageTitle":"Update FindCommand.java and FindCommandParser.java","messageBody":"","fileTypesAndContributionMap":{"functional-code":{"insertions":2,"deletions":27},"test-code":{"insertions":0,"deletions":13}}},{"hash":"467a408a1a3fb73cbdb3185de0eedf45346b4686","isMergeCommit":true,"messageTitle":"Merge pull request #132 from TanXingZhong/branch-Fix-Codecov","messageBody":"Fix codecov badge","fileTypesAndContributionMap":{}},{"hash":"5f206f8aef816858ce3aab86e35818d25ac7a45d","isMergeCommit":true,"messageTitle":"Merge pull request #134 from TanXingZhong/branch-ChangeIcon","messageBody":"Branch change icon","fileTypesAndContributionMap":{}},{"hash":"d8ef322ceda4952026ac2059a12f91a5f926d886","isMergeCommit":false,"messageTitle":"Add diagram for find command","messageBody":"","fileTypesAndContributionMap":{"docs":{"insertions":66,"deletions":0}}},{"hash":"9929ba013617158b774918e66e03e42d8db195ec","isMergeCommit":false,"messageTitle":"Fix style errors","messageBody":"","fileTypesAndContributionMap":{"docs":{"insertions":2,"deletions":2}}},{"hash":"eca5f216141e3978b19a8589588993e40bf59b89","isMergeCommit":false,"messageTitle":"Add logging","messageBody":"","fileTypesAndContributionMap":{"functional-code":{"insertions":158,"deletions":75}}},{"hash":"a7fe4ae27247a512d22a8e05ea7d20822b37f3a8","isMergeCommit":false,"messageTitle":"Update FindCommand.java to implement OR logic for multi search","messageBody":"","fileTypesAndContributionMap":{"functional-code":{"insertions":9,"deletions":6}}},{"hash":"f5c7431965637677d4fc3861c846496924a397ff","isMergeCommit":false,"messageTitle":"Update find command","messageBody":"","fileTypesAndContributionMap":{"functional-code":{"insertions":13,"deletions":20},"test-code":{"insertions":48,"deletions":42}}},{"hash":"4f463a07e70d661980589f7e732447280bb098d4","isMergeCommit":true,"messageTitle":"Merge branch \u0027master\u0027 into multisearch-find","messageBody":"","fileTypesAndContributionMap":{}},{"hash":"ccb2dc56c6582f3e9cbde7c25e0d3a6c1558d1ee","isMergeCommit":false,"messageTitle":"Update User Guide","messageBody":"","fileTypesAndContributionMap":{"docs":{"insertions":70,"deletions":44}}},{"hash":"3e101ed5d42ad0905b22772051c0acab4afa1ea2","isMergeCommit":false,"messageTitle":"Update UG","messageBody":"","fileTypesAndContributionMap":{"docs":{"insertions":352,"deletions":1}}},{"hash":"a04e6c431e2580af0dc70862ac90fb472da5db9d","isMergeCommit":true,"messageTitle":"Merge branch \u0027master\u0027 into update-UG","messageBody":"","fileTypesAndContributionMap":{}},{"hash":"5d372a460ee4163aea8e78789c7ae91c23fc8105","isMergeCommit":false,"messageTitle":"Fix style errors","messageBody":"","fileTypesAndContributionMap":{"docs":{"insertions":94,"deletions":102}}},{"hash":"a9142408b72e5119b80eee1b8b08105b6910165c","isMergeCommit":true,"messageTitle":"Merge pull request #149 from TanXingZhong/branch-Add-BookingTagTest","messageBody":"Add bookingtag test","fileTypesAndContributionMap":{}},{"hash":"50624e4d73a0aae01a58fd6fa69de3332c1d1333","isMergeCommit":false,"messageTitle":"Update UserGuide.md","messageBody":"","fileTypesAndContributionMap":{"docs":{"insertions":4,"deletions":4}}},{"hash":"b000677255080d1df3becebdd6a34b08103bb86e","isMergeCommit":true,"messageTitle":"Merge branch \u0027AY2425S2-CS2103T-T16-2:master\u0027 into update-UG","messageBody":"","fileTypesAndContributionMap":{}},{"hash":"0a4b754e62c30912ce9e22d3cddb8d9be06aac49","isMergeCommit":true,"messageTitle":"Merge pull request #150 from monobeartae/branch-fix-undo","messageBody":"Fix Bug for UndoCommand: Unable to Undo Undo","fileTypesAndContributionMap":{}},{"hash":"b8d6d23857d393f29d712f076b640e5c0e9ff338","isMergeCommit":false,"messageTitle":"update UG","messageBody":"","fileTypesAndContributionMap":{"docs":{"insertions":6,"deletions":6}}},{"hash":"628d2885f41e135193dbfd3b524a3e6dd2f03947","isMergeCommit":true,"messageTitle":"Merge branch \u0027AY2425S2-CS2103T-T16-2:master\u0027 into update-UG","messageBody":"","fileTypesAndContributionMap":{}},{"hash":"d85f9bc4fcd908fd2b4cdddcf868655389947a9a","isMergeCommit":true,"messageTitle":"Merge pull request #154 from iuhiah/delete-tag","messageBody":"Add tests for untag command and untag command parser","fileTypesAndContributionMap":{}}]},{"date":"2025-04-01","commitResults":[{"hash":"6067573f01628a65083b91ba02b42218e6cbdcce","isMergeCommit":true,"messageTitle":"Merge pull request #179 from Reshiro/branch-liststar-SequenceUML","messageBody":"Add sequence diagram for liststar","fileTypesAndContributionMap":{}},{"hash":"591dad8c919b97ca188deaaa1769ff9fe4b1326a","isMergeCommit":true,"messageTitle":"Merge pull request #175 from TanXingZhong/branch-Add-Request","messageBody":"Implement add request","fileTypesAndContributionMap":{}}]},{"date":"2025-04-02","commitResults":[{"hash":"8049f6bdc4f258fc40eadef5315f383f0a533062","isMergeCommit":true,"messageTitle":"Merge pull request #190 from TanXingZhong/branch-Add-Request","messageBody":"Update request to req for command word and improve error message","fileTypesAndContributionMap":{}},{"hash":"2f0616c904203704a6f75c526926e24285e7a07e","isMergeCommit":true,"messageTitle":"Merge pull request #197 from TanXingZhong/branch-FixName","messageBody":"Allow unique names like X Æ A-Xii or a/p","fileTypesAndContributionMap":{}}]}],"TanXingZhong":[{"date":"2025-03-06","commitResults":[{"hash":"c6d176069d5cde9a516076f1d534e96b8c30d259","isMergeCommit":false,"messageTitle":"Update AboutUs for xz","messageBody":"","fileTypesAndContributionMap":{"docs":{"insertions":8,"deletions":44}}},{"hash":"1dfd6ca6131e2a06da82631337d9c98835d6c703","isMergeCommit":true,"messageTitle":"Merge branch \u0027master\u0027 into branch-Update-AboutUs-xz","messageBody":"","fileTypesAndContributionMap":{}},{"hash":"e580d47f9e4088e03550b467449ce45b54eb89c4","isMergeCommit":true,"messageTitle":"Merge pull request #25 from TanXingZhong/branch-Update-AboutUs-xz","messageBody":"Update AboutUs for xz","fileTypesAndContributionMap":{}},{"hash":"4462e708fef34893ed4cc5da11add4734288ac75","isMergeCommit":false,"messageTitle":"Fix aboutus spacing","messageBody":"","fileTypesAndContributionMap":{"docs":{"insertions":1,"deletions":1}}}]},{"date":"2025-03-08","commitResults":[{"hash":"48dab22b3a37650f8ce62bbc40bf6814f902518d","isMergeCommit":false,"messageTitle":"Add NFR","messageBody":"","fileTypesAndContributionMap":{"docs":{"insertions":6,"deletions":2}}},{"hash":"9cabdd75d9d35991952fdd247062a11e43d1d9af","isMergeCommit":false,"messageTitle":"Add Glossry","messageBody":"","fileTypesAndContributionMap":{"docs":{"insertions":9,"deletions":1}}},{"hash":"d9c51165fdf48869c05662b0102402285a63940e","isMergeCommit":true,"messageTitle":"Merge pull request #34 from monobeartae/branch-update-readme","messageBody":"Update README.md for InnSync","fileTypesAndContributionMap":{}},{"hash":"67db5709233ae6aa3a2fdf943a4abff7ca318862","isMergeCommit":true,"messageTitle":"Merge pull request #35 from iuhiah/adapt-website","messageBody":"Update CI status badge","fileTypesAndContributionMap":{}},{"hash":"fbf5b911750bffcb4837de08c35489e1e4f5ebbc","isMergeCommit":false,"messageTitle":"Update DeveloperGuide.md","messageBody":"To rename user to airbnb host","fileTypesAndContributionMap":{"docs":{"insertions":14,"deletions":14}}},{"hash":"b880c033927ef6e33ca959bc5226319a2cb6edaf","isMergeCommit":true,"messageTitle":"Merge pull request #43 from iuhiah/update-developer-guide","messageBody":"Update developer guide","fileTypesAndContributionMap":{}}]},{"date":"2025-03-09","commitResults":[{"hash":"fb123dc413e71402d5a98c0d1da20d2ca4f16589","isMergeCommit":true,"messageTitle":"Merge branch \u0027master\u0027 into rename-packages","messageBody":"","fileTypesAndContributionMap":{}},{"hash":"927d0668005d9caabc9c8719adc209e6c2f056a4","isMergeCommit":true,"messageTitle":"Merge pull request #52 from iuhiah/rename-packages","messageBody":"Rename packages to InnSync and remove unused imports","fileTypesAndContributionMap":{}}]},{"date":"2025-03-12","commitResults":[{"hash":"49adf7778e58aca94d03aa0bfda2e3f88e6f428e","isMergeCommit":true,"messageTitle":"Merge pull request #62 from iuhiah/branch-A-BookingTag","messageBody":"Add Booking Tag (previously Date Tag)","fileTypesAndContributionMap":{}},{"hash":"7b36c32f4c6787dc0e4692542e685930b0f883ad","isMergeCommit":false,"messageTitle":"Fix datetimeparser","messageBody":"","fileTypesAndContributionMap":{"functional-code":{"insertions":9,"deletions":9}}},{"hash":"1732cb6808b58d06828761412f65e9cc5c7518d1","isMergeCommit":false,"messageTitle":"Fix CI status","messageBody":"","fileTypesAndContributionMap":{"docs":{"insertions":1,"deletions":2}}}]},{"date":"2025-03-17","commitResults":[{"hash":"f521bf1b14ba0861e8b14ae12172cec753fd288b","isMergeCommit":false,"messageTitle":"Add bookingtagcommand","messageBody":"","fileTypesAndContributionMap":{"functional-code":{"insertions":133,"deletions":0}}}]},{"date":"2025-03-18","commitResults":[{"hash":"c63829c3587968be48c67846489b7bf69d466e0b","isMergeCommit":false,"messageTitle":"Fix bug whereby adding bookingtag causes contact to disappear","messageBody":"","fileTypesAndContributionMap":{"functional-code":{"insertions":40,"deletions":13},"other":{"insertions":1,"deletions":1},"test-code":{"insertions":54,"deletions":25}}},{"hash":"e0d9fc69591813a52b3293c8b8de75d86de19a4f","isMergeCommit":false,"messageTitle":"Add constrain to prevent overlaps for bookingtag event","messageBody":"","fileTypesAndContributionMap":{"functional-code":{"insertions":43,"deletions":19}}},{"hash":"7735936fef4dfb6dc322d4b896d6223039f4f2cc","isMergeCommit":false,"messageTitle":"Add test for BookingTagCommand","messageBody":"","fileTypesAndContributionMap":{"functional-code":{"insertions":1,"deletions":1},"test-code":{"insertions":63,"deletions":24}}}]},{"date":"2025-03-19","commitResults":[{"hash":"8e8481f44327d02735bda15096439cac8c4f63a4","isMergeCommit":false,"messageTitle":"Fix test bug cause by new feature","messageBody":"","fileTypesAndContributionMap":{"functional-code":{"insertions":1,"deletions":1},"test-code":{"insertions":35,"deletions":23}}},{"hash":"74ca6a7ece235b7f83e5574ff52e494e7c950321","isMergeCommit":false,"messageTitle":"Fix checkstyles","messageBody":"","fileTypesAndContributionMap":{"functional-code":{"insertions":8,"deletions":3},"test-code":{"insertions":0,"deletions":45}}},{"hash":"939b889222afd5f52ce2945dfd3c16ee4928006a","isMergeCommit":false,"messageTitle":"Fix checkstyles","messageBody":"","fileTypesAndContributionMap":{"functional-code":{"insertions":1,"deletions":1}}},{"hash":"501849c7a2899d67f3d36104a2927dbcb48c6a34","isMergeCommit":false,"messageTitle":"Fix checkstyles","messageBody":"","fileTypesAndContributionMap":{"functional-code":{"insertions":1,"deletions":4}}},{"hash":"4bfadd075cadb78a95f4a8907b0f0341f2ad0075","isMergeCommit":true,"messageTitle":"Merge pull request #80 from monobeartae/branch-star-command","messageBody":"Implement Star Command ","fileTypesAndContributionMap":{}},{"hash":"26258a8335e98a49cafeb3f2d38694d9a9562487","isMergeCommit":false,"messageTitle":"Update DG and UG","messageBody":"","fileTypesAndContributionMap":{"functional-code":{"insertions":6,"deletions":6},"docs":{"insertions":48,"deletions":23}}},{"hash":"e6a11238f811bc5bb9eede5c1ef74718b6ddfd92","isMergeCommit":false,"messageTitle":"Update DG","messageBody":"","fileTypesAndContributionMap":{"docs":{"insertions":1,"deletions":1}}},{"hash":"da3cd73c8e762a073b53180f749665fd7b7275b5","isMergeCommit":true,"messageTitle":"Merge pull request #91 from iuhiah/add-bookingtagcommand-tests","messageBody":"Add tests for BookingTagCommand","fileTypesAndContributionMap":{}},{"hash":"a9e9321265687cba2220bf348d2124050114cbe6","isMergeCommit":true,"messageTitle":"Merge pull request #92 from monobeartae/branch-fix-merge","messageBody":"Fix: Update code to match merge","fileTypesAndContributionMap":{}},{"hash":"897d0c63963a17a4dc13497bbb04a9fad4fd4ccd","isMergeCommit":false,"messageTitle":"Add overlap bookingtag date test","messageBody":"","fileTypesAndContributionMap":{"test-code":{"insertions":17,"deletions":3}}},{"hash":"bc7867264919644f91cb6dceb6c9b1f8ec3d393e","isMergeCommit":false,"messageTitle":"Fix bug on bookingtagcommand test","messageBody":"","fileTypesAndContributionMap":{"test-code":{"insertions":5,"deletions":7}}},{"hash":"4451f10fb4416ee1d8cb0a0225c0db56eae03756","isMergeCommit":false,"messageTitle":"Update docs/UserGuide.md","messageBody":"Co-authored-by: hai hui \u003c40460789+iuhiah@users.noreply.github.com\u003e","fileTypesAndContributionMap":{"docs":{"insertions":1,"deletions":1}}},{"hash":"3523141645694db16293d51fc3d5ad2f24850459","isMergeCommit":false,"messageTitle":"Update UserGuide.md","messageBody":"","fileTypesAndContributionMap":{"docs":{"insertions":2,"deletions":2}}},{"hash":"4945429a76d97179086fd4000fc8093098b99220","isMergeCommit":false,"messageTitle":"Update UG","messageBody":"","fileTypesAndContributionMap":{"functional-code":{"insertions":1,"deletions":1},"docs":{"insertions":20,"deletions":2}}},{"hash":"79caa0de3f60a6f32c72a9df04794db4d9bd8c80","isMergeCommit":false,"messageTitle":"Update UG","messageBody":"","fileTypesAndContributionMap":{"docs":{"insertions":5,"deletions":2}}}]},{"date":"2025-03-20","commitResults":[{"hash":"b9c9b22e7fc2cbd211aad1368160a59e981f8fab","isMergeCommit":false,"messageTitle":"Add addtag command","messageBody":"","fileTypesAndContributionMap":{"functional-code":{"insertions":137,"deletions":4}}},{"hash":"289b4350e398d78d91eba8b439e2d619d6719c40","isMergeCommit":false,"messageTitle":"Add verifcation no duplicate prefix","messageBody":"","fileTypesAndContributionMap":{"functional-code":{"insertions":6,"deletions":2}}}]},{"date":"2025-03-24","commitResults":[{"hash":"d6ade94a4c13c1c0dee2c5c63e299cba861afad7","isMergeCommit":false,"messageTitle":"Add memo","messageBody":"","fileTypesAndContributionMap":{"functional-code":{"insertions":234,"deletions":53},"test-code":{"insertions":25,"deletions":16}}},{"hash":"e042f9c953195c71d1b589a340ac971a39aa327c","isMergeCommit":false,"messageTitle":"Update Memo for to pass all previous test cases","messageBody":"","fileTypesAndContributionMap":{"functional-code":{"insertions":15,"deletions":13},"test-code":{"insertions":2,"deletions":1}}},{"hash":"d17b98f5ee315aa595e27741680719e58e0b2c83","isMergeCommit":false,"messageTitle":"Add UXUI for memo","messageBody":"","fileTypesAndContributionMap":{"functional-code":{"insertions":4,"deletions":0}}},{"hash":"81c2fa208f1561bd59c65fbc693112d3bff2ca0e","isMergeCommit":false,"messageTitle":"Add test for memo","messageBody":"","fileTypesAndContributionMap":{"functional-code":{"insertions":12,"deletions":13},"test-code":{"insertions":154,"deletions":14}}},{"hash":"1d76ed84b35f08af4423192718cac38b7756b56b","isMergeCommit":false,"messageTitle":"Add more test for memo","messageBody":"","fileTypesAndContributionMap":{"functional-code":{"insertions":7,"deletions":2},"test-code":{"insertions":48,"deletions":8}}},{"hash":"25b8cb8c0310812f8bd6f95a894aa1667845bfff","isMergeCommit":false,"messageTitle":"Add more memo test","messageBody":"","fileTypesAndContributionMap":{"test-code":{"insertions":50,"deletions":0}}},{"hash":"5777e691312bb9fa31e1941ffa771b626745d0a7","isMergeCommit":true,"messageTitle":"Merge branch \u0027master\u0027 into branch-Add-Memo","messageBody":"","fileTypesAndContributionMap":{}},{"hash":"7205d9e531eab58b1c0cc50c66801e9ed0bb7b4e","isMergeCommit":false,"messageTitle":"Fix checkstyles","messageBody":"","fileTypesAndContributionMap":{"functional-code":{"insertions":14,"deletions":1},"test-code":{"insertions":22,"deletions":7}}},{"hash":"a2ce104eb532e4af38e20f64d6cbc5fa6d371519","isMergeCommit":true,"messageTitle":"Fix checkstyles","messageBody":"","fileTypesAndContributionMap":{}},{"hash":"58c32f8faa19cdc1a016165697b64e754eb95542","isMergeCommit":false,"messageTitle":"Fix checkstyles","messageBody":"","fileTypesAndContributionMap":{"functional-code":{"insertions":2,"deletions":1},"docs":{"insertions":2,"deletions":2},"test-code":{"insertions":1,"deletions":1}}},{"hash":"4114191c651d3e80fd3898ccca7d18c617c5399b","isMergeCommit":false,"messageTitle":"Fix checkstyles","messageBody":"","fileTypesAndContributionMap":{"functional-code":{"insertions":1,"deletions":1}}},{"hash":"92927b16936c24816fcccef5a8ba5e27ab89efb8","isMergeCommit":false,"messageTitle":"Fix checkstyles","messageBody":"","fileTypesAndContributionMap":{"functional-code":{"insertions":69,"deletions":29}}}]},{"date":"2025-03-25","commitResults":[{"hash":"a1c45d85c641416bda637eaf877d7712a07e87a8","isMergeCommit":true,"messageTitle":"Merge pull request #114 from monobeartae/branch-undo-command","messageBody":"Implement Undo Command","fileTypesAndContributionMap":{}},{"hash":"44a72ccf96c33140cbed3ef43a8ef2621e9493a3","isMergeCommit":true,"messageTitle":"Merge branch \u0027master\u0027 into combine-bookingtag-and-tag","messageBody":"","fileTypesAndContributionMap":{}},{"hash":"f00bf747b8fdeecd949476b3a2b3a2ea8e15f513","isMergeCommit":false,"messageTitle":"Add UML for memo","messageBody":"","fileTypesAndContributionMap":{"docs":{"insertions":98,"deletions":3}}},{"hash":"9b6772dac864488af6b41271fb633d68deaf4e44","isMergeCommit":false,"messageTitle":"Update MemoClass.puml","messageBody":"","fileTypesAndContributionMap":{"docs":{"insertions":2,"deletions":2}}},{"hash":"9dfb6373f7768fa98ad9a613522ff9a7af5d3806","isMergeCommit":false,"messageTitle":"Update MemoClass.puml","messageBody":"","fileTypesAndContributionMap":{"docs":{"insertions":2,"deletions":2}}},{"hash":"b1791b6d69fef550437d91c1c3db3f847dc7068b","isMergeCommit":false,"messageTitle":"Update MemoClass.puml","messageBody":"","fileTypesAndContributionMap":{"docs":{"insertions":14,"deletions":0}}}]},{"date":"2025-03-26","commitResults":[{"hash":"ff2f7e051ce1b7af0122678776659d38e0114ba7","isMergeCommit":true,"messageTitle":"Merge pull request #116 from iuhiah/combine-bookingtag-and-tag","messageBody":"Merge tag and bookingtag into single command (tag)","fileTypesAndContributionMap":{}},{"hash":"c69dfb1937cef987bd8a8c389de42b106e941268","isMergeCommit":false,"messageTitle":"Fix checkstyles","messageBody":"","fileTypesAndContributionMap":{"docs":{"insertions":1,"deletions":1}}},{"hash":"5805f84967223dc7d2e10146666b3454ba5b63d7","isMergeCommit":false,"messageTitle":"Update UML","messageBody":"","fileTypesAndContributionMap":{"docs":{"insertions":1,"deletions":0}}},{"hash":"c3d53ab8cb5e5b79e169cee4708b8344a3c01aa5","isMergeCommit":true,"messageTitle":"Merge branch \u0027master\u0027 of https://github.com/TanXingZhong/tp into branch-UpdateUML","messageBody":"","fileTypesAndContributionMap":{}},{"hash":"84303acad348bd7f7ed1dfc0072e73f582b184c5","isMergeCommit":false,"messageTitle":"Update UML","messageBody":"","fileTypesAndContributionMap":{"docs":{"insertions":1,"deletions":6}}},{"hash":"860c76c58d94d68bd29655a554f26ddfbb7792c3","isMergeCommit":true,"messageTitle":"Merge pull request #120 from iuhiah/combine-bookingtag-and-tag","messageBody":"Fix issue #119","fileTypesAndContributionMap":{}},{"hash":"a748da571e7f91225c320e4a0bcfd344f796e07a","isMergeCommit":true,"messageTitle":"Merge pull request #125 from iuhiah/delete-tag","messageBody":"Add incomplete untag command","fileTypesAndContributionMap":{}},{"hash":"0fbbbed584b6a499a2a33be59d8758503c465c4a","isMergeCommit":false,"messageTitle":"Add untag","messageBody":"","fileTypesAndContributionMap":{"functional-code":{"insertions":66,"deletions":27}}},{"hash":"d65cd212d1d8f6e0feb33620347c5409e426121a","isMergeCommit":false,"messageTitle":"Fix checkstyle","messageBody":"","fileTypesAndContributionMap":{"functional-code":{"insertions":1,"deletions":1}}}]},{"date":"2025-03-27","commitResults":[{"hash":"378a7e4a89c4f1d46bafdc883ff8d5be92ca3f4b","isMergeCommit":true,"messageTitle":"Merge pull request #128 from iuhiah/delete-tag","messageBody":"Fix argument passing in untag command parser","fileTypesAndContributionMap":{}},{"hash":"a09c987cad2da368d18287960f57b5bb01ae39f4","isMergeCommit":false,"messageTitle":"Fix codecov badge","messageBody":"","fileTypesAndContributionMap":{"docs":{"insertions":2,"deletions":1}}},{"hash":"016fe7e3a2fc097bd0f2bc4001eb8d0d64eaaa97","isMergeCommit":false,"messageTitle":"Fix codecov badge","messageBody":"","fileTypesAndContributionMap":{"docs":{"insertions":2,"deletions":1}}},{"hash":"7efa6f30927de7b36dd5de9b4e5d1579137a2a1e","isMergeCommit":false,"messageTitle":"Change to innsync icon","messageBody":"","fileTypesAndContributionMap":{"functional-code":{"insertions":2,"deletions":2},"test-code":{"insertions":1,"deletions":1}}},{"hash":"c140d1ae37eae8e39956ae377ce05949138509ad","isMergeCommit":false,"messageTitle":"Revert some changes","messageBody":"","fileTypesAndContributionMap":{"docs":{"insertions":1,"deletions":1}}},{"hash":"8bc2e7b7ec73c00d8395ddb4e9a99fe9c7f4ef24","isMergeCommit":false,"messageTitle":"Revert some changes","messageBody":"","fileTypesAndContributionMap":{"docs":{"insertions":0,"deletions":1}}},{"hash":"e50e9bb0cfc6f4e67e71350e6ea30c5aca9f8d88","isMergeCommit":false,"messageTitle":"Update UG","messageBody":"","fileTypesAndContributionMap":{"docs":{"insertions":203,"deletions":41}}},{"hash":"737c9da67420c1d18d1b339527d60ec22b326ef9","isMergeCommit":false,"messageTitle":"Update UG","messageBody":"","fileTypesAndContributionMap":{"docs":{"insertions":126,"deletions":54}}},{"hash":"111f62bf1c3609911def87a23bff5f0de93c05bc","isMergeCommit":false,"messageTitle":"Fix checkstyle","messageBody":"","fileTypesAndContributionMap":{"docs":{"insertions":28,"deletions":28}}},{"hash":"058bd467cf7d9992df302671ed3085b08e3f3afd","isMergeCommit":false,"messageTitle":"Fix navigation for table of content","messageBody":"","fileTypesAndContributionMap":{"docs":{"insertions":35,"deletions":35}}},{"hash":"4fa76dc419318ba94976646f94665e3428b7bdde","isMergeCommit":true,"messageTitle":"Merge pull request #141 from monobeartae/branch-update-ug","messageBody":"Update User Guide","fileTypesAndContributionMap":{}},{"hash":"d3e5456aebb2ed26288cb3fad2039d580123e6f4","isMergeCommit":true,"messageTitle":"Merge branch \u0027master\u0027 of https://github.com/TanXingZhong/tp","messageBody":"","fileTypesAndContributionMap":{}},{"hash":"1a053121f6ebe2419762fedb324b4d33a41f84f7","isMergeCommit":false,"messageTitle":"Add bookingtag test","messageBody":"","fileTypesAndContributionMap":{"test-code":{"insertions":73,"deletions":0}}},{"hash":"1369b49ad96f98ac6e4d8a619ff57d758f46850a","isMergeCommit":true,"messageTitle":"Merge branch \u0027master\u0027 of https://github.com/TanXingZhong/tp into branch-UpdateMemoUX","messageBody":"","fileTypesAndContributionMap":{}},{"hash":"fb4750c3110ea3f384352d645329ff7d56cc48f2","isMergeCommit":false,"messageTitle":"Add memo uxui","messageBody":"","fileTypesAndContributionMap":{"functional-code":{"insertions":50,"deletions":4}}}]},{"date":"2025-03-29","commitResults":[{"hash":"22b426270f98abc45ebacc9f406c8b0dc4b9e57b","isMergeCommit":false,"messageTitle":"Update AddressBookParserTest","messageBody":"","fileTypesAndContributionMap":{"functional-code":{"insertions":2,"deletions":1},"test-code":{"insertions":65,"deletions":0}}},{"hash":"a56cec6dfdb88fb17562a7015cdea73b69f34745","isMergeCommit":false,"messageTitle":"Fix checkstyleTest","messageBody":"","fileTypesAndContributionMap":{"test-code":{"insertions":2,"deletions":5}}},{"hash":"7d26733981eaeb53c5d6aef54149a6ddf7ea5610","isMergeCommit":false,"messageTitle":"Add toString test to memo","messageBody":"","fileTypesAndContributionMap":{"test-code":{"insertions":9,"deletions":0}}},{"hash":"51202458abd012d89e4487cbfbd3c528999c509d","isMergeCommit":false,"messageTitle":"Add toString test for TagCommand","messageBody":"","fileTypesAndContributionMap":{"functional-code":{"insertions":2,"deletions":0},"test-code":{"insertions":14,"deletions":0}}},{"hash":"20f26fa86a4e224c17782a4dca5e687e7ea04083","isMergeCommit":false,"messageTitle":"Fix toStringtest","messageBody":"","fileTypesAndContributionMap":{"functional-code":{"insertions":1,"deletions":0},"test-code":{"insertions":2,"deletions":1}}},{"hash":"5e94f2bc2cbe18134876cc30c58d052ed3032ea2","isMergeCommit":false,"messageTitle":"Fix checkstyleTest","messageBody":"","fileTypesAndContributionMap":{"test-code":{"insertions":0,"deletions":2}}},{"hash":"9443ea4a0e49410fa6dc91a4bf0d8206ade15038","isMergeCommit":false,"messageTitle":"Update UG","messageBody":"","fileTypesAndContributionMap":{"docs":{"insertions":115,"deletions":161}}},{"hash":"fab500f299f7ec9fa267997de758510c2bf63f49","isMergeCommit":false,"messageTitle":"Fix checkstyles","messageBody":"","fileTypesAndContributionMap":{"docs":{"insertions":8,"deletions":8}}}]},{"date":"2025-03-30","commitResults":[{"hash":"2e4aafd494fcbd0e2df2f5be0bc5e05bab4a54a3","isMergeCommit":false,"messageTitle":"Implement add request","messageBody":"","fileTypesAndContributionMap":{"functional-code":{"insertions":481,"deletions":53},"test-code":{"insertions":286,"deletions":13}}},{"hash":"dc79d304ce9819ecd999491a1899c3b1fa5b127d","isMergeCommit":false,"messageTitle":"Fix checkstyle","messageBody":"","fileTypesAndContributionMap":{"functional-code":{"insertions":0,"deletions":2}}},{"hash":"eb0aaeee7cf67403b9589166b6bbd8c5b11ce2c4","isMergeCommit":false,"messageTitle":"Fix edit request","messageBody":"","fileTypesAndContributionMap":{"functional-code":{"insertions":1,"deletions":1}}},{"hash":"ec3cafbddedca957f27d2520881e584f6f2d9a13","isMergeCommit":false,"messageTitle":"Update request with completion status","messageBody":"","fileTypesAndContributionMap":{"functional-code":{"insertions":45,"deletions":3}}},{"hash":"18c95bc920699c3725a85fa3875a2375ae5f9a05","isMergeCommit":false,"messageTitle":"Add request test","messageBody":"","fileTypesAndContributionMap":{"test-code":{"insertions":25,"deletions":0}}},{"hash":"126faa00623abf0fbc3990d044f3d28b1c8c77c2","isMergeCommit":false,"messageTitle":"Add more request test","messageBody":"","fileTypesAndContributionMap":{"functional-code":{"insertions":5,"deletions":2},"test-code":{"insertions":12,"deletions":2}}}]},{"date":"2025-03-31","commitResults":[{"hash":"5e9b8cf649a6a7e4b92aee69abdc6364fe6503ef","isMergeCommit":false,"messageTitle":"Update uxui for request","messageBody":"","fileTypesAndContributionMap":{"functional-code":{"insertions":12,"deletions":10}}},{"hash":"7f938abe3ddb88c4f1d9a6a24bfadc1ed5f6e525","isMergeCommit":false,"messageTitle":"Add validation for memo","messageBody":"","fileTypesAndContributionMap":{"functional-code":{"insertions":14,"deletions":0}}},{"hash":"742359ca2814e7ed496d76e78784ba717eca657c","isMergeCommit":false,"messageTitle":"Add memo validation","messageBody":"","fileTypesAndContributionMap":{"functional-code":{"insertions":2,"deletions":3}}},{"hash":"e8ba254f77c798dbdfdb58d8839f2cfa559f1ab8","isMergeCommit":false,"messageTitle":"Update request validation message","messageBody":"","fileTypesAndContributionMap":{"functional-code":{"insertions":1,"deletions":1}}},{"hash":"b4d441dc8e82e566b8548a5151aa78d6c3cb9913","isMergeCommit":false,"messageTitle":"Fix checkstyle","messageBody":"","fileTypesAndContributionMap":{"functional-code":{"insertions":1,"deletions":5}}},{"hash":"d7bc8f731d09eb574fad2aa9595fc7c2e753b912","isMergeCommit":false,"messageTitle":"Add more memo test","messageBody":"","fileTypesAndContributionMap":{"functional-code":{"insertions":1,"deletions":1},"test-code":{"insertions":8,"deletions":0}}},{"hash":"699ad089efde9bff43321b7245562569ee61fac4","isMergeCommit":false,"messageTitle":"Fix  checkstyle","messageBody":"","fileTypesAndContributionMap":{"test-code":{"insertions":0,"deletions":9}}},{"hash":"801675019ca2edba379d59ca899771a0b29c7571","isMergeCommit":false,"messageTitle":"Fix checkstyle","messageBody":"","fileTypesAndContributionMap":{"functional-code":{"insertions":0,"deletions":1},"test-code":{"insertions":0,"deletions":1}}},{"hash":"4eb7926628452e730a206adf72fdaa9cf53d3798","isMergeCommit":false,"messageTitle":"Add test case to improve code coverage","messageBody":"","fileTypesAndContributionMap":{"functional-code":{"insertions":2,"deletions":0},"test-code":{"insertions":73,"deletions":5}}},{"hash":"4ddda7e67132c6dbf24def2e3fbe119464241b19","isMergeCommit":false,"messageTitle":"Add more test case for request","messageBody":"","fileTypesAndContributionMap":{"test-code":{"insertions":28,"deletions":19}}},{"hash":"4fa9b966024ea1e5b046b03672d0e2afede7c0d7","isMergeCommit":false,"messageTitle":"Change addReq to request command word","messageBody":"","fileTypesAndContributionMap":{"functional-code":{"insertions":1,"deletions":1}}}]},{"date":"2025-04-01","commitResults":[{"hash":"cd7d6842169d00e6f4d7bffd2ae9ee1ae51e57e5","isMergeCommit":false,"messageTitle":"Update requestCommand to use prefix","messageBody":"","fileTypesAndContributionMap":{"functional-code":{"insertions":3,"deletions":2}}},{"hash":"84f4f58f5df8b23d63d99ee2745ff677bfda620c","isMergeCommit":false,"messageTitle":"Update request to req for command word","messageBody":"","fileTypesAndContributionMap":{"functional-code":{"insertions":1,"deletions":1}}},{"hash":"1e13b15825a303ab3d102ddb104cc04a0058f2d1","isMergeCommit":true,"messageTitle":"Merge branch \u0027master\u0027 of https://github.com/TanXingZhong/tp into branch-Add-Request","messageBody":"","fileTypesAndContributionMap":{}},{"hash":"3df13497bc640f471fd0544be1fbf8ffbcae589e","isMergeCommit":false,"messageTitle":"Update error message to be more specific","messageBody":"","fileTypesAndContributionMap":{"functional-code":{"insertions":21,"deletions":8},"test-code":{"insertions":2,"deletions":28}}},{"hash":"d2a0a07f17bf6a594bb4f81323e6cf4d0e9aea18","isMergeCommit":true,"messageTitle":"Merge pull request #191 from monobeartae/branch-unstar-tests","messageBody":"Add Test for UnstarCommandParser","fileTypesAndContributionMap":{}},{"hash":"4ff455563065e268669d12ef6a2f8c5d41d76286","isMergeCommit":true,"messageTitle":"Merge pull request #189 from monobeartae/branch-selected-person-ui","messageBody":"Update Person Details UI on Command ","fileTypesAndContributionMap":{}},{"hash":"005a50512e6e3b6cfcbf7601cbaa5bd95cf99154","isMergeCommit":false,"messageTitle":"Add confirmation to clear","messageBody":"","fileTypesAndContributionMap":{"functional-code":{"insertions":77,"deletions":3}}},{"hash":"3db09598d28a59b9d0afc723dd48b8d2b683e079","isMergeCommit":false,"messageTitle":"Update list message when there is no people","messageBody":"","fileTypesAndContributionMap":{"functional-code":{"insertions":5,"deletions":0}}},{"hash":"edf5e15de17232aeff2752cb2023d5558705454b","isMergeCommit":false,"messageTitle":"Fix test","messageBody":"","fileTypesAndContributionMap":{"test-code":{"insertions":1,"deletions":1}}},{"hash":"2dc02e12f0c1fe1b15fc91e0f3b66b8d8b81da77","isMergeCommit":false,"messageTitle":"Allow unique names like X Æ A-Xii or a/p","messageBody":"","fileTypesAndContributionMap":{"functional-code":{"insertions":7,"deletions":5},"test-code":{"insertions":3,"deletions":5}}},{"hash":"0b4af1f0015bfff4b4ed9a12c12f8d1e6397316e","isMergeCommit":false,"messageTitle":"Fix checkstyle","messageBody":"","fileTypesAndContributionMap":{"test-code":{"insertions":2,"deletions":2}}}]},{"date":"2025-04-02","commitResults":[{"hash":"e53940501732c46df87b7de638379381afbfc80f","isMergeCommit":false,"messageTitle":"Add unique request list","messageBody":"","fileTypesAndContributionMap":{"functional-code":{"insertions":402,"deletions":23},"test-code":{"insertions":19,"deletions":3}}},{"hash":"4dcf7ad4996618c5ff0fd9a816ce75cc8500d23a","isMergeCommit":false,"messageTitle":"Fix test case","messageBody":"","fileTypesAndContributionMap":{"functional-code":{"insertions":34,"deletions":57},"test-code":{"insertions":46,"deletions":18}}},{"hash":"7006bc303c4488cb073c9c0cc6a86f773a201171","isMergeCommit":true,"messageTitle":"Merge branch \u0027master\u0027 into branch-UnqiueRequestList","messageBody":"","fileTypesAndContributionMap":{}},{"hash":"8584f6e59b6a324ab84b4f415f81c0a80e0a2ee1","isMergeCommit":false,"messageTitle":"Fix test bug","messageBody":"","fileTypesAndContributionMap":{"functional-code":{"insertions":7,"deletions":7},"test-code":{"insertions":13,"deletions":4}}},{"hash":"652c6df3dbfc940ed051a9577c70de112f3c3fb0","isMergeCommit":true,"messageTitle":"Merge pull request #200 from monobeartae/branch-selected-person-ui","messageBody":"Fix Bug: Clear Command did not Save Backup for Undo, and Add Jump","fileTypesAndContributionMap":{}},{"hash":"8192c685bb6cf3e103cd8e0f2083b9421cc0ea37","isMergeCommit":true,"messageTitle":"Merge branch \u0027master\u0027 of https://github.com/TanXingZhong/tp into branch-ConfirmClear","messageBody":"","fileTypesAndContributionMap":{}},{"hash":"f6a3c15cb02c24af67972657f44c756d0df110e0","isMergeCommit":false,"messageTitle":"Implement confirmcommand to make it generalise","messageBody":"","fileTypesAndContributionMap":{"functional-code":{"insertions":93,"deletions":62},"test-code":{"insertions":3,"deletions":10}}},{"hash":"c924a08580e302102e3e909a812c5d49277f5ba7","isMergeCommit":false,"messageTitle":"Fix checkstyle","messageBody":"","fileTypesAndContributionMap":{"functional-code":{"insertions":2,"deletions":2}}},{"hash":"5ee41c72d23f6f63e0510cea712ea1baa40b3bcf","isMergeCommit":true,"messageTitle":"Merge pull request #206 from monobeartae/branch-mark-request","messageBody":"Implement Mark Request Command and Many Other Changes","fileTypesAndContributionMap":{}},{"hash":"e52a345708faf0b9fc1c1f2120ecc491e2293ff8","isMergeCommit":false,"messageTitle":"Add many test cases for parser command eta","messageBody":"","fileTypesAndContributionMap":{"test-code":{"insertions":310,"deletions":1}}},{"hash":"cbb35509827d2e30d5eeb11362d6387f2943187b","isMergeCommit":false,"messageTitle":"Fix checkstyle","messageBody":"","fileTypesAndContributionMap":{"test-code":{"insertions":1,"deletions":5}}},{"hash":"4eee6d219418826ed76b53b6a17689ecea33bc4f","isMergeCommit":true,"messageTitle":"Merge pull request #207 from monobeartae/branch-confirm-command","messageBody":"Abstract Confirmation of Command Logic","fileTypesAndContributionMap":{}}]}],"iuhiah":[{"date":"2025-03-06","commitResults":[{"hash":"87d02fcc94d733b69d68653487ed8e0223658e37","isMergeCommit":false,"messageTitle":"Add Hai Hui to AboutUs.md","messageBody":"","fileTypesAndContributionMap":{"docs":{"insertions":10,"deletions":45}}},{"hash":"a89016d458f49ae779cdcd4fcf1ec5c5b1fc8271","isMergeCommit":false,"messageTitle":"Fix checkstyle EOF error","messageBody":"","fileTypesAndContributionMap":{"docs":{"insertions":1,"deletions":1}}},{"hash":"7380f2375417108c0311a4a8950a388c7e8e549a","isMergeCommit":true,"messageTitle":"Merge pull request #15 from varsha13152/update-aboutus","messageBody":"Update Varsha in About Us","fileTypesAndContributionMap":{}},{"hash":"f44a599f38dab52eea67d36a2b87d14425a02b01","isMergeCommit":true,"messageTitle":"Merge branch \u0027master\u0027 into Update-AboutUs","messageBody":"","fileTypesAndContributionMap":{}},{"hash":"6b5e3f17c2f80cd2cccc29c68c6e060515c6c859","isMergeCommit":true,"messageTitle":"Merge pull request #20 from iuhiah/Update-AboutUs","messageBody":"Update Hai Hui in About Us","fileTypesAndContributionMap":{}},{"hash":"ec29ce21a875376269d5f119dd29a93cdd98854d","isMergeCommit":true,"messageTitle":"Merge branch \u0027master\u0027 into branch-aboutus","messageBody":"","fileTypesAndContributionMap":{}},{"hash":"51ba8e9b9383b1321932e6b93fa1220fb5267ca6","isMergeCommit":true,"messageTitle":"Merge pull request #17 from monobeartae/branch-aboutus","messageBody":"Update Guan Qun in About Us","fileTypesAndContributionMap":{}},{"hash":"273499c4ec6107bfbbab356bf8cd6e66417fbb05","isMergeCommit":false,"messageTitle":"Add member portfolio files","messageBody":"","fileTypesAndContributionMap":{"docs":{"insertions":15,"deletions":1}}},{"hash":"12e557a4edca3fb15e35d595c222d51fd5fb88bc","isMergeCommit":true,"messageTitle":"Merge pull request #31 from iuhiah/Update-AboutUs","messageBody":"Add member portfolio files","fileTypesAndContributionMap":{}},{"hash":"748839dc32cc7ed3b3a671cc03b4e8b3d9c0bff7","isMergeCommit":true,"messageTitle":"Merge pull request #30 from TanXingZhong/branch-Fix-Aboutme","messageBody":"Fix About Us spacing","fileTypesAndContributionMap":{}}]},{"date":"2025-03-08","commitResults":[{"hash":"b52d109f1e8453dae478a726250fa928f8c2ffc5","isMergeCommit":false,"messageTitle":"Update CI status badge","messageBody":"","fileTypesAndContributionMap":{"docs":{"insertions":1,"deletions":1}}},{"hash":"2254de437bce23f4660d9a0c18cfe280ea1b14f1","isMergeCommit":false,"messageTitle":"Add use cases and user stories","messageBody":"Add use case for edit and find.\n","fileTypesAndContributionMap":{"docs":{"insertions":67,"deletions":14}}},{"hash":"553c983295edbfb3ca4a23665a2a6fd5037fdeb2","isMergeCommit":true,"messageTitle":"Merge branch \u0027master\u0027 into pr/monobeartae/41","messageBody":"","fileTypesAndContributionMap":{}},{"hash":"70963a08fb47a74584c74c86ed38acb93043f20b","isMergeCommit":true,"messageTitle":"Merge pull request #41 from monobeartae/branch-update-dg-usecase","messageBody":"Update DeveloperGuide.md","fileTypesAndContributionMap":{}},{"hash":"1eba2e1fd53dca7b8a6767447109b1c6c93ecab3","isMergeCommit":false,"messageTitle":"Rename packages to InnSync and remove unused imports","messageBody":"","fileTypesAndContributionMap":{"other":{"insertions":774,"deletions":774},"docs":{"insertions":6,"deletions":6},"test-code":{"insertions":2,"deletions":2}}},{"hash":"3fe1276d59030553567917054298eb2b12adfda0","isMergeCommit":false,"messageTitle":"Fix workflow checkstyle errors","messageBody":"","fileTypesAndContributionMap":{"docs":{"insertions":1,"deletions":1}}}]},{"date":"2025-03-12","commitResults":[{"hash":"cafcd2079e9f87a6b6515fcdae927371dc33845c","isMergeCommit":false,"messageTitle":"Add LocalDateTime parsing and storage to DateTag","messageBody":"","fileTypesAndContributionMap":{"functional-code":{"insertions":66,"deletions":0}}},{"hash":"59d0174f39780c825707eebc3ec6393826f82390","isMergeCommit":false,"messageTitle":"Fix checkstyle errors","messageBody":"","fileTypesAndContributionMap":{"functional-code":{"insertions":71,"deletions":2},"test-code":{"insertions":1,"deletions":0}}},{"hash":"347a04f947472b08d2b566b79925711b31128b4a","isMergeCommit":false,"messageTitle":"Fix tests","messageBody":"Todo: Add tests for DateTag\n","fileTypesAndContributionMap":{"functional-code":{"insertions":9,"deletions":1},"test-code":{"insertions":36,"deletions":11}}},{"hash":"8ba40b52e9dbbe82d671484ee1d54efd19512c72","isMergeCommit":false,"messageTitle":"Add date time formatter to date tag","messageBody":"","fileTypesAndContributionMap":{"functional-code":{"insertions":4,"deletions":1}}},{"hash":"085a4042ef412fff87362b6b3665742f6b75f306","isMergeCommit":false,"messageTitle":"Change DateTag to BookingTag","messageBody":"","fileTypesAndContributionMap":{"functional-code":{"insertions":114,"deletions":35},"other":{"insertions":15,"deletions":15},"test-code":{"insertions":12,"deletions":12}}},{"hash":"1320bb0047fa795ec217dd96749883de3e4b9423","isMergeCommit":false,"messageTitle":"Fix old date tag references and add prefix for booking tag","messageBody":"","fileTypesAndContributionMap":{"functional-code":{"insertions":13,"deletions":10}}},{"hash":"f9c70a45a346a8eb99b0e86317b6aa994f2ddeb9","isMergeCommit":false,"messageTitle":"Change booking tag format to support name, start date and end date","messageBody":"","fileTypesAndContributionMap":{"functional-code":{"insertions":19,"deletions":6}}},{"hash":"f6e45fc72b8dfaeabf92505ca1656627d5a8ea46","isMergeCommit":false,"messageTitle":"Fix parse booking tags","messageBody":"","fileTypesAndContributionMap":{"functional-code":{"insertions":30,"deletions":16}}}]},{"date":"2025-03-13","commitResults":[{"hash":"21e49228db00fe543a4dd4f2f9e2a69ef71db4ab","isMergeCommit":true,"messageTitle":"Merge pull request #71 from varsha13152/update-help-url","messageBody":"Update help url","fileTypesAndContributionMap":{}}]},{"date":"2025-03-19","commitResults":[{"hash":"b4ba3a30f11c94d871a1b7450cdbd309438d6b73","isMergeCommit":false,"messageTitle":"Add tests for BookingTagCommand","messageBody":"","fileTypesAndContributionMap":{"functional-code":{"insertions":1,"deletions":1},"test-code":{"insertions":91,"deletions":0}}},{"hash":"b33404e1d71dcd489ba3f5cd337ed4abbbc6b846","isMergeCommit":true,"messageTitle":"Merge pull request #94 from varsha13152/update-UG","messageBody":"Update UG with Find command","fileTypesAndContributionMap":{}},{"hash":"dab0b58ac48b30192f64ae32cf6c148f6cba5e03","isMergeCommit":true,"messageTitle":"Merge pull request #88 from TanXingZhong/branch-Update-DG","messageBody":"Update DG and UG","tags":["v1.3-mvp"],"fileTypesAndContributionMap":{}}]},{"date":"2025-03-20","commitResults":[{"hash":"4f4043c33355afcd24c6e13cde5ec20ad31ee42e","isMergeCommit":false,"messageTitle":"Update UserGuide.md","messageBody":"Fix typo","fileTypesAndContributionMap":{"docs":{"insertions":1,"deletions":1}}}]},{"date":"2025-03-25","commitResults":[{"hash":"3215a48053f6e28506eabc7741cb76c1062b5121","isMergeCommit":false,"messageTitle":"Merge tag and bookingtag into single command","messageBody":"","fileTypesAndContributionMap":{"functional-code":{"insertions":60,"deletions":176}}},{"hash":"2068778afe2efb9436147601666329ffc85fbee9","isMergeCommit":false,"messageTitle":"Change tag command word to \"tag\" instead of \"addtag\"","messageBody":"","fileTypesAndContributionMap":{"functional-code":{"insertions":1,"deletions":1}}},{"hash":"3aa76202540c723018116e85131bc9ae9357e31b","isMergeCommit":false,"messageTitle":"Remove duplicate case","messageBody":"","fileTypesAndContributionMap":{"functional-code":{"insertions":0,"deletions":3}}},{"hash":"b19a3f24df4c2ff7429b650e64378beecd264d47","isMergeCommit":false,"messageTitle":"Fix checkstyle errors","messageBody":"","fileTypesAndContributionMap":{"functional-code":{"insertions":7,"deletions":5}}}]},{"date":"2025-03-26","commitResults":[{"hash":"6e9084f714c7ad5aaee284df8b14e4674c773616","isMergeCommit":false,"messageTitle":"Update tag command test files","messageBody":"","fileTypesAndContributionMap":{"functional-code":{"insertions":3,"deletions":2},"test-code":{"insertions":161,"deletions":96}}},{"hash":"cee61bbeac58fde8e9bc869640fed5e1edc3797a","isMergeCommit":true,"messageTitle":"Merge pull request #118 from TanXingZhong/branch-UpdateUML","messageBody":"Add UML for memo","fileTypesAndContributionMap":{}},{"hash":"2df324e7e6cbd641a84075db499df7f729dc3fee","isMergeCommit":false,"messageTitle":"Fix tag command parsing","messageBody":"","fileTypesAndContributionMap":{"functional-code":{"insertions":13,"deletions":2}}},{"hash":"e6295312b9488792cbb1419e73c2d775a3c8f5e1","isMergeCommit":false,"messageTitle":"Format command example usage","messageBody":"","fileTypesAndContributionMap":{"functional-code":{"insertions":1,"deletions":2}}},{"hash":"3750c37a35e9d751c8c18a938220badc0c59b292","isMergeCommit":false,"messageTitle":"Fix tag command test failure","messageBody":"Add new method in CommandTestUtil to check if failure message matches any in given array\n","fileTypesAndContributionMap":{"test-code":{"insertions":36,"deletions":7}}},{"hash":"329caef1ad3fb985c8230aa2e812893f4cd99703","isMergeCommit":false,"messageTitle":"Update tag references and add tag command UML","messageBody":"","fileTypesAndContributionMap":{"docs":{"insertions":74,"deletions":0}}},{"hash":"9684a19458025f65306c4b038a0a4f84a82a7af7","isMergeCommit":false,"messageTitle":"Add incomplete untag command","messageBody":"","fileTypesAndContributionMap":{"functional-code":{"insertions":152,"deletions":0}}}]},{"date":"2025-03-27","commitResults":[{"hash":"6158ea8500ba8bb8e2ecb83a2cc64d7898bad6f5","isMergeCommit":true,"messageTitle":"Merge pull request #126 from TanXingZhong/branch-delete-tag","messageBody":"","fileTypesAndContributionMap":{}},{"hash":"45f9c15422cc29521907d18f8df6648d7d95e311","isMergeCommit":false,"messageTitle":"Fix argument passing in untag command parser","messageBody":"","fileTypesAndContributionMap":{"functional-code":{"insertions":1,"deletions":1}}},{"hash":"0f514d7b903fa121ae107c4f4790bf2a193b748f","isMergeCommit":true,"messageTitle":"Merge pull request #121 from Reshiro/branch-GUI","messageBody":"Change GUI layout and colors","fileTypesAndContributionMap":{}},{"hash":"68c0c5daa815583df6e1078a1696cab8ba8a84e6","isMergeCommit":true,"messageTitle":"Merge branch \u0027master\u0027 into delete-tag","messageBody":"","fileTypesAndContributionMap":{}},{"hash":"9e308713256af21f8e9714c39f45875e7160abd0","isMergeCommit":false,"messageTitle":"Fix bugs in untag command","messageBody":"- Error message showing wrong tag\n- Verify only one tag is deleted per command\n","fileTypesAndContributionMap":{"functional-code":{"insertions":11,"deletions":13}}},{"hash":"bb21ee4e092353729459f2a0d74db6536a15bfd8","isMergeCommit":false,"messageTitle":"Add tests for untag command and untag command parser","messageBody":"","fileTypesAndContributionMap":{"functional-code":{"insertions":1,"deletions":1},"test-code":{"insertions":121,"deletions":0}}},{"hash":"3080b4811344eccc0a6843ef639b1912863f83d5","isMergeCommit":false,"messageTitle":"Fix checkstyle errors","messageBody":"","fileTypesAndContributionMap":{"test-code":{"insertions":2,"deletions":2}}},{"hash":"f865376f0c123e23de24c1e4a42f4bdd014c0fd2","isMergeCommit":true,"messageTitle":"Merge pull request #155 from varsha13152/update-UG","messageBody":"Update User Guide for Find Command ","fileTypesAndContributionMap":{}},{"hash":"abb05b18b249e0053ebfa709fc0aea004dfa30b8","isMergeCommit":false,"messageTitle":"Add tag command parser tests","messageBody":"","fileTypesAndContributionMap":{"test-code":{"insertions":67,"deletions":0}}},{"hash":"00f4c0c72239f28f44f1e3825ebfd74691edf69c","isMergeCommit":false,"messageTitle":"Fix checkstyle errors","messageBody":"","fileTypesAndContributionMap":{"test-code":{"insertions":4,"deletions":4}}}]},{"date":"2025-03-29","commitResults":[{"hash":"c431100bc597ce7adbe7aa7b2a907d1af160fc81","isMergeCommit":true,"messageTitle":"Merge pull request #163 from TanXingZhong/branch-AddressBookParserTest","messageBody":"Update AddressBookParserTest","fileTypesAndContributionMap":{}},{"hash":"8e49ecd761b3a50015eac6b704850bdf5a0a0e44","isMergeCommit":true,"messageTitle":"Merge pull request #167 from TanXingZhong/branch-AddTagCommandTest","messageBody":"Add toString test for TagCommand","fileTypesAndContributionMap":{}}]}],"monobeartae":[{"date":"2025-03-06","commitResults":[{"hash":"2c3e66e81967d10ca62dfd670f6bbac08bd1201e","isMergeCommit":false,"messageTitle":"Updated AboutUs Page","messageBody":"","fileTypesAndContributionMap":{"docs":{"insertions":50,"deletions":42}}},{"hash":"42112dece998514e224beac897cf5c8f9d9db489","isMergeCommit":true,"messageTitle":"Merge branch \u0027master\u0027 into branch-Update-AboutUs","messageBody":"","fileTypesAndContributionMap":{}},{"hash":"a2ef58dadc7f33d77a51a9725a824af4b15ef9dd","isMergeCommit":true,"messageTitle":"Merge pull request #28 from Reshiro/branch-Update-AboutUs","messageBody":"Add Michael to AboutUs.md","fileTypesAndContributionMap":{}}]},{"date":"2025-03-08","commitResults":[{"hash":"fc98e1fdec67d5836b22a5d432d4807e09056dc1","isMergeCommit":false,"messageTitle":"Update README.md","messageBody":"","fileTypesAndContributionMap":{"docs":{"insertions":5,"deletions":10}}},{"hash":"c21fe95e8835bf58b74bd383080250ae04adaf79","isMergeCommit":false,"messageTitle":"Update DeveloperGuide.md","messageBody":"Update Target User Profile","fileTypesAndContributionMap":{"docs":{"insertions":2,"deletions":1}}},{"hash":"1d2504ff1967558d96a208dc3c42eab156a3e0e9","isMergeCommit":false,"messageTitle":"Update DeveloperGuide.md","messageBody":"","fileTypesAndContributionMap":{"docs":{"insertions":39,"deletions":8}}},{"hash":"a135f915c84cff3cdf769f83d5622c45f61e29b1","isMergeCommit":true,"messageTitle":"Merge pull request #37 from Reshiro/branch-Update-AboutUs","messageBody":"Fix Michael\u0027s AboutUs","fileTypesAndContributionMap":{}},{"hash":"a945fe8a41bdabd1f21ebfaec54bc4ebea501caf","isMergeCommit":true,"messageTitle":"Merge branch \u0027master\u0027 into branch-Update-UseCases","messageBody":"","fileTypesAndContributionMap":{}},{"hash":"8becea6c6a494ddaeef11e56f66923b6f917cfa6","isMergeCommit":true,"messageTitle":"Merge pull request #44 from Reshiro/branch-Update-UseCases","messageBody":"Update use cases for the add, delete, and list commands","fileTypesAndContributionMap":{}},{"hash":"f94f0b2d64526fdf1aa772cee1cdeb9bcaa049cc","isMergeCommit":true,"messageTitle":"Merge pull request #54 from varsha13152/update-DG","messageBody":"Update Developer Guide (Varsha)","fileTypesAndContributionMap":{}}]},{"date":"2025-03-12","commitResults":[{"hash":"3d22486ef325a45400f197b97f8cf2fbea669b55","isMergeCommit":false,"messageTitle":"Update Phone Validation incl country code","messageBody":"","fileTypesAndContributionMap":{"functional-code":{"insertions":16,"deletions":12},"test-code":{"insertions":37,"deletions":24}}},{"hash":"01821dcfdcfa66e6f4c46365cd0f296dae58442f","isMergeCommit":true,"messageTitle":"Merge branch \u0027master\u0027 of https://github.com/monobeartae/tp into branch-phone-validation","messageBody":"","fileTypesAndContributionMap":{}},{"hash":"81e150ca22659f197e7942177416c800f40c5799","isMergeCommit":false,"messageTitle":"Add Country Code Validation","messageBody":"","fileTypesAndContributionMap":{"functional-code":{"insertions":53,"deletions":5},"test-code":{"insertions":6,"deletions":6}}},{"hash":"6b37a6944d86c7dca1d327cf81ef8431f1ec767e","isMergeCommit":false,"messageTitle":"Fix: build (ubuntu) checkstyle errors for PR","messageBody":"","fileTypesAndContributionMap":{"docs":{"insertions":12,"deletions":12}}},{"hash":"56a346093bf873d9cdb96971d8b9d73c3aba3ba3","isMergeCommit":true,"messageTitle":"Merge branch \u0027master\u0027 of https://github.com/monobeartae/tp into branch-phone-validation","messageBody":"","fileTypesAndContributionMap":{}},{"hash":"e4abeda8c451817be75b85a2f3414fd2c7e1e74f","isMergeCommit":false,"messageTitle":"Fix merge issues","messageBody":"","fileTypesAndContributionMap":{"functional-code":{"insertions":6,"deletions":6}}}]},{"date":"2025-03-13","commitResults":[{"hash":"1b92c33690620dd123012968b071f27188dfa576","isMergeCommit":true,"messageTitle":"Merge pull request #60 from varsha13152/update-find-command","messageBody":"Update find command","fileTypesAndContributionMap":{}}]},{"date":"2025-03-17","commitResults":[{"hash":"4ea191e22ac03e69ce1f8db915b4cbd8b0509ed1","isMergeCommit":false,"messageTitle":"Implement Star Command, Logic and UI","messageBody":"","fileTypesAndContributionMap":{"functional-code":{"insertions":140,"deletions":2},"test-code":{"insertions":11,"deletions":10}}},{"hash":"21c1a098b04c80b98f62b47e709f0940668b0449","isMergeCommit":false,"messageTitle":"Add Tests for StarCommand. StarCommandParser","messageBody":"","fileTypesAndContributionMap":{"functional-code":{"insertions":27,"deletions":4},"test-code":{"insertions":153,"deletions":1}}},{"hash":"f8cce9530becc9d1a7bd7a1b25f91ef8fe9304e9","isMergeCommit":false,"messageTitle":"Modify Logic to Show  Starred At Top of List","messageBody":"","fileTypesAndContributionMap":{"functional-code":{"insertions":22,"deletions":1}}},{"hash":"5f66b66216e44aa0a606f2e7be14c6c7de2f7234","isMergeCommit":false,"messageTitle":"Fix: build checkstyle errors","messageBody":"","fileTypesAndContributionMap":{"functional-code":{"insertions":0,"deletions":2},"test-code":{"insertions":6,"deletions":0}}}]},{"date":"2025-03-19","commitResults":[{"hash":"e0f52342320f2574044df34edf184609d73ddff5","isMergeCommit":true,"messageTitle":"Merge pull request #83 from TanXingZhong/branch-Add-BookingTagCommand","messageBody":"Branch add booking tag command","fileTypesAndContributionMap":{}},{"hash":"f475998050a838de93ca35082814e9566f7dcf4a","isMergeCommit":true,"messageTitle":"Merge branch \u0027master\u0027 of https://github.com/monobeartae/tp into branch-star-command","messageBody":"","fileTypesAndContributionMap":{}},{"hash":"e5439a7a079430dd7f0dbe44a99d0cb19046fc43","isMergeCommit":false,"messageTitle":"Fix Merge Issues","messageBody":"","fileTypesAndContributionMap":{"test-code":{"insertions":18,"deletions":16}}},{"hash":"6aaa196b4b965fb2be76a10c1d1ba0aeecc807a0","isMergeCommit":false,"messageTitle":"Fix Bugs for Star Command","messageBody":"","fileTypesAndContributionMap":{"functional-code":{"insertions":31,"deletions":17},"test-code":{"insertions":27,"deletions":33}}},{"hash":"a4ca2b124f6e28dfa693c5a024c299aa4b2bc381","isMergeCommit":true,"messageTitle":"Merge pull request #86 from Reshiro/branch-Unstar","messageBody":"Implement unstar Command","fileTypesAndContributionMap":{}},{"hash":"822e2f8db5dd677d9f0cf51a657bd94c67b7c522","isMergeCommit":true,"messageTitle":"Merge pull request #79 from varsha13152/add-find-booking","messageBody":"Add functionality to search by booking tag","fileTypesAndContributionMap":{}},{"hash":"6c4f9bdd8c001d669cfc9ec51421631d7fad7328","isMergeCommit":true,"messageTitle":"Merge pull request #78 from varsha13152/update-find-testcases","messageBody":"Update find command test cases","fileTypesAndContributionMap":{}},{"hash":"edbcb7d778c9fadab855ad09a7bfc67cdfc0b07e","isMergeCommit":false,"messageTitle":"Update code to match merge","messageBody":"","fileTypesAndContributionMap":{"test-code":{"insertions":14,"deletions":14}}},{"hash":"97f652dfe3f3efd9d950110046f9c20e7e3ba58c","isMergeCommit":false,"messageTitle":"Fix Bug Remove star on edit","messageBody":"","fileTypesAndContributionMap":{"functional-code":{"insertions":2,"deletions":1},"test-code":{"insertions":14,"deletions":14}}},{"hash":"c1a41cb3e5e54c97f92e95ad51835f6d0ec9ecca","isMergeCommit":true,"messageTitle":"Merge pull request #95 from monobeartae/brach-fix-edit","messageBody":"Fix Bug Remove star on edit","fileTypesAndContributionMap":{}},{"hash":"fb3d1d76b7811957a99ba02bb0e6a71f6f6130b9","isMergeCommit":true,"messageTitle":"Merge pull request #97 from TanXingZhong/branch-Add-BookingTagCommandTest","messageBody":"Branch add booking tag command test","fileTypesAndContributionMap":{}},{"hash":"3b87b6f2cf473fa06f59c4e6371b85abe11610be","isMergeCommit":true,"messageTitle":"Merge pull request #96 from varsha13152/master","messageBody":"Update test cases","fileTypesAndContributionMap":{}},{"hash":"fed5151fd53950472f676b750ebed1978784740c","isMergeCommit":false,"messageTitle":"Update index.md","messageBody":"","fileTypesAndContributionMap":{"docs":{"insertions":4,"deletions":4}}},{"hash":"88580318bbee6b0fc0df681c0ca6b698789d3dbc","isMergeCommit":false,"messageTitle":"Update FindCommandTest.java","messageBody":"","fileTypesAndContributionMap":{"test-code":{"insertions":1,"deletions":1}}},{"hash":"527a298513486fc2e5deff91595740f23df15e4e","isMergeCommit":true,"messageTitle":"Merge pull request #101 from monobeartae/branch-update-home-page","messageBody":"Update index.md","fileTypesAndContributionMap":{}}]},{"date":"2025-03-20","commitResults":[{"hash":"76cc1d8319568d59e30f00fc4e4943276ca2a853","isMergeCommit":true,"messageTitle":"Merge pull request #102 from TanXingZhong/branch-Update-UG","messageBody":"Branch update ug","fileTypesAndContributionMap":{}}]},{"date":"2025-03-23","commitResults":[{"hash":"9b8d99d3b9d3a2a95853a171e65d175d2e7467e6","isMergeCommit":true,"messageTitle":"Merge pull request #106 from Reshiro/branch-FixEnglish","messageBody":"Fix grammar and style issues","fileTypesAndContributionMap":{}}]},{"date":"2025-03-25","commitResults":[{"hash":"58a252b497a7335b19eec77f5ee4614b13970bf5","isMergeCommit":false,"messageTitle":"Implement Undo Command","messageBody":"","fileTypesAndContributionMap":{"functional-code":{"insertions":53,"deletions":2},"test-code":{"insertions":5,"deletions":0}}},{"hash":"4ff3a9a28eb96330f4e8ef35ad8c63bfb0616a3b","isMergeCommit":false,"messageTitle":"Write tests for Undo Command","messageBody":"","fileTypesAndContributionMap":{"test-code":{"insertions":77,"deletions":0}}},{"hash":"85ad3bd47d167fa4d43e5e559c4612d023a29903","isMergeCommit":true,"messageTitle":"Merge pull request #113 from TanXingZhong/branch-Add-Memo","messageBody":"Branch add memo","fileTypesAndContributionMap":{}},{"hash":"9ea7c04af11e8d2fbf17eb09f029497fe20c63f6","isMergeCommit":true,"messageTitle":"Merge branch \u0027master\u0027 of https://github.com/monobeartae/tp into branch-undo-command","messageBody":"","fileTypesAndContributionMap":{}},{"hash":"34b037b68427e3a24fcce1c94059d98f05034d20","isMergeCommit":false,"messageTitle":"Resolve Merge Issues","messageBody":"","fileTypesAndContributionMap":{"functional-code":{"insertions":3,"deletions":0},"test-code":{"insertions":10,"deletions":0}}},{"hash":"d72e3c605490db795bf24ad5957bfa374a6a07b9","isMergeCommit":false,"messageTitle":"Edit SampleData to be more relevant","messageBody":"","fileTypesAndContributionMap":{"functional-code":{"insertions":8,"deletions":8}}}]},{"date":"2025-03-27","commitResults":[{"hash":"c91f29bf4374b8c93ccb15e34a829175fe0ebeb3","isMergeCommit":true,"messageTitle":"Merge pull request #122 from iuhiah/tagcommand-uml","messageBody":"Update tag references and add tag command UML","fileTypesAndContributionMap":{}},{"hash":"97c3d95e8769828a177555c7f92172e78fd07baa","isMergeCommit":true,"messageTitle":"Merge pull request #138 from TanXingZhong/branch-Update-UG","messageBody":"Branch update ug","fileTypesAndContributionMap":{}},{"hash":"617a9006ce6a826a2a4ee9568433bef3cfa86169","isMergeCommit":true,"messageTitle":"Merge pull request #137 from varsha13152/update-DG","messageBody":"Add diagram for find command","fileTypesAndContributionMap":{}},{"hash":"38e1b31585aa4a4e9168ee126f2f799eacdce525","isMergeCommit":false,"messageTitle":"Update UserGuide.md With Phone Validation","messageBody":"","fileTypesAndContributionMap":{"docs":{"insertions":4,"deletions":4}}},{"hash":"b3b21c0eab9a4c486f79f345597e5ee11db720b4","isMergeCommit":false,"messageTitle":"Update UserGuide.md","messageBody":"add undo, shift command notes, move command summary up","fileTypesAndContributionMap":{"docs":{"insertions":32,"deletions":23}}},{"hash":"f459510d6c28b6fce6e6e4f26ffa3b397d227f71","isMergeCommit":true,"messageTitle":"Merge branch \u0027master\u0027 of https://github.com/monobeartae/tp into branch-update-ug","messageBody":"","fileTypesAndContributionMap":{}},{"hash":"fa45218f1d4f5048b2c035910104242f1004d2bf","isMergeCommit":true,"messageTitle":"Merge branch \u0027master\u0027 into delete-tag","messageBody":"","fileTypesAndContributionMap":{}},{"hash":"9da761145ad307b44cba66fdc19c033839c283e7","isMergeCommit":true,"messageTitle":"Merge pull request #143 from Reshiro/branch-liststar-Test","messageBody":"Add tests for liststar","fileTypesAndContributionMap":{}},{"hash":"78d5b3351d257905a3dc6f9eba7c7564735c6f92","isMergeCommit":true,"messageTitle":"Merge pull request #135 from varsha13152/multisearch-find","messageBody":"Update FindCommand.java and FindCommandParser.java to add Memo search and multisearch","fileTypesAndContributionMap":{}},{"hash":"0d96a930056f105a9cda0f7542e6773213db67be","isMergeCommit":true,"messageTitle":"Merge pull request #144 from varsha13152/update-UG","messageBody":"Update User Guide for Find Command","fileTypesAndContributionMap":{}},{"hash":"bd5a402cf3eccf55667273066213a1d0bcc153ce","isMergeCommit":false,"messageTitle":"Fix careless issue oops","messageBody":"","fileTypesAndContributionMap":{"functional-code":{"insertions":1,"deletions":1}}},{"hash":"9fc9bf2ab7c23f19df23b830e86fd6f7d6e1e3e3","isMergeCommit":true,"messageTitle":"Merge pull request #158 from varsha13152/update-UG","messageBody":"Update UG Find Command","fileTypesAndContributionMap":{}},{"hash":"54d59eec464d979e03b87e4a3b2c6e4bac2494c5","isMergeCommit":true,"messageTitle":"Merge pull request #159 from iuhiah/add-tagcommandparsertest","messageBody":"Add tag command parser tests","fileTypesAndContributionMap":{}},{"hash":"3b086bda23ce7892c086084a301118cbadbcc591","isMergeCommit":true,"messageTitle":"Merge pull request #160 from TanXingZhong/branch-UpdateMemoUX","messageBody":"Branch update memo ux","tags":["v1.4-alpha"],"fileTypesAndContributionMap":{}}]},{"date":"2025-03-31","commitResults":[{"hash":"9efaee2331367556784e56015fe6c338a2adb246","isMergeCommit":true,"messageTitle":"Merge pull request #176 from TanXingZhong/branch-Add-Memo","messageBody":"Branch add memo validation","fileTypesAndContributionMap":{}},{"hash":"ea62daa6b3564aaaaae386a6922dc241b96634d5","isMergeCommit":true,"messageTitle":"Merge pull request #169 from TanXingZhong/branch-Update-UG","messageBody":"Update UG","fileTypesAndContributionMap":{}},{"hash":"923ae24682221435a80f73c7aee6b2a608d2326f","isMergeCommit":true,"messageTitle":"Merge pull request #164 from TanXingZhong/branch-AddMemoTest","messageBody":"Add toString test to memo","fileTypesAndContributionMap":{}}]},{"date":"2025-04-01","commitResults":[{"hash":"5e1d0bd0e2c46e962a340fb6f620c1a5a6a87766","isMergeCommit":true,"messageTitle":"Merge pull request #177 from TanXingZhong/branch-Add-BookingTagTest","messageBody":"Add test case to improve code coverage","fileTypesAndContributionMap":{}},{"hash":"4dfe5d3dbafa8899a465994e5b79b03ee930d6d8","isMergeCommit":false,"messageTitle":"Add Person to CommandResult","messageBody":"","fileTypesAndContributionMap":{"functional-code":{"insertions":40,"deletions":4},"test-code":{"insertions":7,"deletions":7}}},{"hash":"93629d157c76a8f7d0ee5c3ff1f7647f21ed94f2","isMergeCommit":false,"messageTitle":"Update all commands to select person","messageBody":"","fileTypesAndContributionMap":{"functional-code":{"insertions":9,"deletions":11}}},{"hash":"829928868fd576d9d4418d331d32c4dc20b65bcc","isMergeCommit":true,"messageTitle":"Merge branch \u0027master\u0027 of https://github.com/monobeartae/tp into branch-selected-person-ui","messageBody":"","fileTypesAndContributionMap":{}},{"hash":"c0a2e7b391615fea3007e97145c56bbd8359aa9c","isMergeCommit":false,"messageTitle":"Modify Test Cases to include Person field","messageBody":"","fileTypesAndContributionMap":{"functional-code":{"insertions":5,"deletions":2},"test-code":{"insertions":27,"deletions":17}}},{"hash":"bf662d1313ac175db0c07bbe26f18be353522563","isMergeCommit":false,"messageTitle":"Add Test for UnstarCommandParser","messageBody":"","fileTypesAndContributionMap":{"test-code":{"insertions":32,"deletions":0}}},{"hash":"1521e799156e1956e4ad5fe4de92a6f055095157","isMergeCommit":false,"messageTitle":"Add Javadoc Comment","messageBody":"","fileTypesAndContributionMap":{"functional-code":{"insertions":4,"deletions":1}}}]},{"date":"2025-04-02","commitResults":[{"hash":"4f93178c066c53dec6d75d479a85674381e74d95","isMergeCommit":false,"messageTitle":"Save Backup on Clear + Add Jump","messageBody":"","fileTypesAndContributionMap":{"functional-code":{"insertions":4,"deletions":0}}},{"hash":"800ba52e802fdd317641b9ed6658b498bc11b0b2","isMergeCommit":true,"messageTitle":"Merge pull request #192 from TanXingZhong/branch-UpdateListMsg","messageBody":"Update list message when there is no people","fileTypesAndContributionMap":{}},{"hash":"f93fa717193f296f70acaf53c19c0ce5269f7ccc","isMergeCommit":false,"messageTitle":"Add Integration Tests","messageBody":"","fileTypesAndContributionMap":{"test-code":{"insertions":125,"deletions":4}}},{"hash":"de7d1ca873b0a292eb565ecf400cea1744c9954e","isMergeCommit":false,"messageTitle":"Enable Assertions","messageBody":"","fileTypesAndContributionMap":{"other":{"insertions":4,"deletions":0}}},{"hash":"aaad8d1aa74e1a4f976e38609d036dbfb0fd5832","isMergeCommit":true,"messageTitle":"Merge branch \u0027master\u0027 of https://github.com/monobeartae/tp","messageBody":"","fileTypesAndContributionMap":{}},{"hash":"5104827aec85886bde18a94f6185f86f187071bf","isMergeCommit":true,"messageTitle":"Merge pull request #199 from TanXingZhong/branch-UnqiueRequestList","messageBody":"Implement unqiue request list","fileTypesAndContributionMap":{}},{"hash":"62a441290902a903b2efa3599e1def506c0fd034","isMergeCommit":true,"messageTitle":"Merge branch \u0027AY2425S2-CS2103T-T16-2:master\u0027 into master","messageBody":"","fileTypesAndContributionMap":{}},{"hash":"ce758ed9dfc60c18b78b0aca7f3f2f506d3746c9","isMergeCommit":false,"messageTitle":"Implement Mark Request Command + fixes","messageBody":"","fileTypesAndContributionMap":{"functional-code":{"insertions":203,"deletions":8},"test-code":{"insertions":3,"deletions":2}}},{"hash":"fda254828cbe7e1f4513395da01da38036d0e810","isMergeCommit":false,"messageTitle":"Change Requests to use List not Set","messageBody":"","fileTypesAndContributionMap":{"functional-code":{"insertions":44,"deletions":40},"test-code":{"insertions":27,"deletions":18}}},{"hash":"2ff11b0fa02d3a94d88891d64a94f617301cc8d2","isMergeCommit":false,"messageTitle":"Add check for index","messageBody":"","fileTypesAndContributionMap":{"functional-code":{"insertions":8,"deletions":1}}},{"hash":"b5579d9f06b440af34e36a282fc7d13466ffb5c1","isMergeCommit":false,"messageTitle":"Fix: command example","messageBody":"","fileTypesAndContributionMap":{"functional-code":{"insertions":1,"deletions":1}}},{"hash":"614425e0f64fb95208278eb5d74d6f00843e4c6b","isMergeCommit":false,"messageTitle":"Modify MarkRequestCommand","messageBody":"","fileTypesAndContributionMap":{"functional-code":{"insertions":3,"deletions":3}}},{"hash":"e9faf82bdfa23e24236cf73409b20ad114b6d6e4","isMergeCommit":true,"messageTitle":"Merge pull request #203 from TanXingZhong/branch-ConfirmClear","messageBody":"Add confirmation to clear","fileTypesAndContributionMap":{}},{"hash":"b4fdb749c19a894f47263677fbdb21ff94189135","isMergeCommit":true,"messageTitle":"Merge branch \u0027AY2425S2-CS2103T-T16-2:master\u0027 into master","messageBody":"","fileTypesAndContributionMap":{}},{"hash":"f37683b290a663d6582f1af7ed86862549b637d5","isMergeCommit":true,"messageTitle":"Merge branch \u0027AY2425S2-CS2103T-T16-2:master\u0027 into master","messageBody":"","fileTypesAndContributionMap":{}},{"hash":"b1640b9c9d324deb3d2ec5e773fc1915d82af3bf","isMergeCommit":false,"messageTitle":"Abstract Confirmation Logic","messageBody":"","fileTypesAndContributionMap":{"functional-code":{"insertions":165,"deletions":49}}},{"hash":"79cd54c95bcadc5e9d3e3899e05333506ebed0b3","isMergeCommit":false,"messageTitle":"Add Test Cases for ConfirmCommand","messageBody":"","fileTypesAndContributionMap":{"functional-code":{"insertions":0,"deletions":3},"test-code":{"insertions":38,"deletions":0}}},{"hash":"e52687d7522699ec17d1e0f2cab22b5a41d6c7a1","isMergeCommit":false,"messageTitle":"Fix checktyle errors","messageBody":"","fileTypesAndContributionMap":{"functional-code":{"insertions":0,"deletions":2},"test-code":{"insertions":6,"deletions":1}}}]}],"Reshiro":[{"date":"2025-03-06","commitResults":[{"hash":"910124d60d1874bea8b053348a0628f9d8faa077","isMergeCommit":false,"messageTitle":"Update Michael\u0027s AboutUs","messageBody":"","fileTypesAndContributionMap":{"docs":{"insertions":4,"deletions":45}}}]},{"date":"2025-03-08","commitResults":[{"hash":"c2c902e48fd1bcc4cd0fcced35657acdb74eb3cb","isMergeCommit":false,"messageTitle":"Fix Michael\u0027s AboutUs","messageBody":"","fileTypesAndContributionMap":{"docs":{"insertions":1,"deletions":1}}},{"hash":"03741a7c2053aa2e3db21f1e0a1df74843980a00","isMergeCommit":false,"messageTitle":"Add use cases for the add, delete, and list commands","messageBody":"","fileTypesAndContributionMap":{"docs":{"insertions":39,"deletions":12}}},{"hash":"750864f4a3c7a58ba0da7b0dfbac2cea4959cd36","isMergeCommit":false,"messageTitle":"Add details to the use case extensions","messageBody":"","fileTypesAndContributionMap":{"docs":{"insertions":3,"deletions":3}}},{"hash":"fee5b56ce523a57be6f5e37eb81d8e179a4010df","isMergeCommit":true,"messageTitle":"Merge pull request #38 from monobeartae/branch-update-website-user-profile","messageBody":"Update DeveloperGuide.md","fileTypesAndContributionMap":{}}]},{"date":"2025-03-11","commitResults":[{"hash":"802303c0ee4f17a2c186b0e33dea04a817e46c67","isMergeCommit":false,"messageTitle":"Add whitespace normalization for the name and address fields","messageBody":"","fileTypesAndContributionMap":{"functional-code":{"insertions":20,"deletions":12},"test-code":{"insertions":14,"deletions":0}}},{"hash":"c6cf1f0b9fd8fe78ad9e6b243c685c4599c8229b","isMergeCommit":false,"messageTitle":"Remove whitespace normalization for the email field","messageBody":"","fileTypesAndContributionMap":{"functional-code":{"insertions":4,"deletions":4}}}]},{"date":"2025-03-12","commitResults":[{"hash":"d88afa1326ac455cbd8b6653fe0c7ee391aa2948","isMergeCommit":true,"messageTitle":"Merge pull request #61 from monobeartae/branch-phone-validation","messageBody":"Update Phone Validation","fileTypesAndContributionMap":{}}]},{"date":"2025-03-19","commitResults":[{"hash":"d6e10a87b9cc3717380448f3858a6a487e86b123","isMergeCommit":true,"messageTitle":"Merge pull request #85 from monobeartae/branch-fix-star","messageBody":"Fix Bugs for Star Command","fileTypesAndContributionMap":{}},{"hash":"0aa41f88b71512e4f0b9cead0d383c8700a99131","isMergeCommit":false,"messageTitle":"Add and implement the unstar command","messageBody":"","fileTypesAndContributionMap":{"functional-code":{"insertions":121,"deletions":0}}},{"hash":"2c662b1ef39aac34a55eeea3a2c6ac2db750e658","isMergeCommit":false,"messageTitle":"Add spacing behind the star icon","messageBody":"","fileTypesAndContributionMap":{"functional-code":{"insertions":1,"deletions":1}}},{"hash":"ef13ea68fe8ecf6647718a6ca61b2d032f95acd7","isMergeCommit":false,"messageTitle":"Add and implement the liststar command","messageBody":"","fileTypesAndContributionMap":{"functional-code":{"insertions":30,"deletions":0}}},{"hash":"2410b3416959921cce332f41f8ba00a08891cc59","isMergeCommit":false,"messageTitle":"Add tests for the unstar command","messageBody":"","fileTypesAndContributionMap":{"test-code":{"insertions":119,"deletions":0}}},{"hash":"2f0d38991099f1a000062c0b50103e64484fdb0b","isMergeCommit":false,"messageTitle":"Remove trailing whitespaces","messageBody":"","fileTypesAndContributionMap":{"test-code":{"insertions":2,"deletions":2}}},{"hash":"b1004805f0b8890cc55dccba48744307031602a8","isMergeCommit":false,"messageTitle":"Fix EOF error for FindCommandTest","messageBody":"","fileTypesAndContributionMap":{"test-code":{"insertions":1,"deletions":0}}}]},{"date":"2025-03-21","commitResults":[{"hash":"cc15d8d3b3467ddd91e7ae714a8949938080040a","isMergeCommit":false,"messageTitle":"Add contact details to the left pane in the GUI","messageBody":"","fileTypesAndContributionMap":{"functional-code":{"insertions":290,"deletions":8}}},{"hash":"755eaba1778d34afbe0f8a6f0492c32e98541800","isMergeCommit":false,"messageTitle":"Change GUI colors","messageBody":"","fileTypesAndContributionMap":{"functional-code":{"insertions":2,"deletions":2},"other":{"insertions":81,"deletions":73}}},{"hash":"39f4ccdca096376fad29ecd6caa6eee8febce507","isMergeCommit":false,"messageTitle":"Change window name to InnSync","messageBody":"","fileTypesAndContributionMap":{"functional-code":{"insertions":1,"deletions":1}}},{"hash":"06e0906dffe1a867a2c7eca2d24a6e76369c6ca9","isMergeCommit":false,"messageTitle":"Fix grammar and style issues","messageBody":"","fileTypesAndContributionMap":{"functional-code":{"insertions":1,"deletions":1},"docs":{"insertions":12,"deletions":12}}}]},{"date":"2025-03-26","commitResults":[{"hash":"e6174c150570f3a9571d733db385bc2239720956","isMergeCommit":true,"messageTitle":"Merge branch \u0027master\u0027 into branch-GUI","messageBody":"","fileTypesAndContributionMap":{}},{"hash":"7dd7432b6cebf8485a4a068fc79203a6917466d6","isMergeCommit":false,"messageTitle":"Change GUI top bar to red","messageBody":"","fileTypesAndContributionMap":{"functional-code":{"insertions":21,"deletions":5}}},{"hash":"c5ece0155adb9dd3c893998de351690cc5a19b43","isMergeCommit":false,"messageTitle":"Remove trailing whitespaces","messageBody":"","fileTypesAndContributionMap":{"functional-code":{"insertions":27,"deletions":27}}},{"hash":"c55a5377d125f9d8ed912780890c99328616505f","isMergeCommit":false,"messageTitle":"Fix style issues","messageBody":"","fileTypesAndContributionMap":{"functional-code":{"insertions":4,"deletions":4}}},{"hash":"1cc62ee4812b3e670daa40ac138edffe8dddd4b6","isMergeCommit":false,"messageTitle":"Fix import order","messageBody":"","fileTypesAndContributionMap":{"functional-code":{"insertions":2,"deletions":2}}}]},{"date":"2025-03-27","commitResults":[{"hash":"30ac9e56379a9ecd7787e64becc93c2d829cc2af","isMergeCommit":true,"messageTitle":"Merge pull request #140 from TanXingZhong/branch-Update-UG","messageBody":"Fix navigation for table of content","fileTypesAndContributionMap":{}},{"hash":"ae15ccd302ebb334cbfcd3de75ff2ed86baa28da","isMergeCommit":false,"messageTitle":"Add tests for liststar","messageBody":"","fileTypesAndContributionMap":{"test-code":{"insertions":41,"deletions":0}}},{"hash":"e994a3cbdff4ea07e21c23727b3674500c66074c","isMergeCommit":true,"messageTitle":"Merge pull request #131 from iuhiah/delete-tag","messageBody":"Update parser functionality and fix bugs","fileTypesAndContributionMap":{}}]},{"date":"2025-04-01","commitResults":[{"hash":"1c4bd53fddbf820666ee14e0dc6e8aca33805ab4","isMergeCommit":false,"messageTitle":"Add sequence diagram for liststar","messageBody":"","fileTypesAndContributionMap":{"docs":{"insertions":57,"deletions":0}}}]},{"date":"2025-04-02","commitResults":[{"hash":"8dcd0d0f220e980cbb54ecb669c1f277579be5cc","isMergeCommit":true,"messageTitle":"Merge pull request #208 from TanXingZhong/branch-MoreTest","messageBody":"Add many test cases for parser command eta","fileTypesAndContributionMap":{}}]}]},"authorFileTypeContributionMap":{"varsha13152":{"docs":394,"functional-code":919,"test-code":786},"TanXingZhong":{"docs":317,"functional-code":1467,"test-code":1201},"iuhiah":{"docs":134,"functional-code":731,"test-code":807,"other":2},"monobeartae":{"docs":75,"functional-code":784,"test-code":567,"other":4},"Reshiro":{"docs":86,"functional-code":536,"test-code":172}},"authorContributionVariance":{"varsha13152":223545.95,"TanXingZhong":73043.77,"iuhiah":76256.43,"monobeartae":18844.293,"Reshiro":7389.348},"authorDisplayNameMap":{"varsha13152":"CS2103T-T16-2 V VA..RSHA","TanXingZhong":"CS2103T-T16-2 TAN ..HONG","iuhiah":"CS2103T-T16-2 LEE .. HUI","monobeartae":"CS2103T-T16-2 TAN .. QUN","Reshiro":"CS2103T-T16-2 MICH.. FAN"}}
