{"authorDailyContributionsMap":{"shashwatchan":[{"date":"2025-03-05","commitResults":[{"hash":"e2956fb9b97f2a132191c63859282d0193418f66","isMergeCommit":false,"messageTitle":"Add photo","messageBody":"","fileTypesAndContributionMap":{"other":{"insertions":580,"deletions":0}}},{"hash":"81ee2b88f51ddfe3c9240f9f591b70377c70e50c","isMergeCommit":false,"messageTitle":"Fixing .gitignore","messageBody":"","fileTypesAndContributionMap":{"other":{"insertions":0,"deletions":580}}},{"hash":"d845891f11c4d669bc1a0a8a46ec97c71729b514","isMergeCommit":false,"messageTitle":"Add about me","messageBody":"","fileTypesAndContributionMap":{"docs":{"insertions":9,"deletions":0}}},{"hash":"9e1ef4d2ddd1611ea8627c7d3541e3607a875d3a","isMergeCommit":false,"messageTitle":"Fix EOF error","messageBody":"","fileTypesAndContributionMap":{"docs":{"insertions":1,"deletions":1}}},{"hash":"2cea65f3848c08d867597340d8a1cdbf17b1e150","isMergeCommit":true,"messageTitle":"Merge branch \u0027master\u0027 into aboutme","messageBody":"","fileTypesAndContributionMap":{}},{"hash":"92a17e452663ad425ade83b4bd2707da1455a2b2","isMergeCommit":true,"messageTitle":"Merge pull request #13 from shashwatchan/aboutme","messageBody":"Add Shashwat\u0027s details to AboutUs.md","fileTypesAndContributionMap":{}}]},{"date":"2025-03-06","commitResults":[{"hash":"e6f7fb1a06ed166fd4f4a21b122717a3937b5fa7","isMergeCommit":false,"messageTitle":"Update readme and project details","messageBody":"","fileTypesAndContributionMap":{"other":{"insertions":2,"deletions":2},"docs":{"insertions":14,"deletions":8}}},{"hash":"5839b6688fab9d3cbf1708cd2ecf8b70fa487b19","isMergeCommit":true,"messageTitle":"Merge pull request #24 from shashwatchan/readme","messageBody":"Do tasks A2, A3, A4, B","fileTypesAndContributionMap":{}}]},{"date":"2025-03-13","commitResults":[{"hash":"cddfc6e2a8e9e3099db8d18a27d534bf335e1edd","isMergeCommit":false,"messageTitle":"Add link field","messageBody":"","fileTypesAndContributionMap":{"functional-code":{"insertions":135,"deletions":10},"test-code":{"insertions":31,"deletions":14}}},{"hash":"78cd83b364c17413b45b801e8b26437202b29d99","isMergeCommit":false,"messageTitle":"Fix bug in Link class","messageBody":"","fileTypesAndContributionMap":{"functional-code":{"insertions":3,"deletions":3}}},{"hash":"4dffa3ecb1a0b4e0ae0f0a545011db2bbe2e9569","isMergeCommit":true,"messageTitle":"Merge branch \u0027master\u0027 into link","messageBody":"","fileTypesAndContributionMap":{}},{"hash":"60190d6ad885bc548e75b341910230b3b85ec279","isMergeCommit":true,"messageTitle":"Merge pull request #41 from shashwatchan/link","messageBody":"Add link field","fileTypesAndContributionMap":{}}]},{"date":"2025-03-15","commitResults":[{"hash":"cf6a1532db16a4e89e55b475e89c9ccab8d7460f","isMergeCommit":false,"messageTitle":"Disabled tests, and fixed some bugs","messageBody":"","fileTypesAndContributionMap":{"functional-code":{"insertions":7,"deletions":2},"test-code":{"insertions":614,"deletions":612}}},{"hash":"e5f7ad52cfaaa7c100876d8e17699a29db493b05","isMergeCommit":false,"messageTitle":"Add Link validation, and extracting modules functionality","messageBody":"","fileTypesAndContributionMap":{"functional-code":{"insertions":42,"deletions":2},"test-code":{"insertions":1,"deletions":1}}}]},{"date":"2025-03-17","commitResults":[{"hash":"7f2d8858451bac7d47ae431470b11de195ba7f74","isMergeCommit":true,"messageTitle":"Merge pull request #42 from shashwatchan/linkvalidation","messageBody":"Disabled tests, and fixed some bugs","fileTypesAndContributionMap":{}}]}],"veehz":[{"date":"2025-03-05","commitResults":[{"hash":"37d021fe167e575cd420e26e14b9914a0cc179e4","isMergeCommit":false,"messageTitle":"Add Hua Zhi\u0027s profile to About Us section","messageBody":"","fileTypesAndContributionMap":{"docs":{"insertions":4,"deletions":46}}},{"hash":"611c00474ffdd6cb7e237bf518648306cb310fbf","isMergeCommit":true,"messageTitle":"Merge branch \u0027master\u0027 into aboutus","messageBody":"","fileTypesAndContributionMap":{}},{"hash":"5bb12096ad9632fe17b78ed28064ab9adf5a4c0e","isMergeCommit":true,"messageTitle":"Merge pull request #15 from veehz/aboutus","messageBody":"Add Hua Zhi\u0027s profile to About Us section","fileTypesAndContributionMap":{}}]},{"date":"2025-03-06","commitResults":[{"hash":"83726894bc99f25d421ad8626781b9c12cda747b","isMergeCommit":false,"messageTitle":"Add use cases for adding and linking contacts, fetching NUSMods data","messageBody":"","fileTypesAndContributionMap":{"docs":{"insertions":80,"deletions":2}}},{"hash":"3267811a25d046349307196d07efc577f8894e48","isMergeCommit":false,"messageTitle":"docs: Fix formatting of use case UC02 for consistency","messageBody":"","fileTypesAndContributionMap":{"docs":{"insertions":1,"deletions":1}}},{"hash":"c2a4e00a796392a43e6dfbaa8f119a9556320b43","isMergeCommit":false,"messageTitle":"docs: Add glossary terms and definitions","messageBody":"","fileTypesAndContributionMap":{"docs":{"insertions":6,"deletions":0}}},{"hash":"d346f8264a4b6a4aad251e05fcded623216afbf0","isMergeCommit":true,"messageTitle":"Merge pull request #26 from veehz/glossary","messageBody":"Update Glossary","fileTypesAndContributionMap":{}},{"hash":"27887e0020cf6a6666a6c904085e2008874e6fb4","isMergeCommit":true,"messageTitle":"Merge pull request #23 from veehz/use-cases","messageBody":"Add Use Cases","fileTypesAndContributionMap":{}}]},{"date":"2025-03-12","commitResults":[{"hash":"7e6336a89068f71a8eca0c2068810fef5fbf27b2","isMergeCommit":false,"messageTitle":"Update ModuleCode constraints  message","messageBody":"","fileTypesAndContributionMap":{"functional-code":{"insertions":6,"deletions":3}}},{"hash":"8ea468c274e9ef37a65e7046c32d6c8f992bc949","isMergeCommit":false,"messageTitle":"Add modules field to Person class and update tests","messageBody":"","fileTypesAndContributionMap":{"functional-code":{"insertions":18,"deletions":5},"test-code":{"insertions":2,"deletions":1}}}]},{"date":"2025-03-19","commitResults":[{"hash":"086abf1f7af043eeca2629620503b155c082ace2","isMergeCommit":false,"messageTitle":"Remove Title and Mod classes","messageBody":"","fileTypesAndContributionMap":{"functional-code":{"insertions":23,"deletions":160},"test-code":{"insertions":19,"deletions":112}}},{"hash":"03b81b8722b882ff36d1128f83192f6e3668fe3f","isMergeCommit":false,"messageTitle":"Add Modules to UI","messageBody":"","fileTypesAndContributionMap":{"functional-code":{"insertions":16,"deletions":1}}},{"hash":"9a7b5836964e5873643c63b783efd9b0933eaa9f","isMergeCommit":false,"messageTitle":"Fix formatting issues","messageBody":"","fileTypesAndContributionMap":{"functional-code":{"insertions":1,"deletions":1},"docs":{"insertions":2,"deletions":4}}}]}],"AbiHalim":[{"date":"2025-03-05","commitResults":[{"hash":"a1b4c29ef9c3f7043fd768f1ca530814b3564cfc","isMergeCommit":false,"messageTitle":"Add Abi\u0027s details to AboutUs.md","messageBody":"","fileTypesAndContributionMap":{"docs":{"insertions":5,"deletions":47}}},{"hash":"2fdb909774be4b693126a7876858efae9f0d3b28","isMergeCommit":true,"messageTitle":"Merge pull request #12 from AbiHalim/update-aboutus","messageBody":"Add Abi\u0027s details to AboutUs.md","fileTypesAndContributionMap":{}}]},{"date":"2025-03-07","commitResults":[{"hash":"c0e5fa4f2e5c2fd6758c68a2b1fbd447dab39a65","isMergeCommit":false,"messageTitle":"Create module, module code, and title classes","messageBody":"","fileTypesAndContributionMap":{"functional-code":{"insertions":199,"deletions":0},"test-code":{"insertions":12,"deletions":0}}},{"hash":"9e517e1fe03f0fd6874bc1aeaea0f1c70a76c40e","isMergeCommit":false,"messageTitle":"Add testing for module code","messageBody":"","fileTypesAndContributionMap":{"test-code":{"insertions":60,"deletions":8}}},{"hash":"5a2b6355eed509084bc47708737d8ba970ca1231","isMergeCommit":false,"messageTitle":"Fix no newline error in Module.java","messageBody":"","fileTypesAndContributionMap":{"functional-code":{"insertions":1,"deletions":1}}},{"hash":"d423c6b5038825ee7b7abcc9dfa9aa6c233acbb6","isMergeCommit":false,"messageTitle":"Fix style issues","messageBody":"","fileTypesAndContributionMap":{"functional-code":{"insertions":4,"deletions":4}}},{"hash":"9f7283e5e298e07d0c85e835ec97692729dcd7fa","isMergeCommit":false,"messageTitle":"Add more testing","messageBody":"","fileTypesAndContributionMap":{"test-code":{"insertions":58,"deletions":0}}},{"hash":"0b9ce8e0f9a0ced7337aa72cf17a16d754d08a2c","isMergeCommit":false,"messageTitle":"Fix line too long error","messageBody":"","fileTypesAndContributionMap":{"test-code":{"insertions":0,"deletions":1}}},{"hash":"5c02f9c0ab63b685f5653eef839198b2f870e09d","isMergeCommit":false,"messageTitle":"Add testing for Module class","messageBody":"","fileTypesAndContributionMap":{"test-code":{"insertions":54,"deletions":0}}},{"hash":"e94e99ef4b6aa4de29d785f8917c7b7a8640ffa5","isMergeCommit":false,"messageTitle":"Add Year class","messageBody":"","fileTypesAndContributionMap":{"functional-code":{"insertions":115,"deletions":9}}},{"hash":"e1e793884bcdb1cdc907a0b260286d2b1026c2ce","isMergeCommit":false,"messageTitle":"Add Year to sample data and Json person","messageBody":"","fileTypesAndContributionMap":{"functional-code":{"insertions":24,"deletions":14}}},{"hash":"4a5fb7694189b54e3dfbb40a25a4fecb1f540757","isMergeCommit":false,"messageTitle":"Implement Year into UI","messageBody":"","fileTypesAndContributionMap":{"functional-code":{"insertions":10,"deletions":1}}},{"hash":"0f2576f88cb5cbff0364fdb31c60743b7a784bac","isMergeCommit":false,"messageTitle":"Add Major","messageBody":"","fileTypesAndContributionMap":{"functional-code":{"insertions":84,"deletions":9}}},{"hash":"b23b4a8abe3be26d76c151f690c9aa8f43c6fad9","isMergeCommit":false,"messageTitle":"Integrate major and housing","messageBody":"","fileTypesAndContributionMap":{"functional-code":{"insertions":134,"deletions":67},"other":{"insertions":16,"deletions":15}}},{"hash":"0144b439ab6a77cead8810b727e48ed59d208e73","isMergeCommit":false,"messageTitle":"Update PersonListCard.fxml to include major and housing","messageBody":"","fileTypesAndContributionMap":{"functional-code":{"insertions":2,"deletions":1}}},{"hash":"aabc9fd020cc841d268ff637f6ad32a9da8300af","isMergeCommit":false,"messageTitle":"Add testing for housing, major, and year","messageBody":"","fileTypesAndContributionMap":{"test-code":{"insertions":478,"deletions":289}}},{"hash":"9d2d3a26b845a2df54ac16165f1f9cc073004290","isMergeCommit":false,"messageTitle":"Fix testing","messageBody":"","fileTypesAndContributionMap":{"test-code":{"insertions":17,"deletions":17}}},{"hash":"f53be4f5fe74547290b1f6301181164034badf83","isMergeCommit":false,"messageTitle":"Fix style errors","messageBody":"","fileTypesAndContributionMap":{"test-code":{"insertions":2,"deletions":4}}}]},{"date":"2025-03-10","commitResults":[{"hash":"155d4519ebcbf80269c6169595c58ac4317f8425","isMergeCommit":false,"messageTitle":"Update ModuleCode to allow 4 character prefixes","messageBody":"","fileTypesAndContributionMap":{"functional-code":{"insertions":2,"deletions":2}}},{"hash":"e11665dd96e34a8987155895b6e2fc177e872e91","isMergeCommit":false,"messageTitle":"Update Module Code testing","messageBody":"","fileTypesAndContributionMap":{"test-code":{"insertions":1,"deletions":1}}}]},{"date":"2025-03-11","commitResults":[{"hash":"c755c18c21840065e853e589f0c32a33be2dcc57","isMergeCommit":false,"messageTitle":"Update Module Code validation regex","messageBody":"Co-authored-by: Vee Hua Zhi \u003cveehzhz@gmail.com\u003e","fileTypesAndContributionMap":{"functional-code":{"insertions":1,"deletions":1}}},{"hash":"580ac28016d93862867fce99688eb0f3a5fb7349","isMergeCommit":false,"messageTitle":"Update ModuleCode testing","messageBody":"","fileTypesAndContributionMap":{"test-code":{"insertions":2,"deletions":2}}}]},{"date":"2025-03-12","commitResults":[{"hash":"3d740ef1e332edfc07c6a6e6619d80a3976abae4","isMergeCommit":true,"messageTitle":"Merge pull request #29 from AbiHalim/modules","messageBody":"Add Module Representation","fileTypesAndContributionMap":{}},{"hash":"68724f2cbf610a70bb82752c48e40c9633ef5049","isMergeCommit":true,"messageTitle":"Merge branch \u0027master\u0027 into nus-fields","messageBody":"","fileTypesAndContributionMap":{}},{"hash":"6617ead58508e8e745cefba1cc615a906eeb6f9c","isMergeCommit":true,"messageTitle":"Merge pull request #30 from AbiHalim/nus-fields","messageBody":"Add NUS related fields in Person class","fileTypesAndContributionMap":{}}]},{"date":"2025-03-17","commitResults":[{"hash":"487f6ecb0cc353842dabdc326ee074934ca1eb1a","isMergeCommit":false,"messageTitle":"Fix LogicManagerTest","messageBody":"","fileTypesAndContributionMap":{"functional-code":{"insertions":4,"deletions":3},"test-code":{"insertions":15,"deletions":4}}},{"hash":"d3c61e45e2ce2a231e981958b017c469b02e9615","isMergeCommit":false,"messageTitle":"Fix AddCommandParserTest","messageBody":"","fileTypesAndContributionMap":{"test-code":{"insertions":7,"deletions":4}}},{"hash":"24fe7081358b7654fe055020ce6ff28d5b44cbdb","isMergeCommit":false,"messageTitle":"Fix sample AddressBook.json files","messageBody":"","fileTypesAndContributionMap":{"test-code":{"insertions":15,"deletions":9}}},{"hash":"694dcd75127f8c1a194cbcb28e68056fffc92c95","isMergeCommit":true,"messageTitle":"Merge branch \u0027master\u0027 into Testing-Fixes","messageBody":"","fileTypesAndContributionMap":{}},{"hash":"21aaf80acd77426afde8a8718b2a2b0edba2eba8","isMergeCommit":true,"messageTitle":"Merge pull request #44 from AbiHalim/Testing-Fixes","messageBody":"Fix testing","fileTypesAndContributionMap":{}}]}],"YosieSYX":[{"date":"2025-03-05","commitResults":[{"hash":"ffed1145c471ba299d98e160dcf01a76f6add5a0","isMergeCommit":false,"messageTitle":"Add Yuexi\u0027s details to the AboutUs page","messageBody":"","fileTypesAndContributionMap":{"docs":{"insertions":6,"deletions":6}}},{"hash":"90903add7dac9684fe7a03bbef8ea822734d8822","isMergeCommit":true,"messageTitle":"Merge branch \u0027master\u0027 into branch-AboutUs","messageBody":"","fileTypesAndContributionMap":{}},{"hash":"7d53129eab951f4349ba33e10234c0f80bf6d99d","isMergeCommit":true,"messageTitle":"Merge pull request #16 from YosieSYX/branch-AboutUs","messageBody":"Add Yuexi\u0027s details to the AboutUs page","fileTypesAndContributionMap":{}},{"hash":"bcdeedcef3872dced830c5b434f286470dbb23c3","isMergeCommit":false,"messageTitle":"Update Developer Guide","messageBody":"","fileTypesAndContributionMap":{"docs":{"insertions":28,"deletions":16}}},{"hash":"d9eed7aecd8b9ee391f4d69c4d4b93737379eeb9","isMergeCommit":false,"messageTitle":"Update Developer Guide","messageBody":"","fileTypesAndContributionMap":{"docs":{"insertions":68,"deletions":22}}}]},{"date":"2025-03-06","commitResults":[{"hash":"a1c0ef3226d9b4cc1fbdbbdff055314f1f4ea6ae","isMergeCommit":false,"messageTitle":"Update Developer Guide","messageBody":"","fileTypesAndContributionMap":{"docs":{"insertions":12,"deletions":12}}},{"hash":"817ae64c4e0b659313d2090af122496a887527a8","isMergeCommit":false,"messageTitle":"Update Developer Guide","messageBody":"","fileTypesAndContributionMap":{"docs":{"insertions":0,"deletions":31}}},{"hash":"c3a20808d3c4465a5db615ebd3a81153dce133db","isMergeCommit":true,"messageTitle":"Merge pull request #22 from YosieSYX/branch-updateUserGuide","messageBody":"Update developer guide","fileTypesAndContributionMap":{}}]},{"date":"2025-03-13","commitResults":[{"hash":"380bb9b3009129ecb4b06fd8c694e6ff59ec560d","isMergeCommit":true,"messageTitle":"Merge pull request #34 from veehz/module-fields","messageBody":"Add modules field to Person","fileTypesAndContributionMap":{}},{"hash":"f3a7d1c02745571c21dac87d325154d4b2b34a37","isMergeCommit":false,"messageTitle":"RenameModule","messageBody":"","fileTypesAndContributionMap":{"other":{"insertions":7,"deletions":7},"test-code":{"insertions":54,"deletions":54}}},{"hash":"ce7630667086fb416b75f32886fda7adce3212fb","isMergeCommit":false,"messageTitle":"RenameModule","messageBody":"","fileTypesAndContributionMap":{"functional-code":{"insertions":54,"deletions":4},"other":{"insertions":6,"deletions":6}}},{"hash":"a3a2b653083f1192da5b51399a928549b20a2d72","isMergeCommit":false,"messageTitle":"RenameModule","messageBody":"","fileTypesAndContributionMap":{"functional-code":{"insertions":3,"deletions":3}}},{"hash":"ef4b8bb309c4aff0440bbe54b11037be82add7ec","isMergeCommit":false,"messageTitle":"RenameModule","messageBody":"","fileTypesAndContributionMap":{"functional-code":{"insertions":0,"deletions":1}}},{"hash":"7c7cb41625c95e135a16d6e22f899d6a8dc771d8","isMergeCommit":false,"messageTitle":"Add-FindModCommand","messageBody":"","fileTypesAndContributionMap":{"functional-code":{"insertions":97,"deletions":2}}},{"hash":"197a9f88136825f79db123070cd1476a97432ded","isMergeCommit":false,"messageTitle":"Add-FindModCommand","messageBody":"","fileTypesAndContributionMap":{"test-code":{"insertions":78,"deletions":0}}},{"hash":"b2f6203232eae4a47899fd27d4911ac4329b050e","isMergeCommit":false,"messageTitle":"Add more tests","messageBody":"","fileTypesAndContributionMap":{"functional-code":{"insertions":1,"deletions":1},"test-code":{"insertions":65,"deletions":0}}},{"hash":"aa7c66874e0f354cac3dd7ad1746d4efc8691291","isMergeCommit":false,"messageTitle":"Add more tests","messageBody":"","fileTypesAndContributionMap":{"test-code":{"insertions":0,"deletions":14}}},{"hash":"38372ea35aadb6c2f3d2aceceaa73017369b051a","isMergeCommit":true,"messageTitle":"Merge pull request #39 from YosieSYX/branch-FindModCommand","messageBody":"Implement findMod command","fileTypesAndContributionMap":{}}]},{"date":"2025-03-19","commitResults":[{"hash":"8da482a98124e53efbca2490db049a90fde3d1e5","isMergeCommit":true,"messageTitle":"Merge pull request #46 from veehz/remove-module-title","messageBody":"Re-work implementation of modules","fileTypesAndContributionMap":{}}]}]},"authorFileTypeContributionMap":{"shashwatchan":{"docs":18,"functional-code":168,"test-code":177,"other":2},"veehz":{"docs":90,"functional-code":47,"test-code":17},"AbiHalim":{"docs":5,"functional-code":408,"test-code":547},"YosieSYX":{"docs":44,"functional-code":143,"test-code":131}},"authorContributionVariance":{"shashwatchan":103202.56,"veehz":4331.887,"AbiHalim":103921.68,"YosieSYX":8042.7534},"authorDisplayNameMap":{"shashwatchan":"CS2103T-T11-1 CHAN..HWAT","veehz":"CS2103T-T11-1 VEE .. ZHI","AbiHalim":"CS2103T-T11-1 ABIS..ALIM","YosieSYX":"CS2103T-T11-1 SONG..UEXI"}}
