{"authorDailyContributionsMap":{"shashwatchan":[{"date":"2025-03-05","commitResults":[{"hash":"e2956fb9b97f2a132191c63859282d0193418f66","isMergeCommit":false,"messageTitle":"Add photo","messageBody":"","fileTypesAndContributionMap":{"other":{"insertions":580,"deletions":0}}},{"hash":"81ee2b88f51ddfe3c9240f9f591b70377c70e50c","isMergeCommit":false,"messageTitle":"Fixing .gitignore","messageBody":"","fileTypesAndContributionMap":{"other":{"insertions":0,"deletions":580}}},{"hash":"d845891f11c4d669bc1a0a8a46ec97c71729b514","isMergeCommit":false,"messageTitle":"Add about me","messageBody":"","fileTypesAndContributionMap":{"docs":{"insertions":9,"deletions":0}}},{"hash":"9e1ef4d2ddd1611ea8627c7d3541e3607a875d3a","isMergeCommit":false,"messageTitle":"Fix EOF error","messageBody":"","fileTypesAndContributionMap":{"docs":{"insertions":1,"deletions":1}}},{"hash":"2cea65f3848c08d867597340d8a1cdbf17b1e150","isMergeCommit":true,"messageTitle":"Merge branch \u0027master\u0027 into aboutme","messageBody":"","fileTypesAndContributionMap":{}},{"hash":"92a17e452663ad425ade83b4bd2707da1455a2b2","isMergeCommit":true,"messageTitle":"Merge pull request #13 from shashwatchan/aboutme","messageBody":"Add Shashwat\u0027s details to AboutUs.md","fileTypesAndContributionMap":{}}]},{"date":"2025-03-06","commitResults":[{"hash":"e6f7fb1a06ed166fd4f4a21b122717a3937b5fa7","isMergeCommit":false,"messageTitle":"Update readme and project details","messageBody":"","fileTypesAndContributionMap":{"other":{"insertions":2,"deletions":2},"docs":{"insertions":14,"deletions":8}}},{"hash":"5839b6688fab9d3cbf1708cd2ecf8b70fa487b19","isMergeCommit":true,"messageTitle":"Merge pull request #24 from shashwatchan/readme","messageBody":"Do tasks A2, A3, A4, B","fileTypesAndContributionMap":{}}]},{"date":"2025-03-13","commitResults":[{"hash":"cddfc6e2a8e9e3099db8d18a27d534bf335e1edd","isMergeCommit":false,"messageTitle":"Add link field","messageBody":"","fileTypesAndContributionMap":{"functional-code":{"insertions":135,"deletions":10},"test-code":{"insertions":31,"deletions":14}}},{"hash":"78cd83b364c17413b45b801e8b26437202b29d99","isMergeCommit":false,"messageTitle":"Fix bug in Link class","messageBody":"","fileTypesAndContributionMap":{"functional-code":{"insertions":3,"deletions":3}}},{"hash":"4dffa3ecb1a0b4e0ae0f0a545011db2bbe2e9569","isMergeCommit":true,"messageTitle":"Merge branch \u0027master\u0027 into link","messageBody":"","fileTypesAndContributionMap":{}},{"hash":"60190d6ad885bc548e75b341910230b3b85ec279","isMergeCommit":true,"messageTitle":"Merge pull request #41 from shashwatchan/link","messageBody":"Add link field","fileTypesAndContributionMap":{}}]},{"date":"2025-03-15","commitResults":[{"hash":"cf6a1532db16a4e89e55b475e89c9ccab8d7460f","isMergeCommit":false,"messageTitle":"Disabled tests, and fixed some bugs","messageBody":"","fileTypesAndContributionMap":{"functional-code":{"insertions":7,"deletions":2},"test-code":{"insertions":614,"deletions":612}}},{"hash":"e5f7ad52cfaaa7c100876d8e17699a29db493b05","isMergeCommit":false,"messageTitle":"Add Link validation, and extracting modules functionality","messageBody":"","fileTypesAndContributionMap":{"functional-code":{"insertions":42,"deletions":2},"test-code":{"insertions":1,"deletions":1}}}]},{"date":"2025-03-17","commitResults":[{"hash":"7f2d8858451bac7d47ae431470b11de195ba7f74","isMergeCommit":true,"messageTitle":"Merge pull request #42 from shashwatchan/linkvalidation","messageBody":"Disabled tests, and fixed some bugs","fileTypesAndContributionMap":{}}]},{"date":"2025-03-20","commitResults":[{"hash":"c7089bbb45b9ff5a7697c34e79144634d6dbc7b1","isMergeCommit":false,"messageTitle":"Add initial tests for Link","messageBody":"","fileTypesAndContributionMap":{"test-code":{"insertions":59,"deletions":0}}},{"hash":"2769b60306e91cc05f17763e23539de0d5e14e8f","isMergeCommit":false,"messageTitle":"Fix message to include link","messageBody":"","fileTypesAndContributionMap":{"functional-code":{"insertions":2,"deletions":0}}},{"hash":"a33c7678ce1844c82ba2b3d7132ab68f3b75fbde","isMergeCommit":true,"messageTitle":"Merge pull request #57 from shashwatchan/linktest","messageBody":"Add initial tests for Link","fileTypesAndContributionMap":{}},{"hash":"2a3a4ed0a3d6f1700d7ead2b3d83e00a80863b12","isMergeCommit":true,"messageTitle":"Merge pull request #61 from shashwatchan/linkmessage","messageBody":"Fix messages to include link","fileTypesAndContributionMap":{}}]},{"date":"2025-03-26","commitResults":[{"hash":"1afc5ac2e0ab45037b9bd848064935f813cd6c42","isMergeCommit":false,"messageTitle":"Improve link validation","messageBody":"","fileTypesAndContributionMap":{"functional-code":{"insertions":43,"deletions":26},"test-code":{"insertions":2,"deletions":1}}},{"hash":"5a7276a37f8cfc3bc1c57de7b5956586bd71073f","isMergeCommit":false,"messageTitle":"Test link extraction","messageBody":"","fileTypesAndContributionMap":{"test-code":{"insertions":16,"deletions":0}}},{"hash":"3fca022823b050fb8b2f68c773f3353cf9c5b580","isMergeCommit":true,"messageTitle":"Merge pull request #76 from shashwatchan/testextraction","messageBody":"Test link extraction","fileTypesAndContributionMap":{}},{"hash":"039931170c0ec37855fd4e85cdfef8e90a559867","isMergeCommit":true,"messageTitle":"Merge pull request #75 from shashwatchan/newvalidation","messageBody":"Improve link validation","fileTypesAndContributionMap":{}}]},{"date":"2025-03-27","commitResults":[{"hash":"27fce2366c8848067db131fe684f0fa66671dd9a","isMergeCommit":false,"messageTitle":"Update UML diagram","messageBody":"","fileTypesAndContributionMap":{"docs":{"insertions":5,"deletions":1}}},{"hash":"b104f9a0689450178cade4ee14d821172803fd84","isMergeCommit":false,"messageTitle":"Add multiplicity","messageBody":"","fileTypesAndContributionMap":{"docs":{"insertions":7,"deletions":8}}}]},{"date":"2025-03-30","commitResults":[{"hash":"4333535c805c019a54c80d9c7b09e47da754e348","isMergeCommit":false,"messageTitle":"Add functionality to handle links with TA courses, and demarcate them in the UI","messageBody":"","fileTypesAndContributionMap":{"functional-code":{"insertions":33,"deletions":7},"test-code":{"insertions":3,"deletions":0}}}]},{"date":"2025-03-31","commitResults":[{"hash":"270f2bd658ce91cad51ccf8e33b25567d89c3130","isMergeCommit":true,"messageTitle":"Merge pull request #100 from shashwatchan/addta","messageBody":"Handle links with TA courses, and demarcate them","fileTypesAndContributionMap":{}},{"hash":"6c432dd5a2ed023f5daf9a365c7e15021cab6a48","isMergeCommit":false,"messageTitle":"Verify modules within link validation","messageBody":"","fileTypesAndContributionMap":{"functional-code":{"insertions":9,"deletions":1}}}]},{"date":"2025-04-01","commitResults":[{"hash":"7bf4a120e552466c2bf297b3dbb484d6c2205f32","isMergeCommit":true,"messageTitle":"Merge pull request #108 from shashwatchan/verifymod","messageBody":"","fileTypesAndContributionMap":{}},{"hash":"d975c73fe26fc54481ad1e20effba3e78f36f47c","isMergeCommit":false,"messageTitle":"Fix bug from multiple TA slots of the same module","messageBody":"","fileTypesAndContributionMap":{"functional-code":{"insertions":2,"deletions":1},"test-code":{"insertions":3,"deletions":0}}},{"hash":"f70f77ac30e8f579695e2463de84a9fda2c90bf8","isMergeCommit":false,"messageTitle":"Remove print statement","messageBody":"","fileTypesAndContributionMap":{"functional-code":{"insertions":0,"deletions":1}}},{"hash":"24b3795411d22a86f24105ef5e9663ad0f0d59be","isMergeCommit":true,"messageTitle":"Merge pull request #110 from shashwatchan/tabug","messageBody":"Fix bug from multiple TA slots of the same module","fileTypesAndContributionMap":{}}]},{"date":"2025-04-02","commitResults":[{"hash":"8a3d7b93cd7eaac8e880fd73c6dee8230f413920","isMergeCommit":false,"messageTitle":"Fix minor UG bugs","messageBody":"","fileTypesAndContributionMap":{"docs":{"insertions":4,"deletions":1}}},{"hash":"721efd1f6537fb82db356f2df4d317eea560ffac","isMergeCommit":true,"messageTitle":"Merge pull request #125 from shashwatchan/ugbugs","messageBody":"Fix minor UG bugs","fileTypesAndContributionMap":{}},{"hash":"09f7bbc1fa9189bebb9ddab59e9b7aa75049eba1","isMergeCommit":false,"messageTitle":"Update UG screenshots","messageBody":"","fileTypesAndContributionMap":{"docs":{"insertions":3,"deletions":3}}},{"hash":"504ab4ba8c397368683d4cce42e9259de2a13c5b","isMergeCommit":true,"messageTitle":"Merge pull request #128 from shashwatchan/updatescreenshots","messageBody":"Update UG screenshots","fileTypesAndContributionMap":{}}]},{"date":"2025-04-05","commitResults":[{"hash":"b3d8dae798ad2d335bee4e03432a243782673002","isMergeCommit":false,"messageTitle":"Process hidden modules properly","messageBody":"","fileTypesAndContributionMap":{"functional-code":{"insertions":2,"deletions":0},"test-code":{"insertions":3,"deletions":0}}},{"hash":"f9d82fa8c4f2e6a58c1992ce067fe6b8b2ffe3fe","isMergeCommit":true,"messageTitle":"Merge pull request #203 from shashwatchan/fixhidden","messageBody":"","fileTypesAndContributionMap":{}},{"hash":"8b445d59e49b075890e860723591c54576f8fdf1","isMergeCommit":false,"messageTitle":"Resolve DG issues","messageBody":"","fileTypesAndContributionMap":{"docs":{"insertions":33,"deletions":18}}},{"hash":"134f569f115c14e904f137feec8d1b8b447f4abb","isMergeCommit":true,"messageTitle":"Merge pull request #205 from shashwatchan/dgbugs","messageBody":"Resolve DG issues","fileTypesAndContributionMap":{}},{"hash":"2bac97ea6b6326922c0121473115ea99a026080b","isMergeCommit":false,"messageTitle":"Fix UG issues","messageBody":"","fileTypesAndContributionMap":{"docs":{"insertions":22,"deletions":19}}},{"hash":"ded4254b903c246d95f39220f41a53cac655beba","isMergeCommit":true,"messageTitle":"Merge branch \u0027master\u0027 into ugissuesfinal","messageBody":"","fileTypesAndContributionMap":{}},{"hash":"ec5cc99d5ba10e492376cc1687ac171c2f84aec3","isMergeCommit":true,"messageTitle":"Merge pull request #208 from shashwatchan/ugissuesfinal","messageBody":"Fix UG issues","fileTypesAndContributionMap":{}}]}],"veehz":[{"date":"2025-03-05","commitResults":[{"hash":"37d021fe167e575cd420e26e14b9914a0cc179e4","isMergeCommit":false,"messageTitle":"Add Hua Zhi\u0027s profile to About Us section","messageBody":"","fileTypesAndContributionMap":{"docs":{"insertions":4,"deletions":46}}},{"hash":"611c00474ffdd6cb7e237bf518648306cb310fbf","isMergeCommit":true,"messageTitle":"Merge branch \u0027master\u0027 into aboutus","messageBody":"","fileTypesAndContributionMap":{}},{"hash":"5bb12096ad9632fe17b78ed28064ab9adf5a4c0e","isMergeCommit":true,"messageTitle":"Merge pull request #15 from veehz/aboutus","messageBody":"Add Hua Zhi\u0027s profile to About Us section","fileTypesAndContributionMap":{}}]},{"date":"2025-03-06","commitResults":[{"hash":"83726894bc99f25d421ad8626781b9c12cda747b","isMergeCommit":false,"messageTitle":"Add use cases for adding and linking contacts, fetching NUSMods data","messageBody":"","fileTypesAndContributionMap":{"docs":{"insertions":80,"deletions":2}}},{"hash":"3267811a25d046349307196d07efc577f8894e48","isMergeCommit":false,"messageTitle":"docs: Fix formatting of use case UC02 for consistency","messageBody":"","fileTypesAndContributionMap":{"docs":{"insertions":1,"deletions":1}}},{"hash":"c2a4e00a796392a43e6dfbaa8f119a9556320b43","isMergeCommit":false,"messageTitle":"docs: Add glossary terms and definitions","messageBody":"","fileTypesAndContributionMap":{"docs":{"insertions":6,"deletions":0}}},{"hash":"d346f8264a4b6a4aad251e05fcded623216afbf0","isMergeCommit":true,"messageTitle":"Merge pull request #26 from veehz/glossary","messageBody":"Update Glossary","fileTypesAndContributionMap":{}},{"hash":"27887e0020cf6a6666a6c904085e2008874e6fb4","isMergeCommit":true,"messageTitle":"Merge pull request #23 from veehz/use-cases","messageBody":"Add Use Cases","fileTypesAndContributionMap":{}}]},{"date":"2025-03-12","commitResults":[{"hash":"7e6336a89068f71a8eca0c2068810fef5fbf27b2","isMergeCommit":false,"messageTitle":"Update ModuleCode constraints  message","messageBody":"","fileTypesAndContributionMap":{"functional-code":{"insertions":6,"deletions":3}}},{"hash":"8ea468c274e9ef37a65e7046c32d6c8f992bc949","isMergeCommit":false,"messageTitle":"Add modules field to Person class and update tests","messageBody":"","fileTypesAndContributionMap":{"functional-code":{"insertions":18,"deletions":5},"test-code":{"insertions":2,"deletions":1}}}]},{"date":"2025-03-19","commitResults":[{"hash":"086abf1f7af043eeca2629620503b155c082ace2","isMergeCommit":false,"messageTitle":"Remove Title and Mod classes","messageBody":"","fileTypesAndContributionMap":{"functional-code":{"insertions":23,"deletions":160},"test-code":{"insertions":19,"deletions":112}}},{"hash":"03b81b8722b882ff36d1128f83192f6e3668fe3f","isMergeCommit":false,"messageTitle":"Add Modules to UI","messageBody":"","fileTypesAndContributionMap":{"functional-code":{"insertions":16,"deletions":1}}},{"hash":"9a7b5836964e5873643c63b783efd9b0933eaa9f","isMergeCommit":false,"messageTitle":"Fix formatting issues","messageBody":"","fileTypesAndContributionMap":{"functional-code":{"insertions":1,"deletions":1},"docs":{"insertions":2,"deletions":4}}},{"hash":"bb9c5119be91d395050503aa98827e927010af21","isMergeCommit":false,"messageTitle":"Add tests for Major, Year, Person, Tag","messageBody":"","fileTypesAndContributionMap":{"test-code":{"insertions":282,"deletions":10}}}]},{"date":"2025-03-20","commitResults":[{"hash":"fdd829e1f20a89d7d4578305dccfabcc9f94884f","isMergeCommit":true,"messageTitle":"Merge pull request #53 from veehz/add-test-major-year-person-tag","messageBody":"Add More Tests for Major, Year, Person, Tag","fileTypesAndContributionMap":{}}]},{"date":"2025-03-22","commitResults":[{"hash":"a6343367c191dc9fd071ea11d47189dcdce88df7","isMergeCommit":false,"messageTitle":"Remove mandatory requirement for all fields except name","messageBody":"","fileTypesAndContributionMap":{"functional-code":{"insertions":137,"deletions":83},"test-code":{"insertions":73,"deletions":65}}}]},{"date":"2025-03-23","commitResults":[{"hash":"c42128cdd8ccf354f55a7d460abc343c5ba27de0","isMergeCommit":false,"messageTitle":"Add tests for non-mandatory fields in Person","messageBody":"","fileTypesAndContributionMap":{"other":{"insertions":338,"deletions":0},"test-code":{"insertions":64,"deletions":1}}},{"hash":"68faee21379943d7ba69b3830dc82ac9d7fac6f3","isMergeCommit":false,"messageTitle":"Add VSCode files to .gitignore","messageBody":"","fileTypesAndContributionMap":{"other":{"insertions":0,"deletions":338}}},{"hash":"d806bafe2b35afdea2947bc70e2047f348c565f2","isMergeCommit":false,"messageTitle":"Fix styles in PersonTest","messageBody":"","fileTypesAndContributionMap":{"test-code":{"insertions":8,"deletions":6}}},{"hash":"ad12e2fdd0085e7fb4daf4b7a052d532fbb5c4db","isMergeCommit":false,"messageTitle":"Update Person Message formatting to exclude null or empty fields","messageBody":"","fileTypesAndContributionMap":{"functional-code":{"insertions":38,"deletions":16}}},{"hash":"98def4cdbfd7e78f962529f0bb9ade0caff3b86d","isMergeCommit":false,"messageTitle":"Add unit tests for Messages.format method","messageBody":"","fileTypesAndContributionMap":{"test-code":{"insertions":26,"deletions":0}}}]},{"date":"2025-03-25","commitResults":[{"hash":"c7117818d11f6a6224c6e527bc5e37409dff33e9","isMergeCommit":false,"messageTitle":"Refactor JsonAdaptedPerson to reorder checks","messageBody":"","fileTypesAndContributionMap":{"functional-code":{"insertions":30,"deletions":36}}}]},{"date":"2025-03-26","commitResults":[{"hash":"06fbe75b7fb13a8b6beda56c54ca41c66354cdf7","isMergeCommit":false,"messageTitle":"Update Model Class Diagram for Person fields","messageBody":"","fileTypesAndContributionMap":{"docs":{"insertions":5,"deletions":3}}}]},{"date":"2025-03-27","commitResults":[{"hash":"2952b8fa5082dcd329d7c9bdbbecd45bdc4429a1","isMergeCommit":false,"messageTitle":"Update document links and glossary","messageBody":"","fileTypesAndContributionMap":{"docs":{"insertions":16,"deletions":16}}}]},{"date":"2025-03-28","commitResults":[{"hash":"a7f0f92c02c40a73633de0bcdfbafb353629ee50","isMergeCommit":false,"messageTitle":"Update docs/diagrams/ModelClassDiagram.puml","messageBody":"Co-authored-by: Abi \u003c143999006+AbiHalim@users.noreply.github.com\u003e","fileTypesAndContributionMap":{"docs":{"insertions":1,"deletions":1}}},{"hash":"0f0694bc50c0eea569b945daa97e75be962a7eff","isMergeCommit":false,"messageTitle":"Update Model Class Diagram to replace ModuleCode with Link","messageBody":"","fileTypesAndContributionMap":{"docs":{"insertions":2,"deletions":2}}},{"hash":"486e9fd78505f4bac6d169d3b6ce88be5815266e","isMergeCommit":false,"messageTitle":"Update theme to just-the-docs","messageBody":"","fileTypesAndContributionMap":{"other":{"insertions":21,"deletions":6},"docs":{"insertions":120,"deletions":77}}},{"hash":"340cbf58025573626749f51cbbe89fbe25f4a8dc","isMergeCommit":true,"messageTitle":"Merge pull request #82 from veehz/update-model-class-diagram","messageBody":"Update Model Class Diagram in Developer Guide","fileTypesAndContributionMap":{}},{"hash":"96cdaa823a4656ea1e0924f5ac80f8a1c2525d86","isMergeCommit":false,"messageTitle":"Fix formatting issues in documentation","messageBody":"","fileTypesAndContributionMap":{"docs":{"insertions":1,"deletions":1}}}]},{"date":"2025-04-02","commitResults":[{"hash":"076b5ddd1e40c33f9e6841c8a26535c883387bb2","isMergeCommit":true,"messageTitle":"Merge branch \u0027master\u0027 into update-docs-theme-to-just-the-docs","messageBody":"","fileTypesAndContributionMap":{}},{"hash":"4cc5d6f84d9cf0c3bba460720adb563330242dca","isMergeCommit":true,"messageTitle":"Merge pull request #91 from veehz/update-docs-theme-to-just-the-docs","messageBody":"Update Developer Guide Theme","fileTypesAndContributionMap":{}},{"hash":"2b280884e71aabaf7e75ea67fc255c2bd86dd08d","isMergeCommit":true,"messageTitle":"Merge branch \u0027master\u0027 into update-developer-guide","messageBody":"","fileTypesAndContributionMap":{}},{"hash":"3efeb48eb712051cb1bd4e87d7c2312a62f4c6b9","isMergeCommit":true,"messageTitle":"Merge pull request #89 from veehz/update-developer-guide","messageBody":"Update Developer Guide Links","fileTypesAndContributionMap":{}},{"hash":"640675ed2623382e844bcb8a98d8ac6c1dcf98f4","isMergeCommit":false,"messageTitle":"Fix Grammar Mistake in ModuleCode","messageBody":"","fileTypesAndContributionMap":{"functional-code":{"insertions":2,"deletions":2}}},{"hash":"317f587eaac5eb73577f45ccbb53744f6263d25f","isMergeCommit":false,"messageTitle":"Fix Checkstyle error in PersonCard","messageBody":"","fileTypesAndContributionMap":{"functional-code":{"insertions":1,"deletions":2}}}]},{"date":"2025-04-03","commitResults":[{"hash":"40319aea3c0e0b4f5ef40f641303c18833d95353","isMergeCommit":true,"messageTitle":"Merge pull request #131 from veehz/fix-alpha-bugs","messageBody":"Fix Grammar Mistake and Checkstyle Error","fileTypesAndContributionMap":{}},{"hash":"fbaa32ca80ae43756a0b409d9dabcbd8dab6e943","isMergeCommit":false,"messageTitle":"Fix Model Class Diagram","messageBody":"Let\u0027s add year and major into the model class diagram in DG\n","fileTypesAndContributionMap":{"docs":{"insertions":8,"deletions":4}}},{"hash":"0e39195ea7b1a1b58eb0af0e403581a9b71b8397","isMergeCommit":false,"messageTitle":"Update Manual Testing Guide","messageBody":"","fileTypesAndContributionMap":{"docs":{"insertions":35,"deletions":12}}},{"hash":"63f26f6dfa009331ab4d8f7721b5c2961623e398","isMergeCommit":true,"messageTitle":"Merge pull request #143 from veehz/add-manual-testing-guide","messageBody":"Update Manual Testing Guide","fileTypesAndContributionMap":{}},{"hash":"cc5ba29abebbfb5f49ff5f9520bf9a652cbbd1ca","isMergeCommit":false,"messageTitle":"Add Planned Enhancements","messageBody":"","fileTypesAndContributionMap":{"docs":{"insertions":6,"deletions":0}}},{"hash":"fc79d4eba8e3574d83c7686f60ece90c73080185","isMergeCommit":false,"messageTitle":"Add newline at Developer Guide EOF","messageBody":"","fileTypesAndContributionMap":{"docs":{"insertions":1,"deletions":1}}},{"hash":"840c43434a8860456b4a2d4eb220d23ed13614d4","isMergeCommit":true,"messageTitle":"Merge pull request #145 from veehz/add-planned-enhancements","messageBody":"Add Planned Enhancements","tags":["v1.5"],"fileTypesAndContributionMap":{}}]}],"AbiHalim":[{"date":"2025-03-05","commitResults":[{"hash":"a1b4c29ef9c3f7043fd768f1ca530814b3564cfc","isMergeCommit":false,"messageTitle":"Add Abi\u0027s details to AboutUs.md","messageBody":"","fileTypesAndContributionMap":{"docs":{"insertions":5,"deletions":47}}},{"hash":"2fdb909774be4b693126a7876858efae9f0d3b28","isMergeCommit":true,"messageTitle":"Merge pull request #12 from AbiHalim/update-aboutus","messageBody":"Add Abi\u0027s details to AboutUs.md","fileTypesAndContributionMap":{}}]},{"date":"2025-03-07","commitResults":[{"hash":"c0e5fa4f2e5c2fd6758c68a2b1fbd447dab39a65","isMergeCommit":false,"messageTitle":"Create module, module code, and title classes","messageBody":"","fileTypesAndContributionMap":{"functional-code":{"insertions":199,"deletions":0},"test-code":{"insertions":12,"deletions":0}}},{"hash":"9e517e1fe03f0fd6874bc1aeaea0f1c70a76c40e","isMergeCommit":false,"messageTitle":"Add testing for module code","messageBody":"","fileTypesAndContributionMap":{"test-code":{"insertions":60,"deletions":8}}},{"hash":"5a2b6355eed509084bc47708737d8ba970ca1231","isMergeCommit":false,"messageTitle":"Fix no newline error in Module.java","messageBody":"","fileTypesAndContributionMap":{"functional-code":{"insertions":1,"deletions":1}}},{"hash":"d423c6b5038825ee7b7abcc9dfa9aa6c233acbb6","isMergeCommit":false,"messageTitle":"Fix style issues","messageBody":"","fileTypesAndContributionMap":{"functional-code":{"insertions":4,"deletions":4}}},{"hash":"9f7283e5e298e07d0c85e835ec97692729dcd7fa","isMergeCommit":false,"messageTitle":"Add more testing","messageBody":"","fileTypesAndContributionMap":{"test-code":{"insertions":58,"deletions":0}}},{"hash":"0b9ce8e0f9a0ced7337aa72cf17a16d754d08a2c","isMergeCommit":false,"messageTitle":"Fix line too long error","messageBody":"","fileTypesAndContributionMap":{"test-code":{"insertions":0,"deletions":1}}},{"hash":"5c02f9c0ab63b685f5653eef839198b2f870e09d","isMergeCommit":false,"messageTitle":"Add testing for Module class","messageBody":"","fileTypesAndContributionMap":{"test-code":{"insertions":54,"deletions":0}}},{"hash":"e94e99ef4b6aa4de29d785f8917c7b7a8640ffa5","isMergeCommit":false,"messageTitle":"Add Year class","messageBody":"","fileTypesAndContributionMap":{"functional-code":{"insertions":115,"deletions":9}}},{"hash":"e1e793884bcdb1cdc907a0b260286d2b1026c2ce","isMergeCommit":false,"messageTitle":"Add Year to sample data and Json person","messageBody":"","fileTypesAndContributionMap":{"functional-code":{"insertions":24,"deletions":14}}},{"hash":"4a5fb7694189b54e3dfbb40a25a4fecb1f540757","isMergeCommit":false,"messageTitle":"Implement Year into UI","messageBody":"","fileTypesAndContributionMap":{"functional-code":{"insertions":10,"deletions":1}}},{"hash":"0f2576f88cb5cbff0364fdb31c60743b7a784bac","isMergeCommit":false,"messageTitle":"Add Major","messageBody":"","fileTypesAndContributionMap":{"functional-code":{"insertions":84,"deletions":9}}},{"hash":"b23b4a8abe3be26d76c151f690c9aa8f43c6fad9","isMergeCommit":false,"messageTitle":"Integrate major and housing","messageBody":"","fileTypesAndContributionMap":{"functional-code":{"insertions":134,"deletions":67},"other":{"insertions":16,"deletions":15}}},{"hash":"0144b439ab6a77cead8810b727e48ed59d208e73","isMergeCommit":false,"messageTitle":"Update PersonListCard.fxml to include major and housing","messageBody":"","fileTypesAndContributionMap":{"functional-code":{"insertions":2,"deletions":1}}},{"hash":"aabc9fd020cc841d268ff637f6ad32a9da8300af","isMergeCommit":false,"messageTitle":"Add testing for housing, major, and year","messageBody":"","fileTypesAndContributionMap":{"test-code":{"insertions":478,"deletions":289}}},{"hash":"9d2d3a26b845a2df54ac16165f1f9cc073004290","isMergeCommit":false,"messageTitle":"Fix testing","messageBody":"","fileTypesAndContributionMap":{"test-code":{"insertions":17,"deletions":17}}},{"hash":"f53be4f5fe74547290b1f6301181164034badf83","isMergeCommit":false,"messageTitle":"Fix style errors","messageBody":"","fileTypesAndContributionMap":{"test-code":{"insertions":2,"deletions":4}}}]},{"date":"2025-03-10","commitResults":[{"hash":"155d4519ebcbf80269c6169595c58ac4317f8425","isMergeCommit":false,"messageTitle":"Update ModuleCode to allow 4 character prefixes","messageBody":"","fileTypesAndContributionMap":{"functional-code":{"insertions":2,"deletions":2}}},{"hash":"e11665dd96e34a8987155895b6e2fc177e872e91","isMergeCommit":false,"messageTitle":"Update Module Code testing","messageBody":"","fileTypesAndContributionMap":{"test-code":{"insertions":1,"deletions":1}}}]},{"date":"2025-03-11","commitResults":[{"hash":"c755c18c21840065e853e589f0c32a33be2dcc57","isMergeCommit":false,"messageTitle":"Update Module Code validation regex","messageBody":"Co-authored-by: Vee Hua Zhi \u003cveehzhz@gmail.com\u003e","fileTypesAndContributionMap":{"functional-code":{"insertions":1,"deletions":1}}},{"hash":"580ac28016d93862867fce99688eb0f3a5fb7349","isMergeCommit":false,"messageTitle":"Update ModuleCode testing","messageBody":"","fileTypesAndContributionMap":{"test-code":{"insertions":2,"deletions":2}}}]},{"date":"2025-03-12","commitResults":[{"hash":"3d740ef1e332edfc07c6a6e6619d80a3976abae4","isMergeCommit":true,"messageTitle":"Merge pull request #29 from AbiHalim/modules","messageBody":"Add Module Representation","fileTypesAndContributionMap":{}},{"hash":"68724f2cbf610a70bb82752c48e40c9633ef5049","isMergeCommit":true,"messageTitle":"Merge branch \u0027master\u0027 into nus-fields","messageBody":"","fileTypesAndContributionMap":{}},{"hash":"6617ead58508e8e745cefba1cc615a906eeb6f9c","isMergeCommit":true,"messageTitle":"Merge pull request #30 from AbiHalim/nus-fields","messageBody":"Add NUS related fields in Person class","fileTypesAndContributionMap":{}}]},{"date":"2025-03-17","commitResults":[{"hash":"487f6ecb0cc353842dabdc326ee074934ca1eb1a","isMergeCommit":false,"messageTitle":"Fix LogicManagerTest","messageBody":"","fileTypesAndContributionMap":{"functional-code":{"insertions":4,"deletions":3},"test-code":{"insertions":15,"deletions":4}}},{"hash":"d3c61e45e2ce2a231e981958b017c469b02e9615","isMergeCommit":false,"messageTitle":"Fix AddCommandParserTest","messageBody":"","fileTypesAndContributionMap":{"test-code":{"insertions":7,"deletions":4}}},{"hash":"24fe7081358b7654fe055020ce6ff28d5b44cbdb","isMergeCommit":false,"messageTitle":"Fix sample AddressBook.json files","messageBody":"","fileTypesAndContributionMap":{"test-code":{"insertions":15,"deletions":9}}},{"hash":"694dcd75127f8c1a194cbcb28e68056fffc92c95","isMergeCommit":true,"messageTitle":"Merge branch \u0027master\u0027 into Testing-Fixes","messageBody":"","fileTypesAndContributionMap":{}},{"hash":"21aaf80acd77426afde8a8718b2a2b0edba2eba8","isMergeCommit":true,"messageTitle":"Merge pull request #44 from AbiHalim/Testing-Fixes","messageBody":"Fix testing","fileTypesAndContributionMap":{}}]},{"date":"2025-03-20","commitResults":[{"hash":"3102b0ebba664adf663a51d886589c9e71dbe284","isMergeCommit":true,"messageTitle":"Merge pull request #50 from YosieSYX/branch-Update-UG","messageBody":"Update User Guide","fileTypesAndContributionMap":{}},{"hash":"de26e747b0c08ba0c029ef9d287c4e4e486bf98e","isMergeCommit":false,"messageTitle":"Update User Guide","messageBody":"","fileTypesAndContributionMap":{"functional-code":{"insertions":1,"deletions":2},"docs":{"insertions":11,"deletions":11}}},{"hash":"f485490f1189d9bfcfd6b74f296354ba139a478d","isMergeCommit":false,"messageTitle":"Update UserGuide.md","messageBody":"","fileTypesAndContributionMap":{"docs":{"insertions":10,"deletions":4}}},{"hash":"8c103839bdb2c07b93c99f2b371cbebabe8a2f8b","isMergeCommit":true,"messageTitle":"Merge pull request #54 from AbiHalim/User-Guide-Enhancements","messageBody":"Update User Guide","fileTypesAndContributionMap":{}},{"hash":"57279d944eb724690e1ef44ead442ac0301f8c93","isMergeCommit":false,"messageTitle":"Add command to get edited fields","messageBody":"","fileTypesAndContributionMap":{"functional-code":{"insertions":25,"deletions":1},"other":{"insertions":1,"deletions":1}}},{"hash":"5954f2d93d2687b21f9a4766bf8127110a2828fc","isMergeCommit":false,"messageTitle":"Add command to get string of edited fields","messageBody":"","fileTypesAndContributionMap":{"functional-code":{"insertions":13,"deletions":5}}},{"hash":"4c80602d72d3d17878100cfbca4a089a6fb903f1","isMergeCommit":false,"messageTitle":"Update edit success message logic","messageBody":"","fileTypesAndContributionMap":{"functional-code":{"insertions":7,"deletions":6}}}]},{"date":"2025-03-21","commitResults":[{"hash":"c638a36ae35c49a438fde7cf653af65ffb012a3a","isMergeCommit":false,"messageTitle":"Fix EditCommandTest","messageBody":"","fileTypesAndContributionMap":{"functional-code":{"insertions":21,"deletions":4},"test-code":{"insertions":12,"deletions":7}}}]},{"date":"2025-03-24","commitResults":[{"hash":"88a5a3a76f9768470d5c751090212b93f3e275c1","isMergeCommit":false,"messageTitle":"Update Quick Start","messageBody":"","fileTypesAndContributionMap":{"docs":{"insertions":110,"deletions":86}}},{"hash":"a44cf35d75bc2c7c1b5e310158cc223984c826f3","isMergeCommit":false,"messageTitle":"Update Features in User Guide","messageBody":"","fileTypesAndContributionMap":{"docs":{"insertions":41,"deletions":47}}},{"hash":"65c78d6ed9d192c7cc437c4b0156534e35371b9c","isMergeCommit":false,"messageTitle":"Add Glossary","messageBody":"","fileTypesAndContributionMap":{"docs":{"insertions":52,"deletions":12}}},{"hash":"30ec783aee7552080dd303fb53bc1329ccddf851","isMergeCommit":false,"messageTitle":"Add Glossary and Hyperlinks","messageBody":"","fileTypesAndContributionMap":{"docs":{"insertions":54,"deletions":51}}},{"hash":"87732f5d1b26b2ae72b1e214f35f9a1609fea98a","isMergeCommit":false,"messageTitle":"Revise Troubleshooting section","messageBody":"","fileTypesAndContributionMap":{"docs":{"insertions":22,"deletions":15}}},{"hash":"16977d04ebeb4a2179e3ac7899cea476aeb1a22b","isMergeCommit":false,"messageTitle":"Add steps to get NUSMods link","messageBody":"","fileTypesAndContributionMap":{"docs":{"insertions":34,"deletions":21}}},{"hash":"715c87f6e5e59839dcfd0cc2ea2de0d937edd635","isMergeCommit":false,"messageTitle":"Remove Detailed Installation Guide","messageBody":"","fileTypesAndContributionMap":{"docs":{"insertions":8,"deletions":15}}},{"hash":"fbb927d51c4d59baac0973207b678d07f9eed5f8","isMergeCommit":false,"messageTitle":"Update README and website","messageBody":"","fileTypesAndContributionMap":{"docs":{"insertions":99,"deletions":15}}}]},{"date":"2025-03-26","commitResults":[{"hash":"bd5f26f46f1cbef972169a4f5e9005e25faed009","isMergeCommit":false,"messageTitle":"Add activity diagram showing adding new person","messageBody":"","fileTypesAndContributionMap":{"docs":{"insertions":22,"deletions":2}}},{"hash":"c44e348890c2f4fb5ad858e1ce9c8891c88b702c","isMergeCommit":false,"messageTitle":"Fix checkstyle errors","messageBody":"","fileTypesAndContributionMap":{"docs":{"insertions":3,"deletions":7}}},{"hash":"80e73ea387eeb64e876a563678acca7f3dcce007","isMergeCommit":true,"messageTitle":"Merge pull request #67 from AbiHalim/Guides","messageBody":"Update User Guide","fileTypesAndContributionMap":{}},{"hash":"565ee4597b91f0f3da683d54ff1d6c688860d6c1","isMergeCommit":false,"messageTitle":"Fix issues in user guide","messageBody":"","fileTypesAndContributionMap":{"docs":{"insertions":24,"deletions":30}}},{"hash":"afa1fe3e25831a68762c8fead3dc31e4d1fdfb8c","isMergeCommit":false,"messageTitle":"Fix hyperlink not working","messageBody":"","fileTypesAndContributionMap":{"docs":{"insertions":15,"deletions":6}}},{"hash":"25fff2d3cb1ac97697ff43dc7899a807e49c7a40","isMergeCommit":false,"messageTitle":"Change URL in help command","messageBody":"","fileTypesAndContributionMap":{"functional-code":{"insertions":1,"deletions":1}}},{"hash":"7bc2605d342cdcd3173b382557f983ea99670e45","isMergeCommit":true,"messageTitle":"Merge pull request #65 from veehz/make-other-fields-nonmandatory","messageBody":"Make fields non-mandatory except for name","fileTypesAndContributionMap":{}},{"hash":"cbeac2538984b7fd8e99feb8719075e26aafbd38","isMergeCommit":false,"messageTitle":"Update copyURL","messageBody":"","fileTypesAndContributionMap":{"functional-code":{"insertions":1,"deletions":1}}},{"hash":"8b03b17340c7968ce301eff196eafbe33eee9b6e","isMergeCommit":true,"messageTitle":"Merge pull request #63 from AbiHalim/Edit-Command-Enhanced","messageBody":"Edit command enhanced","fileTypesAndContributionMap":{}},{"hash":"9e9fa437be95d98e4608c57aebc8d529a3a47338","isMergeCommit":true,"messageTitle":"Merge branch \u0027master\u0027 into branch-click-schedule","messageBody":"","fileTypesAndContributionMap":{}},{"hash":"ae3c7bf36923b91f8d3fa08d5b4d1d5d9c7fd1c8","isMergeCommit":false,"messageTitle":"Add newline at end of file","messageBody":"","fileTypesAndContributionMap":{"docs":{"insertions":1,"deletions":1}}},{"hash":"7950ec51ca4e6853dacaf19aed9ec7113e8588ad","isMergeCommit":true,"messageTitle":"Merge pull request #77 from AbiHalim/Guides","messageBody":"Update Guides","fileTypesAndContributionMap":{}},{"hash":"66e20a1bc8c69ea0a221407c1785cc94b5d6001e","isMergeCommit":false,"messageTitle":"Update build.gradle","messageBody":"","fileTypesAndContributionMap":{"other":{"insertions":4,"deletions":0}}},{"hash":"43486c9a976427facada43dc910f762bdb4e53a6","isMergeCommit":false,"messageTitle":"Update jar file name","messageBody":"","fileTypesAndContributionMap":{"other":{"insertions":1,"deletions":1}}},{"hash":"99e2b469a54adeba5f7e2cb5374dc6362cc3f38d","isMergeCommit":false,"messageTitle":"Enable assertions","messageBody":"","fileTypesAndContributionMap":{"other":{"insertions":4,"deletions":0}}},{"hash":"10dc5158ff1bcd93ac98ad082a43bd60866cf657","isMergeCommit":true,"messageTitle":"Merge pull request #80 from AbiHalim/Gradle","messageBody":"Enable assertions","tags":["v1.4"],"fileTypesAndContributionMap":{}}]},{"date":"2025-03-27","commitResults":[{"hash":"c537e75b5b6f5c010aae6fbe850197904aeac4a3","isMergeCommit":true,"messageTitle":"Merge pull request #83 from shashwatchan/uml","messageBody":"Update BetterModelClassDiagram.png","fileTypesAndContributionMap":{}}]},{"date":"2025-03-30","commitResults":[{"hash":"d7b6db9da56b05924d5aea3aaf9212419933806f","isMergeCommit":true,"messageTitle":"Merge branch \u0027AY2425S2-CS2103T-T11-1:master\u0027 into master","messageBody":"","fileTypesAndContributionMap":{}},{"hash":"eb0ff5bcff20666c2b2a6090ee09ad1a5216fca4","isMergeCommit":false,"messageTitle":"Add Storing a Contact information","messageBody":"","fileTypesAndContributionMap":{"docs":{"insertions":39,"deletions":22}}},{"hash":"47964945234f242741acf88fc39bdf3511b850fc","isMergeCommit":false,"messageTitle":"Fix spacing of hyperlink and modules","messageBody":"","fileTypesAndContributionMap":{"functional-code":{"insertions":16,"deletions":1}}},{"hash":"2df7bdc860efc0ad6a2f4529dc2ef292e3703946","isMergeCommit":false,"messageTitle":"Add borders and rounded edges to cells","messageBody":"","fileTypesAndContributionMap":{"functional-code":{"insertions":8,"deletions":2}}},{"hash":"7eadfe8ccfa6307eab61d087f9add2fe955f83a9","isMergeCommit":false,"messageTitle":"Change colors to match NUSMods","messageBody":"","fileTypesAndContributionMap":{"functional-code":{"insertions":39,"deletions":35}}},{"hash":"43317cc7705098871f3e4f213d08f006df43278d","isMergeCommit":false,"messageTitle":"Change text color","messageBody":"","fileTypesAndContributionMap":{"functional-code":{"insertions":22,"deletions":22}}},{"hash":"0cbfb12f39e7838f0b5817e3bc6d0f633668e147","isMergeCommit":false,"messageTitle":"Fix grammatical error in UserGuide","messageBody":"","fileTypesAndContributionMap":{"docs":{"insertions":1,"deletions":1}}},{"hash":"d836dffc303c43241d1d4de5139f84f8e9273a3c","isMergeCommit":false,"messageTitle":"Fix test case failing","messageBody":"","fileTypesAndContributionMap":{"test-code":{"insertions":1,"deletions":1}}}]},{"date":"2025-03-31","commitResults":[{"hash":"bbba2a9fd6f2a804a4cb43fdbe08b89a501082a8","isMergeCommit":true,"messageTitle":"Merge pull request #98 from AbiHalim/Guides","messageBody":"Update GUI to match NUSMods","fileTypesAndContributionMap":{}},{"hash":"7f4801d58fd0f9b0612a84f8f017a59c47925cdc","isMergeCommit":true,"messageTitle":"Merge branch \u0027AY2425S2-CS2103T-T11-1:master\u0027 into master","messageBody":"","fileTypesAndContributionMap":{}},{"hash":"dbbe376c1c006045a353db9e4f79967a9e81c5ac","isMergeCommit":false,"messageTitle":"Update Extensions.css","messageBody":"","fileTypesAndContributionMap":{"functional-code":{"insertions":5,"deletions":1}}}]},{"date":"2025-04-01","commitResults":[{"hash":"3f4c5be542148010991bdadd57a99ccb82924d9d","isMergeCommit":true,"messageTitle":"Merge pull request #107 from AbiHalim/Guides","messageBody":"Fix empty cells","fileTypesAndContributionMap":{}},{"hash":"d2719c4331e7ede0511cc6071be9f677b0212472","isMergeCommit":true,"messageTitle":"Merge pull request #104 from AbiHalim/master","messageBody":"Change jar file name and update build.gradle","fileTypesAndContributionMap":{}}]},{"date":"2025-04-02","commitResults":[{"hash":"34cddc792ac737b149c677f302e804d71d93311f","isMergeCommit":false,"messageTitle":"Add quotation marks to quick guide","messageBody":"","fileTypesAndContributionMap":{"docs":{"insertions":1,"deletions":1}}},{"hash":"261a2b44009a19635a0d386e6a36b5f4e25abf4b","isMergeCommit":true,"messageTitle":"Merge pull request #126 from AbiHalim/Guides","messageBody":"Add quotation marks to quick guide","fileTypesAndContributionMap":{}},{"hash":"fde03be2115dd47618b237cc78fc68928fd0e9c7","isMergeCommit":true,"messageTitle":"Merge pull request #124 from YosieSYX/branch-update-DG","messageBody":"Update DG","fileTypesAndContributionMap":{}}]},{"date":"2025-04-03","commitResults":[{"hash":"1c5397195b60d2d25c394039b755896daa1b812b","isMergeCommit":false,"messageTitle":"Fix default schedule","messageBody":"","fileTypesAndContributionMap":{"functional-code":{"insertions":4,"deletions":4},"test-code":{"insertions":9,"deletions":9}}},{"hash":"bddf0f45fa6b2907755c2915c4979d990045f8e1","isMergeCommit":false,"messageTitle":"Add explanation on copying link","messageBody":"","fileTypesAndContributionMap":{"docs":{"insertions":10,"deletions":10}}},{"hash":"bbaf139dea9f87742848d960d42afb40dbe7c4cd","isMergeCommit":false,"messageTitle":"Update UserGuide.md","messageBody":"","fileTypesAndContributionMap":{"docs":{"insertions":1,"deletions":1}}},{"hash":"08a183cd4fa643473c15fad0d4a47cecbbe247ce","isMergeCommit":true,"messageTitle":"Merge pull request #137 from AbiHalim/master","messageBody":"Fix default schedule","fileTypesAndContributionMap":{}},{"hash":"4c1a56073adfb73d50eb86b57eb7d5d9d4dfbf53","isMergeCommit":true,"messageTitle":"Merge pull request #139 from veehz/fix-model-class-diagram","messageBody":"Fix Model Class Diagram","fileTypesAndContributionMap":{}}]}],"YosieSYX":[{"date":"2025-03-05","commitResults":[{"hash":"ffed1145c471ba299d98e160dcf01a76f6add5a0","isMergeCommit":false,"messageTitle":"Add Yuexi\u0027s details to the AboutUs page","messageBody":"","fileTypesAndContributionMap":{"docs":{"insertions":6,"deletions":6}}},{"hash":"90903add7dac9684fe7a03bbef8ea822734d8822","isMergeCommit":true,"messageTitle":"Merge branch \u0027master\u0027 into branch-AboutUs","messageBody":"","fileTypesAndContributionMap":{}},{"hash":"7d53129eab951f4349ba33e10234c0f80bf6d99d","isMergeCommit":true,"messageTitle":"Merge pull request #16 from YosieSYX/branch-AboutUs","messageBody":"Add Yuexi\u0027s details to the AboutUs page","fileTypesAndContributionMap":{}},{"hash":"bcdeedcef3872dced830c5b434f286470dbb23c3","isMergeCommit":false,"messageTitle":"Update Developer Guide","messageBody":"","fileTypesAndContributionMap":{"docs":{"insertions":28,"deletions":16}}},{"hash":"d9eed7aecd8b9ee391f4d69c4d4b93737379eeb9","isMergeCommit":false,"messageTitle":"Update Developer Guide","messageBody":"","fileTypesAndContributionMap":{"docs":{"insertions":68,"deletions":22}}}]},{"date":"2025-03-06","commitResults":[{"hash":"a1c0ef3226d9b4cc1fbdbbdff055314f1f4ea6ae","isMergeCommit":false,"messageTitle":"Update Developer Guide","messageBody":"","fileTypesAndContributionMap":{"docs":{"insertions":12,"deletions":12}}},{"hash":"817ae64c4e0b659313d2090af122496a887527a8","isMergeCommit":false,"messageTitle":"Update Developer Guide","messageBody":"","fileTypesAndContributionMap":{"docs":{"insertions":0,"deletions":31}}},{"hash":"c3a20808d3c4465a5db615ebd3a81153dce133db","isMergeCommit":true,"messageTitle":"Merge pull request #22 from YosieSYX/branch-updateUserGuide","messageBody":"Update developer guide","fileTypesAndContributionMap":{}}]},{"date":"2025-03-13","commitResults":[{"hash":"380bb9b3009129ecb4b06fd8c694e6ff59ec560d","isMergeCommit":true,"messageTitle":"Merge pull request #34 from veehz/module-fields","messageBody":"Add modules field to Person","fileTypesAndContributionMap":{}},{"hash":"f3a7d1c02745571c21dac87d325154d4b2b34a37","isMergeCommit":false,"messageTitle":"RenameModule","messageBody":"","fileTypesAndContributionMap":{"other":{"insertions":7,"deletions":7},"test-code":{"insertions":54,"deletions":54}}},{"hash":"ce7630667086fb416b75f32886fda7adce3212fb","isMergeCommit":false,"messageTitle":"RenameModule","messageBody":"","fileTypesAndContributionMap":{"functional-code":{"insertions":54,"deletions":4},"other":{"insertions":6,"deletions":6}}},{"hash":"a3a2b653083f1192da5b51399a928549b20a2d72","isMergeCommit":false,"messageTitle":"RenameModule","messageBody":"","fileTypesAndContributionMap":{"functional-code":{"insertions":3,"deletions":3}}},{"hash":"ef4b8bb309c4aff0440bbe54b11037be82add7ec","isMergeCommit":false,"messageTitle":"RenameModule","messageBody":"","fileTypesAndContributionMap":{"functional-code":{"insertions":0,"deletions":1}}},{"hash":"7c7cb41625c95e135a16d6e22f899d6a8dc771d8","isMergeCommit":false,"messageTitle":"Add-FindModCommand","messageBody":"","fileTypesAndContributionMap":{"functional-code":{"insertions":97,"deletions":2}}},{"hash":"197a9f88136825f79db123070cd1476a97432ded","isMergeCommit":false,"messageTitle":"Add-FindModCommand","messageBody":"","fileTypesAndContributionMap":{"test-code":{"insertions":78,"deletions":0}}},{"hash":"b2f6203232eae4a47899fd27d4911ac4329b050e","isMergeCommit":false,"messageTitle":"Add more tests","messageBody":"","fileTypesAndContributionMap":{"functional-code":{"insertions":1,"deletions":1},"test-code":{"insertions":65,"deletions":0}}},{"hash":"aa7c66874e0f354cac3dd7ad1746d4efc8691291","isMergeCommit":false,"messageTitle":"Add more tests","messageBody":"","fileTypesAndContributionMap":{"test-code":{"insertions":0,"deletions":14}}},{"hash":"38372ea35aadb6c2f3d2aceceaa73017369b051a","isMergeCommit":true,"messageTitle":"Merge pull request #39 from YosieSYX/branch-FindModCommand","messageBody":"Implement findMod command","fileTypesAndContributionMap":{}}]},{"date":"2025-03-19","commitResults":[{"hash":"8da482a98124e53efbca2490db049a90fde3d1e5","isMergeCommit":true,"messageTitle":"Merge pull request #46 from veehz/remove-module-title","messageBody":"Re-work implementation of modules","fileTypesAndContributionMap":{}},{"hash":"e3fb6db9369416d1f81dcdf26e7a1a97254dd7a6","isMergeCommit":false,"messageTitle":"Fix errors and add tests","messageBody":"","fileTypesAndContributionMap":{"functional-code":{"insertions":1,"deletions":1},"test-code":{"insertions":32,"deletions":3}}},{"hash":"e3a8ece916b4c03ded116c19156b84005cad7233","isMergeCommit":false,"messageTitle":"Fix checkstyle error","messageBody":"","fileTypesAndContributionMap":{"test-code":{"insertions":0,"deletions":1}}},{"hash":"863f965560857bb404310e059f746d23f759b252","isMergeCommit":false,"messageTitle":"Fix checkstyle error","messageBody":"","fileTypesAndContributionMap":{"test-code":{"insertions":1,"deletions":2}}},{"hash":"773d504da195fb3de47541cf772851909a3fae30","isMergeCommit":false,"messageTitle":"Add tests","messageBody":"","fileTypesAndContributionMap":{"test-code":{"insertions":102,"deletions":102}}},{"hash":"37c431ddcf92eb2bed1c27fe09e033cdca6964e2","isMergeCommit":false,"messageTitle":"Add tests","messageBody":"","fileTypesAndContributionMap":{"test-code":{"insertions":10,"deletions":0}}},{"hash":"80052769a44d3a62902af2ef20090835b8886458","isMergeCommit":false,"messageTitle":"Update User Guide","messageBody":"","fileTypesAndContributionMap":{"docs":{"insertions":17,"deletions":0}}},{"hash":"3cb892f7112598e184ff4e40d67ab145c340b79f","isMergeCommit":true,"messageTitle":"Merge pull request #48 from YosieSYX/branch-Fix-FindMod","messageBody":"Fix errors and add tests","fileTypesAndContributionMap":{}}]},{"date":"2025-03-20","commitResults":[{"hash":"5307b74aee387eff82b138985249b7f3a4d17ad3","isMergeCommit":false,"messageTitle":"Update User Guide","messageBody":"","fileTypesAndContributionMap":{"docs":{"insertions":4,"deletions":4}}},{"hash":"bfb704f6b97285fce179109c1d3df58c4b135c18","isMergeCommit":false,"messageTitle":"Update User guide","messageBody":"","fileTypesAndContributionMap":{"docs":{"insertions":6,"deletions":3}}},{"hash":"d35bb538d3189ffc9bbfafc1f97906bd22391c6c","isMergeCommit":false,"messageTitle":"Update User guide","messageBody":"","fileTypesAndContributionMap":{"docs":{"insertions":0,"deletions":2}}},{"hash":"b73f8d6abe1f11b1ed3daec57740b907d100b232","isMergeCommit":true,"messageTitle":"Merge pull request #60 from YosieSYX/branch-Update-UG3","messageBody":"Update User guide image","tags":["v1.3"],"fileTypesAndContributionMap":{}}]},{"date":"2025-03-25","commitResults":[{"hash":"d7f538a852a4190fb96048717f33f21335e1d0ee","isMergeCommit":true,"messageTitle":"Merge remote-tracking branch \u0027upstream/master\u0027","messageBody":"","fileTypesAndContributionMap":{}},{"hash":"c22d268642430e29776d24df5516f358583b17e3","isMergeCommit":false,"messageTitle":"Add schedule button","messageBody":"","fileTypesAndContributionMap":{"functional-code":{"insertions":23,"deletions":0}}},{"hash":"65051dbb38a24d64816356c7342abbe622512804","isMergeCommit":false,"messageTitle":"Add documentation","messageBody":"","fileTypesAndContributionMap":{"functional-code":{"insertions":18,"deletions":5}}},{"hash":"839177c35280fcb84990cb31d3af50fa5abeec4a","isMergeCommit":false,"messageTitle":"Change text color","messageBody":"","fileTypesAndContributionMap":{"functional-code":{"insertions":1,"deletions":1}}}]},{"date":"2025-03-26","commitResults":[{"hash":"209687873934213747c1444e235721662e96c1c3","isMergeCommit":true,"messageTitle":"Merge pull request #69 from YosieSYX/branch-click-schedule","messageBody":"Add check schedule button","fileTypesAndContributionMap":{}},{"hash":"d75f1008f355d11877710f7ae431d9099971b026","isMergeCommit":true,"messageTitle":"Merge pull request #78 from YosieSYX/branch-add-documentation","messageBody":"Add documentation","fileTypesAndContributionMap":{}}]},{"date":"2025-03-27","commitResults":[{"hash":"e92ea454dd80d6ce1867a903e64e90cac3e90484","isMergeCommit":false,"messageTitle":"Add EditSequenceDiagram","messageBody":"","fileTypesAndContributionMap":{"docs":{"insertions":77,"deletions":0}}},{"hash":"935e210ab2017170b4989f0515db29a36b3f19d7","isMergeCommit":false,"messageTitle":"Add logs","messageBody":"","fileTypesAndContributionMap":{"functional-code":{"insertions":31,"deletions":8}}},{"hash":"a8c4c9d7ee7a37f0e68303e7d5badfa054355a2c","isMergeCommit":true,"messageTitle":"Merge branch \u0027master\u0027 into branch-add-logging","messageBody":"","fileTypesAndContributionMap":{}},{"hash":"2beabee9f0652140205a3663b813e6be76498ec7","isMergeCommit":false,"messageTitle":"Fix errors","messageBody":"","fileTypesAndContributionMap":{"functional-code":{"insertions":12,"deletions":3}}},{"hash":"724502ad161b42f870c1e4b334e61a7bb00c9d98","isMergeCommit":true,"messageTitle":"Fix checkstyle","messageBody":"","fileTypesAndContributionMap":{}},{"hash":"979cac7ebc54ca20cef6a753b0afee2547ef4f20","isMergeCommit":true,"messageTitle":"Merge pull request #85 from YosieSYX/branch-add-logging","messageBody":"Add logs","fileTypesAndContributionMap":{}}]},{"date":"2025-03-28","commitResults":[{"hash":"8f414638c0cd67cfcc648619b74d0bb8104ac97f","isMergeCommit":false,"messageTitle":"Update developer guide","messageBody":"","fileTypesAndContributionMap":{"docs":{"insertions":4,"deletions":4}}},{"hash":"4800b2c54421d47bcfa21c5f1231be254e432896","isMergeCommit":true,"messageTitle":"Merge pull request #87 from YosieSYX/branch-update-UML","messageBody":"Add EditSequenceDiagram","fileTypesAndContributionMap":{}}]},{"date":"2025-03-31","commitResults":[{"hash":"141254f33f7cf9b184bdcc2301ebc391fd50f951","isMergeCommit":false,"messageTitle":"Add if condition","messageBody":"","fileTypesAndContributionMap":{"functional-code":{"insertions":6,"deletions":1}}}]},{"date":"2025-04-01","commitResults":[{"hash":"e1dd03cf8cb49503d4910f4d449bf41900bf8750","isMergeCommit":true,"messageTitle":"Merge pull request #102 from YosieSYX/branch-update-button","messageBody":"Update show schedule button","fileTypesAndContributionMap":{}},{"hash":"2b54c87d4187f40fde100a044197fb36b08e4887","isMergeCommit":false,"messageTitle":"Add FAG","messageBody":"","fileTypesAndContributionMap":{"docs":{"insertions":26,"deletions":3}}},{"hash":"859b335ec9d71a27258c7ae9d72b6ae33deebf43","isMergeCommit":false,"messageTitle":"Fix findMod","messageBody":"","fileTypesAndContributionMap":{"functional-code":{"insertions":19,"deletions":6},"test-code":{"insertions":21,"deletions":0}}},{"hash":"e508c8dc8274d82b7215806b7e220e5484ea6ad6","isMergeCommit":false,"messageTitle":"Fix test","messageBody":"","fileTypesAndContributionMap":{"test-code":{"insertions":3,"deletions":3}}},{"hash":"848e851b7101d2c7b3fb69ebc3d168cc73e39401","isMergeCommit":false,"messageTitle":"Fix checkstyle","messageBody":"","fileTypesAndContributionMap":{"test-code":{"insertions":6,"deletions":3}}},{"hash":"613ef93fe3972f89122931150864b4b6cdc278ba","isMergeCommit":false,"messageTitle":"Fix tests","messageBody":"","fileTypesAndContributionMap":{"test-code":{"insertions":1,"deletions":1}}},{"hash":"3268f4920c2bb9c2db4b3d9baa68e6add5661eac","isMergeCommit":false,"messageTitle":"Update DG","messageBody":"","fileTypesAndContributionMap":{"docs":{"insertions":9,"deletions":7}}}]},{"date":"2025-04-02","commitResults":[{"hash":"be3d271b81e0ecfb13824b5426549c9de99d3b6a","isMergeCommit":true,"messageTitle":"Merge pull request #114 from YosieSYX/branch-FAQ","messageBody":"Add FAQ","fileTypesAndContributionMap":{}},{"hash":"56a43c811b9bdd4739406f602e859a0c5a202010","isMergeCommit":true,"messageTitle":"Merge pull request #120 from YosieSYX/branch-fix-findModMessage","messageBody":"Fix findMod","fileTypesAndContributionMap":{}},{"hash":"5126f552ad8c8e42508ee9b3cc2d3da22e3e2403","isMergeCommit":false,"messageTitle":"Fix person message","messageBody":"","fileTypesAndContributionMap":{"functional-code":{"insertions":22,"deletions":4},"test-code":{"insertions":33,"deletions":1}}},{"hash":"32c9eb2e01fd76e6796eda26e0e5b4d8466e37d8","isMergeCommit":false,"messageTitle":"Add Use Cases","messageBody":"","fileTypesAndContributionMap":{"docs":{"insertions":25,"deletions":1}}}]},{"date":"2025-04-03","commitResults":[{"hash":"6f9fe983070d3ac34fd4ac1163a001edbc190f9f","isMergeCommit":false,"messageTitle":"Copy Schedule","messageBody":"","fileTypesAndContributionMap":{"functional-code":{"insertions":80,"deletions":16}}},{"hash":"68e40c4dc5d9aab6594aa1b31820d74f238220d1","isMergeCommit":false,"messageTitle":"Fix checkstyle","messageBody":"","fileTypesAndContributionMap":{"functional-code":{"insertions":4,"deletions":1}}},{"hash":"71500099b8ccac8703672d07d2b7a54e6a4b8ca2","isMergeCommit":false,"messageTitle":"Fix checkstyle","messageBody":"","fileTypesAndContributionMap":{"functional-code":{"insertions":8,"deletions":1}}},{"hash":"fe3a7aa1602b5b22979f3f0d5ef3007cf2a7b6f5","isMergeCommit":true,"messageTitle":"Merge pull request #132 from YosieSYX/branch-person-message","messageBody":"Fix person message","fileTypesAndContributionMap":{}},{"hash":"062e92766e07d3b45f6e5977ced86e0e9e6c5380","isMergeCommit":true,"messageTitle":"Merge pull request #134 from YosieSYX/branch-update-DG2","messageBody":"Add Use Cases","fileTypesAndContributionMap":{}},{"hash":"33f6394af61a5c0411689ffeed52e2bd8d21614d","isMergeCommit":true,"messageTitle":"Merge branch \u0027master\u0027 into branch-copy-schedule","messageBody":"","fileTypesAndContributionMap":{}},{"hash":"56bfa64d61cb88960e30d51054829ff2c1a02c4b","isMergeCommit":false,"messageTitle":"Fix errors","messageBody":"","fileTypesAndContributionMap":{"functional-code":{"insertions":1,"deletions":0}}},{"hash":"b7d2e467cc04e8df32d3d5ac1b1b52f0f297d08c","isMergeCommit":false,"messageTitle":"Fix errors","messageBody":"","fileTypesAndContributionMap":{"functional-code":{"insertions":0,"deletions":3}}},{"hash":"d92e4a62eac9015480c9c2e1c9b58d1810bea4d0","isMergeCommit":true,"messageTitle":"Merge pull request #135 from YosieSYX/branch-copy-schedule","messageBody":"Copy Schedule","fileTypesAndContributionMap":{}},{"hash":"140bb413315b022d6c2c7317ca633b3950ba176a","isMergeCommit":false,"messageTitle":"Update images","messageBody":"","fileTypesAndContributionMap":{"docs":{"insertions":1,"deletions":1}}},{"hash":"9138cd3b837b2f1e1fb9d1a4011478ff864e6db6","isMergeCommit":true,"messageTitle":"Merge pull request #141 from YosieSYX/branch-image-update","messageBody":"Update images","fileTypesAndContributionMap":{}}]},{"date":"2025-04-05","commitResults":[{"hash":"03d8a81fe80ae8bd635fa354a8c818d545e92cff","isMergeCommit":false,"messageTitle":"Fix findMod bugs","messageBody":"","fileTypesAndContributionMap":{"functional-code":{"insertions":2,"deletions":2}}},{"hash":"3134eb7244e3079658acebb92ac6dd2265b2468b","isMergeCommit":false,"messageTitle":"Add tests","messageBody":"","fileTypesAndContributionMap":{"functional-code":{"insertions":1,"deletions":1},"test-code":{"insertions":22,"deletions":2}}},{"hash":"994c6c31d80dc80a2f581366969c8706a64a42e5","isMergeCommit":true,"messageTitle":"fix errors Merge remote-tracking branch \u0027upstream/master\u0027 into branch-fix-bugs","messageBody":"","fileTypesAndContributionMap":{}},{"hash":"27192b9d9bfe31385e76e8c31b52036694a224d7","isMergeCommit":false,"messageTitle":"Fix User guide","messageBody":"","fileTypesAndContributionMap":{"docs":{"insertions":14,"deletions":12}}},{"hash":"52094ce000f9f488cc720dbe24bb2e94b01853fa","isMergeCommit":false,"messageTitle":"Fix User guide","messageBody":"","fileTypesAndContributionMap":{"docs":{"insertions":1,"deletions":1}}},{"hash":"e684934540ba5d1286c1902974d7b5fbd6b2242e","isMergeCommit":true,"messageTitle":"Merge pull request #204 from YosieSYX/branch-fix-bugs","messageBody":"Fix findMod bugs","fileTypesAndContributionMap":{}},{"hash":"fbd80a471040b8e98e0ac97a6887c5e85f79167e","isMergeCommit":false,"messageTitle":"Fix User guide","messageBody":"","fileTypesAndContributionMap":{"docs":{"insertions":1,"deletions":1}}},{"hash":"3812649ed7a3bb2ad68a3a2cde3331e252dddfa7","isMergeCommit":true,"messageTitle":"Merge pull request #206 from YosieSYX/branch-fix-UGbugs","messageBody":"Fix User guide","fileTypesAndContributionMap":{}}]}]},"authorFileTypeContributionMap":{"shashwatchan":{"docs":80,"functional-code":202,"test-code":161,"other":2},"veehz":{"docs":267,"functional-code":183,"test-code":440,"other":21},"AbiHalim":{"docs":244,"functional-code":519,"test-code":520,"other":3},"YosieSYX":{"docs":168,"functional-code":319,"test-code":250}},"authorContributionVariance":{"shashwatchan":65194.14,"veehz":26524.293,"AbiHalim":74043.41,"YosieSYX":7072.786},"authorDisplayNameMap":{"shashwatchan":"CS2103T-T11-1 CHAN..HWAT","veehz":"CS2103T-T11-1 VEE .. ZHI","AbiHalim":"CS2103T-T11-1 ABIS..ALIM","YosieSYX":"CS2103T-T11-1 SONG..UEXI"}}
