[{"path":"README.md","fileType":"docs","lines":[{"lineNumber":1,"author":{"gitId":"-"},"content":"[![CI Status](https://github.com/se-edu/addressbook-level3/workflows/Java%20CI/badge.svg)](https://github.com/se-edu/addressbook-level3/actions)","lastModifiedDate":"2020-05-23","isFullCredit":false},{"lineNumber":2,"author":{"gitId":"-"},"content":"","lastModifiedDate":"2020-05-23","isFullCredit":false},{"lineNumber":3,"author":{"gitId":"RT0118"},"content":"[![codecov](https://codecov.io/gh/AY2425S2-CS2103-F10-3/tp/graph/badge.svg?token\u003d5UXVTSYO28)](https://codecov.io/gh/AY2425S2-CS2103-F10-3/tp)","lastModifiedDate":"2025-02-21","isFullCredit":false},{"lineNumber":4,"author":{"gitId":"RT0118"},"content":"","lastModifiedDate":"2025-02-21","isFullCredit":false},{"lineNumber":5,"author":{"gitId":"-"},"content":"![Ui](docs/images/Ui.png)","lastModifiedDate":"2020-05-23","isFullCredit":false},{"lineNumber":6,"author":{"gitId":"-"},"content":"","lastModifiedDate":"2020-05-23","isFullCredit":false},{"lineNumber":7,"author":{"gitId":"-"},"content":"* This is **a sample project for Software Engineering (SE) students**.\u003cbr\u003e","lastModifiedDate":"2020-05-23","isFullCredit":false},{"lineNumber":8,"author":{"gitId":"-"},"content":"  Example usages:","lastModifiedDate":"2020-05-23","isFullCredit":false},{"lineNumber":9,"author":{"gitId":"-"},"content":"  * as a starting point of a course project (as opposed to writing everything from scratch)","lastModifiedDate":"2020-05-23","isFullCredit":false},{"lineNumber":10,"author":{"gitId":"-"},"content":"  * as a case study","lastModifiedDate":"2020-05-23","isFullCredit":false},{"lineNumber":11,"author":{"gitId":"-"},"content":"* The project simulates an ongoing software project for a desktop application (called _AddressBook_) used for managing contact details.","lastModifiedDate":"2020-05-23","isFullCredit":false},{"lineNumber":12,"author":{"gitId":"-"},"content":"  * It is **written in OOP fashion**. It provides a **reasonably well-written** code base **bigger** (around 6 KLoC) than what students usually write in beginner-level SE modules, without being overwhelmingly big.","lastModifiedDate":"2020-05-23","isFullCredit":false},{"lineNumber":13,"author":{"gitId":"-"},"content":"  * It comes with a **reasonable level of user and developer documentation**.","lastModifiedDate":"2020-05-23","isFullCredit":false},{"lineNumber":14,"author":{"gitId":"-"},"content":"* It is named `AddressBook Level 3` (`AB3` for short) because it was initially created as a part of a series of `AddressBook` projects (`Level 1`, `Level 2`, `Level 3` ...).","lastModifiedDate":"2020-05-23","isFullCredit":false},{"lineNumber":15,"author":{"gitId":"-"},"content":"* For the detailed documentation of this project, see the **[Address Book Product Website](https://se-education.org/addressbook-level3)**.","lastModifiedDate":"2020-05-23","isFullCredit":false},{"lineNumber":16,"author":{"gitId":"-"},"content":"* This project is a **part of the se-education.org** initiative. If you would like to contribute code to this project, see [se-education.org](https://se-education.org/#contributing-to-se-edu) for more info.","lastModifiedDate":"2024-08-08","isFullCredit":false}],"authorContributionMap":{"RT0118":2,"-":14}},{"path":"docs/AboutUs.md","fileType":"docs","lines":[{"lineNumber":1,"author":{"gitId":"-"},"content":"---","lastModifiedDate":"2020-05-23","isFullCredit":false},{"lineNumber":2,"author":{"gitId":"-"},"content":"layout: page","lastModifiedDate":"2020-05-23","isFullCredit":false},{"lineNumber":3,"author":{"gitId":"-"},"content":"title: About Us","lastModifiedDate":"2020-05-23","isFullCredit":false},{"lineNumber":4,"author":{"gitId":"-"},"content":"---","lastModifiedDate":"2020-05-23","isFullCredit":false},{"lineNumber":5,"author":{"gitId":"-"},"content":"","lastModifiedDate":"2020-05-23","isFullCredit":false},{"lineNumber":6,"author":{"gitId":"-"},"content":"We are a team based in the [School of Computing, National University of Singapore](https://www.comp.nus.edu.sg).","lastModifiedDate":"2024-07-20","isFullCredit":false},{"lineNumber":7,"author":{"gitId":"-"},"content":"","lastModifiedDate":"2020-05-23","isFullCredit":false},{"lineNumber":8,"author":{"gitId":"-"},"content":"You can reach us at the email `seer[at]comp.nus.edu.sg`","lastModifiedDate":"2020-06-17","isFullCredit":false},{"lineNumber":9,"author":{"gitId":"-"},"content":"","lastModifiedDate":"2020-06-17","isFullCredit":false},{"lineNumber":10,"author":{"gitId":"-"},"content":"## Project team","lastModifiedDate":"2020-06-07","isFullCredit":false},{"lineNumber":11,"author":{"gitId":"-"},"content":"","lastModifiedDate":"2020-05-23","isFullCredit":false},{"lineNumber":12,"author":{"gitId":"bryonk"},"content":"### Bryon Kaan","lastModifiedDate":"2025-03-03","isFullCredit":false},{"lineNumber":13,"author":{"gitId":"-"},"content":"","lastModifiedDate":"2020-05-23","isFullCredit":false},{"lineNumber":14,"author":{"gitId":"bryonk"},"content":"\u003cimg src\u003d\"images/bryonk.png\" width\u003d\"200px\"\u003e","lastModifiedDate":"2025-03-03","isFullCredit":false},{"lineNumber":15,"author":{"gitId":"-"},"content":"","lastModifiedDate":"2020-05-23","isFullCredit":false},{"lineNumber":16,"author":{"gitId":"bryonk"},"content":"[[github](https://github.com/bryonk)]","lastModifiedDate":"2025-03-03","isFullCredit":false},{"lineNumber":17,"author":{"gitId":"bryonk"},"content":"[[portfolio](team/bryonk.md)]","lastModifiedDate":"2025-03-03","isFullCredit":false},{"lineNumber":18,"author":{"gitId":"-"},"content":"","lastModifiedDate":"2020-05-23","isFullCredit":false},{"lineNumber":19,"author":{"gitId":"-"},"content":"* Role: Developer","lastModifiedDate":"2025-03-03","isFullCredit":false},{"lineNumber":20,"author":{"gitId":"-"},"content":"* Responsibilities: Data","lastModifiedDate":"2025-03-03","isFullCredit":false},{"lineNumber":21,"author":{"gitId":"-"},"content":"","lastModifiedDate":"2020-05-23","isFullCredit":false},{"lineNumber":22,"author":{"gitId":"RT0118"},"content":"### Roy T","lastModifiedDate":"2025-03-03","isFullCredit":false},{"lineNumber":23,"author":{"gitId":"-"},"content":"","lastModifiedDate":"2020-05-23","isFullCredit":false},{"lineNumber":24,"author":{"gitId":"RT0118"},"content":"\u003cimg src\u003d\"images/rt0118.png\" width\u003d\"200px\"\u003e","lastModifiedDate":"2025-03-03","isFullCredit":false},{"lineNumber":25,"author":{"gitId":"-"},"content":"","lastModifiedDate":"2020-05-23","isFullCredit":false},{"lineNumber":26,"author":{"gitId":"RT0118"},"content":"[[github](http://github.com/RT0118)]","lastModifiedDate":"2025-03-03","isFullCredit":false},{"lineNumber":27,"author":{"gitId":"RT0118"},"content":"[[portfolio](team/rt0118.md)]","lastModifiedDate":"2025-03-03","isFullCredit":false},{"lineNumber":28,"author":{"gitId":"-"},"content":"","lastModifiedDate":"2020-05-23","isFullCredit":false},{"lineNumber":29,"author":{"gitId":"-"},"content":"* Role: Developer","lastModifiedDate":"2025-03-03","isFullCredit":false},{"lineNumber":30,"author":{"gitId":"-"},"content":"* Responsibilities: UI","lastModifiedDate":"2020-05-23","isFullCredit":false},{"lineNumber":31,"author":{"gitId":"-"},"content":"","lastModifiedDate":"2020-05-23","isFullCredit":false},{"lineNumber":32,"author":{"gitId":"Zerolegacy"},"content":"### Dextor Goh","lastModifiedDate":"2025-03-03","isFullCredit":false},{"lineNumber":33,"author":{"gitId":"-"},"content":"","lastModifiedDate":"2020-05-23","isFullCredit":false},{"lineNumber":34,"author":{"gitId":"Zerolegacy"},"content":"\u003cimg src\u003d\"images/zerolegacy.png\" width\u003d\"200px\"\u003e","lastModifiedDate":"2025-03-03","isFullCredit":false},{"lineNumber":35,"author":{"gitId":"-"},"content":"","lastModifiedDate":"2020-05-23","isFullCredit":false},{"lineNumber":36,"author":{"gitId":"Zerolegacy"},"content":"[[github](http://github.com/zerolegacy] [[portfolio](team/zerolegacy.md)]","lastModifiedDate":"2025-03-03","isFullCredit":false},{"lineNumber":37,"author":{"gitId":"-"},"content":"","lastModifiedDate":"2020-05-23","isFullCredit":false},{"lineNumber":38,"author":{"gitId":"-"},"content":"* Role: Developer","lastModifiedDate":"2020-05-23","isFullCredit":false},{"lineNumber":39,"author":{"gitId":"-"},"content":"* Responsibilities: Data","lastModifiedDate":"2020-05-23","isFullCredit":false}],"authorContributionMap":{"Zerolegacy":3,"bryonk":4,"RT0118":4,"-":28}},{"path":"docs/team/bryonk.md","fileType":"docs","lines":[{"lineNumber":1,"author":{"gitId":"bryonk"},"content":"---","lastModifiedDate":"2025-03-03","isFullCredit":false},{"lineNumber":2,"author":{"gitId":"bryonk"},"content":"layout: page","lastModifiedDate":"2025-03-03","isFullCredit":false},{"lineNumber":3,"author":{"gitId":"bryonk"},"content":"title: John Doe\u0027s Project Portfolio Page","lastModifiedDate":"2025-03-03","isFullCredit":false},{"lineNumber":4,"author":{"gitId":"bryonk"},"content":"---","lastModifiedDate":"2025-03-03","isFullCredit":false},{"lineNumber":5,"author":{"gitId":"bryonk"},"content":"","lastModifiedDate":"2025-03-03","isFullCredit":false},{"lineNumber":6,"author":{"gitId":"bryonk"},"content":"### Project: AddressBook Level 3","lastModifiedDate":"2025-03-03","isFullCredit":false},{"lineNumber":7,"author":{"gitId":"bryonk"},"content":"","lastModifiedDate":"2025-03-03","isFullCredit":false},{"lineNumber":8,"author":{"gitId":"bryonk"},"content":"AddressBook - Level 3 is a desktop address book application used for teaching Software Engineering principles. The user interacts with it using a CLI, and it has a GUI created with JavaFX. It is written in Java, and has about 10 kLoC.","lastModifiedDate":"2025-03-03","isFullCredit":false},{"lineNumber":9,"author":{"gitId":"bryonk"},"content":"","lastModifiedDate":"2025-03-03","isFullCredit":false},{"lineNumber":10,"author":{"gitId":"bryonk"},"content":"Given below are my contributions to the project.","lastModifiedDate":"2025-03-03","isFullCredit":false},{"lineNumber":11,"author":{"gitId":"bryonk"},"content":"","lastModifiedDate":"2025-03-03","isFullCredit":false},{"lineNumber":12,"author":{"gitId":"bryonk"},"content":"* **New Feature**: Added the ability to undo/redo previous commands.","lastModifiedDate":"2025-03-03","isFullCredit":false},{"lineNumber":13,"author":{"gitId":"bryonk"},"content":"  * What it does: allows the user to undo all previous commands one at a time. Preceding undo commands can be reversed by using the redo command.","lastModifiedDate":"2025-03-03","isFullCredit":false},{"lineNumber":14,"author":{"gitId":"bryonk"},"content":"  * Justification: This feature improves the product significantly because a user can make mistakes in commands and the app should provide a convenient way to rectify them.","lastModifiedDate":"2025-03-03","isFullCredit":false},{"lineNumber":15,"author":{"gitId":"bryonk"},"content":"  * Highlights: This enhancement affects existing commands and commands to be added in future. It required an in-depth analysis of design alternatives. The implementation too was challenging as it required changes to existing commands.","lastModifiedDate":"2025-03-03","isFullCredit":false},{"lineNumber":16,"author":{"gitId":"bryonk"},"content":"  * Credits: *{mention here if you reused any code/ideas from elsewhere or if a third-party library is heavily used in the feature so that a reader can make a more accurate judgement of how much effort went into the feature}*","lastModifiedDate":"2025-03-03","isFullCredit":false},{"lineNumber":17,"author":{"gitId":"bryonk"},"content":"","lastModifiedDate":"2025-03-03","isFullCredit":false},{"lineNumber":18,"author":{"gitId":"bryonk"},"content":"* **New Feature**: Added a history command that allows the user to navigate to previous commands using up/down keys.","lastModifiedDate":"2025-03-03","isFullCredit":false},{"lineNumber":19,"author":{"gitId":"bryonk"},"content":"","lastModifiedDate":"2025-03-03","isFullCredit":false},{"lineNumber":20,"author":{"gitId":"bryonk"},"content":"* **Code contributed**: [RepoSense link]()","lastModifiedDate":"2025-03-03","isFullCredit":false},{"lineNumber":21,"author":{"gitId":"bryonk"},"content":"","lastModifiedDate":"2025-03-03","isFullCredit":false},{"lineNumber":22,"author":{"gitId":"bryonk"},"content":"* **Project management**:","lastModifiedDate":"2025-03-03","isFullCredit":false},{"lineNumber":23,"author":{"gitId":"bryonk"},"content":"  * Managed releases `v1.3` - `v1.5rc` (3 releases) on GitHub","lastModifiedDate":"2025-03-03","isFullCredit":false},{"lineNumber":24,"author":{"gitId":"bryonk"},"content":"","lastModifiedDate":"2025-03-03","isFullCredit":false},{"lineNumber":25,"author":{"gitId":"bryonk"},"content":"* **Enhancements to existing features**:","lastModifiedDate":"2025-03-03","isFullCredit":false},{"lineNumber":26,"author":{"gitId":"bryonk"},"content":"  * Updated the GUI color scheme (Pull requests [\\#33](), [\\#34]())","lastModifiedDate":"2025-03-03","isFullCredit":false},{"lineNumber":27,"author":{"gitId":"bryonk"},"content":"  * Wrote additional tests for existing features to increase coverage from 88% to 92% (Pull requests [\\#36](), [\\#38]())","lastModifiedDate":"2025-03-03","isFullCredit":false},{"lineNumber":28,"author":{"gitId":"bryonk"},"content":"","lastModifiedDate":"2025-03-03","isFullCredit":false},{"lineNumber":29,"author":{"gitId":"bryonk"},"content":"* **Documentation**:","lastModifiedDate":"2025-03-03","isFullCredit":false},{"lineNumber":30,"author":{"gitId":"bryonk"},"content":"  * User Guide:","lastModifiedDate":"2025-03-03","isFullCredit":false},{"lineNumber":31,"author":{"gitId":"bryonk"},"content":"    * Added documentation for the features `delete` and `find` [\\#72]()","lastModifiedDate":"2025-03-03","isFullCredit":false},{"lineNumber":32,"author":{"gitId":"bryonk"},"content":"    * Did cosmetic tweaks to existing documentation of features `clear`, `exit`: [\\#74]()","lastModifiedDate":"2025-03-03","isFullCredit":false},{"lineNumber":33,"author":{"gitId":"bryonk"},"content":"  * Developer Guide:","lastModifiedDate":"2025-03-03","isFullCredit":false},{"lineNumber":34,"author":{"gitId":"bryonk"},"content":"    * Added implementation details of the `delete` feature.","lastModifiedDate":"2025-03-03","isFullCredit":false},{"lineNumber":35,"author":{"gitId":"bryonk"},"content":"","lastModifiedDate":"2025-03-03","isFullCredit":false},{"lineNumber":36,"author":{"gitId":"bryonk"},"content":"* **Community**:","lastModifiedDate":"2025-03-03","isFullCredit":false},{"lineNumber":37,"author":{"gitId":"bryonk"},"content":"  * PRs reviewed (with non-trivial review comments): [\\#12](), [\\#32](), [\\#19](), [\\#42]()","lastModifiedDate":"2025-03-03","isFullCredit":false},{"lineNumber":38,"author":{"gitId":"bryonk"},"content":"  * Contributed to forum discussions (examples: [1](), [2](), [3](), [4]())","lastModifiedDate":"2025-03-03","isFullCredit":false},{"lineNumber":39,"author":{"gitId":"bryonk"},"content":"  * Reported bugs and suggestions for other teams in the class (examples: [1](), [2](), [3]())","lastModifiedDate":"2025-03-03","isFullCredit":false},{"lineNumber":40,"author":{"gitId":"bryonk"},"content":"  * Some parts of the history feature I added was adopted by several other class mates ([1](), [2]())","lastModifiedDate":"2025-03-03","isFullCredit":false},{"lineNumber":41,"author":{"gitId":"bryonk"},"content":"","lastModifiedDate":"2025-03-03","isFullCredit":false},{"lineNumber":42,"author":{"gitId":"bryonk"},"content":"* **Tools**:","lastModifiedDate":"2025-03-03","isFullCredit":false},{"lineNumber":43,"author":{"gitId":"bryonk"},"content":"  * Integrated a third party library (Natty) to the project ([\\#42]())","lastModifiedDate":"2025-03-03","isFullCredit":false},{"lineNumber":44,"author":{"gitId":"bryonk"},"content":"  * Integrated a new Github plugin (CircleCI) to the team repo","lastModifiedDate":"2025-03-03","isFullCredit":false},{"lineNumber":45,"author":{"gitId":"bryonk"},"content":"","lastModifiedDate":"2025-03-03","isFullCredit":false},{"lineNumber":46,"author":{"gitId":"bryonk"},"content":"* _{you can add/remove categories in the list above}_","lastModifiedDate":"2025-03-03","isFullCredit":false}],"authorContributionMap":{"bryonk":46}},{"path":"docs/team/rt0118.md","fileType":"docs","lines":[{"lineNumber":1,"author":{"gitId":"RT0118"},"content":"---","lastModifiedDate":"2025-03-03","isFullCredit":false},{"lineNumber":2,"author":{"gitId":"RT0118"},"content":"layout: page","lastModifiedDate":"2025-03-03","isFullCredit":false},{"lineNumber":3,"author":{"gitId":"RT0118"},"content":"title: John Doe\u0027s Project Portfolio Page","lastModifiedDate":"2025-03-03","isFullCredit":false},{"lineNumber":4,"author":{"gitId":"RT0118"},"content":"---","lastModifiedDate":"2025-03-03","isFullCredit":false},{"lineNumber":5,"author":{"gitId":"RT0118"},"content":"","lastModifiedDate":"2025-03-03","isFullCredit":false},{"lineNumber":6,"author":{"gitId":"RT0118"},"content":"### Project: AddressBook Level 3","lastModifiedDate":"2025-03-03","isFullCredit":false},{"lineNumber":7,"author":{"gitId":"RT0118"},"content":"","lastModifiedDate":"2025-03-03","isFullCredit":false},{"lineNumber":8,"author":{"gitId":"RT0118"},"content":"AddressBook - Level 3 is a desktop address book application used for teaching Software Engineering principles. The user interacts with it using a CLI, and it has a GUI created with JavaFX. It is written in Java, and has about 10 kLoC.","lastModifiedDate":"2025-03-03","isFullCredit":false},{"lineNumber":9,"author":{"gitId":"RT0118"},"content":"","lastModifiedDate":"2025-03-03","isFullCredit":false},{"lineNumber":10,"author":{"gitId":"RT0118"},"content":"Given below are my contributions to the project.","lastModifiedDate":"2025-03-03","isFullCredit":false},{"lineNumber":11,"author":{"gitId":"RT0118"},"content":"","lastModifiedDate":"2025-03-03","isFullCredit":false},{"lineNumber":12,"author":{"gitId":"RT0118"},"content":"* **New Feature**: Added the ability to undo/redo previous commands.","lastModifiedDate":"2025-03-03","isFullCredit":false},{"lineNumber":13,"author":{"gitId":"RT0118"},"content":"  * What it does: allows the user to undo all previous commands one at a time. Preceding undo commands can be reversed by using the redo command.","lastModifiedDate":"2025-03-03","isFullCredit":false},{"lineNumber":14,"author":{"gitId":"RT0118"},"content":"  * Justification: This feature improves the product significantly because a user can make mistakes in commands and the app should provide a convenient way to rectify them.","lastModifiedDate":"2025-03-03","isFullCredit":false},{"lineNumber":15,"author":{"gitId":"RT0118"},"content":"  * Highlights: This enhancement affects existing commands and commands to be added in future. It required an in-depth analysis of design alternatives. The implementation too was challenging as it required changes to existing commands.","lastModifiedDate":"2025-03-03","isFullCredit":false},{"lineNumber":16,"author":{"gitId":"RT0118"},"content":"  * Credits: *{mention here if you reused any code/ideas from elsewhere or if a third-party library is heavily used in the feature so that a reader can make a more accurate judgement of how much effort went into the feature}*","lastModifiedDate":"2025-03-03","isFullCredit":false},{"lineNumber":17,"author":{"gitId":"RT0118"},"content":"","lastModifiedDate":"2025-03-03","isFullCredit":false},{"lineNumber":18,"author":{"gitId":"RT0118"},"content":"* **New Feature**: Added a history command that allows the user to navigate to previous commands using up/down keys.","lastModifiedDate":"2025-03-03","isFullCredit":false},{"lineNumber":19,"author":{"gitId":"RT0118"},"content":"","lastModifiedDate":"2025-03-03","isFullCredit":false},{"lineNumber":20,"author":{"gitId":"RT0118"},"content":"* **Code contributed**: [RepoSense link]()","lastModifiedDate":"2025-03-03","isFullCredit":false},{"lineNumber":21,"author":{"gitId":"RT0118"},"content":"","lastModifiedDate":"2025-03-03","isFullCredit":false},{"lineNumber":22,"author":{"gitId":"RT0118"},"content":"* **Project management**:","lastModifiedDate":"2025-03-03","isFullCredit":false},{"lineNumber":23,"author":{"gitId":"RT0118"},"content":"  * Managed releases `v1.3` - `v1.5rc` (3 releases) on GitHub","lastModifiedDate":"2025-03-03","isFullCredit":false},{"lineNumber":24,"author":{"gitId":"RT0118"},"content":"","lastModifiedDate":"2025-03-03","isFullCredit":false},{"lineNumber":25,"author":{"gitId":"RT0118"},"content":"* **Enhancements to existing features**:","lastModifiedDate":"2025-03-03","isFullCredit":false},{"lineNumber":26,"author":{"gitId":"RT0118"},"content":"  * Updated the GUI color scheme (Pull requests [\\#33](), [\\#34]())","lastModifiedDate":"2025-03-03","isFullCredit":false},{"lineNumber":27,"author":{"gitId":"RT0118"},"content":"  * Wrote additional tests for existing features to increase coverage from 88% to 92% (Pull requests [\\#36](), [\\#38]())","lastModifiedDate":"2025-03-03","isFullCredit":false},{"lineNumber":28,"author":{"gitId":"RT0118"},"content":"","lastModifiedDate":"2025-03-03","isFullCredit":false},{"lineNumber":29,"author":{"gitId":"RT0118"},"content":"* **Documentation**:","lastModifiedDate":"2025-03-03","isFullCredit":false},{"lineNumber":30,"author":{"gitId":"RT0118"},"content":"  * User Guide:","lastModifiedDate":"2025-03-03","isFullCredit":false},{"lineNumber":31,"author":{"gitId":"RT0118"},"content":"    * Added documentation for the features `delete` and `find` [\\#72]()","lastModifiedDate":"2025-03-03","isFullCredit":false},{"lineNumber":32,"author":{"gitId":"RT0118"},"content":"    * Did cosmetic tweaks to existing documentation of features `clear`, `exit`: [\\#74]()","lastModifiedDate":"2025-03-03","isFullCredit":false},{"lineNumber":33,"author":{"gitId":"RT0118"},"content":"  * Developer Guide:","lastModifiedDate":"2025-03-03","isFullCredit":false},{"lineNumber":34,"author":{"gitId":"RT0118"},"content":"    * Added implementation details of the `delete` feature.","lastModifiedDate":"2025-03-03","isFullCredit":false},{"lineNumber":35,"author":{"gitId":"RT0118"},"content":"","lastModifiedDate":"2025-03-03","isFullCredit":false},{"lineNumber":36,"author":{"gitId":"RT0118"},"content":"* **Community**:","lastModifiedDate":"2025-03-03","isFullCredit":false},{"lineNumber":37,"author":{"gitId":"RT0118"},"content":"  * PRs reviewed (with non-trivial review comments): [\\#12](), [\\#32](), [\\#19](), [\\#42]()","lastModifiedDate":"2025-03-03","isFullCredit":false},{"lineNumber":38,"author":{"gitId":"RT0118"},"content":"  * Contributed to forum discussions (examples: [1](), [2](), [3](), [4]())","lastModifiedDate":"2025-03-03","isFullCredit":false},{"lineNumber":39,"author":{"gitId":"RT0118"},"content":"  * Reported bugs and suggestions for other teams in the class (examples: [1](), [2](), [3]())","lastModifiedDate":"2025-03-03","isFullCredit":false},{"lineNumber":40,"author":{"gitId":"RT0118"},"content":"  * Some parts of the history feature I added was adopted by several other class mates ([1](), [2]())","lastModifiedDate":"2025-03-03","isFullCredit":false},{"lineNumber":41,"author":{"gitId":"RT0118"},"content":"","lastModifiedDate":"2025-03-03","isFullCredit":false},{"lineNumber":42,"author":{"gitId":"RT0118"},"content":"* **Tools**:","lastModifiedDate":"2025-03-03","isFullCredit":false},{"lineNumber":43,"author":{"gitId":"RT0118"},"content":"  * Integrated a third party library (Natty) to the project ([\\#42]())","lastModifiedDate":"2025-03-03","isFullCredit":false},{"lineNumber":44,"author":{"gitId":"RT0118"},"content":"  * Integrated a new Github plugin (CircleCI) to the team repo","lastModifiedDate":"2025-03-03","isFullCredit":false},{"lineNumber":45,"author":{"gitId":"RT0118"},"content":"","lastModifiedDate":"2025-03-03","isFullCredit":false},{"lineNumber":46,"author":{"gitId":"RT0118"},"content":"* _{you can add/remove categories in the list above}_","lastModifiedDate":"2025-03-03","isFullCredit":false}],"authorContributionMap":{"RT0118":46}},{"path":"docs/team/zerolegacy.md","fileType":"docs","lines":[{"lineNumber":1,"author":{"gitId":"Zerolegacy"},"content":"---","lastModifiedDate":"2025-03-03","isFullCredit":false},{"lineNumber":2,"author":{"gitId":"Zerolegacy"},"content":"layout: page","lastModifiedDate":"2025-03-03","isFullCredit":false},{"lineNumber":3,"author":{"gitId":"Zerolegacy"},"content":"title: John Doe\u0027s Project Portfolio Page","lastModifiedDate":"2025-03-03","isFullCredit":false},{"lineNumber":4,"author":{"gitId":"Zerolegacy"},"content":"---","lastModifiedDate":"2025-03-03","isFullCredit":false},{"lineNumber":5,"author":{"gitId":"Zerolegacy"},"content":"","lastModifiedDate":"2025-03-03","isFullCredit":false},{"lineNumber":6,"author":{"gitId":"Zerolegacy"},"content":"### Project: AddressBook Level 3","lastModifiedDate":"2025-03-03","isFullCredit":false},{"lineNumber":7,"author":{"gitId":"Zerolegacy"},"content":"","lastModifiedDate":"2025-03-03","isFullCredit":false},{"lineNumber":8,"author":{"gitId":"Zerolegacy"},"content":"AddressBook - Level 3 is a desktop address book application used for teaching Software Engineering principles. The user interacts with it using a CLI, and it has a GUI created with JavaFX. It is written in Java, and has about 10 kLoC.","lastModifiedDate":"2025-03-03","isFullCredit":false},{"lineNumber":9,"author":{"gitId":"Zerolegacy"},"content":"","lastModifiedDate":"2025-03-03","isFullCredit":false},{"lineNumber":10,"author":{"gitId":"Zerolegacy"},"content":"Given below are my contributions to the project.","lastModifiedDate":"2025-03-03","isFullCredit":false},{"lineNumber":11,"author":{"gitId":"Zerolegacy"},"content":"","lastModifiedDate":"2025-03-03","isFullCredit":false},{"lineNumber":12,"author":{"gitId":"Zerolegacy"},"content":"* **New Feature**: Added the ability to undo/redo previous commands.","lastModifiedDate":"2025-03-03","isFullCredit":false},{"lineNumber":13,"author":{"gitId":"Zerolegacy"},"content":"  * What it does: allows the user to undo all previous commands one at a time. Preceding undo commands can be reversed by using the redo command.","lastModifiedDate":"2025-03-03","isFullCredit":false},{"lineNumber":14,"author":{"gitId":"Zerolegacy"},"content":"  * Justification: This feature improves the product significantly because a user can make mistakes in commands and the app should provide a convenient way to rectify them.","lastModifiedDate":"2025-03-03","isFullCredit":false},{"lineNumber":15,"author":{"gitId":"Zerolegacy"},"content":"  * Highlights: This enhancement affects existing commands and commands to be added in future. It required an in-depth analysis of design alternatives. The implementation too was challenging as it required changes to existing commands.","lastModifiedDate":"2025-03-03","isFullCredit":false},{"lineNumber":16,"author":{"gitId":"Zerolegacy"},"content":"  * Credits: *{mention here if you reused any code/ideas from elsewhere or if a third-party library is heavily used in the feature so that a reader can make a more accurate judgement of how much effort went into the feature}*","lastModifiedDate":"2025-03-03","isFullCredit":false},{"lineNumber":17,"author":{"gitId":"Zerolegacy"},"content":"","lastModifiedDate":"2025-03-03","isFullCredit":false},{"lineNumber":18,"author":{"gitId":"Zerolegacy"},"content":"* **New Feature**: Added a history command that allows the user to navigate to previous commands using up/down keys.","lastModifiedDate":"2025-03-03","isFullCredit":false},{"lineNumber":19,"author":{"gitId":"Zerolegacy"},"content":"","lastModifiedDate":"2025-03-03","isFullCredit":false},{"lineNumber":20,"author":{"gitId":"Zerolegacy"},"content":"* **Code contributed**: [RepoSense link]()","lastModifiedDate":"2025-03-03","isFullCredit":false},{"lineNumber":21,"author":{"gitId":"Zerolegacy"},"content":"","lastModifiedDate":"2025-03-03","isFullCredit":false},{"lineNumber":22,"author":{"gitId":"Zerolegacy"},"content":"* **Project management**:","lastModifiedDate":"2025-03-03","isFullCredit":false},{"lineNumber":23,"author":{"gitId":"Zerolegacy"},"content":"  * Managed releases `v1.3` - `v1.5rc` (3 releases) on GitHub","lastModifiedDate":"2025-03-03","isFullCredit":false},{"lineNumber":24,"author":{"gitId":"Zerolegacy"},"content":"","lastModifiedDate":"2025-03-03","isFullCredit":false},{"lineNumber":25,"author":{"gitId":"Zerolegacy"},"content":"* **Enhancements to existing features**:","lastModifiedDate":"2025-03-03","isFullCredit":false},{"lineNumber":26,"author":{"gitId":"Zerolegacy"},"content":"  * Updated the GUI color scheme (Pull requests [\\#33](), [\\#34]())","lastModifiedDate":"2025-03-03","isFullCredit":false},{"lineNumber":27,"author":{"gitId":"Zerolegacy"},"content":"  * Wrote additional tests for existing features to increase coverage from 88% to 92% (Pull requests [\\#36](), [\\#38]())","lastModifiedDate":"2025-03-03","isFullCredit":false},{"lineNumber":28,"author":{"gitId":"Zerolegacy"},"content":"","lastModifiedDate":"2025-03-03","isFullCredit":false},{"lineNumber":29,"author":{"gitId":"Zerolegacy"},"content":"* **Documentation**:","lastModifiedDate":"2025-03-03","isFullCredit":false},{"lineNumber":30,"author":{"gitId":"Zerolegacy"},"content":"  * User Guide:","lastModifiedDate":"2025-03-03","isFullCredit":false},{"lineNumber":31,"author":{"gitId":"Zerolegacy"},"content":"    * Added documentation for the features `delete` and `find` [\\#72]()","lastModifiedDate":"2025-03-03","isFullCredit":false},{"lineNumber":32,"author":{"gitId":"Zerolegacy"},"content":"    * Did cosmetic tweaks to existing documentation of features `clear`, `exit`: [\\#74]()","lastModifiedDate":"2025-03-03","isFullCredit":false},{"lineNumber":33,"author":{"gitId":"Zerolegacy"},"content":"  * Developer Guide:","lastModifiedDate":"2025-03-03","isFullCredit":false},{"lineNumber":34,"author":{"gitId":"Zerolegacy"},"content":"    * Added implementation details of the `delete` feature.","lastModifiedDate":"2025-03-03","isFullCredit":false},{"lineNumber":35,"author":{"gitId":"Zerolegacy"},"content":"","lastModifiedDate":"2025-03-03","isFullCredit":false},{"lineNumber":36,"author":{"gitId":"Zerolegacy"},"content":"* **Community**:","lastModifiedDate":"2025-03-03","isFullCredit":false},{"lineNumber":37,"author":{"gitId":"Zerolegacy"},"content":"  * PRs reviewed (with non-trivial review comments): [\\#12](), [\\#32](), [\\#19](), [\\#42]()","lastModifiedDate":"2025-03-03","isFullCredit":false},{"lineNumber":38,"author":{"gitId":"Zerolegacy"},"content":"  * Contributed to forum discussions (examples: [1](), [2](), [3](), [4]())","lastModifiedDate":"2025-03-03","isFullCredit":false},{"lineNumber":39,"author":{"gitId":"Zerolegacy"},"content":"  * Reported bugs and suggestions for other teams in the class (examples: [1](), [2](), [3]())","lastModifiedDate":"2025-03-03","isFullCredit":false},{"lineNumber":40,"author":{"gitId":"Zerolegacy"},"content":"  * Some parts of the history feature I added was adopted by several other class mates ([1](), [2]())","lastModifiedDate":"2025-03-03","isFullCredit":false},{"lineNumber":41,"author":{"gitId":"Zerolegacy"},"content":"","lastModifiedDate":"2025-03-03","isFullCredit":false},{"lineNumber":42,"author":{"gitId":"Zerolegacy"},"content":"* **Tools**:","lastModifiedDate":"2025-03-03","isFullCredit":false},{"lineNumber":43,"author":{"gitId":"Zerolegacy"},"content":"  * Integrated a third party library (Natty) to the project ([\\#42]())","lastModifiedDate":"2025-03-03","isFullCredit":false},{"lineNumber":44,"author":{"gitId":"Zerolegacy"},"content":"  * Integrated a new Github plugin (CircleCI) to the team repo","lastModifiedDate":"2025-03-03","isFullCredit":false},{"lineNumber":45,"author":{"gitId":"Zerolegacy"},"content":"","lastModifiedDate":"2025-03-03","isFullCredit":false},{"lineNumber":46,"author":{"gitId":"Zerolegacy"},"content":"* _{you can add/remove categories in the list above}_","lastModifiedDate":"2025-03-03","isFullCredit":false}],"authorContributionMap":{"Zerolegacy":46}}]
