{"authorDailyContributionsMap":{"wj200":[{"date":"2025-03-17","commitResults":[{"hash":"681b8d43bc2e829ebc01aae81a766b43dde5ba2e","isMergeCommit":true,"messageTitle":"Merge pull request #25 from wj200/master","messageBody":"Added BOO.png as an update to AboutUs [age","fileTypesAndContributionMap":{}},{"hash":"664afd12a7ef6ab08e7350d7e3cbb2c4a4865505","isMergeCommit":false,"messageTitle":"update AboutUs page with BOO wen jun","messageBody":"","fileTypesAndContributionMap":{"docs":{"insertions":10,"deletions":2}}},{"hash":"7c9d65042ed5714fc9b54275a02c5bed3f3b6675","isMergeCommit":false,"messageTitle":"update AboutUs page deleted placeholder profiles","messageBody":"","fileTypesAndContributionMap":{"docs":{"insertions":1,"deletions":40}}},{"hash":"af9690d44d3860966c22e9fd664ce5d2e58a74be","isMergeCommit":true,"messageTitle":"Merge branch \u0027master\u0027 into master","messageBody":"","fileTypesAndContributionMap":{}},{"hash":"3abd5551b92d9fb971789178c6205a34d47dde4c","isMergeCommit":true,"messageTitle":"Merge pull request #27 from wj200/master","messageBody":"Update AboutUs page","fileTypesAndContributionMap":{}}]},{"date":"2025-03-21","commitResults":[{"hash":"ccf42c32e5366e44ea46e01e1b2d8a341b626b25","isMergeCommit":false,"messageTitle":"Added Note Feature","messageBody":"","fileTypesAndContributionMap":{"functional-code":{"insertions":235,"deletions":15},"test-code":{"insertions":263,"deletions":22}}},{"hash":"fc866e64718736d2fd0fc922c02372c77c256e68","isMergeCommit":false,"messageTitle":"Fixed checkstyle issues","messageBody":"","fileTypesAndContributionMap":{"functional-code":{"insertions":26,"deletions":31}}}]},{"date":"2025-03-25","commitResults":[{"hash":"5e2c655bc2ff807f36089f543e2a4606cdaddf39","isMergeCommit":false,"messageTitle":"Fixed Checkstyle","messageBody":"","fileTypesAndContributionMap":{"functional-code":{"insertions":25,"deletions":25},"test-code":{"insertions":23,"deletions":28}}},{"hash":"4fb76456f95fd4108d08e977dc2ccc8eaaaf41ea","isMergeCommit":true,"messageTitle":"Merge branch \u0027AY2425S2-CS2103T-F14-2:master\u0027 into branch-v1.3","messageBody":"","fileTypesAndContributionMap":{}}]},{"date":"2025-03-26","commitResults":[{"hash":"0014ab7081d8e951800af1ac0581d5134863f3e0","isMergeCommit":false,"messageTitle":"Amend @JsonProperty Tags and test case JSON files","messageBody":"","fileTypesAndContributionMap":{"functional-code":{"insertions":1,"deletions":1},"test-code":{"insertions":12,"deletions":2}}},{"hash":"b564ce37d0698ed03ff66222ce3a6141d64198f3","isMergeCommit":true,"messageTitle":"Merge remote-tracking branch \u0027origin/branch-v1.3\u0027 into branch-v1.3","messageBody":"","fileTypesAndContributionMap":{}}]}],"davidfoo07":[{"date":"2025-03-17","commitResults":[{"hash":"6bfc08b4fdaf9251a6830626598ce88a695887ad","isMergeCommit":false,"messageTitle":"updated about us from david","messageBody":"","fileTypesAndContributionMap":{"docs":{"insertions":10,"deletions":12}}}]},{"date":"2025-03-18","commitResults":[{"hash":"1314556b808a4810c76a7566fea4b890765b015b","isMergeCommit":false,"messageTitle":"implemented deleteTag command","messageBody":"","fileTypesAndContributionMap":{"functional-code":{"insertions":148,"deletions":0}}},{"hash":"62774135bfd8f9851bd5644308a0f14e81bbe583","isMergeCommit":false,"messageTitle":"v1.2","messageBody":"","fileTypesAndContributionMap":{"functional-code":{"insertions":1,"deletions":0}}},{"hash":"7021c6f58b5e2dca3b3358a94f77c56b6060e36c","isMergeCommit":false,"messageTitle":"Revert \"updated about us from david\"","messageBody":"This reverts commit 6bfc08b4fdaf9251a6830626598ce88a695887ad.\n","fileTypesAndContributionMap":{"docs":{"insertions":18,"deletions":6}}},{"hash":"ae9b77885bcbd55c155c4533ca7cd0e5324624cf","isMergeCommit":false,"messageTitle":"Added photo to AboutUs.md","messageBody":"","fileTypesAndContributionMap":{"docs":{"insertions":9,"deletions":21}}},{"hash":"40cc07cc1ecd143fee060109b3cf8f3f0788d098","isMergeCommit":false,"messageTitle":"Removed trailing whitespaces","messageBody":"","fileTypesAndContributionMap":{"functional-code":{"insertions":0,"deletions":1}}}]},{"date":"2025-03-19","commitResults":[{"hash":"e5fc42ba14db96789d144d05471b41b36469b88e","isMergeCommit":false,"messageTitle":"fixed git conventions error","messageBody":"","fileTypesAndContributionMap":{"functional-code":{"insertions":13,"deletions":1}}}]},{"date":"2025-03-20","commitResults":[{"hash":"b33cfba8334fc0475ed6472257001c1107931ffa","isMergeCommit":true,"messageTitle":"Merge branch \u0027AY2425S2-CS2103T-F14-2:master\u0027 into master","messageBody":"","fileTypesAndContributionMap":{}}]},{"date":"2025-03-21","commitResults":[{"hash":"eb20ac04c904b61a85ef94adc9fa58eeb0af0902","isMergeCommit":false,"messageTitle":"implemented find by tag halfway","messageBody":"","fileTypesAndContributionMap":{"functional-code":{"insertions":249,"deletions":160},"other":{"insertions":32,"deletions":3}}},{"hash":"80f571fdc8416c9a5012243965c1a420d2ae7396","isMergeCommit":false,"messageTitle":"implemented find by Tag","messageBody":"","fileTypesAndContributionMap":{"functional-code":{"insertions":138,"deletions":22}}}]},{"date":"2025-03-23","commitResults":[{"hash":"2919c7595783045e55be637a32e2fbedf7e3b9fc","isMergeCommit":true,"messageTitle":"Merge branch \u0027master\u0027 of https://github.com/AY2425S2-CS2103T-F14-2/tp","messageBody":"","fileTypesAndContributionMap":{}},{"hash":"f6823a8a08d1f00a36e48f8fc8993fdaa3d59550","isMergeCommit":true,"messageTitle":"Merge branch \u0027master\u0027 into branch-v1.3","messageBody":"","fileTypesAndContributionMap":{}},{"hash":"5e233e023e60b405857c8ef0c8f3b73d3fa33511","isMergeCommit":false,"messageTitle":"implement test cases for each find tags classes.","messageBody":"","fileTypesAndContributionMap":{"test-code":{"insertions":288,"deletions":0}}}]},{"date":"2025-03-24","commitResults":[{"hash":"23c04424a87f3be82611f18c742bb9886ef9b843","isMergeCommit":false,"messageTitle":"Modified the command word of findByJobTitle","messageBody":"","fileTypesAndContributionMap":{"functional-code":{"insertions":2,"deletions":2}}},{"hash":"972e9b8fb3d9fde9428a3c6e4f395a346774a7dd","isMergeCommit":true,"messageTitle":"Merge branch \u0027master\u0027 into branch-v1.3","messageBody":"","fileTypesAndContributionMap":{}},{"hash":"39e22b50da758d04a97caa886571c4f4bc2e5915","isMergeCommit":true,"messageTitle":"Merge pull request #46 from davidfoo07/david-findByTag","messageBody":"David find by tag - edited command word for findByJobTitle","fileTypesAndContributionMap":{}},{"hash":"8dc24bd92d75e47d4a4967df115518f850322c00","isMergeCommit":false,"messageTitle":"changed the example of job title to intended title","messageBody":"","fileTypesAndContributionMap":{"functional-code":{"insertions":2,"deletions":2}}},{"hash":"47657d52ecc30c0ef4462357212d6983674706e8","isMergeCommit":true,"messageTitle":"Merge pull request #47 from davidfoo07/david-findByTag","messageBody":"changed the example of job title to intended title","fileTypesAndContributionMap":{}}]}],"chen-xiangrui":[{"date":"2025-03-11","commitResults":[{"hash":"584bdd75e8805f8b5ed288a762d78a9bc409f32d","isMergeCommit":false,"messageTitle":"Create new branch for v1.1 pull request","messageBody":"","fileTypesAndContributionMap":{"other":{"insertions":580,"deletions":0}}},{"hash":"34a00d9964a26456c35059dbe67673cb6717743c","isMergeCommit":false,"messageTitle":"Update AboutUs.md","messageBody":"","fileTypesAndContributionMap":{"docs":{"insertions":3,"deletions":5}}}]},{"date":"2025-03-12","commitResults":[{"hash":"6a87607fa6ee645f5613b47db36b6534e886f5a2","isMergeCommit":true,"messageTitle":"Merge pull request #3 from chen-xiangrui/branch-v1.1","messageBody":"Branch v1.1","fileTypesAndContributionMap":{}},{"hash":"83b827f576414b57aa89acecad970df55aba317a","isMergeCommit":false,"messageTitle":"Update README.md, docs/_config.yml, docs/_sass/minima/_base.scss","messageBody":"Let\u0027s:\n* update the README with information of HRelper\n* update the workflow link of the project\n* update the name of the product in the product website to HRelper\n","fileTypesAndContributionMap":{"other":{"insertions":1,"deletions":1},"docs":{"insertions":3,"deletions":3}}}]},{"date":"2025-03-16","commitResults":[{"hash":"c3abf8fa738dd391778d14bbf5b4808fa51dec9a","isMergeCommit":true,"messageTitle":"Merge pull request #24 from chenxy12345/branch-add-attributes","messageBody":"Add attributes - Gender,  Nationality","fileTypesAndContributionMap":{}}]},{"date":"2025-03-17","commitResults":[{"hash":"b41d1419920c7931558421fa69511a32bb02b654","isMergeCommit":true,"messageTitle":"Merge pull request #26 from chenxy12345/branch-add-attributes","messageBody":"Add Attributes - Date of Birth, Date of Joining","fileTypesAndContributionMap":{}},{"hash":"fabd2d7346f6d0f47c532f4b0872a20ac0ceba3e","isMergeCommit":true,"messageTitle":"Merge pull request #29 from chenxy12345/branch-add-attributes","messageBody":"Add Attribute - Nric","fileTypesAndContributionMap":{}}]},{"date":"2025-03-19","commitResults":[{"hash":"38de8496aab338d8843ddf71d84be29e36eb880f","isMergeCommit":false,"messageTitle":"Add Department.java, EmploymentType.java, JobTitle.java","messageBody":"Let\u0027s,\n* implement strict tag types for Type class\n* ensure test cases are modified to suit this update\n","fileTypesAndContributionMap":{"functional-code":{"insertions":353,"deletions":147},"test-code":{"insertions":159,"deletions":139}}},{"hash":"ed1470e7035392291127af9e06baac6c82ab97ba","isMergeCommit":false,"messageTitle":"Add DepartmentTest.java, EmploymentTypeTest.java, JobTitleTest.java","messageBody":"Let\u0027s,\n* add testing for the new classes added in v1.2\n","fileTypesAndContributionMap":{"test-code":{"insertions":165,"deletions":0}}},{"hash":"6bf198787d0a19d9f0490cd029546c87943625e2","isMergeCommit":false,"messageTitle":"Update SampleDataUtilTest.java, JsonAdaptedTagTest.java","messageBody":"Let\u0027s,\n* implement more test coverage for SampleDataUtil and JsonAdaptedTag\n","fileTypesAndContributionMap":{"functional-code":{"insertions":1,"deletions":1},"test-code":{"insertions":115,"deletions":0}}}]},{"date":"2025-03-20","commitResults":[{"hash":"0379b36cbf5de30a17756bcdbb637e5f8c0249d5","isMergeCommit":false,"messageTitle":"Update PersonCard.java","messageBody":"Let\u0027s,\n* change the UI such that Department, EmploymentType and JobTitle\nare in separate FlowPane\n","fileTypesAndContributionMap":{"functional-code":{"insertions":55,"deletions":5}}},{"hash":"d8e5bb35fdb8eabeee3baf16bf015a521052bd5b","isMergeCommit":false,"messageTitle":"Add PersonCardTest.java","messageBody":"","fileTypesAndContributionMap":{"functional-code":{"insertions":12,"deletions":0},"test-code":{"insertions":31,"deletions":0}}},{"hash":"5d805b7fad9a3238b57ee857be15d46e4738f12b","isMergeCommit":false,"messageTitle":"Delete PersonCardTest.java","messageBody":"","fileTypesAndContributionMap":{"functional-code":{"insertions":1,"deletions":1},"test-code":{"insertions":0,"deletions":31}}}]},{"date":"2025-03-23","commitResults":[{"hash":"97fbdb5e5d12f1325c06fc72e0b0067916ee6eb5","isMergeCommit":false,"messageTitle":"Update EditCommandParser.java","messageBody":"Let\u0027s,\n* ensure edit command can be performed on the new attributes added\n","fileTypesAndContributionMap":{"functional-code":{"insertions":25,"deletions":2},"test-code":{"insertions":18,"deletions":6}}},{"hash":"00bbea542dfc3f6357a6b049bebbbd538f2730ca","isMergeCommit":true,"messageTitle":"Merge pull request #41 from chenxy12345/branch-gui","messageBody":"Update GUI","fileTypesAndContributionMap":{}},{"hash":"9119789ca3de5ef520d83a0dec84d03457bd57f1","isMergeCommit":true,"messageTitle":"Merge pull request #44 from chen-xiangrui/branch-v1.4","messageBody":"Update EditCommandParser.java","fileTypesAndContributionMap":{}}]},{"date":"2025-03-25","commitResults":[{"hash":"4e8c48e01bc1be8fbaa66e9074c16dc06a2b53f6","isMergeCommit":false,"messageTitle":"Update ModelClassDiagram","messageBody":"","fileTypesAndContributionMap":{"docs":{"insertions":10,"deletions":1}}}]},{"date":"2025-03-26","commitResults":[{"hash":"598010c2fea55f22d34d22052dab2dd0a1bc8fc4","isMergeCommit":false,"messageTitle":"Fix Department value bug","messageBody":"","fileTypesAndContributionMap":{"functional-code":{"insertions":81,"deletions":9},"test-code":{"insertions":3,"deletions":5}}},{"hash":"3bee03c678ab6f706504467bea32dba9c02d1b30","isMergeCommit":true,"messageTitle":"Merge branch \u0027master\u0027 of https://github.com/chen-xiangrui/tp into branch-department_bug","messageBody":"","fileTypesAndContributionMap":{}},{"hash":"d9f81ef5fd03d5ebe557300f095915615898378b","isMergeCommit":true,"messageTitle":"Merge branch \u0027master\u0027 of https://github.com/chen-xiangrui/tp into branch-week_10_uml","messageBody":"","fileTypesAndContributionMap":{}}]}],"chenxy12345":[{"date":"2025-02-22","commitResults":[{"hash":"a26cb2ce75285641e3ed0ce762703509a8c93b8c","isMergeCommit":false,"messageTitle":"Update README.md","messageBody":"","fileTypesAndContributionMap":{"docs":{"insertions":1,"deletions":0}}}]},{"date":"2025-03-12","commitResults":[{"hash":"d27eca692d871fac90ee90abe8d580d866be4146","isMergeCommit":true,"messageTitle":"Merge pull request #7 from chen-xiangrui/branch-README","messageBody":"Update README.md, docs/_config.yml, docs/_sass/minima/_base.scss","fileTypesAndContributionMap":{}},{"hash":"2d71384a86d9b42da0625c2237ce58071046cc4e","isMergeCommit":false,"messageTitle":"Update README.md and AboutUs.md","messageBody":"","fileTypesAndContributionMap":{"docs":{"insertions":6,"deletions":4}}},{"hash":"2795f52606a7dec915b7ffb416f5f066fbd4cd70","isMergeCommit":true,"messageTitle":"Merge pull request #8 from chenxy12345/branch-README","messageBody":"Update README.md and AboutUs.md","fileTypesAndContributionMap":{}}]},{"date":"2025-03-13","commitResults":[{"hash":"f187f2d88daf827326c309643d751c22fe1b62e1","isMergeCommit":false,"messageTitle":"Update AboutUs.md","messageBody":"","fileTypesAndContributionMap":{"docs":{"insertions":1,"deletions":3}}},{"hash":"09ff3ca405e7699f098d77a1464c2202a2f32033","isMergeCommit":true,"messageTitle":"Merge pull request #11 from chenxy12345/branch-README","messageBody":"Update AboutUs.md","fileTypesAndContributionMap":{}}]},{"date":"2025-03-16","commitResults":[{"hash":"541eca9acbe52db5ed0247c0cbed882ed508fd36","isMergeCommit":false,"messageTitle":"Add an attribute - Gender","messageBody":"","fileTypesAndContributionMap":{"functional-code":{"insertions":125,"deletions":14},"test-code":{"insertions":96,"deletions":28}}},{"hash":"0ccb36fdaa75ed6e1b09e3e5fc6b008a57fab2e3","isMergeCommit":false,"messageTitle":"Update Gender attribute","messageBody":"","fileTypesAndContributionMap":{"functional-code":{"insertions":76,"deletions":5},"test-code":{"insertions":164,"deletions":61}}},{"hash":"58f270ef6cabf7378efa5b23874b516558316373","isMergeCommit":false,"messageTitle":"Add Attribute - Nationality","messageBody":"","fileTypesAndContributionMap":{"functional-code":{"insertions":131,"deletions":19},"test-code":{"insertions":145,"deletions":40}}}]},{"date":"2025-03-17","commitResults":[{"hash":"3e5043c1bbf05344df859a5f70fe38a7c2def47a","isMergeCommit":false,"messageTitle":"Add Attributes - Date of Birth, Date of Joining","messageBody":"","fileTypesAndContributionMap":{"functional-code":{"insertions":308,"deletions":32},"test-code":{"insertions":288,"deletions":55}}},{"hash":"3b6622a08be2e2a38e3a6eaf35deb98eef9ae68a","isMergeCommit":false,"messageTitle":"Update AboutUs.md","messageBody":"","fileTypesAndContributionMap":{"docs":{"insertions":8,"deletions":8}}},{"hash":"86028e15a21721a34d6a08be42527d60a3c51108","isMergeCommit":false,"messageTitle":"Update AboutUs.md","messageBody":"","fileTypesAndContributionMap":{"docs":{"insertions":2,"deletions":2}}},{"hash":"0a8d75ba5d4e242e29a8213c62884577a50c6055","isMergeCommit":false,"messageTitle":"Update Format","messageBody":"","fileTypesAndContributionMap":{"docs":{"insertions":4,"deletions":4}}},{"hash":"1056d3cec1aac653ff843bf830233bd9d103b8ca","isMergeCommit":true,"messageTitle":"Merge pull request #28 from chenxy12345/master","messageBody":"Update AboutUs.md","fileTypesAndContributionMap":{}},{"hash":"791c0988810647ced0843d9ae1afdc803d7dac8c","isMergeCommit":false,"messageTitle":"Add Attribute - Nric","messageBody":"","fileTypesAndContributionMap":{"functional-code":{"insertions":147,"deletions":12},"test-code":{"insertions":189,"deletions":79}}}]},{"date":"2025-03-20","commitResults":[{"hash":"f0ffd77fecb3895157b5d42409a251c12183b39a","isMergeCommit":true,"messageTitle":"Merge pull request #33 from wyongqiing/branch-ViewCommand","messageBody":"Add new command class - ViewCommand","fileTypesAndContributionMap":{}},{"hash":"2253f422ec18af702c6479aef6d50b5b15883ecb","isMergeCommit":true,"messageTitle":"Merge pull request #32 from chen-xiangrui/branch-v1.2","messageBody":"Add Department.java, EmploymentType.java, JobTitle.java","tags":["v1.3"],"fileTypesAndContributionMap":{}},{"hash":"4c11e9e01b31ce7972f373f2551c74d723959b5d","isMergeCommit":true,"messageTitle":"Merge pull request #34 from wyongqiing/branch-v1.3","messageBody":"Implement view feature","fileTypesAndContributionMap":{}},{"hash":"78d6cf32b54464c8104f8ad0541ba9d644f130ea","isMergeCommit":true,"messageTitle":"Merge pull request #35 from chen-xiangrui/branch-v1.3","messageBody":"Update PersonCard.java","fileTypesAndContributionMap":{}}]},{"date":"2025-03-22","commitResults":[{"hash":"58facd218bfbdac19033a4bb6622ea2b34d2afd7","isMergeCommit":false,"messageTitle":"Update GUI","messageBody":"","fileTypesAndContributionMap":{"functional-code":{"insertions":220,"deletions":16},"other":{"insertions":1,"deletions":1}}},{"hash":"348f6f5b930233b4d20ea30959622c6b70bf3ad8","isMergeCommit":false,"messageTitle":"Update GUI","messageBody":"","fileTypesAndContributionMap":{"functional-code":{"insertions":15,"deletions":3}}}]},{"date":"2025-03-24","commitResults":[{"hash":"9c7b836c10e32108873367e70be7de669cbc1f2f","isMergeCommit":true,"messageTitle":"Merge pull request #40 from davidfoo07/david-findByTag","messageBody":"","fileTypesAndContributionMap":{}},{"hash":"ad40db810ced912cfc9566b61560562ef99d85f1","isMergeCommit":false,"messageTitle":"Update Nric to be unique attribute","messageBody":"","fileTypesAndContributionMap":{"functional-code":{"insertions":2,"deletions":3},"test-code":{"insertions":13,"deletions":13}}},{"hash":"aa7b02d5616bfffcb4e87a95ae7c211765e17e1d","isMergeCommit":false,"messageTitle":"Add test classes for new attributes","messageBody":"","fileTypesAndContributionMap":{"test-code":{"insertions":288,"deletions":0}}},{"hash":"79956858f84fc3f8f17e4b9e65989de8fa2b9f51","isMergeCommit":false,"messageTitle":"Update README.md","messageBody":"","fileTypesAndContributionMap":{"functional-code":{"insertions":1,"deletions":1},"docs":{"insertions":39,"deletions":27}}},{"hash":"714171f6cad5713f7acf8642c2bf9b9e69d41186","isMergeCommit":true,"messageTitle":"Merge pull request #52 from chenxy12345/branch-update-README","messageBody":"Update README.md","fileTypesAndContributionMap":{}},{"hash":"a04bc8e8a6240d0dd477ad70ed1cc5f7c4b67743","isMergeCommit":false,"messageTitle":"Update README.md","messageBody":"","fileTypesAndContributionMap":{"docs":{"insertions":2,"deletions":1}}},{"hash":"5d6d10428b1ef1ebed53bc92afadf563f0619f92","isMergeCommit":true,"messageTitle":"Merge pull request #53 from chenxy12345/branch-update-README","messageBody":"Update README.md","fileTypesAndContributionMap":{}},{"hash":"0eccccafc465ee556671d56b03418dc55fc69581","isMergeCommit":false,"messageTitle":"Update command output for Nationality","messageBody":"","fileTypesAndContributionMap":{"functional-code":{"insertions":28,"deletions":1}}},{"hash":"d0fdd99798b023871998c0341dbea3b4093b4a82","isMergeCommit":true,"messageTitle":"Merge pull request #55 from chenxy12345/branch-update-bugs","messageBody":"Update command output for Nationality","fileTypesAndContributionMap":{}}]},{"date":"2025-03-25","commitResults":[{"hash":"9860bc3911c519d351a067ae17ca48ae4bab7cfd","isMergeCommit":false,"messageTitle":"Update DeveloperGuide.md","messageBody":"","fileTypesAndContributionMap":{"docs":{"insertions":10,"deletions":2},"test-code":{"insertions":2,"deletions":5}}},{"hash":"2bf81372dcafde317f40d19431abde7075b34329","isMergeCommit":true,"messageTitle":"Merge pull request #59 from chenxy12345/branch-update","messageBody":"Update DeveloperGuide.md","fileTypesAndContributionMap":{}}]},{"date":"2025-03-26","commitResults":[{"hash":"a1cd5c1073456a550641df8e2e1e0973baa2fba8","isMergeCommit":true,"messageTitle":"Merge pull request #45 from wj200/branch-v1.3","messageBody":"Branch v1.3","fileTypesAndContributionMap":{}},{"hash":"d26c9af471479fbc9cda90af52bdd4d033765f7c","isMergeCommit":true,"messageTitle":"Merge pull request #62 from chen-xiangrui/branch-department_bug","messageBody":"Fix Department value bug","fileTypesAndContributionMap":{}},{"hash":"90a5aaaf49e39311201ecff54bd9d3ff4a45cdaf","isMergeCommit":true,"messageTitle":"Merge pull request #63 from chen-xiangrui/branch-week_10_uml","messageBody":"Update ModelClassDiagram","fileTypesAndContributionMap":{}},{"hash":"c766275027a0736ab4fca3bdbd531f4cf413a52d","isMergeCommit":true,"messageTitle":"Merge pull request #61 from wyongqiing/branch-GUI","messageBody":"Add home button","fileTypesAndContributionMap":{}},{"hash":"ec87edccc64c55035e0ea51b567ab2a3fc340a0a","isMergeCommit":false,"messageTitle":"Update UserGuide.md","messageBody":"","fileTypesAndContributionMap":{"functional-code":{"insertions":1,"deletions":1},"other":{"insertions":1,"deletions":1},"docs":{"insertions":2,"deletions":2}}},{"hash":"046784e2aeed8c8c74add7e8050c3169086a82c0","isMergeCommit":true,"messageTitle":"Merge pull request #64 from chenxy12345/branch-update-v0.1","messageBody":"Update UserGuide.md","tags":["v1.4"],"fileTypesAndContributionMap":{}}]},{"date":"2025-03-27","commitResults":[{"hash":"7d17e4fbf6db54f11fd06cf298476cfa81e455f0","isMergeCommit":false,"messageTitle":"Update UserGuide.md","messageBody":"","fileTypesAndContributionMap":{"functional-code":{"insertions":1,"deletions":1},"other":{"insertions":1,"deletions":1},"docs":{"insertions":1,"deletions":1}}},{"hash":"250a1dff662fac6df5c1513862f9efb2ebc10c03","isMergeCommit":true,"messageTitle":"Merge pull request #65 from chenxy12345/branch-update-v0.2","messageBody":"Update UserGuide.md","fileTypesAndContributionMap":{}}]}],"wyongqiing":[{"date":"2025-03-13","commitResults":[{"hash":"560e2b11b95774c12524d7ebfb28e4153b1f89b4","isMergeCommit":false,"messageTitle":"Update AboutUs.md","messageBody":"","fileTypesAndContributionMap":{"docs":{"insertions":4,"deletions":4}}},{"hash":"44b5fc2f72eb91c0c6f1f696fd45eae622d6ec1b","isMergeCommit":true,"messageTitle":"Merge branch \u0027branch-AboutUs\u0027","messageBody":"* branch-AboutUs:\n  Add yq photo\n  Update AboutUs.md\n","fileTypesAndContributionMap":{}},{"hash":"c22e38ec519bfb92fc683fea8580975895ba1a8b","isMergeCommit":false,"messageTitle":"Update user stories and use cases","messageBody":"","fileTypesAndContributionMap":{"docs":{"insertions":52,"deletions":17}}},{"hash":"e8421bf3b26080e5bf55b300c0b253b4cc321b09","isMergeCommit":false,"messageTitle":"Update glossary","messageBody":"","fileTypesAndContributionMap":{"docs":{"insertions":3,"deletions":0}}},{"hash":"d35e92c5b314499472a4ea05759e98fc2b03bee1","isMergeCommit":true,"messageTitle":"Merge pull request #9 from wyongqiing/branch-AboutUs","messageBody":"Branch about us","fileTypesAndContributionMap":{}},{"hash":"a4fd2c7cca555fbddb6bcea66176de39e886f017","isMergeCommit":true,"messageTitle":"Merge pull request #12 from wyongqiing/branch-DG","messageBody":"Branch dg","fileTypesAndContributionMap":{}}]},{"date":"2025-03-19","commitResults":[{"hash":"3bb8cf4599b334122b4dde70b61a1d3ac476bf85","isMergeCommit":true,"messageTitle":"Merge branch \u0027AY2425S2-CS2103T-F14-2:master\u0027 into master","messageBody":"","fileTypesAndContributionMap":{}},{"hash":"531feee5ce5fc53beb73af62339e8e51d2a0e993","isMergeCommit":false,"messageTitle":"Add view command class","messageBody":"","fileTypesAndContributionMap":{"functional-code":{"insertions":16,"deletions":0}}},{"hash":"d841f0df062e69d1db966838d939562df12cfb83","isMergeCommit":false,"messageTitle":"Add view command parser","messageBody":"","fileTypesAndContributionMap":{"functional-code":{"insertions":5,"deletions":0}}},{"hash":"02e130fa6b8f85f54c70e6fc12104ba7e110fd19","isMergeCommit":false,"messageTitle":"Add view command parser test","messageBody":"","fileTypesAndContributionMap":{"test-code":{"insertions":7,"deletions":0}}},{"hash":"7f14ae68365903a32ff032afe6f34f2d8e55393e","isMergeCommit":false,"messageTitle":"Fix checkstyle","messageBody":"","fileTypesAndContributionMap":{"functional-code":{"insertions":0,"deletions":1}}},{"hash":"6d199ebd1b10d2f69336c7ba30ddb5e1b96ed6e9","isMergeCommit":false,"messageTitle":"Fix checkstyle for address book test class","messageBody":"","fileTypesAndContributionMap":{"test-code":{"insertions":0,"deletions":1}}},{"hash":"48ec32d9ddb7e4d82b9a5829cd7e24af5201174d","isMergeCommit":false,"messageTitle":"Add view command test","messageBody":"","fileTypesAndContributionMap":{"test-code":{"insertions":26,"deletions":0}}},{"hash":"c993308c13da9c5727a2835302acc689b29fcfea","isMergeCommit":true,"messageTitle":"Merge branch \u0027branch-ViewCommand\u0027","messageBody":"* branch-ViewCommand:\n  Add view command test\n  Fix checkstyle for address book test class\n  Fix checkstyle\n  Add view command parser test\n  Add view command parser\n  Add view command class\n","fileTypesAndContributionMap":{}}]},{"date":"2025-03-20","commitResults":[{"hash":"7013e52b149c0ed2c9bd307f87474377c66fee5e","isMergeCommit":true,"messageTitle":"Merge branch \u0027AY2425S2-CS2103T-F14-2:master\u0027 into master","messageBody":"","fileTypesAndContributionMap":{}},{"hash":"43d714adad1a2189230dc452f436ac36e65abd07","isMergeCommit":false,"messageTitle":"add message","messageBody":"","fileTypesAndContributionMap":{"functional-code":{"insertions":3,"deletions":0}}},{"hash":"fe9d8c431eba97e61b741e3b0aed2e1e40578971","isMergeCommit":false,"messageTitle":"Change the view command parser","messageBody":"","fileTypesAndContributionMap":{"functional-code":{"insertions":1,"deletions":1}}},{"hash":"9bddb9b56750aaf356fdad7c9316d73a07d076c0","isMergeCommit":false,"messageTitle":"Implement view command parser","messageBody":"","fileTypesAndContributionMap":{"functional-code":{"insertions":32,"deletions":0}}},{"hash":"6e6946ffc0497e3a297572d59adc472e70bd55f9","isMergeCommit":false,"messageTitle":"Implement view feature","messageBody":"","fileTypesAndContributionMap":{"functional-code":{"insertions":85,"deletions":1}}},{"hash":"2d2ab35e4ca263f537596e73e79afc69bd64336e","isMergeCommit":false,"messageTitle":"Modify the test file","messageBody":"","fileTypesAndContributionMap":{"test-code":{"insertions":13,"deletions":5}}},{"hash":"cb662486fe7aa9ad21ce9ab33b688bd1fb5e72bf","isMergeCommit":false,"messageTitle":"Add more Junit test","messageBody":"","fileTypesAndContributionMap":{"test-code":{"insertions":40,"deletions":0}}},{"hash":"adc9c907c8c46fb239cb3d7a4dbe3c5abef7fda1","isMergeCommit":false,"messageTitle":"Add test case","messageBody":"","fileTypesAndContributionMap":{"test-code":{"insertions":30,"deletions":0}}}]},{"date":"2025-03-21","commitResults":[{"hash":"caf3a98aee4c93500d12d3859c45a9359efb322c","isMergeCommit":true,"messageTitle":"Merge branch \u0027branch-v1.3\u0027","messageBody":"* branch-v1.3:\n  Add test case\n  Add more Junit test\n  Modify the test file\n  Implement view feature\n  Implement view command parser\n  Change the view command parser\n  add message\n","fileTypesAndContributionMap":{}}]},{"date":"2025-03-24","commitResults":[{"hash":"5bec47be42d5b69eaea3f52a7b18b6f134d995c0","isMergeCommit":false,"messageTitle":"Change title of the app","messageBody":"","fileTypesAndContributionMap":{"functional-code":{"insertions":1,"deletions":1}}},{"hash":"ea3bd5b785f03669f9c2d12f8d6100927288aca9","isMergeCommit":true,"messageTitle":"Merge branch \u0027master\u0027 of https://github.com/wyongqiing/tp into branch-GUI","messageBody":"* \u0027master\u0027 of https://github.com/wyongqiing/tp:\n  Update EditCommandParser.java\n  Update GUI\n  Update GUI\n  Delete PersonCardTest.java\n  Add PersonCardTest.java\n  Update PersonCard.java\n","fileTypesAndContributionMap":{}}]},{"date":"2025-03-25","commitResults":[{"hash":"a1cff06dd6f3a7f30d15484804692343190da333","isMergeCommit":false,"messageTitle":"Add home button to the app","messageBody":"","fileTypesAndContributionMap":{"functional-code":{"insertions":3,"deletions":0}}},{"hash":"e0ca651a3d4318604eae8b92a626e60cb3357eda","isMergeCommit":false,"messageTitle":"Implement the handle home method","messageBody":"","fileTypesAndContributionMap":{"functional-code":{"insertions":18,"deletions":0}}},{"hash":"a9b8f7d0c25b199e314dbef831d16060d61f0075","isMergeCommit":false,"messageTitle":"Change the message for invalid format of view command","messageBody":"","fileTypesAndContributionMap":{"functional-code":{"insertions":5,"deletions":6}}},{"hash":"6433e461cde51925bca913ab808299ae5f8437db","isMergeCommit":false,"messageTitle":"Invoke handle home method","messageBody":"","fileTypesAndContributionMap":{"functional-code":{"insertions":4,"deletions":0}}},{"hash":"fe30186336c6a2c036bc4f1af10d7367290cb7a9","isMergeCommit":false,"messageTitle":"Add a boolean parameter","messageBody":"","fileTypesAndContributionMap":{"functional-code":{"insertions":13,"deletions":6},"test-code":{"insertions":8,"deletions":8}}}]}]},"authorFileTypeContributionMap":{"wj200":{"docs":0,"functional-code":229,"test-code":271},"davidfoo07":{"docs":7,"functional-code":366,"test-code":288,"other":29},"chen-xiangrui":{"docs":16,"functional-code":495,"test-code":449,"other":581},"chenxy12345":{"docs":59,"functional-code":961,"test-code":934,"other":3},"wyongqiing":{"docs":50,"functional-code":177,"test-code":117}},"authorContributionVariance":{"wj200":9918.291,"davidfoo07":12942.532,"chen-xiangrui":40912.06,"chenxy12345":61014.285,"wyongqiing":1544.6285},"authorDisplayNameMap":{"wj200":"CS2103T-F14-2 BOO .. JUN","davidfoo07":"CS2103T-F14-2 FOO ..UANG","chen-xiangrui":"CS2103T-F14-2 CHEN..GRUI","chenxy12345":"CS2103T-F14-2 CHEN..GYUN","wyongqiing":"CS2103T-F14-2 WOO ..QING"}}
