{"authorDailyContributionsMap":{"Huan-Kiat":[{"date":"2025-03-06","commitResults":[{"hash":"22f822f7237f788884b765894517491b320f6b9a","isMergeCommit":false,"messageTitle":"Update about us for Huan Kiat","messageBody":"","fileTypesAndContributionMap":{"docs":{"insertions":51,"deletions":5}}}]},{"date":"2025-03-09","commitResults":[{"hash":"f6dcc3d17c99bf3c9e6d10d055601536e8089101","isMergeCommit":true,"messageTitle":"Merge branch \u0027master\u0027 into branch-UpdateAboutUs","messageBody":"","fileTypesAndContributionMap":{}},{"hash":"81275264b6e767bdb7005c7423771983805d59d0","isMergeCommit":true,"messageTitle":"Merge pull request #22 from Huan-Kiat/branch-UpdateAboutUs","messageBody":"Update about us page(Huan Kiat)","fileTypesAndContributionMap":{}}]},{"date":"2025-03-11","commitResults":[{"hash":"463857935e07ac328c7bf99e47c19f3b9d0ea775","isMergeCommit":true,"messageTitle":"Merge branch \u0027master\u0027 of https://github.com/Huan-Kiat/tp","messageBody":"* \u0027master\u0027 of https://github.com/Huan-Kiat/tp:\n  update README.md and AboutUs.md\n  update AboutUs.md to resolve conflicts\n  add ui mockup to docs/images with name of Ui.png\n  Update about us for Huan Kiat\n  add about us page for Yen Shen\n  Add Huan Kiat\u0027s photo\n  Add Yen Shen\u0027s photo\n  Add user stories, NFRs, and use cases to DG\n  Update about us and portfolio page\n  Add about us page\n  Add about us page\n  Update the AboutUs page\n","fileTypesAndContributionMap":{}}]},{"date":"2025-03-13","commitResults":[{"hash":"0bafb934b46c9350740da3c9f5707d062d47e6cc","isMergeCommit":true,"messageTitle":"Merge pull request #35 from leeyenshen/add-tenant","messageBody":"Fix test cases to work with ","fileTypesAndContributionMap":{}},{"hash":"7f1a3ff32ccad88c587c8f3aac6385b257104fa6","isMergeCommit":true,"messageTitle":"Merge branch \u0027master\u0027 of https://github.com/Huan-Kiat/tp","messageBody":"","fileTypesAndContributionMap":{}},{"hash":"7a1cfb75085bed952aba20cb52b62b32d9d8f2b4","isMergeCommit":false,"messageTitle":"Fix test cases and update List feature","messageBody":"","fileTypesAndContributionMap":{"functional-code":{"insertions":1,"deletions":1},"test-code":{"insertions":34,"deletions":34}}},{"hash":"b5e8dd6792ec28f9bcfd3b5a373c84de19b57bc4","isMergeCommit":true,"messageTitle":"Merge pull request #38 from Huan-Kiat/branch-List","messageBody":"Fix test cases, update List feature, correct Checkstyle","fileTypesAndContributionMap":{}},{"hash":"a8b76434c31586ddbfb70e1936e33389fd0e55ff","isMergeCommit":true,"messageTitle":"Merge branch \u0027master\u0027 of https://github.com/Huan-Kiat/tp","messageBody":"","fileTypesAndContributionMap":{}}]},{"date":"2025-03-17","commitResults":[{"hash":"ade8b3e48ee830f96d1810b6a10d883603dfbd1f","isMergeCommit":true,"messageTitle":"Merge pull request #40 from namitdeb739/add-tenant","messageBody":"Add tenant","fileTypesAndContributionMap":{}},{"hash":"6060be8d79980aa1ec9777df1d06cda48ba8dc94","isMergeCommit":true,"messageTitle":"Merge branch \u0027AY2425S2-CS2103T-W12-1:master\u0027 into master","messageBody":"","fileTypesAndContributionMap":{}},{"hash":"286ae22ff87f05c52cc621e362a98872866f27bf","isMergeCommit":true,"messageTitle":"Merge branch \u0027master\u0027 of https://github.com/Huan-Kiat/tp","messageBody":"","fileTypesAndContributionMap":{}},{"hash":"7774165bf8699dc0aa3b97a31355bff2ebbe26e5","isMergeCommit":false,"messageTitle":"Refactor: rename AddressBook to TenantTracker, fix tenant card display","messageBody":"Refactored AddressBook to TenantTracker across the codebase.\nFixed bug where only the family name appeared on TenantCard.\n\nLet\u0027s modify edit command to allow editing a single feature instead of\nthe whole tenant.\n","fileTypesAndContributionMap":{"functional-code":{"insertions":60,"deletions":60},"other":{"insertions":1,"deletions":1},"docs":{"insertions":8,"deletions":8},"test-code":{"insertions":88,"deletions":87}}}]},{"date":"2025-03-18","commitResults":[{"hash":"3f82894e81e46b148c37f182af989317c2096948","isMergeCommit":true,"messageTitle":"Merge remote-tracking branch \u0027origin/master\u0027","messageBody":"","fileTypesAndContributionMap":{}},{"hash":"a45db2b9d71a158343649f35cded83f809ce395b","isMergeCommit":true,"messageTitle":"Merge branch \u0027AY2425S2-CS2103T-W12-1:master\u0027 into master","messageBody":"","fileTypesAndContributionMap":{}},{"hash":"f612229319e6baf98f8aa92a8461f6923dd9e397","isMergeCommit":true,"messageTitle":"Merge branch \u0027AY2425S2-CS2103T-W12-1:master\u0027 into master","messageBody":"","fileTypesAndContributionMap":{}}]},{"date":"2025-03-19","commitResults":[{"hash":"096044559e655164265da8b934f073b8d786a6fb","isMergeCommit":true,"messageTitle":"Merge branch \u0027master\u0027 of https://github.com/Huan-Kiat/tp","messageBody":"","fileTypesAndContributionMap":{}}]},{"date":"2025-03-24","commitResults":[{"hash":"7bd1b23a16ed87a6515bb3e9bfa72ea94af15ede","isMergeCommit":true,"messageTitle":"Merge branch \u0027AY2425S2-CS2103T-W12-1:master\u0027 into master","messageBody":"","fileTypesAndContributionMap":{}},{"hash":"976a4c288588d9127edea957c968ae20513e51fb","isMergeCommit":true,"messageTitle":"Merge branch \u0027AY2425S2-CS2103T-W12-1:master\u0027 into master","messageBody":"","fileTypesAndContributionMap":{}},{"hash":"5935d3dad69198a3196e5c34084bac20998600d2","isMergeCommit":true,"messageTitle":"Merge branch \u0027master\u0027 of https://github.com/Huan-Kiat/tp","messageBody":"","fileTypesAndContributionMap":{}},{"hash":"83d4c52a358280792f7c5fe3cc2de15e0adfb908","isMergeCommit":true,"messageTitle":"Merge branch \u0027AY2425S2-CS2103T-W12-1:master\u0027 into master","messageBody":"","fileTypesAndContributionMap":{}},{"hash":"56bd0a2f21f814bf75888917e2303645cc06ed12","isMergeCommit":true,"messageTitle":"Merge branch \u0027master\u0027 of https://github.com/Huan-Kiat/tp","messageBody":"","fileTypesAndContributionMap":{}},{"hash":"5d0904fbb96a8fa6bf3975150b103fa79faf8313","isMergeCommit":true,"messageTitle":"Merge branch \u0027master\u0027 into branch-Archive","messageBody":"","fileTypesAndContributionMap":{}}]},{"date":"2025-03-25","commitResults":[{"hash":"57dfd2f9d45405ef8572ae0bef8157f6519a23e9","isMergeCommit":false,"messageTitle":"ArchiveCommand: Add feature for users to archive tenants","messageBody":"","fileTypesAndContributionMap":{"functional-code":{"insertions":223,"deletions":45},"test-code":{"insertions":167,"deletions":0}}},{"hash":"879f89bcc4246c7617871eedc590eb6d49bec35c","isMergeCommit":false,"messageTitle":"Fix test cases","messageBody":"","fileTypesAndContributionMap":{"functional-code":{"insertions":20,"deletions":11},"other":{"insertions":11,"deletions":14},"test-code":{"insertions":28,"deletions":25}}}]},{"date":"2025-03-26","commitResults":[{"hash":"d40e61e855f9c50f80d49d690e53f05dc345ee81","isMergeCommit":true,"messageTitle":"Merge pull request #62 from Huan-Kiat/branch-Archive","messageBody":"ArchiveCommand: Add feature for users to archive tenants ","fileTypesAndContributionMap":{}},{"hash":"e23f62e8dcbe1663e801881294bee1895083781d","isMergeCommit":true,"messageTitle":"Merge branch \u0027master\u0027 of https://github.com/Huan-Kiat/tp","messageBody":"","fileTypesAndContributionMap":{}},{"hash":"a5308cd8dffcf680a6a219399c2ee6556963fcec","isMergeCommit":false,"messageTitle":"Update DeleteSequenceDiagram UML","messageBody":"","fileTypesAndContributionMap":{"docs":{"insertions":10,"deletions":10}}}]},{"date":"2025-03-27","commitResults":[{"hash":"cfac29dd331743cd1fc1127144b1aa9f68369eb5","isMergeCommit":true,"messageTitle":"Merge pull request #68 from Huan-Kiat/branch-UpdateDeleteSequenceDiagram","messageBody":"Update DeleteSequenceDiagram UML","fileTypesAndContributionMap":{}}]},{"date":"2025-03-31","commitResults":[{"hash":"ef6024de1600b25db9d9734e5708778cc697785a","isMergeCommit":true,"messageTitle":"Merge branch \u0027master\u0027 of https://github.com/Huan-Kiat/tp","messageBody":"","fileTypesAndContributionMap":{}}]},{"date":"2025-04-01","commitResults":[{"hash":"8716490bde02978865711637c1e17b851c464798","isMergeCommit":false,"messageTitle":"Implement unarchive command and archivelist toggle tab","messageBody":"","fileTypesAndContributionMap":{"functional-code":{"insertions":168,"deletions":6}}},{"hash":"458b127efdca8d3caf9ba302a309ae920e8def31","isMergeCommit":true,"messageTitle":"Merge branch \u0027master\u0027 of https://github.com/Huan-Kiat/tp","messageBody":"","fileTypesAndContributionMap":{}},{"hash":"4428ddbb3ec361182b61d6e04f4707c015ae215e","isMergeCommit":true,"messageTitle":"Merge branch \u0027master\u0027 into branch-Unarchive","messageBody":"# Conflicts:\n#\tsrc/main/java/seedu/address/logic/Messages.java\n","fileTypesAndContributionMap":{}},{"hash":"ac82fe0b11276ad0f82b5aa90c1fe17be159b8c1","isMergeCommit":false,"messageTitle":"Enhance archive feature with toggle and unarchive","messageBody":"","fileTypesAndContributionMap":{"functional-code":{"insertions":109,"deletions":32},"test-code":{"insertions":145,"deletions":2}}},{"hash":"0a54ddde35912b07e93706ccfd6a69e9e2d8296f","isMergeCommit":false,"messageTitle":"Fix newline error","messageBody":"","fileTypesAndContributionMap":{"functional-code":{"insertions":1,"deletions":1}}}]},{"date":"2025-04-02","commitResults":[{"hash":"933a920c8e8d730fb3ea5672ddca5267ae31bb2e","isMergeCommit":true,"messageTitle":"Merge branch \u0027AY2425S2-CS2103T-W12-1:master\u0027 into master","messageBody":"","fileTypesAndContributionMap":{}},{"hash":"5f848c46e3ee8299cd5860577fc01827169b1b39","isMergeCommit":true,"messageTitle":"Merge branch \u0027master\u0027 of https://github.com/Huan-Kiat/tp","messageBody":"","fileTypesAndContributionMap":{}}]},{"date":"2025-04-03","commitResults":[{"hash":"f379638c9f3ecd9130321b89d0ee483cb11e79a8","isMergeCommit":false,"messageTitle":"Resolve merge conflict","messageBody":"","fileTypesAndContributionMap":{"functional-code":{"insertions":233,"deletions":23},"test-code":{"insertions":150,"deletions":9}}},{"hash":"40bea04a2e88e99e4d830b85737db25919f13be7","isMergeCommit":false,"messageTitle":"Fix checkstyle","messageBody":"","fileTypesAndContributionMap":{"functional-code":{"insertions":1,"deletions":1}}},{"hash":"f05d21405a2cb15c48a45b3ae77ccce29791eb4c","isMergeCommit":true,"messageTitle":"Merge branch \u0027master\u0027 into branch-Unarchive","messageBody":"","fileTypesAndContributionMap":{}},{"hash":"5e8c191b27ce5968a0cbe505912ddf3e6ee96dd2","isMergeCommit":true,"messageTitle":"Merge pull request #104 from Huan-Kiat/branch-Unarchive","messageBody":"Archive feature enhancement","fileTypesAndContributionMap":{}},{"hash":"46b14bf6c2b894b3f24f23a724e3358a2916631d","isMergeCommit":true,"messageTitle":"Merge branch \u0027AY2425S2-CS2103T-W12-1:master\u0027 into master","messageBody":"","fileTypesAndContributionMap":{}},{"hash":"26a6e3b9450e727a0f480e656628d8cbd7a29ff3","isMergeCommit":true,"messageTitle":"Merge branch \u0027master\u0027 of https://github.com/Huan-Kiat/tp","messageBody":"","fileTypesAndContributionMap":{}},{"hash":"620547706ef296c6ee673600315547c037d9eafc","isMergeCommit":true,"messageTitle":"Merge branch \u0027AY2425S2-CS2103T-W12-1:master\u0027 into master","messageBody":"","fileTypesAndContributionMap":{}},{"hash":"3089a00ba989feba8726e17c7c888065bee961fb","isMergeCommit":true,"messageTitle":"Merge branch \u0027master\u0027 of https://github.com/Huan-Kiat/tp","messageBody":"","fileTypesAndContributionMap":{}},{"hash":"5d0d6e12fe91b09e4a42417f400683b6821258d6","isMergeCommit":true,"messageTitle":"Merge pull request #114 from leeyenshen/add-bug","messageBody":"Add bug with email","fileTypesAndContributionMap":{}},{"hash":"6f54a44d1ddf5ce73f3221746280d957f65fb17e","isMergeCommit":true,"messageTitle":"Merge pull request #115 from leeyenshen/edit-bug","messageBody":"Show available fields when none are specified","fileTypesAndContributionMap":{}},{"hash":"c20a9464e0c76cfdcfb5445eda728ce4028e6347","isMergeCommit":true,"messageTitle":"Merge branch \u0027AY2425S2-CS2103T-W12-1:master\u0027 into master","messageBody":"","fileTypesAndContributionMap":{}},{"hash":"af48d0e238e0aaa290333659351cee8b6229d019","isMergeCommit":true,"messageTitle":"Merge branch \u0027master\u0027 of https://github.com/Huan-Kiat/tp","messageBody":"","fileTypesAndContributionMap":{}},{"hash":"5293b5fa0d9119a415b48575b52eb9fdb1668f23","isMergeCommit":false,"messageTitle":"Add unarchive and togglearchive commands into UserGuide","messageBody":"","fileTypesAndContributionMap":{"docs":{"insertions":32,"deletions":0}}},{"hash":"228c97e307ed5b00059bc796c0de6f180210de09","isMergeCommit":true,"messageTitle":"Merge pull request #121 from namitdeb739/master","messageBody":"Update the developer guide to represent changes made to tenant track","fileTypesAndContributionMap":{}},{"hash":"8c3d211978b6dd00de10d67664a55bde16fde0a3","isMergeCommit":true,"messageTitle":"Merge pull request #122 from namitdeb739/master","messageBody":"Fix diagrams","tags":["v1.5"],"fileTypesAndContributionMap":{}}]},{"date":"2025-04-06","commitResults":[{"hash":"21899f9adc70fe5a9692cda559311dfac42dfe9f","isMergeCommit":true,"messageTitle":"Merge branch \u0027master\u0027 of https://github.com/Huan-Kiat/tp","messageBody":"","fileTypesAndContributionMap":{}},{"hash":"6fc75deb974cd1e2a48d4264eebf83934b9f3024","isMergeCommit":true,"messageTitle":"Merge branch \u0027master\u0027 into branch-UGBugFix","messageBody":"","fileTypesAndContributionMap":{}},{"hash":"7f1144c42eb7e24ae82b99942c3a97ab27787134","isMergeCommit":false,"messageTitle":"Update UserGuide to clarify archive command functionalities","messageBody":"","fileTypesAndContributionMap":{"docs":{"insertions":9,"deletions":2}}},{"hash":"e7b9e024d4f3d39a6d577a9f6fe5a3c413e90abe","isMergeCommit":false,"messageTitle":"Update commands with active/archive description for clarity","messageBody":"","fileTypesAndContributionMap":{"docs":{"insertions":11,"deletions":10}}}]},{"date":"2025-04-07","commitResults":[{"hash":"c0315e423f2823d9dbd855ca82e096931da8453f","isMergeCommit":true,"messageTitle":"Merge branch \u0027master\u0027 into branch-UGBugFix","messageBody":"","fileTypesAndContributionMap":{}},{"hash":"4c70840e9677e15fd43322aa7da8994ba61cfb57","isMergeCommit":true,"messageTitle":"Merge pull request #168 from Huan-Kiat/branch-UGBugFix","messageBody":"Update UserGuide with Archive feature inconsistencies ","fileTypesAndContributionMap":{}}]}],"leeyenshen":[{"date":"2025-03-06","commitResults":[{"hash":"8b938ca1ae400b9a2f22983bce44e8e7f0a95d86","isMergeCommit":false,"messageTitle":"add about us page for Yen Shen","messageBody":"","fileTypesAndContributionMap":{"docs":{"insertions":12,"deletions":12}}}]},{"date":"2025-03-10","commitResults":[{"hash":"1a8e0db2116297710cacebb3fff67b6f4e976c2c","isMergeCommit":false,"messageTitle":"update AboutUs.md to resolve conflicts","messageBody":"","fileTypesAndContributionMap":{"docs":{"insertions":28,"deletions":18}}},{"hash":"96fc428a9e1dd00937e19b55e417eb3c799f9da0","isMergeCommit":true,"messageTitle":"Merge branch \u0027master\u0027 into about-us","messageBody":"","fileTypesAndContributionMap":{}},{"hash":"390f06312b52006d44057931414705a2e744c83d","isMergeCommit":true,"messageTitle":"Merge pull request #24 from leeyenshen/about-us","messageBody":"Update About Us Page(Yen Shen)","fileTypesAndContributionMap":{}},{"hash":"687c10096f0ffa026cbfc71db4063896bdbbcfa6","isMergeCommit":true,"messageTitle":"Merge branch \u0027about-us\u0027","messageBody":"* about-us:\n  update AboutUs.md to resolve conflicts\n  add ui mockup to docs/images with name of Ui.png\n  Update about us for Huan Kiat\n  add about us page for Yen Shen\n  Add Huan Kiat\u0027s photo\n  Add Yen Shen\u0027s photo\n  Add user stories, NFRs, and use cases to DG\n  Update about us and portfolio page\n  Add about us page\n  Add about us page\n  Update the AboutUs page\n","fileTypesAndContributionMap":{}}]},{"date":"2025-03-11","commitResults":[{"hash":"a34b2d40b7372fd0c9572263431c31aad630f71d","isMergeCommit":false,"messageTitle":"update README.md and AboutUs.md","messageBody":"fixes the trailing whitespaces\n","fileTypesAndContributionMap":{"docs":{"insertions":4,"deletions":4}}},{"hash":"33b0941b4ec4edaf0d0fa533a6358964415c38ec","isMergeCommit":true,"messageTitle":"Merge pull request #28 from leeyenshen/master","messageBody":"Update aboutUS","fileTypesAndContributionMap":{}}]},{"date":"2025-03-12","commitResults":[{"hash":"35390eb86596242ff84231fe5abd588ffe608b6f","isMergeCommit":false,"messageTitle":"rename PersonListCard and update add command","messageBody":"PersonListCard.fxml refers to tenants but is still named as a \"Person\"\nlist, which is inconsistent with the domain model. Additionally,\nAddCommand.java and AddCommandParser.java contain logic that needs\nrefinement to better align with tenant management.\n\nThis inconsistency can lead to confusion when modifying UI elements\nor implementing new features related to tenants.\n\nRename PersonListCard.fxml to TenantListCard.fxml to match the updated\ndomain model. Update AddCommand.java and AddCommandParser.java to\nimprove clarity and ensure proper handling of tenant-related additions.\n\nRenaming improves code readability and maintainability, reducing\npotential misinterpretations when working with tenant-related UI\ncomponents.\n","fileTypesAndContributionMap":{"functional-code":{"insertions":25,"deletions":14},"other":{"insertions":0,"deletions":0}}},{"hash":"6cfb0622a0fe125464a412a2074d246b7288ebbb","isMergeCommit":false,"messageTitle":"Convert PersonListCard.fxml to TenantListCard.fxml","messageBody":"PersonListCard.fxml is currently named and structured for general\npersons, but the application is meant to manage tenants specifically.\nThe labels used are not entirely appropriate for tenant-related\ninformation.\n\nThis inconsistency can create confusion when handling UI elements\nfor tenants, making it harder to manage and extend the interface.\n\nRename PersonListCard.fxml to TenantListCard.fxml and update the\nFXML structure to display only relevant tenant details, such as\ntenant ID, name, and address. Remove unused fields such as phone,\nemail, and tags to streamline the interface.\n\nThis improves UI clarity and ensures that the displayed fields are\nrelevant to tenant management, making it easier for future\nmodifications and maintenance.\n","fileTypesAndContributionMap":{"functional-code":{"insertions":3,"deletions":3}}},{"hash":"a98d33a093b1b84d3e3bd2099b42909bff048b84","isMergeCommit":false,"messageTitle":"fix checkstyle errors","messageBody":"","fileTypesAndContributionMap":{"functional-code":{"insertions":191,"deletions":154},"test-code":{"insertions":31,"deletions":16}}},{"hash":"77c9b2034e46196d5ab4f54664e22fb9c28e63b9","isMergeCommit":true,"messageTitle":"Merge pull request #32 from leeyenshen/add-tenant","messageBody":"Rename PersonListCard.fxml to TenantListCard.fxml\n\nPersonListCard.fxml is still named and structured for general persons, \nwhereas the application is focused on managing tenants. Additionally, \nthere are multiple checkstyle violations in the codebase, and remnants \nof old AB3 code that are no longer relevant.\n\nHaving outdated naming conventions and checkstyle violations reduces \ncode readability and maintainability. Leaving old AB3 code uncommented \nmay also cause confusion during future development.\n\nRename PersonListCard.fxml to TenantListCard.fxml to align with tenant \nmanagement. Fix checkstyle errors to maintain code quality and enforce \ncoding standards. Comment out sections of old AB3 code to prevent \nunnecessary execution while keeping them for reference.\n\nThis improves project clarity, ensures better adherence to coding \nstandards, and streamlines the transition from AB3 to the new system.","fileTypesAndContributionMap":{}}]},{"date":"2025-03-13","commitResults":[{"hash":"75955bf67d455ba9d108fb4733921d40be228bd1","isMergeCommit":true,"messageTitle":"Merge branch \u0027master\u0027 into add-tenant","messageBody":"* master:\n  Fix Checkstyle Errors\n","fileTypesAndContributionMap":{}},{"hash":"913eac96894fa45b45ccb2a0efa68f67dca0c12b","isMergeCommit":false,"messageTitle":"fix Testcases","messageBody":"","fileTypesAndContributionMap":{"test-code":{"insertions":210,"deletions":194}}}]},{"date":"2025-03-18","commitResults":[{"hash":"9ca5bf5a2b5b69be3a24d92f5de37fcc56e922f4","isMergeCommit":true,"messageTitle":"Merge pull request #42 from Huan-Kiat/branch-Refactor","messageBody":"Refactor AddressBook to TenantTracker","fileTypesAndContributionMap":{}},{"hash":"dd30cf80e4211530e3319fa744e58fc77e9bd4ac","isMergeCommit":false,"messageTitle":"refactor getSampleTenants to update address format","messageBody":"Previously, tenant addresses did not include postal codes,\nwhich may lead to inconsistencies when processing\naddress-based operations. The format was\nupdated to append a six-digit postal code to each address.\n\nThis change ensures a standardised address format,\nimproving data integrity and consistency\nwhen handling tenant information.\n","fileTypesAndContributionMap":{"functional-code":{"insertions":41,"deletions":47}}},{"hash":"c77fdcb37fe91f7abef2d9bcc63b10e788ea58a2","isMergeCommit":true,"messageTitle":"Merge pull request #44 from leeyenshen/fix-init","messageBody":"refactor getSampleTenants to update address format","fileTypesAndContributionMap":{}}]},{"date":"2025-03-24","commitResults":[{"hash":"7de06c841562cce03e50d9edb7087f0e84c6efec","isMergeCommit":true,"messageTitle":"Merge pull request #53 from namitdeb739/find-and-fields","messageBody":"Fix Find command and ensure that all tenant fields work as intended","fileTypesAndContributionMap":{}}]},{"date":"2025-03-25","commitResults":[{"hash":"1cd706837404fa48ee0cd533629b4262fa6f4cb3","isMergeCommit":true,"messageTitle":"Merge branch \u0027master\u0027 of https://github.com/leeyenshen/tp","messageBody":"","fileTypesAndContributionMap":{}},{"hash":"30474eac39854ee44b31a6fd43b5578686f2dfe3","isMergeCommit":false,"messageTitle":"Implement and fix field parsing tests","messageBody":"Some test cases in `ParserTest` were incomplete or missing. The\n`parse_allFieldsSpecified_success` test was marked with a TODO\nand was not implemented. Additionally, the\n`parse_someFieldsSpecified_success` test required verification\nof expected behaviour for partial input fields.\n\nImplementing `parse_allFieldsSpecified_success` ensures that\nparsing correctly handles all possible fields in an edit command.\nFixing `parse_someFieldsSpecified_success` improves coverage\nfor cases where only some fields are provided.\n\nLet\u0027s:\n- Implement `parse_allFieldsSpecified_success` to validate full\n  input parsing.\n- Ensure `parse_someFieldsSpecified_success` correctly handles\n  partial input.\n- Verify that expected `EditCommand` objects are created for both\n  cases.\n","fileTypesAndContributionMap":{"functional-code":{"insertions":26,"deletions":23},"test-code":{"insertions":25,"deletions":23}}},{"hash":"abf349a6312f3c25ef9dd64dc149c9120172f061","isMergeCommit":false,"messageTitle":"Fix missing fields in edit descriptor generation","messageBody":"The `getEditPersonDescriptorDetails()` method was\nincorrectly formatting the edit command string. It only\nincluded `familyName` without `givenName`,\nwhich caused parsing errors. Additionally,\nit used `.get()` on an `Optional` without ensuring the\nvalue was present, leading to `NoSuchElementException`.\n\nFix this by:\n- Including both `givenName` and `familyName`\nwhen formatting names.\n- Using `orElse(Collections.emptySet())` to\nhandle missing tags safely.\n- Trimming trailing spaces to ensure a\nwell-formed command string.\n\nThis ensures that `EditCommandParser.parse()`\ncorrectly receives all necessary fields,\npreventing unexpected failures.\n","fileTypesAndContributionMap":{"functional-code":{"insertions":1,"deletions":0},"test-code":{"insertions":23,"deletions":13}}},{"hash":"3dee271aa1b859700a2b79ee57a19ee2cda3eefe","isMergeCommit":false,"messageTitle":"Add assertions to EditCommand for validation","messageBody":"The EditCommand class currently lacks assertions to verify the\nvalidity of its input parameters and method logic. This could lead\nto potential issues such as null references or unintended behaviours.\n\nAdding assertions in key locations ensures:\n- The EditTenantDescriptor modifies at least one field.\n\nThese assertions help catch logical errors early and improve code\nreliability.\n","fileTypesAndContributionMap":{"functional-code":{"insertions":6,"deletions":0}}},{"hash":"553ab182ca31b19ab7c4dfd0983a4afc083501ee","isMergeCommit":false,"messageTitle":"Update naming to TenantTrack in undo/redo state diagrams","messageBody":"The undo/redo state UML diagrams (`UndoRedoState0.puml` to\n`UndoRedoState5.puml`) contained incorrect naming references.\nSome instances of the project name were outdated and inconsistent.\n\nUpdating these files ensures consistency across documentation\nand aligns with the correct project name, `TenantTrack`.\n\nLet\u0027s:\n- Rename all occurrences of the incorrect project name in\n  `UndoRedoState0.puml` to `UndoRedoState5.puml`.\n- Ensure uniformity across the state diagrams.\n","fileTypesAndContributionMap":{"docs":{"insertions":18,"deletions":18}}}]},{"date":"2025-03-27","commitResults":[{"hash":"11f6f7ee531a7d68e010aa753c633f5134b33232","isMergeCommit":true,"messageTitle":"Merge pull request #60 from leeyenshen/edit-tenant","messageBody":"Edit tenant","fileTypesAndContributionMap":{}},{"hash":"186627d3e5439cf26588355c04e3f0fa60b55fd4","isMergeCommit":true,"messageTitle":"Merge pull request #66 from leeyenshen/UML-diagram","messageBody":"Update naming in undo/redo state diagrams","fileTypesAndContributionMap":{}},{"hash":"8846890139e02d7f02fcd68d6292922527632129","isMergeCommit":true,"messageTitle":"Merge branch \u0027master\u0027 of https://github.com/leeyenshen/tp","messageBody":"* \u0027master\u0027 of https://github.com/leeyenshen/tp:\n  Update naming to TenantTrack in undo/redo state diagrams\n  Fix test cases\n  Add assertions to EditCommand for validation\n  docs: update Better model class Diagram\n  Fix missing fields in edit descriptor generation\n  docs: update Architecture Sequence Diagram\n  Implement and fix field parsing tests\n  ArchiveCommand: Add feature for users to archive tenants\n","fileTypesAndContributionMap":{}},{"hash":"87b6a8207069059737e47bca2ea5ef4b37f365d3","isMergeCommit":false,"messageTitle":"Add feature to open tenant address in Google Maps","messageBody":"Previously, users had no direct way to locate a tenant\u0027s address in a\nmap view. This reduced usability, as users had to manually copy the\naddress and open Google Maps themselves.\n\nThis commit introduces a `map` command that opens Google Maps in the\nbrowser with the tenant\u0027s address.\n\nLet\u0027s:\n- Implement `MapCommand` to execute the feature\n- Add `MapCommandParser` to parse user input\n- Integrate the command into `TenantTrackerParser`\n- Add `MapCommandTest` to verify correct behaviour\n\nThis improves the user experience by enabling quick access to location\ninformation directly from the CLI.\n","fileTypesAndContributionMap":{"functional-code":{"insertions":203,"deletions":0},"test-code":{"insertions":102,"deletions":0}}},{"hash":"ee9b0e80a9194d277f57dd81534d786750f6683e","isMergeCommit":false,"messageTitle":"Fix checkstyle error","messageBody":"","fileTypesAndContributionMap":{"functional-code":{"insertions":6,"deletions":6}}},{"hash":"7b22e4f20107fe7f040f6d3956d394938ec1db79","isMergeCommit":false,"messageTitle":"Update HelpWindow to show all commands with examples","messageBody":"The HelpWindow previously provided limited information, making it hard\nfor users to discover all available commands and how to use them.\n\nLet\u0027s update `HelpWindow.java` and `HelpWindow.fxml` to display the full\nlist of supported commands, along with their parameters and usage\nexamples.\n\nThis improves accessibility for new users and reduces reliance on\nexternal documentation.\n","fileTypesAndContributionMap":{"functional-code":{"insertions":274,"deletions":36}}},{"hash":"6d1c84b3edbaf0daec78ca4c8863f4f379b6bb24","isMergeCommit":false,"messageTitle":"Add assertions for tenant address and map URI","messageBody":"The `map` command assumes that the tenant\u0027s address is always present\nand that the resulting encoded URI is valid. However, this assumption\nwas not enforced, which could lead to unexpected behaviour or crashes if\ninvariants were violated.\n\nLet\u0027s add assertions to verify:\n- The tenant\u0027s address is not null\n- The encoded address is not null\n- The final URI starts with the expected Google Maps base URL\n\nThese assertions serve as internal sanity checks to catch violations\nearly during development and improve code robustness.\n","fileTypesAndContributionMap":{"functional-code":{"insertions":3,"deletions":0}}},{"hash":"70431c74ece5f6a5932930f07e091d309d06db93","isMergeCommit":true,"messageTitle":"Merge pull request #72 from leeyenshen/help-window","messageBody":"Help window","fileTypesAndContributionMap":{}},{"hash":"3ba77b2c5207d7f528c93f33549d3661749d4a95","isMergeCommit":true,"messageTitle":"Merge pull request #70 from leeyenshen/map-command","messageBody":"Map command","fileTypesAndContributionMap":{}}]},{"date":"2025-03-31","commitResults":[{"hash":"a7585731951ded825ee2f65e398a6a4fd446890b","isMergeCommit":true,"messageTitle":"Merge pull request #89 from blobfish465/UG-typo-add-tenant","messageBody":"User Guide: Fix invalid postal code in example command  ","fileTypesAndContributionMap":{}},{"hash":"2c5f3d71e8a9ad602bf44a661cd0092047f37484","isMergeCommit":true,"messageTitle":"Merge branch \u0027master\u0027 into help-window","messageBody":"* master:\n  Ensure filter searching matches prefix\n  UserGuide: clarify argument order requirements\n  Tweak minor elements of UI and fix find command\n  User Guide: Fix invalid postal code in example command\n  User Guide: Add filter example image\n  Display previous input when entering commands in the message box\n  Update _config.yml\n  Update UserGuide\n  UML diagrams: Refactor names and update images\n  Add assertions for tenant address and map URI\n  Fix checkstyle error\n  Add feature to open tenant address in Google Maps\n  Update DeleteSequenceDiagram UML\n  Update StorageClassDiagram to represent TenantTracker\n  Remove bin/ directory from Git tracking and update .gitignore\n","fileTypesAndContributionMap":{}},{"hash":"acbc3ea0df4e6765dbdb31d6de22a9ad1ccd874b","isMergeCommit":false,"messageTitle":"Fixes formatting errors for help window","messageBody":"","fileTypesAndContributionMap":{"functional-code":{"insertions":109,"deletions":128}}},{"hash":"3c2e6baaeec0d52aeaba8d2c50a5e04a27961a45","isMergeCommit":false,"messageTitle":"Fixes checkstyle errors","messageBody":"","fileTypesAndContributionMap":{"functional-code":{"insertions":40,"deletions":40}}},{"hash":"512ece0761e6cbce4f3c9499ef40a6c427c778d7","isMergeCommit":false,"messageTitle":"Fix final checkstyle errors","messageBody":"","fileTypesAndContributionMap":{"functional-code":{"insertions":4,"deletions":2}}},{"hash":"13222d72756d62279284c0802fb6ec43f222f0cf","isMergeCommit":false,"messageTitle":"add floating sidebar to UG","messageBody":"","fileTypesAndContributionMap":{"other":{"insertions":42,"deletions":11},"docs":{"insertions":76,"deletions":51}}},{"hash":"f90aef591d3d0f506d7692d4632fa9ad3862d671","isMergeCommit":false,"messageTitle":"fix missing dependencies in UG","messageBody":"","fileTypesAndContributionMap":{"other":{"insertions":11,"deletions":42},"docs":{"insertions":6,"deletions":6}}},{"hash":"368ebffffb2c5376b8a66fb8f8c5b37350cdbdf9","isMergeCommit":true,"messageTitle":"Merge pull request #100 from namitdeb739/master","messageBody":"Edit user guide","fileTypesAndContributionMap":{}}]},{"date":"2025-04-03","commitResults":[{"hash":"107e2f1bd2997694a9c7d2b6d9a1cb4dc3b13c1f","isMergeCommit":false,"messageTitle":"fix validation to accept common domain endings","messageBody":"The previous email validation logic only accepted addresses\nending with `.com`, incorrectly rejecting valid addresses\nsuch as those ending in `.org`, `.edu`, or `.net`.\n\nLet\u0027s update the validation pattern to accept a broader range of\nstandard domain endings while still rejecting malformed addresses.\n\nThis fix improves flexibility and ensures valid email formats are\naccepted across various organisations and domains.\n","fileTypesAndContributionMap":{"functional-code":{"insertions":8,"deletions":16}}},{"hash":"927ce9088428ad12f8179cee588b0d008f78a678","isMergeCommit":false,"messageTitle":"fix validation to accept common domain endings","messageBody":"The previous email validation logic only accepted addresses\nending with `.com`, incorrectly rejecting valid addresses\nsuch as those ending in `.org`, `.edu`, or `.net`.\n\nLet\u0027s update the validation pattern to accept a broader range of\nstandard domain endings while still rejecting malformed addresses.\n\nThis fix improves flexibility and ensures valid email formats are\naccepted across various organisations and domains.\n","fileTypesAndContributionMap":{"functional-code":{"insertions":10,"deletions":3},"test-code":{"insertions":16,"deletions":14}}},{"hash":"7f5f572ddc88a8b77896b8d0b019e007398ab27c","isMergeCommit":false,"messageTitle":"Show available fields when none are specified","messageBody":"Previously, when a user entered an edit command with no fields\n(e.g., `edit 1`), the app returned a generic error message without\nguiding the user on what fields can be edited.\n\nThis was unhelpful, especially for new users unfamiliar with the\ncommand format.\n\nLet\u0027s update the error message to list the editable fields and\nprovide an example usage to improve clarity.\n\nThis enhances user guidance and reduces confusion during\ncommand usage.\n","fileTypesAndContributionMap":{"functional-code":{"insertions":2,"deletions":1}}},{"hash":"d005b0f8379445e1113bb6ae7600748f389c0f96","isMergeCommit":true,"messageTitle":"Merge pull request #105 from blobfish465/UG-paid-command-update","messageBody":"Unpaid Command feature, Update Tests and Revise UG","fileTypesAndContributionMap":{}},{"hash":"6861efdbd81ea26c34c0121073ef1a15dd36576b","isMergeCommit":false,"messageTitle":"updates DG","messageBody":"","fileTypesAndContributionMap":{"docs":{"insertions":218,"deletions":121}}}]},{"date":"2025-04-05","commitResults":[{"hash":"5a09000e38069d51a12c6d19ed615ab1ad8eb59a","isMergeCommit":false,"messageTitle":"Update UG to address edit command bugs","messageBody":"","fileTypesAndContributionMap":{"docs":{"insertions":18,"deletions":17}}},{"hash":"7d14a30a0546118066fbd09f62995d225e9fdc1a","isMergeCommit":false,"messageTitle":"Clarifies the usage of Map command","messageBody":"","fileTypesAndContributionMap":{"docs":{"insertions":2,"deletions":0}}},{"hash":"085046e43637bb9dce3591bb42ca03de046c3d94","isMergeCommit":false,"messageTitle":"Fixes sizing issues for helpWindow","messageBody":"","fileTypesAndContributionMap":{"functional-code":{"insertions":2,"deletions":2}}}]}],"namitdeb739":[{"date":"2025-03-04","commitResults":[{"hash":"12284153fb0329d902c68b86b703993d9cda22b1","isMergeCommit":false,"messageTitle":"Update the AboutUs page","messageBody":"","fileTypesAndContributionMap":{"docs":{"insertions":50,"deletions":6}}},{"hash":"030a3495554e96723e740c75a7efbe825564f509","isMergeCommit":false,"messageTitle":"Update README","messageBody":"","fileTypesAndContributionMap":{"other":{"insertions":2,"deletions":2},"docs":{"insertions":2,"deletions":0}}},{"hash":"6177ea31fbaff3fa4374ec58091ecf45b69e3f77","isMergeCommit":true,"messageTitle":"Merge branch \u0027master\u0027 into update-readme","messageBody":"","fileTypesAndContributionMap":{}},{"hash":"23909b8b3ae30711f5c54377b9281706149ec4e0","isMergeCommit":true,"messageTitle":"Merge pull request #11 from namitdeb739/update-readme","messageBody":"Update README","fileTypesAndContributionMap":{}},{"hash":"8a1a848ea2655f5efed5c8fb0d30f4e03f45d2ce","isMergeCommit":false,"messageTitle":"Add user stories, NFRs, and use cases to DG","messageBody":"","fileTypesAndContributionMap":{"docs":{"insertions":174,"deletions":40}}}]},{"date":"2025-03-09","commitResults":[{"hash":"9ac07c595f43e0842fbf7ab3e9505116cac7d228","isMergeCommit":true,"messageTitle":"Merge pull request #7 from namitdeb739/about-us","messageBody":"Update the AboutUs page","fileTypesAndContributionMap":{}},{"hash":"834fa5ebbe2b78498cdbd751313ccb94054df09f","isMergeCommit":true,"messageTitle":"Merge pull request #14 from namitdeb739/update-developer-guide","messageBody":"Add user stories, NFRs, and use cases to DG","fileTypesAndContributionMap":{}},{"hash":"baa3a31053ac8606f68f3fedaa7362b2c5526527","isMergeCommit":true,"messageTitle":"Merge pull request #23 from leeyenshen/ui-mockup","messageBody":"Add UI mockup of TenantTrack","fileTypesAndContributionMap":{}}]},{"date":"2025-03-11","commitResults":[{"hash":"97be54a0e251a59a334333834b2f021a7ed37877","isMergeCommit":false,"messageTitle":"Change Person class to Tenant class with only fields required for MVP","messageBody":"","fileTypesAndContributionMap":{"functional-code":{"insertions":636,"deletions":619},"other":{"insertions":70,"deletions":72},"test-code":{"insertions":1279,"deletions":1180}}},{"hash":"1a52b5969262e3aa22639416176284835d8474e3","isMergeCommit":false,"messageTitle":"Checkstyle fix","messageBody":"","fileTypesAndContributionMap":{"functional-code":{"insertions":13,"deletions":13}}}]},{"date":"2025-03-12","commitResults":[{"hash":"0caf161b063366d2eeeb841ccebf62be3cb8055d","isMergeCommit":false,"messageTitle":"test","messageBody":"","fileTypesAndContributionMap":{"functional-code":{"insertions":40,"deletions":39},"test-code":{"insertions":232,"deletions":237}}}]},{"date":"2025-03-17","commitResults":[{"hash":"fdf7b7cb420111ee78f5ee1a8a9b6268d775bdbb","isMergeCommit":false,"messageTitle":"Rename some variables and fix name validation to allow any non-pure-whitespace name","messageBody":"","fileTypesAndContributionMap":{"functional-code":{"insertions":226,"deletions":253},"other":{"insertions":57,"deletions":57},"test-code":{"insertions":221,"deletions":234}}},{"hash":"21554f1e17166f6577f9cc834f141d7c5fd7a8da","isMergeCommit":false,"messageTitle":"Automatically capitalise names appropriately","messageBody":"","fileTypesAndContributionMap":{"functional-code":{"insertions":25,"deletions":8},"test-code":{"insertions":74,"deletions":75}}},{"hash":"ccc6aee4bba207af343390ef7375d64ce1fc37a8","isMergeCommit":false,"messageTitle":"Split name into given and family name","messageBody":"","fileTypesAndContributionMap":{"functional-code":{"insertions":203,"deletions":163},"other":{"insertions":570,"deletions":1},"test-code":{"insertions":776,"deletions":846}}},{"hash":"c5a45063e21c725aa02e4fd746b07a4ffa6b2870","isMergeCommit":false,"messageTitle":"Ensure addresses must contain 6-digit postcode","messageBody":"","fileTypesAndContributionMap":{"functional-code":{"insertions":15,"deletions":26}}},{"hash":"4bfae1966adecfb7f6e8f6bdebbc44a13b6ce9d7","isMergeCommit":false,"messageTitle":"Fix broken tests and ensure add command functions as intended","messageBody":"","fileTypesAndContributionMap":{"functional-code":{"insertions":112,"deletions":123},"other":{"insertions":96,"deletions":103},"docs":{"insertions":1,"deletions":1},"test-code":{"insertions":213,"deletions":205}}},{"hash":"aed02c77206c2cbd04bc210f8a81e1603687de5f","isMergeCommit":true,"messageTitle":"Merge remote-tracking branch \u0027upstream/master\u0027 into add-tenant","messageBody":"","fileTypesAndContributionMap":{}},{"hash":"a6c857d7839676831c6df8a4d2886787e01c45c0","isMergeCommit":false,"messageTitle":"Fix broken CICD issues","messageBody":"","fileTypesAndContributionMap":{"functional-code":{"insertions":3,"deletions":4},"test-code":{"insertions":31,"deletions":70}}}]},{"date":"2025-03-18","commitResults":[{"hash":"a2e4cff7ccd730f2846d854f99b724a82f91335e","isMergeCommit":true,"messageTitle":"Merge pull request #47 from blobfish465/delete-tenant-2","messageBody":"Refactor personlistpanel to tenantlistpanel","fileTypesAndContributionMap":{}}]},{"date":"2025-03-23","commitResults":[{"hash":"950168e0e3781d28d484e0847c521cecb3f41748","isMergeCommit":true,"messageTitle":"Merge pull request #50 from blobfish465/filter-by-address","messageBody":"FilterCommand: Add address-based filtering feature","fileTypesAndContributionMap":{}},{"hash":"2ee551b42255e0f97f402e0c0658675212e4147b","isMergeCommit":false,"messageTitle":"Merge with upstream","messageBody":"","fileTypesAndContributionMap":{"other":{"insertions":582,"deletions":0}}}]},{"date":"2025-03-24","commitResults":[{"hash":"cc89cda3dbdefacf290c831d60b148f20cd71144","isMergeCommit":false,"messageTitle":"Re-add previously removed fields of phone, email, and tags","messageBody":"","fileTypesAndContributionMap":{"functional-code":{"insertions":232,"deletions":239},"other":{"insertions":2,"deletions":2},"test-code":{"insertions":400,"deletions":389}}},{"hash":"3c89b7dc87cdc245ea0cf885a08688a5bff7c600","isMergeCommit":false,"messageTitle":"Attempt fixing logic manager test","messageBody":"","fileTypesAndContributionMap":{"other":{"insertions":535,"deletions":267},"test-code":{"insertions":4,"deletions":4}}},{"hash":"9bae1f82858d89a3be0f5b6650df1b8bb2ecddd7","isMergeCommit":false,"messageTitle":"Fix broken tests and storage to ensure that app runs smoothly","messageBody":"","fileTypesAndContributionMap":{"functional-code":{"insertions":26,"deletions":21},"other":{"insertions":11,"deletions":11},"test-code":{"insertions":60,"deletions":57}}},{"hash":"fece4b4d5e1a93cc840433c60f38662edbae1fc4","isMergeCommit":false,"messageTitle":"Merge with upstream","messageBody":"","fileTypesAndContributionMap":{"functional-code":{"insertions":1,"deletions":1},"other":{"insertions":1,"deletions":1},"docs":{"insertions":145,"deletions":82}}},{"hash":"b34386dbf92fe98835a0bded68df2c6858be336c","isMergeCommit":false,"messageTitle":"Fix filter command to allow special characters after the keyword","messageBody":"","fileTypesAndContributionMap":{"functional-code":{"insertions":2,"deletions":2}}}]},{"date":"2025-03-25","commitResults":[{"hash":"a484e864d85931b608949647c0876e4bea1d73d7","isMergeCommit":false,"messageTitle":"Remove bin/ directory from Git tracking and update .gitignore","messageBody":"","fileTypesAndContributionMap":{"other":{"insertions":0,"deletions":582}}},{"hash":"c99a99eaf68767189fb2bcfba66ff06c8959ffe1","isMergeCommit":false,"messageTitle":"Update StorageClassDiagram to represent TenantTracker","messageBody":"","fileTypesAndContributionMap":{"docs":{"insertions":9,"deletions":9}}}]},{"date":"2025-03-27","commitResults":[{"hash":"20c05cada7bc9a4c5c05d22de8d73cd11604498c","isMergeCommit":true,"messageTitle":"Merge pull request #73 from blobfish465/update-diagram-images","messageBody":"UML diagrams: Refactor names and update images","tags":["v1.4"],"fileTypesAndContributionMap":{}}]},{"date":"2025-03-29","commitResults":[{"hash":"be2900570d9a43355fdf802daa4efd1ab977717f","isMergeCommit":false,"messageTitle":"Update UserGuide","messageBody":"","fileTypesAndContributionMap":{"functional-code":{"insertions":2,"deletions":2},"other":{"insertions":1,"deletions":1},"docs":{"insertions":156,"deletions":99}}},{"hash":"d7668daa38f03f12fdcf23b8dfc6823547493971","isMergeCommit":true,"messageTitle":"Merge pull request #74 from namitdeb739/master","messageBody":"Update UserGuide","fileTypesAndContributionMap":{}},{"hash":"0a215e2d161e2d33c1be4c385ad150250e0560b7","isMergeCommit":false,"messageTitle":"Update _config.yml","messageBody":"","fileTypesAndContributionMap":{"other":{"insertions":1,"deletions":1}}}]},{"date":"2025-03-31","commitResults":[{"hash":"db64185aa5872381c86f3a9b7ca321315785af51","isMergeCommit":false,"messageTitle":"Display previous input when entering commands in the message box","messageBody":"","fileTypesAndContributionMap":{"functional-code":{"insertions":88,"deletions":62},"test-code":{"insertions":2,"deletions":2}}},{"hash":"a7a24f79f38c3bd6a5276331db8676df688ad8c2","isMergeCommit":false,"messageTitle":"Tweak minor elements of UI and fix find command","messageBody":"","fileTypesAndContributionMap":{"functional-code":{"insertions":87,"deletions":52},"test-code":{"insertions":6,"deletions":6}}},{"hash":"fb5bca3e08fb55c5b2190c4ed23b6ad2730d4ee1","isMergeCommit":false,"messageTitle":"Ensure filter searching matches prefix","messageBody":"","fileTypesAndContributionMap":{"functional-code":{"insertions":5,"deletions":2}}},{"hash":"aa88dd16186baf67209f63db733a9f637fd1fe78","isMergeCommit":true,"messageTitle":"Merge pull request #90 from namitdeb739/alpha-bug-fixes","messageBody":"Alpha bug fixes","fileTypesAndContributionMap":{}},{"hash":"83aaac26991bf7c7af9d68052421580785af9b45","isMergeCommit":false,"messageTitle":"Edit user guide","messageBody":"","fileTypesAndContributionMap":{"docs":{"insertions":52,"deletions":48}}},{"hash":"7e73ea9ca79f288a4f01277f7c1003ee71ceaf29","isMergeCommit":false,"messageTitle":"Edit user guide","messageBody":"","fileTypesAndContributionMap":{"docs":{"insertions":1,"deletions":1}}},{"hash":"dc076c2b596a9c51d6cf96bb87d7af85ab722309","isMergeCommit":true,"messageTitle":"Merge pull request #94 from namitdeb739/master","messageBody":"Edit user guide","fileTypesAndContributionMap":{}},{"hash":"aa6f702b7cf71757a2a804a2c8c2ef805d96ced1","isMergeCommit":true,"messageTitle":"Merge pull request #93 from leeyenshen/help-window","messageBody":"Fixes Help window bug","fileTypesAndContributionMap":{}},{"hash":"3819f055faece3eaf3c57d99b7d02b2867329a82","isMergeCommit":false,"messageTitle":"Edit user guide","messageBody":"","fileTypesAndContributionMap":{"docs":{"insertions":30,"deletions":30}}},{"hash":"fb8489f1a002539e5c9b1c0e0661eb4215f8228f","isMergeCommit":false,"messageTitle":"Edit user guide","messageBody":"","fileTypesAndContributionMap":{"docs":{"insertions":32,"deletions":11}}},{"hash":"61ee6e0602456c97e2f6f769c47968ab8ff6ecb2","isMergeCommit":true,"messageTitle":"Merge pull request #95 from namitdeb739/master","messageBody":"Edit user guide","fileTypesAndContributionMap":{}},{"hash":"9b4a702db13140c3d57b165a1da9863f028729cb","isMergeCommit":false,"messageTitle":"Edit user guide","messageBody":"","fileTypesAndContributionMap":{"docs":{"insertions":2,"deletions":0}}},{"hash":"f6874eb28e518996a04240400ce59686e5d4fd33","isMergeCommit":true,"messageTitle":"Merge pull request #96 from namitdeb739/master","messageBody":"Edit user guide","fileTypesAndContributionMap":{}},{"hash":"6749bb29269af150412bad0895f23fe44a295242","isMergeCommit":true,"messageTitle":"Merge pull request #97 from leeyenshen/user-guide","messageBody":"add floating sidebar to UG","fileTypesAndContributionMap":{}},{"hash":"5104f200eb74aa6be7d0ee29e995cf232e8c88a6","isMergeCommit":true,"messageTitle":"Merge pull request #98 from leeyenshen/user-guide","messageBody":"fix missing dependencies in UG","fileTypesAndContributionMap":{}},{"hash":"327014f9852e1b299caab1d09331027dd896570b","isMergeCommit":false,"messageTitle":"Edit user guide","messageBody":"","fileTypesAndContributionMap":{"docs":{"insertions":7,"deletions":9}}},{"hash":"5096244abd31f9575e99965a1709972f09399960","isMergeCommit":true,"messageTitle":"Merge pull request #99 from namitdeb739/master","messageBody":"Edit user guide","fileTypesAndContributionMap":{}},{"hash":"bd7520ef6a0c49d0318d55e2837041ab05a5fe80","isMergeCommit":false,"messageTitle":"Edit user guide","messageBody":"","fileTypesAndContributionMap":{"docs":{"insertions":1,"deletions":1}}}]},{"date":"2025-04-01","commitResults":[{"hash":"799b2cb8564533178073dda8dd727051cd129d71","isMergeCommit":true,"messageTitle":"Merge pull request #101 from blobfish465/paid-command-feature","messageBody":"PaidCommand: Implement functionality to mark tenant as paid","fileTypesAndContributionMap":{}}]},{"date":"2025-04-03","commitResults":[{"hash":"7a97a8aaade5deb69c18ca612ea1edb1a99a66eb","isMergeCommit":true,"messageTitle":"Merge pull request #116 from leeyenshen/dg-update","messageBody":"updates DG","fileTypesAndContributionMap":{}},{"hash":"aa7dbc32418ad07638574240a9d8003d5f5565f9","isMergeCommit":false,"messageTitle":"Fix diagrams and links in documentation","messageBody":"","fileTypesAndContributionMap":{"docs":{"insertions":145,"deletions":138}}},{"hash":"0f0718ae8c5c42de6b4c8201eb3d27083a0024f7","isMergeCommit":false,"messageTitle":"Update missing elements of Developer Guide","messageBody":"","fileTypesAndContributionMap":{"functional-code":{"insertions":24,"deletions":26},"docs":{"insertions":1174,"deletions":16},"test-code":{"insertions":22,"deletions":24}}},{"hash":"97966817a9bdb18f001ebdf00acf0075499b2fd6","isMergeCommit":true,"messageTitle":"Merge pull request #120 from Huan-Kiat/branch-UGUnarchive","messageBody":"Update User Guide","fileTypesAndContributionMap":{}},{"hash":"a6b53dfdab6611fcdc2c8c37b1b5edc2ed7fc793","isMergeCommit":false,"messageTitle":"Stop tracking .vscode folder","messageBody":"","fileTypesAndContributionMap":{"other":{"insertions":0,"deletions":833}}},{"hash":"968ed892f663a3543d641cea4e77587a4905c93c","isMergeCommit":false,"messageTitle":"Fix puml diagram images","messageBody":"","fileTypesAndContributionMap":{"docs":{"insertions":54,"deletions":1}}},{"hash":"78938a2a2bdedc0d6b2b70a2472f1c5ec42c3c23","isMergeCommit":false,"messageTitle":"Fix DG","messageBody":"","fileTypesAndContributionMap":{"docs":{"insertions":3,"deletions":4}}},{"hash":"c0f9dfbc4138ff5ef2e578ab4b16a09949986cca","isMergeCommit":true,"messageTitle":"Merge pull request #123 from namitdeb739/master","messageBody":"Edit images","fileTypesAndContributionMap":{}}]},{"date":"2025-04-05","commitResults":[{"hash":"8eca60e942fbd490e1d3a05ac11a7f8384b53227","isMergeCommit":false,"messageTitle":"Fix DG","messageBody":"","fileTypesAndContributionMap":{"docs":{"insertions":2,"deletions":2}}},{"hash":"c6b324c1afa2e25874ace7baccb7379e93f0d5ed","isMergeCommit":false,"messageTitle":"Ensure duplicate persons cannot be added based on uniqueness requirement for phone and email","messageBody":"","fileTypesAndContributionMap":{"functional-code":{"insertions":99,"deletions":40},"test-code":{"insertions":35,"deletions":25}}},{"hash":"64948a72f8e7a2889b84bb4f855902d7fca11524","isMergeCommit":false,"messageTitle":"Ensure phone numbers are valid singaporean","messageBody":"","fileTypesAndContributionMap":{"functional-code":{"insertions":2,"deletions":2}}},{"hash":"76ecb0addbbee615dbe30fb7ad712b785d865c6f","isMergeCommit":false,"messageTitle":"Fix broken tests","messageBody":"","fileTypesAndContributionMap":{"test-code":{"insertions":22,"deletions":22}}}]},{"date":"2025-04-06","commitResults":[{"hash":"d19fdb3368d76d2338f9f949cde7881e709afabb","isMergeCommit":false,"messageTitle":"Fix broken tests","messageBody":"","fileTypesAndContributionMap":{"functional-code":{"insertions":23,"deletions":58},"test-code":{"insertions":6,"deletions":11}}},{"hash":"c83ef80e6bed3808d1eb1a2a17e1a1fbef75d925","isMergeCommit":false,"messageTitle":"Fix broken tests","messageBody":"","fileTypesAndContributionMap":{"functional-code":{"insertions":0,"deletions":1}}},{"hash":"0e33aa585c694d93d1bc88878abffe9625b30561","isMergeCommit":false,"messageTitle":"Fix broken tests","messageBody":"","fileTypesAndContributionMap":{"functional-code":{"insertions":15,"deletions":12}}},{"hash":"21c8ec2c4b212484c22fb5009485c8ab47d1bde0","isMergeCommit":false,"messageTitle":"Fix tag duplicates by formatting tags, tag error message","messageBody":"","fileTypesAndContributionMap":{"functional-code":{"insertions":2,"deletions":2}}},{"hash":"cadcad33faa8d07a38887bcba639af74651f952e","isMergeCommit":false,"messageTitle":"Fix tests","messageBody":"","fileTypesAndContributionMap":{"functional-code":{"insertions":2,"deletions":1},"test-code":{"insertions":4,"deletions":4}}},{"hash":"9ede92a4fc4f2bc94e2b05be7dc61e072fa3c750","isMergeCommit":true,"messageTitle":"Merge pull request #166 from namitdeb739/master","messageBody":"Ensure duplicates cannot be added","fileTypesAndContributionMap":{}}]}],"blobfish465":[{"date":"2025-03-04","commitResults":[{"hash":"713a7d3ab2006e2e6db36c47cd5b050edcdf1af7","isMergeCommit":false,"messageTitle":"Add about us page","messageBody":"add about us page for Qi An\n","fileTypesAndContributionMap":{"docs":{"insertions":7,"deletions":7}}},{"hash":"39960c670134f90a9ffdbd62e4bbb51f73c88e30","isMergeCommit":false,"messageTitle":"Update about us and portfolio page","messageBody":"","fileTypesAndContributionMap":{"docs":{"insertions":7,"deletions":7}}},{"hash":"4d2c431514964fac38aad0ae1409b2b8370c7915","isMergeCommit":false,"messageTitle":"Update README.md","messageBody":"","fileTypesAndContributionMap":{"docs":{"insertions":30,"deletions":6}}}]},{"date":"2025-03-09","commitResults":[{"hash":"b817fd239a124b92a2661b15b6bc22fc81f505c1","isMergeCommit":true,"messageTitle":"Merge branch \u0027master\u0027 into about-us","messageBody":"* master:\n  add ui mockup to docs/images with name of Ui.png\n  Add Huan Kiat\u0027s photo\n  Add Yen Shen\u0027s photo\n  Add user stories, NFRs, and use cases to DG\n  Update README.md\n  Update README\n  Add photo of Qi An\n  Update the AboutUs page\n  Add Namit\u0027s photo\n\n# Conflicts:\n#\tdocs/AboutUs.md\n","fileTypesAndContributionMap":{}},{"hash":"6882a51c1d5a2e1aa20bd85c9d4b25ee16d918a0","isMergeCommit":true,"messageTitle":"Merge pull request #13 from blobfish465/about-us","messageBody":"Update About us page(Qi An)","fileTypesAndContributionMap":{}}]},{"date":"2025-03-12","commitResults":[{"hash":"c453e12c6eabda2cdf1206645d1d71ce30ecfd9b","isMergeCommit":true,"messageTitle":"Merge pull request #30 from namitdeb739/add-tenant","messageBody":"Change Person class to Tenant class with only fields required for MVP","fileTypesAndContributionMap":{}},{"hash":"dda9fc1b6718e743478e7163e5f677eabb8f747a","isMergeCommit":false,"messageTitle":"Fix Checkstyle Errors","messageBody":"Rename DplicatePersonException to DuplicateTenantException\n\nRename PersonNotFoundException to TenantNotFoundException\n","fileTypesAndContributionMap":{"functional-code":{"insertions":261,"deletions":231},"other":{"insertions":4,"deletions":3},"docs":{"insertions":0,"deletions":19},"test-code":{"insertions":831,"deletions":782}}},{"hash":"5832cc462902483f98495c33e01ba50c39ef6053","isMergeCommit":true,"messageTitle":"Merge pull request #34 from blobfish465/delete-tenant","messageBody":"Fix Checkstyle Errors\n\nRename DplicatePersonException to DuplicateTenantException\n\nRename PersonNotFoundException to TenantNotFoundException\n\nRemove Redundant Names from Aboutus.md ","fileTypesAndContributionMap":{}}]},{"date":"2025-03-18","commitResults":[{"hash":"42e1444c5da4bb41275eb67484fd8fdf76628489","isMergeCommit":false,"messageTitle":"Refactor personlistpanel to tenantlistpanel","messageBody":"Modify delete command messages\n\nModify add command usage message\n","fileTypesAndContributionMap":{"functional-code":{"insertions":10,"deletions":10},"other":{"insertions":10,"deletions":10}}},{"hash":"94590b202839c2ed68997285d13c7703af7a152b","isMergeCommit":false,"messageTitle":"Test commit","messageBody":"","fileTypesAndContributionMap":{"docs":{"insertions":1,"deletions":1}}}]},{"date":"2025-03-19","commitResults":[{"hash":"182b1fff708c7e10d7d0d46fc20665f956af74eb","isMergeCommit":false,"messageTitle":"Prepare for v1.3 release","messageBody":"","fileTypesAndContributionMap":{"functional-code":{"insertions":1,"deletions":1}}},{"hash":"d6c082ec4ab30ee5c2b92daf70bda8b54307f73a","isMergeCommit":true,"messageTitle":"Merge pull request #48 from blobfish465/master","messageBody":"Prepare for v1.3 release","tags":["v1.3"],"fileTypesAndContributionMap":{}}]},{"date":"2025-03-23","commitResults":[{"hash":"65a3163dc37448a390376dfcbcb26651cea0d8e0","isMergeCommit":false,"messageTitle":"FilterCommand: Add address-based filtering feature","messageBody":"The current application lacks the ability to filter tenants based on\ntheir addresses. This limits users\u0027 ability to search for tenants\nresiding in specific locations.\n\nLet\u0027s add a new FilterCommand that allows users to filter tenants by\naddress. The command will match tenants whose addresses contain any of\nthe specified keywords, regardless of case.\n\nThe implementation includes:\n* A new FilterCommand class to handle the filtering logic.\n* A new AddressContainsKeywordsPredicate class to match tenants based\n  on their addresses.\n* Unit tests for the FilterCommand and AddressContainsKeywordsPredicate\n  classes to ensure correctness.\n* Updates to the TypicalTenants class to include tenants with specific\n  addresses for testing.\n\nThis feature improves the application\u0027s usability by enabling users to\nquickly find tenants based on their addresses.\n","fileTypesAndContributionMap":{"functional-code":{"insertions":136,"deletions":0},"other":{"insertions":12,"deletions":0},"test-code":{"insertions":193,"deletions":2}}}]},{"date":"2025-03-24","commitResults":[{"hash":"23b7febae0cfdb9978df6a9b13d0d364cfda83bd","isMergeCommit":false,"messageTitle":"Refactor method and variable names for consistency","messageBody":"The method getFilteredPersonList() and the variable nameKeywords are\ninconsistent with the project\u0027s domain, which focuses on tenants rather\nthan persons.\n\nLet\u0027s refactor these names to better reflect the project\u0027s context:\n* Rename getFilteredPersonList() to getFilteredTenantList().\n* Rename nameKeywords to addressKeywords.\n\nThese changes improve code readability and maintain consistency with the\nproject\u0027s terminology. This also reduces confusion for developers\nworking on the codebase.\n","fileTypesAndContributionMap":{"functional-code":{"insertions":10,"deletions":10},"test-code":{"insertions":28,"deletions":28}}},{"hash":"9bf51f475ab3a1860802b33d9e25c13050923332","isMergeCommit":false,"messageTitle":"build.gradle: Enable assertions for better debugging","messageBody":"Assertions are currently disabled in the project configuration.\nThis limits our ability to catch programming errors during development\nand testing.\n\nLet\u0027s enable assertions by setting enableAssertions to true in the\nbuild.gradle file. This change will:\n* Activate Java assertions during runtime\n* Help catch invalid assumptions in the code\n* Improve debugging capabilities\n* Fail fast when assertions are violated\n\nThe change affects all test and run tasks, ensuring assertions are\nactive throughout the development lifecycle.\n","fileTypesAndContributionMap":{"other":{"insertions":4,"deletions":0}}},{"hash":"39076410d160a1be7d08883a87fa49098342c393","isMergeCommit":true,"messageTitle":"Merge branch \u0027filter-by-address-bug-fix\u0027","messageBody":"* filter-by-address-bug-fix:\n  build.gradle: Enable assertions for better debugging\n  Refactor method and variable names for consistency\n","fileTypesAndContributionMap":{}},{"hash":"6515a4aed4412611c4146e6fb7f61028ebb2ffa7","isMergeCommit":true,"messageTitle":"Merge commit \u00277de06c841562cce03e50d9edb7087f0e84c6efec\u0027","messageBody":"* commit \u00277de06c841562cce03e50d9edb7087f0e84c6efec\u0027:\n  Fix broken tests and storage to ensure that app runs smoothly\n  Attempt fixing logic manager test\n  Re-add previously removed fields of phone, email, and tags\n  Merge with upstream\n\n# Conflicts:\n#\tbuild.gradle\n","fileTypesAndContributionMap":{}},{"hash":"b033b969f21d7415367bea4646f7260247b6f19e","isMergeCommit":true,"messageTitle":"Merge branch \u0027master\u0027 into filter-by-address-bug-fix","messageBody":"* master:\n  Fix broken tests and storage to ensure that app runs smoothly\n  Attempt fixing logic manager test\n  Re-add previously removed fields of phone, email, and tags\n  Merge with upstream\n","fileTypesAndContributionMap":{}},{"hash":"fabc8aeee75652e991a2e418f002d10f532050ac","isMergeCommit":true,"messageTitle":"Merge pull request #55 from namitdeb739/master","messageBody":"Fix filter command and Update User Guide","fileTypesAndContributionMap":{}},{"hash":"bbf8c856876cc9dd55e0ef11167ff0b02aee9058","isMergeCommit":true,"messageTitle":"Merge branch \u0027AY2425S2-CS2103T-W12-1:master\u0027 into master","messageBody":"","fileTypesAndContributionMap":{}},{"hash":"50982f71112f278e17ec967ee61bd4150774c7de","isMergeCommit":true,"messageTitle":"Merge commit \u0027bbf8c856876cc9dd55e0ef11167ff0b02aee9058\u0027 into filter-by-address-bug-fix","messageBody":"* commit \u0027bbf8c856876cc9dd55e0ef11167ff0b02aee9058\u0027:\n  Fix filter command to allow special characters after the keyword\n  Merge with upstream\n","fileTypesAndContributionMap":{}},{"hash":"ea1ebbed23190db46deaab21381f127ce122cbc8","isMergeCommit":true,"messageTitle":"Merge pull request #54 from blobfish465/filter-by-address-bug-fix","messageBody":"Filter by address bug fix\n\nRefactor method and variable names for consistency\n-Rename getFilteredPersonList() to getFilteredTenantList().\n-Rename nameKeywords to addressKeywords.\n\nEnable Assertions","fileTypesAndContributionMap":{}}]},{"date":"2025-03-25","commitResults":[{"hash":"9b09de4b58b41d7b7df031fa0f64f61bceebb296","isMergeCommit":false,"messageTitle":"docs: update Architecture Sequence Diagram","messageBody":"- Renamed \"AddressBook\" to \"TenantTrack\" in\n`ArchitectureSequenceDiagram.puml`.\n- Updated `ArchitectureSequenceDiagram.png` to reflect the changes.\n","fileTypesAndContributionMap":{"docs":{"insertions":1,"deletions":1}}},{"hash":"cc0ef5f576bf3e7571d39430c710a763211adc33","isMergeCommit":false,"messageTitle":"docs: update Better model class Diagram","messageBody":"- Renamed \"AddressBook\" to \"TenantTrack\" in\n`BetterModelClassDiagram.puml`.\n\n- Renamed \"Person\" to \"Tenant\" in\n`BetterModelClassDiagram.puml`.\n\n- Renamed \"UniquePersonList\" to \"UniqueTenantList\" in\n`BetterModelClassDiagram.puml`.\n\n- Updated `BetterModelClassDiagram.png` to reflect the changes.\n","fileTypesAndContributionMap":{"docs":{"insertions":10,"deletions":10}}},{"hash":"1c392790c39176dec9371314d1e5cbf5c276ced0","isMergeCommit":true,"messageTitle":"Merge branch \u0027master\u0027 into better-model-class-diagram","messageBody":"* master:\n  add .gitignore to exclude build, IDE, and log files\n  Fix filter command to allow special characters after the keyword\n  Merge with upstream\n","fileTypesAndContributionMap":{}},{"hash":"24dd43e300b91429b3792b2b374c771f868110de","isMergeCommit":true,"messageTitle":"Merge pull request #61 from blobfish465/better-model-class-diagram","messageBody":"Update to better model class diagram","fileTypesAndContributionMap":{}}]},{"date":"2025-03-27","commitResults":[{"hash":"0b6ce0490f66adfe12e306692eeb8a9f9f57a0ed","isMergeCommit":true,"messageTitle":"Merge pull request #64 from namitdeb739/master","messageBody":"Update the StorageClassDiagram.puml to represent TenantTracker\u0027s storage","fileTypesAndContributionMap":{}},{"hash":"57e2ed53a9a25e615d5b69cd2e920a00a5abb131","isMergeCommit":false,"messageTitle":"UML diagrams: Refactor names and update images","messageBody":"Several UML diagrams contain outdated names that no longer align\nwith the current project structure. The images generated from these\ndiagrams also reflect the old names, causing inconsistencies.\n\nRefactoring the names in the UML diagrams improves clarity and\nensures consistency across all documentation. The corresponding\nimages have been updated to reflect these changes.\n\nLet\u0027s update the UML diagrams and regenerate the images to match\nthe latest naming conventions.\n","fileTypesAndContributionMap":{"docs":{"insertions":44,"deletions":44}}}]},{"date":"2025-03-31","commitResults":[{"hash":"4bfd4fb21a4a69d4c0adf1f3811f1ebd3a560e8d","isMergeCommit":false,"messageTitle":"User Guide: Add filter example image","messageBody":"The User Guide did not display an image for the filter feature,\nwhich could cause confusion for users trying to understand how\nthe feature works.\n\nA missing image reduces clarity in documentation, making it\nharder for users to grasp the intended behavior of the command.\n\nLet\u0027s add an example image for the filter feature in\ndocs/images to improve the User Guide and enhance usability.\n","fileTypesAndContributionMap":{"docs":{"insertions":1,"deletions":2}}},{"hash":"e7b16a05e5c3c47bc49ead3bf0c688096d3e0fcf","isMergeCommit":false,"messageTitle":"User Guide: Fix invalid postal code in example command","messageBody":"The example command in the User Guide contained a postal code\nwith seven digits instead of the required six-digit format.\nThis caused the example to fail when executed in the app,\nleading to confusion for users.\n\nLet\u0027s update the postal code in the example to a valid\nsix-digit format (456423) to ensure correctness and improve\nthe user experience.\n","fileTypesAndContributionMap":{"docs":{"insertions":1,"deletions":1}}},{"hash":"a1480c85b2c939dbca107e53f18f269c5ffac46f","isMergeCommit":false,"messageTitle":"ListCommand: improve empty list handling","messageBody":"The list command currently shows the same success message regardless of\nwhether there are tenants or not. This creates a confusing user\nexperience when the list is empty.\n\nLet\u0027s:\n* Return a specific message when the list is empty\n* Keep the original message when tenants exist\n* Add tests for both scenarios in ListCommandTest\n* Update LogicManagerTest to verify the behavior\n\nThe empty list message helps users understand the system state better\nand prompts them to add tenants when needed. The changes maintain\nbackward compatibility while improving user feedback.\n\nTests were added to verify:\n- Empty list returns the new message\n- Populated list returns the original message\n- LogicManager properly handles both cases\n","fileTypesAndContributionMap":{"functional-code":{"insertions":15,"deletions":0},"test-code":{"insertions":15,"deletions":0}}},{"hash":"c7c84481c6b3accb1215851940443ff972da3287","isMergeCommit":false,"messageTitle":"UserGuide: clarify argument order requirements","messageBody":"The command parser currently fails with unclear errors when arguments are\nprovided in the wrong order. Users may try to shift arguments around,\nresulting in invalid command format errors.\n\nLet\u0027s explicitly state in the User Guide that:\n* Arguments must follow the specified order\n* Prefixes cannot be rearranged\n* The exact format must be followed\n\nThis change helps users understand why their commands might fail and\nhow to format them correctly. The clarification reduces frustration\nfrom trial-and-error command formatting.\n","fileTypesAndContributionMap":{"docs":{"insertions":2,"deletions":1}}},{"hash":"5a57cab943722328e72be9091158e3b88fe462e7","isMergeCommit":true,"messageTitle":"Merge branch \u0027master\u0027 into list-empty-message","messageBody":"","fileTypesAndContributionMap":{}},{"hash":"1c982e991b77f711f10302b86695fa1324c0b01a","isMergeCommit":true,"messageTitle":"Merge pull request #91 from blobfish465/list-empty-message","messageBody":"List bug fix\n\nFixes #86","fileTypesAndContributionMap":{}}]},{"date":"2025-04-01","commitResults":[{"hash":"fff239cf27adaac9766131f7bb9c78b4e367e4fb","isMergeCommit":false,"messageTitle":"PaidCommand: Implement functionality to mark tenant as paid","messageBody":"Currently, there is no functionality to track if a tenant has paid.\nThe `PaidCommand` addresses this by adding a command that can mark\ntenants as paid when provided with a valid postal code.\n\nLet\u0027s:\n* Implement the `PaidCommand` class to process the given postal code\n* Parse and extract the postal code from the `address` field\n* Modify the `Tenant` model to include a paid status\n* Add unit tests to ensure functionality is working as expected\n\nThis implementation improves the ability to track the payment status of\ntenants, providing better management for users.\n\nBug where isPaid field not saved to storage and fxml not yet implemented\n","fileTypesAndContributionMap":{"functional-code":{"insertions":208,"deletions":14},"test-code":{"insertions":150,"deletions":9}}},{"hash":"a437158d600b397bbb40eedf3a806e5208613fe4","isMergeCommit":false,"messageTitle":"Fix bug where isPaid field not saved to storage","messageBody":"","fileTypesAndContributionMap":{"functional-code":{"insertions":3,"deletions":2}}},{"hash":"1595fc85bc0bec8b4aca5811ba96672aaa4d9ff0","isMergeCommit":false,"messageTitle":"Add icon display for paid status in TenantCard","messageBody":"Update the TenantCard to dynamically show or hide a paid icon based on\nthe tenant\u0027s payment status.\nThis feature enhances visual feedback directly in the UI.\n\n- Add `paidIcon` ImageView to TenantListCard.fxml to handle the\nvisibility of the paid status icon.\n- Integrate logic in TenantCard.java to update the icon based on the\n`isPaid` property of Tenant.\n- Include new `PaidIcon.png` in the resources folder for visual\nrepresentation of the paid status.\n- Modify ModelManager to ensure immediate UI update when a tenant\u0027s paid\nstatus is toggled.\n\nThis update improves the user interface by providing immediate visual\nconfirmation of a tenant\u0027s payment status, enhancing usability and user\nexperience.\n","fileTypesAndContributionMap":{"functional-code":{"insertions":30,"deletions":15}}},{"hash":"b40fb4636a348501fb90c7f9e069c77abc80f152","isMergeCommit":false,"messageTitle":"Update the User Guide with paid command","messageBody":"","fileTypesAndContributionMap":{"docs":{"insertions":20,"deletions":0}}}]},{"date":"2025-04-02","commitResults":[{"hash":"74e0908da90c077a846f0a82bee1aea75b95145a","isMergeCommit":false,"messageTitle":"Add \u0027unpaid\u0027 command and update user guide","messageBody":"Implement the UnpaidCommand and UnpaidCommandParser classes to introduce\nthe \u0027unpaid\u0027 command, which sets the payment status of tenants to not\npaid. This update ensures immediate UI feedback without the need for\napplication restarts.\n\nChanges include:\n- Creation of UnpaidCommand and UnpaidCommandParser for handling the new\ncommand logic.\n- Modifications in Model and ModelManager to manage payment status\nupdates.\n- Immediate reflection of payment status in TenantCard UI.\n- Updated the user guide to document the new \u0027unpaid\u0027 command usage.\n\nThis update not only enhances the application by allowing real-time\nupdates to tenant statuses but also improves user guidance through\nupdated documentation, making the feature easily accessible and usable.\n\nRefer to the user guide section for detailed instructions and examples\non using the \u0027unpaid\u0027 command.\n","fileTypesAndContributionMap":{"functional-code":{"insertions":118,"deletions":0},"docs":{"insertions":24,"deletions":2},"test-code":{"insertions":113,"deletions":6}}}]},{"date":"2025-04-03","commitResults":[{"hash":"b152d170f09592c10dcbf4f6a1184c0c4dd0bfd6","isMergeCommit":true,"messageTitle":"Merge branch \u0027master\u0027 into UG-paid-command-update","messageBody":"* master:\n  Fix checkstyle\n  Resolve merge conflict\n  Fix newline error\n  Enhance archive feature with toggle and unarchive\n  Implement unarchive command and archivelist toggle tab\n\n# Conflicts:\n#\tsrc/main/java/seedu/address/logic/parser/TenantTrackerParser.java\n","fileTypesAndContributionMap":{}},{"hash":"e49ddb794b78c83228c6eeab9dc8cf8876865a5c","isMergeCommit":false,"messageTitle":"Fix Bug in DG whereby some diagrams are not updated","messageBody":"The ParserClasses and UiClassDiagram was using AddressBook instead of\nTenantTrack.\n\nLet\u0027s update these diagrams and the images of these diagrams to use\nTenantTrack so it gets reflected correctly in the DG.\n","fileTypesAndContributionMap":{"docs":{"insertions":2,"deletions":2}}}]},{"date":"2025-04-05","commitResults":[{"hash":"0428dddbd22fc3510ecf4da8ba3b55b664dde90f","isMergeCommit":false,"messageTitle":"Modify the example for add command in UG","messageBody":"Previously, if reader copied the command line by line instead of the\nwhole command together, he would have missed out on a whitespace between\nthe email and address prefix. Due to pdf saving, the wrapping to a\nnewline might have caused readers to miss out the whitespace\n\nModify the example to not wrap just before the address prefix\n","fileTypesAndContributionMap":{"docs":{"insertions":1,"deletions":1}}}]},{"date":"2025-04-06","commitResults":[{"hash":"aa48f0d8d68516fbeb60be1dd8d79350b69d4d43","isMergeCommit":false,"messageTitle":"Fix phrasing of UG for filter and find feature","messageBody":"Previously, the phrasing of the UG caused the reader to have a\nmisconception in testing.\n\nWhat we meant in the UG was the opposite of what the tester had though\nof it as. Example: if there is a tenant with address in the app that has\n\"Kent\", if the user type \"filter Ken\", the tenant will appear. What the\ntester thought is that if the user type \u0027filter Kents\u0027, the tenant with\naddress \"Kent\" should appear.\n\nFixes #128\n","fileTypesAndContributionMap":{"docs":{"insertions":5,"deletions":3}}},{"hash":"803f9a76e20c9ab8c7628178b2c2bc5429e2208e","isMergeCommit":false,"messageTitle":"Refactor address filtering to support prefix matching with special chars","messageBody":"The address filtering logic was refactored to support more flexible\nprefix matching. Previously, special characters were removed from the\naddress, which caused issues with matching keywords like \"pl\" against\n\"place\u0027s\".\n\nNow, the filtering logic:\n* Splits the address by whitespace and commas.\n* Matches keywords as prefixes of any part of the address.\n* Handles case-insensitive matching for better flexibility.\n\nAdditionally, a caution statement was added to the user guide to inform\nusers remove trailing commas when filtering a single keyword.\n\nThis update ensures that address filtering works more accurately with\nspecial characters and partial matches, improving the filter\nfeature.\n\nFixes #131 (now works for addresses with special characters)\nFixes #139, #141, 143, #146 (filter command no longer shows all tenants\nfor special characters which were treated as wildcards)\n","fileTypesAndContributionMap":{"functional-code":{"insertions":4,"deletions":4},"docs":{"insertions":4,"deletions":0}}},{"hash":"06ba73addc9c6240c135d53bc267b7bcb1025698","isMergeCommit":false,"messageTitle":"Fix Bug in DG whereby manual testing was unclear","messageBody":"Previously, readers had trouble identifying what the test case is meant\nto test as it was vague regarding whether one of the tenants can have\n\"12345678\" as a phone number.\n\nNow, the commands \u0027add\u0027 \u0027paid\u0027 and \u0027unpaid\u0027 in the\n\u0027Appendix: Instructions for manual testing\u0027 specifies that the test case\nfails because \u002712345678\u0027 is an invalid number.\n\nThis update ensures that readers are informed that the test cases with\n\u002712345678\u0027 fails because \u002712345678\u0027 is an invalid number.\n\nFixes #151\n\nAdditionally, fix bug whereby the User Stories had wrong priorities\ngiven to them.\n","fileTypesAndContributionMap":{"docs":{"insertions":43,"deletions":43}}},{"hash":"16b1b4e5998a53253fdc60d544f73f1bd45ce226","isMergeCommit":false,"messageTitle":"Fix mismatch in filter feature specification between UG and DG","messageBody":"Previously, in the DG, the Filter Command is specified as being able to\nfilter tenants based on multiple fields such as address. However,\nin the User Guide, the Filter Command is specified as only being able\nto filter the list for tenants whose address contains any of the given\nkeywords, where Address is the only filterable field.\n\nNow, the Filter Command in the DG is specified as being able to filter\ntenants only based on their addresses.\n\nFixes #154\n\nEdit the paid and unpaid feature description under the\n\u0027Newly Added Features\u0027 in the DG.\n","fileTypesAndContributionMap":{"docs":{"insertions":10,"deletions":10}}},{"hash":"e825ecc8998c3930de3e6d3cbdd0d2617f13030f","isMergeCommit":false,"messageTitle":"Add attribution to Freepik for paid icon","messageBody":"","fileTypesAndContributionMap":{"functional-code":{"insertions":2,"deletions":0}}},{"hash":"f69413405b00efbb650f1b6c11aea1be2392efd8","isMergeCommit":true,"messageTitle":"Merge branch \u0027master\u0027 into filter-bug-fixes","messageBody":"* master:\n  Fix tests\n  Fix tag duplicates by formatting tags, tag error message\n  Fix broken tests\n  Fix broken tests\n  Fix broken tests\n  Fix broken tests\n  Ensure phone numbers are valid singaporean\n  Ensure duplicate persons cannot be added based on uniqueness requirement for phone and email\n  Fix DG\n","fileTypesAndContributionMap":{}},{"hash":"b01e0315225d69e5979a84fbbfa26a5801c44d54","isMergeCommit":true,"messageTitle":"Merge pull request #167 from blobfish465/filter-bug-fixes","messageBody":"Modify the example for add command in UG\n\nPreviously, if reader copied the command line by line instead of the whole command together, he would have missed out on a whitespace between the email and address prefix. Due to pdf saving, the wrapping to a newline might have caused readers to miss out the whitespace\nModify the example to not wrap just before the address prefix\nFixes [PE-D][Tester A] Add Command Example in UG incorrect #157\n\n\nFix phrasing of UG for filter and find feature\n\nPreviously, the phrasing of the UG caused the reader to have a\nmisconception in testing.\nWhat we meant in the UG was the opposite of what the tester had though\nof it as.\nExample: if there is a tenant with address in the app that has\n\"Kent\", if the user type \"filter Ken\", the tenant will appear. What the\ntester thought is that if the user type \u0027filter Kents\u0027, the tenant with\naddress \"Kent\" should appear.\nFixes [PE-D][Tester B] filter Command Fails to Match Prefixes as Described in User Guide #128\n\n\nRefactor address filtering to support prefix matching with special chars\n\nThe address filtering logic was refactored to support more flexible\nprefix matching. Previously, special characters were removed from the\naddress, which caused issues with matching keywords like \"pl\" against\n\"place\u0027s\".\nNow, the filtering logic:\nSplits the address by whitespace and commas.\nMatches keywords as prefixes of any part of the address.\nHandles case-insensitive matching for better flexibility.\nAdditionally, a caution statement was added to the user guide to inform\nusers remove trailing commas when filtering a single keyword.\nThis update ensures that address filtering works more accurately with\nspecial characters and partial matches, improving the filter\nfeature.\nFixes [PE-D][Tester A] Filter command does not work with addresses with special characters in Address Field #131 (now works for addresses with special characters)\nFixes [PE-D][Tester D] Filter command shows all tenants when keyword is single character \"$\" #139, [PE-D][Tester D] Filter command shows all tenants when keyword is single character \"^\" #141, 143, [PE-D][Tester D] Filter command shows all tenants when keyword is single character \"+\" #146 (filter command no longer shows all tenants\nfor special characters which were treated as wildcards)\n\n\nFix Bug in DG whereby manual testing was unclear\n\nPreviously, readers had trouble identifying what the test case is meant\nto test as it was vague regarding whether one of the tenants can have\n\"12345678\" as a phone number.\nNow, the commands \u0027add\u0027 \u0027paid\u0027 and \u0027unpaid\u0027 in the\n\u0027Appendix: Instructions for manual testing\u0027 specifies that the test case\nfails because \u002712345678\u0027 is an invalid number.\nThis update ensures that readers are informed that the test cases with\n\u002712345678\u0027 fails because \u002712345678\u0027 is an invalid number.\n-Fixes [PE-D][Tester D] Unclear prerequisite for manual testing of paid command #151\nAdditionally, fix bug whereby the User Stories had wrong priorities\ngiven to them.\n\n\nFix mismatch in filter feature specification between UG and DG\n\nPreviously, in the DG, the Filter Command is specified as being able to\nfilter tenants based on multiple fields such as address. However, in the\nUser Guide, the Filter Command is specified as only being able\nto filter the list for tenants whose address contains any of the given\nkeywords, where Address is the only filterable field.\nNow, the Filter Command in the DG is specified as being able to filter\ntenants only based on their addresses.\nThis ensures consistency between the UG and DG.\nFixes [PE-D][Tester A] Mismatch in command functionality specification between UG and DG #154\nAdditionally, edited the paid and unpaid feature description under the\n\u0027Newly Added Features\u0027 in the DG.","fileTypesAndContributionMap":{}},{"hash":"56e98e3b9a90e8f742601ae7d2a6335d451f3bb4","isMergeCommit":true,"messageTitle":"Merge pull request #165 from leeyenshen/helpWindow-bug","messageBody":"Fixes sizing issues for helpWindow","fileTypesAndContributionMap":{}},{"hash":"adc8c3035caf749c83ea0f10d568c94ddfcf7786","isMergeCommit":true,"messageTitle":"Merge pull request #163 from leeyenshen/UG-bug","messageBody":"Update UG to address edit command bugs","fileTypesAndContributionMap":{}}]}]},"authorFileTypeContributionMap":{"Huan-Kiat":{"docs":103,"functional-code":497,"test-code":408,"other":1},"leeyenshen":{"docs":178,"functional-code":452,"test-code":147,"other":2},"namitdeb739":{"docs":1669,"functional-code":894,"test-code":887,"other":2},"blobfish465":{"docs":161,"functional-code":573,"test-code":464,"other":16}},"authorContributionVariance":{"Huan-Kiat":16038.441,"leeyenshen":24128.64,"namitdeb739":993191.6,"blobfish465":101713.62},"authorDisplayNameMap":{"Huan-Kiat":"CS2103T-W12-1 LIM ..KIAT","leeyenshen":"CS2103T-W12-1 LEE ..SHEN","namitdeb739":"CS2103T-W12-1 NAMI.. DEB","blobfish465":"CS2103T-W12-1 ONG ..I AN"}}
