{"authorDailyContributionsMap":{"basil-boh":[{"date":"2025-02-24","commitResults":[{"hash":"79037f64c3b5fba5cc147102e6da8f5bf840a96c","isMergeCommit":false,"messageTitle":"Edit johndoe.md to basil-boh.md","messageBody":"","fileTypesAndContributionMap":{"docs":{"insertions":0,"deletions":0}}},{"hash":"f070e587602d1a329b607f24a0ca5a2949021920","isMergeCommit":true,"messageTitle":"Merge pull request #12 from basil-boh/add-basil-boh-info","messageBody":"Add Basil\u0027s Photo","fileTypesAndContributionMap":{}},{"hash":"e211d55ada8814b8e16ee785cc46a5802a1a6544","isMergeCommit":false,"messageTitle":"Update AboutUs.md doc","messageBody":"","fileTypesAndContributionMap":{"docs":{"insertions":3,"deletions":41}}},{"hash":"fb44f81884bb7ab1d2d5bd99799df3e3e332c9c5","isMergeCommit":false,"messageTitle":"Update AboutUs.md doc","messageBody":"","fileTypesAndContributionMap":{"docs":{"insertions":4,"deletions":42}}},{"hash":"f95f9226fef6fcb7991c425fd9852ac2a7ef6124","isMergeCommit":true,"messageTitle":"Merge branch \u0027branch-A-AboutUs\u0027 of https://github.com/basil-boh/tp into branch-A-AboutUs","messageBody":"","fileTypesAndContributionMap":{}},{"hash":"bfb82b705b2a15416cf709367e4163bc84a439fe","isMergeCommit":true,"messageTitle":"Resolve merge conflicts","messageBody":"","fileTypesAndContributionMap":{}},{"hash":"dc9beef59d45674e8b8cd57b98d8f356f5637683","isMergeCommit":true,"messageTitle":"Merge pull request #30 from basil-boh/branch-A-AboutUs","messageBody":"Update Basil\u0027s AboutUs.md ","fileTypesAndContributionMap":{}}]},{"date":"2025-02-25","commitResults":[{"hash":"3600886522053bbb068787189f730974eab532de","isMergeCommit":true,"messageTitle":"Merge pull request #43 from Kaidama97/branch-build-status","messageBody":"Update GitHub Actions build status badge","fileTypesAndContributionMap":{}}]},{"date":"2025-02-26","commitResults":[{"hash":"78868dbceda655a447f3d93084c74bc0ea7723cc","isMergeCommit":true,"messageTitle":"Merge pull request #49 from basil-boh/branch-A-UI","messageBody":"Add Ui.png file ","fileTypesAndContributionMap":{}},{"hash":"c21def8d431d7c39e084bc247d8c068ffb586346","isMergeCommit":false,"messageTitle":"Add glossary and list use case to DG","messageBody":"","fileTypesAndContributionMap":{"docs":{"insertions":35,"deletions":0}}},{"hash":"5f65f80480e6803daa8dc834c689ae1d2c45fd6d","isMergeCommit":false,"messageTitle":"fix trailing whitespaces","messageBody":"","fileTypesAndContributionMap":{"docs":{"insertions":9,"deletions":9}}},{"hash":"405e777745eb8b478271151b1814066ab224a3e6","isMergeCommit":false,"messageTitle":"fix additional trailing whitespaces","messageBody":"","fileTypesAndContributionMap":{"docs":{"insertions":3,"deletions":3}}},{"hash":"9c8e4a5dd77dcd92424e3d1db0ea5a3b092fe144","isMergeCommit":true,"messageTitle":"Merge pull request #51 from basil-boh/branch-A-Glossary","messageBody":"Add glossary and list use case to DG","fileTypesAndContributionMap":{}}]},{"date":"2025-02-28","commitResults":[{"hash":"bbca9b3a9f99ee45652067be3718888fb267ab2d","isMergeCommit":false,"messageTitle":"Fix typo and incorrect index displayed on Ui.png","messageBody":"","fileTypesAndContributionMap":{"docs":{"insertions":1,"deletions":1}}},{"hash":"ba466f0bd6d977e650e6fab14829d30ae4e44fb4","isMergeCommit":true,"messageTitle":"Merge pull request #54 from basil-boh/branch-A-FixTypo","messageBody":"Fix typo and incorrect index displayed on Ui.png","fileTypesAndContributionMap":{}}]},{"date":"2025-03-12","commitResults":[{"hash":"f1df00dced553ebfb6a1445f5a78f5cdd28ec1da","isMergeCommit":false,"messageTitle":"Refactor HelpCommand to HelpListCommand * Add user command list that displays to user","messageBody":"","fileTypesAndContributionMap":{"functional-code":{"insertions":30,"deletions":25},"other":{"insertions":3,"deletions":3},"test-code":{"insertions":5,"deletions":5}}},{"hash":"d111432514733d49a63cf87d3e6ce14a64e472b0","isMergeCommit":false,"messageTitle":"Refactor HelpWindow to HelpList Window","messageBody":"* Remove helplist popup\n* Change AB3 user guide to tp github user guide\n","fileTypesAndContributionMap":{"functional-code":{"insertions":5,"deletions":10},"other":{"insertions":5,"deletions":5}}},{"hash":"ed801ef56a641741a85c18a25eebd5a9520c6011","isMergeCommit":false,"messageTitle":"Fix checkstyle error","messageBody":"","fileTypesAndContributionMap":{"functional-code":{"insertions":2,"deletions":1}}},{"hash":"a3e63e104e49386a77a2ce4b8a63168c408978ed","isMergeCommit":false,"messageTitle":"Merge create reservation branch","messageBody":"","fileTypesAndContributionMap":{"functional-code":{"insertions":353,"deletions":45},"test-code":{"insertions":485,"deletions":77}}},{"hash":"f2437b66947b6f387621c13b8cde315d970d48ba","isMergeCommit":true,"messageTitle":"Merge pull request #70 from basil-boh/branch-A-List","messageBody":"Add HelpList Command","fileTypesAndContributionMap":{}}]},{"date":"2025-03-18","commitResults":[{"hash":"f483ad81f3a17858891a0d0d49cde44579a41f58","isMergeCommit":false,"messageTitle":"Update DG \u0026 UG with latest command changes","messageBody":"* Add new Ui.png\n* Update help message\n* Change GUI help to User Guide (to avoid confusion of command use cases)\n* Specify commands are not case-sensitive\n* Extraneous parameters for commands will now be invalid\n","fileTypesAndContributionMap":{"functional-code":{"insertions":10,"deletions":7},"docs":{"insertions":31,"deletions":11}}},{"hash":"9083c588400abc55b8fa5d1fe12fcb634543fa0c","isMergeCommit":false,"messageTitle":"Fix typo","messageBody":"","fileTypesAndContributionMap":{"docs":{"insertions":1,"deletions":1}}},{"hash":"d70910e2549b36c7660b47ba20a172d84f158549","isMergeCommit":false,"messageTitle":"Update GUI title from Help to User Guide","messageBody":"","fileTypesAndContributionMap":{"functional-code":{"insertions":1,"deletions":1}}},{"hash":"b22b30ed93dab6c4171e1e078e593c69b0b117b8","isMergeCommit":false,"messageTitle":"Update contacts to reservations in UG","messageBody":"","fileTypesAndContributionMap":{"docs":{"insertions":7,"deletions":7}}},{"hash":"5d41896501390b0e1122ed56ebbd4fb1e235b97f","isMergeCommit":true,"messageTitle":"Merge pull request #95 from basil-boh/branch-UpdateDocumentation","messageBody":"Update DG \u0026 UG with latest command changes","fileTypesAndContributionMap":{}},{"hash":"03f6d957f7cd3f702db08a52ef39d173fa89f1af","isMergeCommit":false,"messageTitle":"Fix list bug","messageBody":"","fileTypesAndContributionMap":{"functional-code":{"insertions":2,"deletions":0}}},{"hash":"c792cd0757893afc55dd0c3fb913c15d34f568f9","isMergeCommit":true,"messageTitle":"Merge pull request #97 from basil-boh/branch-ListBug","messageBody":"Fix list bug","fileTypesAndContributionMap":{}}]},{"date":"2025-03-19","commitResults":[{"hash":"0bc191559c041403b8317c3de4e5f109764c8d2e","isMergeCommit":false,"messageTitle":"Update Ui.png and change title","messageBody":"","fileTypesAndContributionMap":{"functional-code":{"insertions":1,"deletions":1}}},{"hash":"c43d5e96738fa41fe9ec3ad69f83e906030a180a","isMergeCommit":false,"messageTitle":"Change remaining instance of Address Book","messageBody":"","fileTypesAndContributionMap":{"docs":{"insertions":1,"deletions":1}}},{"hash":"9d788985600054a947518b23b26aeb89b167bf2e","isMergeCommit":true,"messageTitle":"Merge pull request #107 from basil-boh/branch-updateTitle","messageBody":"Update Ui.png and change title","fileTypesAndContributionMap":{}}]},{"date":"2025-03-20","commitResults":[{"hash":"b00ad41a54359c0db3bf2dbf0c804db62089fb51","isMergeCommit":false,"messageTitle":"Update README with edit, clear and exit commands","messageBody":"","fileTypesAndContributionMap":{"docs":{"insertions":64,"deletions":31}}},{"hash":"b406710f050854382ae03b811c55241975f972a6","isMergeCommit":false,"messageTitle":"Fix typo","messageBody":"","fileTypesAndContributionMap":{"docs":{"insertions":1,"deletions":1}}},{"hash":"dca21f21cf50c560137aa9eaaa288bb75ac155bb","isMergeCommit":false,"messageTitle":"Update UG","messageBody":"","fileTypesAndContributionMap":{"docs":{"insertions":8,"deletions":8}}},{"hash":"9413d0d099865a7bd1a44ecab37497e23b7053ba","isMergeCommit":false,"messageTitle":"Fix Typo","messageBody":"","fileTypesAndContributionMap":{"docs":{"insertions":1,"deletions":1}}},{"hash":"81f590a4634848012285415e323a22266282b8aa","isMergeCommit":true,"messageTitle":"Merge pull request #112 from basil-boh/branch-updateREADME","messageBody":"Add edit, clear, exit in README","fileTypesAndContributionMap":{}}]},{"date":"2025-03-26","commitResults":[{"hash":"fdc878510b30d0e5716bb42ee53eeacd54bfb812","isMergeCommit":false,"messageTitle":"Refactor tag prefix to occasion","messageBody":"","fileTypesAndContributionMap":{"functional-code":{"insertions":33,"deletions":20},"test-code":{"insertions":10,"deletions":10}}},{"hash":"2e8f7114c21e8e6d79b7ceb33068e2ee76cb456c","isMergeCommit":false,"messageTitle":"Implement occasion as compulsory field","messageBody":"* Update test cases\n* User to indicate o/ as prefix instead of t/\n","fileTypesAndContributionMap":{"functional-code":{"insertions":11,"deletions":19},"test-code":{"insertions":102,"deletions":76}}},{"hash":"f485b443477c70458392dfdab4538245a0f19788","isMergeCommit":false,"messageTitle":"Update documentation files","messageBody":"","fileTypesAndContributionMap":{"docs":{"insertions":17,"deletions":17}}},{"hash":"e5c888cdbb022c6817af016dd95bd2d88b0f0982","isMergeCommit":true,"messageTitle":"Merge with main","messageBody":"","fileTypesAndContributionMap":{}},{"hash":"f48221ee409908e8e4c8074812bc8e677c2eb0f9","isMergeCommit":false,"messageTitle":"Resolve PR comments.","messageBody":"* Add additional test cases for editCommand to check for o/ clear\n* Renamed tagList and other variable instances of tag to occasionList or occasion\n","fileTypesAndContributionMap":{"functional-code":{"insertions":9,"deletions":9},"docs":{"insertions":1,"deletions":1},"test-code":{"insertions":79,"deletions":35}}},{"hash":"534f7c9c386196a8d99e267a5d36edc3c043ffe5","isMergeCommit":true,"messageTitle":"Merge with upstream repo","messageBody":"","fileTypesAndContributionMap":{}},{"hash":"9ded0931ba2c956e89ccb525bc30e6dc95776f86","isMergeCommit":true,"messageTitle":"Merge with upstream repo","messageBody":"","fileTypesAndContributionMap":{}},{"hash":"dcff0a5995a2c866f5438911087171a2d181822f","isMergeCommit":true,"messageTitle":"Merge pull request #144 from basil-boh/branch-Occasion","messageBody":"Implement reservations by occasion ","fileTypesAndContributionMap":{}}]},{"date":"2025-03-27","commitResults":[{"hash":"e83899084fa55da62a26467eb290519b95ab8a49","isMergeCommit":false,"messageTitle":"Implement preference command","messageBody":"* Able to save preferences of reservations\n* Able to show preferences of reservations\n","fileTypesAndContributionMap":{"functional-code":{"insertions":194,"deletions":3},"test-code":{"insertions":2,"deletions":1}}},{"hash":"ffcff096476ce72290f231228c9a4ee1e8f94a8c","isMergeCommit":false,"messageTitle":"Implement preference tests","messageBody":"","fileTypesAndContributionMap":{"functional-code":{"insertions":1,"deletions":0},"test-code":{"insertions":302,"deletions":3}}},{"hash":"ca8d37962801ea542f9b9a62b272ca921c450103","isMergeCommit":false,"messageTitle":"Update DG, README, UG, and HelpCommand","messageBody":"","fileTypesAndContributionMap":{"functional-code":{"insertions":8,"deletions":7},"docs":{"insertions":84,"deletions":11}}},{"hash":"0976552ced0a8020f915d8b9b94952fb287bfd5d","isMergeCommit":false,"messageTitle":"Update test files","messageBody":"","fileTypesAndContributionMap":{"test-code":{"insertions":2,"deletions":10}}},{"hash":"11addfbc1c81bb3734d875a0e318164c2a1add6f","isMergeCommit":false,"messageTitle":"Add assert","messageBody":"","fileTypesAndContributionMap":{"functional-code":{"insertions":1,"deletions":0}}},{"hash":"11172a41ef9ff66e492cecbd2b86b27bb3b96d06","isMergeCommit":true,"messageTitle":"Resolve merge conflicts","messageBody":"","fileTypesAndContributionMap":{}},{"hash":"71b7e92e628a7d67fec1434c87b9c24b49056f2f","isMergeCommit":true,"messageTitle":"Merge with upstream repo","messageBody":"","fileTypesAndContributionMap":{}},{"hash":"0fae2495374c7249b0baa9be8266f1c9f2687fa1","isMergeCommit":false,"messageTitle":"Resolve PR comments","messageBody":"","fileTypesAndContributionMap":{"functional-code":{"insertions":103,"deletions":33},"docs":{"insertions":4,"deletions":5},"test-code":{"insertions":11,"deletions":0}}},{"hash":"418de00e4f59dc2ed20e37692197c86e5fef873e","isMergeCommit":false,"messageTitle":"Add preference screenshots","messageBody":"","fileTypesAndContributionMap":{"docs":{"insertions":2,"deletions":0}}},{"hash":"19c010c3cedbade4a8a0d6a4906539231710159f","isMergeCommit":true,"messageTitle":"Merge pull request #148 from basil-boh/branch-Preferences","messageBody":"Implement customer preferences ","tags":["v1.4"],"fileTypesAndContributionMap":{}},{"hash":"7ab45fbc5543da5c8052847184aa7696d6ceadc6","isMergeCommit":true,"messageTitle":"Merge pull request #151 from feliciahmq/add-view-statistics","messageBody":"Add view statistics","fileTypesAndContributionMap":{}}]}],"codebreaker64":[{"date":"2025-02-24","commitResults":[{"hash":"3bc22777de97b02a44d88b26b11abe45c6f2bbb2","isMergeCommit":false,"messageTitle":"Create KaiJie.md","messageBody":"","fileTypesAndContributionMap":{"docs":{"insertions":1,"deletions":0}}},{"hash":"f3a9169f5605350dcdaad7f8d7d0824842ab2611","isMergeCommit":false,"messageTitle":"Update and rename KaiJie.md to kaijie.md","messageBody":"","fileTypesAndContributionMap":{"docs":{"insertions":46,"deletions":1}}},{"hash":"eee634901bced26ff974bc6630ddb22b25df7e6d","isMergeCommit":false,"messageTitle":"Delete docs/team/johndoe.md","messageBody":"","fileTypesAndContributionMap":{"docs":{"insertions":0,"deletions":46}}},{"hash":"02a0deeabd990ffe9c8dc936f7f33aff1fcba0fe","isMergeCommit":true,"messageTitle":"Merge pull request #16 from codebreaker64/add-kaijie-info","messageBody":"Add kaijie info","fileTypesAndContributionMap":{}},{"hash":"d16c76e55b9c27bd5b2d62422d5599c2cb6ededc","isMergeCommit":false,"messageTitle":"Update AboutUs.md","messageBody":"","fileTypesAndContributionMap":{"docs":{"insertions":6,"deletions":45}}},{"hash":"802604266e6dc1fdd752278368471a637fd53a31","isMergeCommit":false,"messageTitle":"Update AboutUs.md","messageBody":"","fileTypesAndContributionMap":{"docs":{"insertions":2,"deletions":1}}},{"hash":"a5b6b312ad314c701027d4f10be604b3ad93c0eb","isMergeCommit":true,"messageTitle":"Merge branch \u0027master\u0027 into branch-AboutUs","messageBody":"","fileTypesAndContributionMap":{}},{"hash":"41f5e5d408341d83615a653c9a5a8ba30df181af","isMergeCommit":true,"messageTitle":"Merge pull request #29 from codebreaker64/branch-AboutUs","messageBody":"Update Kai Jie About Us","fileTypesAndContributionMap":{}}]},{"date":"2025-02-25","commitResults":[{"hash":"91d0fdd90403376962065484254b92f664674400","isMergeCommit":false,"messageTitle":"Update DeveloperGuide.md","messageBody":"","fileTypesAndContributionMap":{"docs":{"insertions":7,"deletions":7}}},{"hash":"b270ca5f1addee0a3710d0a375c1cc84762f8bbe","isMergeCommit":false,"messageTitle":"Update DeveloperGuide.md","messageBody":"","fileTypesAndContributionMap":{"docs":{"insertions":7,"deletions":7}}},{"hash":"52221dbd2fa8bdf3e97c365b94a806480f46a585","isMergeCommit":false,"messageTitle":"Update DeveloperGuide.md","messageBody":"","fileTypesAndContributionMap":{"docs":{"insertions":7,"deletions":7}}}]},{"date":"2025-02-26","commitResults":[{"hash":"c407f868cdd3aa4c819b0f0b8f18d71abf50badb","isMergeCommit":false,"messageTitle":"Update README.md","messageBody":"","fileTypesAndContributionMap":{"docs":{"insertions":90,"deletions":10}}},{"hash":"8327b5f534671cdb4354e554ef5bb7ab43d4892e","isMergeCommit":false,"messageTitle":"Update README.md","messageBody":"","fileTypesAndContributionMap":{"docs":{"insertions":12,"deletions":12}}},{"hash":"56de9c6f37040995ff64cfbc19c6c591236119b1","isMergeCommit":true,"messageTitle":"Merge branch \u0027AY2425S2-CS2103-F08-1:master\u0027 into master","messageBody":"","fileTypesAndContributionMap":{}},{"hash":"b0bcaecbc975e6480f5b0e7548c351a765b3a515","isMergeCommit":true,"messageTitle":"Merge branch \u0027master\u0027 into branch-UseCase","messageBody":"","fileTypesAndContributionMap":{}},{"hash":"b4f653a86420ac29bd2fb3e6a1394152d336a4bc","isMergeCommit":true,"messageTitle":"Merge pull request #44 from codebreaker64/branch-UseCase","messageBody":"Add schedule details use case to DG","fileTypesAndContributionMap":{}},{"hash":"dce4b5675797c53cf60a2b7d15402904b12f6f88","isMergeCommit":true,"messageTitle":"Merge branch \u0027master\u0027 into branch-UpdateReadME","messageBody":"","fileTypesAndContributionMap":{}},{"hash":"92fef7daf89efc965f0143a19e2197a789ecf62b","isMergeCommit":true,"messageTitle":"Merge pull request #45 from codebreaker64/branch-UpdateReadME","messageBody":"Update remaining contents of the readME page","fileTypesAndContributionMap":{}}]},{"date":"2025-02-27","commitResults":[{"hash":"45db33f1a78ff19f475341b1ab2525430df2635f","isMergeCommit":true,"messageTitle":"Merge pull request #52 from feliciahmq/update-project-website","messageBody":"Update DG","fileTypesAndContributionMap":{}}]},{"date":"2025-03-09","commitResults":[{"hash":"cc448727a6f0138bdf40946f1352ce77701abc07","isMergeCommit":true,"messageTitle":"Merge branch \u0027AY2425S2-CS2103-F08-1:master\u0027 into master","messageBody":"","fileTypesAndContributionMap":{}}]},{"date":"2025-03-11","commitResults":[{"hash":"a810988e5f91909c5acfdf22c0145669403ee181","isMergeCommit":true,"messageTitle":"Merge branch \u0027AY2425S2-CS2103-F08-1:master\u0027 into master","messageBody":"","fileTypesAndContributionMap":{}}]},{"date":"2025-03-12","commitResults":[{"hash":"eded98373d02c3f373ebad8535d83e469f9b9150","isMergeCommit":false,"messageTitle":"Add show command","messageBody":"","fileTypesAndContributionMap":{"functional-code":{"insertions":100,"deletions":0},"test-code":{"insertions":126,"deletions":0}}},{"hash":"0776565e1f5e8e907a425e8aa4e6fcbe5747e190","isMergeCommit":false,"messageTitle":"Fix checkstyle","messageBody":"","fileTypesAndContributionMap":{"functional-code":{"insertions":1,"deletions":2},"docs":{"insertions":5,"deletions":5},"test-code":{"insertions":1,"deletions":1}}}]},{"date":"2025-03-19","commitResults":[{"hash":"f38411190875fcda35a44e6e422a30fbefa63f9e","isMergeCommit":false,"messageTitle":"Add phone constraints","messageBody":"","fileTypesAndContributionMap":{"functional-code":{"insertions":3,"deletions":2}}},{"hash":"c49e9c684cec7fbb0dc3d213b939c93e1516db54","isMergeCommit":false,"messageTitle":"Edit test files","messageBody":"","fileTypesAndContributionMap":{"test-code":{"insertions":12,"deletions":12}}},{"hash":"b6c4c2b35bb2e3f12eff2668592992d7b297c71b","isMergeCommit":false,"messageTitle":"Debug and fix test files","messageBody":"","fileTypesAndContributionMap":{"test-code":{"insertions":2,"deletions":4}}},{"hash":"33f4a06a984aa94d7c38378e9049e672ac049d92","isMergeCommit":false,"messageTitle":"Fix checkstyle","messageBody":"","fileTypesAndContributionMap":{"functional-code":{"insertions":2,"deletions":2}}},{"hash":"86de23cf38470de8ba97908e4f9a0ef061d5f5fa","isMergeCommit":false,"messageTitle":"Edit user guide, developer guide and readME","messageBody":"","fileTypesAndContributionMap":{"docs":{"insertions":35,"deletions":29}}},{"hash":"7fb45927477e74ac5fa467371b158a5a02fa09f1","isMergeCommit":true,"messageTitle":"Merge branch \u0027master\u0027 into branch-edit-doc","messageBody":"","fileTypesAndContributionMap":{}},{"hash":"bd7caa2f9882f2c7dc4a5d4cd029b923754fa851","isMergeCommit":false,"messageTitle":"Fix phone constraint","messageBody":"","fileTypesAndContributionMap":{"functional-code":{"insertions":1,"deletions":1}}},{"hash":"14e351162ee597b6818a2c5c763de450cfee9bb3","isMergeCommit":true,"messageTitle":"Merge pull request #108 from codebreaker64/branch-edit-doc","messageBody":"Edit user guide, developer guide and readME","fileTypesAndContributionMap":{}},{"hash":"479976abb31b4f83da7722bc87bca67ebeeea6f7","isMergeCommit":false,"messageTitle":"Fix phone constraint message","messageBody":"","fileTypesAndContributionMap":{"functional-code":{"insertions":1,"deletions":1}}},{"hash":"0991a70a50c2e37896e03106f7a9ccf046584f08","isMergeCommit":true,"messageTitle":"Merge pull request #105 from codebreaker64/branch-phone-constraints","messageBody":"Add phone constraints","fileTypesAndContributionMap":{}}]},{"date":"2025-03-20","commitResults":[{"hash":"25d4ebd5df5f6439fbd3611c87bbb5d0b63fad4c","isMergeCommit":false,"messageTitle":"Fix issue related to list and show command","messageBody":"","fileTypesAndContributionMap":{"functional-code":{"insertions":3,"deletions":12}}},{"hash":"c935b19211729de75ecc216386d249e4f88b9330","isMergeCommit":false,"messageTitle":"Fix UI issue","messageBody":"","fileTypesAndContributionMap":{"functional-code":{"insertions":0,"deletions":2}}},{"hash":"4bcb24dff1c56bda872d78d2833a5a7c1e2406e0","isMergeCommit":false,"messageTitle":"Fix Checkstyle","messageBody":"","fileTypesAndContributionMap":{"functional-code":{"insertions":0,"deletions":3}}},{"hash":"7a2410920603fd5a35169e3b5be6c5842f18c89c","isMergeCommit":true,"messageTitle":"Merge pull request #113 from codebreaker64/branch-fix-issue","messageBody":"Fix issue related to list and show command","fileTypesAndContributionMap":{}},{"hash":"05c5dccc37655aa580bcaefde22409c63b896262","isMergeCommit":false,"messageTitle":"Fix sample data","messageBody":"","fileTypesAndContributionMap":{"functional-code":{"insertions":3,"deletions":3}}},{"hash":"0822c9720089edd4e91366fe216ba10d635280bb","isMergeCommit":true,"messageTitle":"Merge pull request #115 from codebreaker64/branch-fix-jar","messageBody":"Fix sample data","tags":["v1.3"],"fileTypesAndContributionMap":{}}]},{"date":"2025-03-26","commitResults":[{"hash":"cd9205e12a7be250579f6662b44cac5f9709937e","isMergeCommit":false,"messageTitle":"Add max booking time constraint","messageBody":"","fileTypesAndContributionMap":{"functional-code":{"insertions":12,"deletions":2},"docs":{"insertions":14,"deletions":13},"test-code":{"insertions":16,"deletions":16}}},{"hash":"20527dc4134f46dd0f9c6c6ce6ae6e3f2adb1281","isMergeCommit":false,"messageTitle":"Fix test cases and add dynamic data","messageBody":"","fileTypesAndContributionMap":{"functional-code":{"insertions":1,"deletions":1},"test-code":{"insertions":24,"deletions":9}}},{"hash":"23a0b3361a12b28b513f8adc2a75dd6dda0e4d88","isMergeCommit":false,"messageTitle":"Add one assert statement","messageBody":"","fileTypesAndContributionMap":{"functional-code":{"insertions":2,"deletions":2}}},{"hash":"1dd90b269cd70349474ce6ce0d7db809fb141d11","isMergeCommit":true,"messageTitle":"Merge pull request #136 from codebreaker64/branch-max-booking-time","messageBody":"Add max booking time constraint","fileTypesAndContributionMap":{}}]},{"date":"2025-03-27","commitResults":[{"hash":"2adcd9938c8a1b930c46c557d108ee5a360b4503","isMergeCommit":false,"messageTitle":"Implement view all free time slots feature","messageBody":"","fileTypesAndContributionMap":{"functional-code":{"insertions":85,"deletions":0},"docs":{"insertions":48,"deletions":4},"test-code":{"insertions":89,"deletions":0}}},{"hash":"f905c75b81c860a9b0877e05b501f1c2b8075d66","isMergeCommit":true,"messageTitle":"Merge branch \u0027master\u0027 into branch-free-slot","messageBody":"","fileTypesAndContributionMap":{}},{"hash":"2a133ad1b17471f28a0aa29cc85308031a74b47e","isMergeCommit":false,"messageTitle":"Update BetterModelClassDiagram.puml","messageBody":"","fileTypesAndContributionMap":{"docs":{"insertions":11,"deletions":10}}},{"hash":"bf115e4d078c1ef7c2e09b73921c47ab485827bf","isMergeCommit":false,"messageTitle":"Update based on feedback","messageBody":"","fileTypesAndContributionMap":{"docs":{"insertions":1,"deletions":1},"test-code":{"insertions":1,"deletions":2}}},{"hash":"ad01085286362f7c4b67f260c5e061d1fddfe3e3","isMergeCommit":true,"messageTitle":"Merge branch \u0027branch-free-slot\u0027 of https://github.com/codebreaker64/tp into branch-free-slot","messageBody":"","fileTypesAndContributionMap":{}},{"hash":"bf9a2bb81db27264b0b86cb2b400216aaf8d4d70","isMergeCommit":true,"messageTitle":"Merge pull request #146 from codebreaker64/branch-free-slot","messageBody":"Implement view all free time slots feature","fileTypesAndContributionMap":{}},{"hash":"cd0c0ea03ddb9bcde01c20ff5d017069db1fb005","isMergeCommit":true,"messageTitle":"Merge pull request #147 from codebreaker64/branch-update-uml","messageBody":"Update BetterModelClassDiagram.puml","fileTypesAndContributionMap":{}}]}],"wowwwp":[{"date":"2025-02-24","commitResults":[{"hash":"f251a40425d8fbdc51df969eaa29e54b34d352a2","isMergeCommit":false,"messageTitle":"Add info","messageBody":"","fileTypesAndContributionMap":{"docs":{"insertions":0,"deletions":0}}},{"hash":"3e2d5f925aadd80824981b5675a3c351ef29e0f3","isMergeCommit":true,"messageTitle":"Merge pull request #13 from AY2425S2-CS2103-F08-1/add-wowwwp-info","messageBody":"Add info","fileTypesAndContributionMap":{}},{"hash":"ee08294946be9f51e984d8c14c4e8f03e0ef5fdf","isMergeCommit":false,"messageTitle":"Update AboutUs.md","messageBody":"","fileTypesAndContributionMap":{"docs":{"insertions":5,"deletions":43}}},{"hash":"59a7c1ec7147ce75b1852c0efdd68cf2dc7e0d36","isMergeCommit":true,"messageTitle":"Resolve merge conflict","messageBody":"","fileTypesAndContributionMap":{}},{"hash":"ed28b6d22cdc67ddf12d1cf8e6ef8ab3e95425d7","isMergeCommit":false,"messageTitle":"Add line in AboutUs.md","messageBody":"","fileTypesAndContributionMap":{"docs":{"insertions":1,"deletions":1}}},{"hash":"5d5c4e73a6a4230f8dd9f268fda1623c55ed3cc9","isMergeCommit":true,"messageTitle":"Merge pull request #28 from AY2425S2-CS2103-F08-1/add-wowwwp-aboutus","messageBody":"Update AboutUs.md","fileTypesAndContributionMap":{}}]},{"date":"2025-02-26","commitResults":[{"hash":"572242858045caaf4ec9b54cbcd31e6a72bbacf6","isMergeCommit":false,"messageTitle":"Add acknowledgement section to README.md","messageBody":"","fileTypesAndContributionMap":{"docs":{"insertions":3,"deletions":1}}},{"hash":"1a9912153da8613ab65496da771b8752f48d70e1","isMergeCommit":true,"messageTitle":"Merge pull request #48 from AY2425S2-CS2103-F08-1/add-acknowledgement","messageBody":"Add acknowledgement section to README.md","fileTypesAndContributionMap":{}},{"hash":"7b148c76e995addb22476a42c5fc9ed2e4f10424","isMergeCommit":false,"messageTitle":"Add use case for delete reservation","messageBody":"","fileTypesAndContributionMap":{"docs":{"insertions":17,"deletions":0}}},{"hash":"888e51d0e5b266bab28b22844f229d8e4679a225","isMergeCommit":false,"messageTitle":"Add non-functional requirements","messageBody":"","fileTypesAndContributionMap":{"docs":{"insertions":17,"deletions":4}}},{"hash":"c5736e926db96fdcba59ef7daf40eebb1a9ea84f","isMergeCommit":false,"messageTitle":"Add line to DeveloperGuide.md","messageBody":"","fileTypesAndContributionMap":{"docs":{"insertions":5,"deletions":5}}},{"hash":"d22d7f710a843b4c7026586eba3e7b342c746d8a","isMergeCommit":true,"messageTitle":"Merge pull request #50 from wowwwp/update-dg","messageBody":"Update developer guide","fileTypesAndContributionMap":{}}]},{"date":"2025-03-11","commitResults":[{"hash":"cb9c9dd2dc9da84e8bfd7dfe373c89e9a48e49a9","isMergeCommit":false,"messageTitle":"Update messages for delete command","messageBody":"","fileTypesAndContributionMap":{"functional-code":{"insertions":5,"deletions":4}}},{"hash":"d0667709a1fe8788b4300c7c18726cfd6073e381","isMergeCommit":false,"messageTitle":"Fix failing tests for delete command","messageBody":"","fileTypesAndContributionMap":{"test-code":{"insertions":6,"deletions":5}}},{"hash":"402a43c2e764b72b7173824ec9bc089241bc1882","isMergeCommit":false,"messageTitle":"Fix checkstyle issues","messageBody":"","fileTypesAndContributionMap":{"functional-code":{"insertions":2,"deletions":1}}}]},{"date":"2025-03-12","commitResults":[{"hash":"67e1a8ba3bb8f438b034d781bcd893bdbfec62a7","isMergeCommit":false,"messageTitle":"Update display messages","messageBody":"","fileTypesAndContributionMap":{"functional-code":{"insertions":1,"deletions":1},"test-code":{"insertions":2,"deletions":2}}},{"hash":"6c5795983dd4df8c8141487a3539b3a97e36e290","isMergeCommit":false,"messageTitle":"Remove unused import","messageBody":"","fileTypesAndContributionMap":{"test-code":{"insertions":0,"deletions":1}}},{"hash":"fdaa215961c922803e4f41838d70b09abeb12783","isMergeCommit":true,"messageTitle":"Merge pull request #68 from wowwwp/adding-delete-command","messageBody":"Adding delete command","fileTypesAndContributionMap":{}}]},{"date":"2025-03-17","commitResults":[{"hash":"0eb4f4520157a9b3280438ca62a71578ff2dc91c","isMergeCommit":false,"messageTitle":"Rename customer to reservation for clarity * Rename the classes, methods and variables from customer to reservation in all classes and tests * Fix checkstyle violations","messageBody":"","fileTypesAndContributionMap":{"functional-code":{"insertions":471,"deletions":466},"other":{"insertions":205,"deletions":204},"test-code":{"insertions":701,"deletions":691}}},{"hash":"e0ebf23a1246b0d0dc8e6e8542acc5ee35b7b4b9","isMergeCommit":true,"messageTitle":"Merge branch \u0027master\u0027 into rename-customer","messageBody":"","fileTypesAndContributionMap":{}},{"hash":"7ea4244d0de56666e98562b56e64d18b15e6478c","isMergeCommit":false,"messageTitle":"Remove methods and variables related to address","messageBody":"","fileTypesAndContributionMap":{"test-code":{"insertions":4,"deletions":31}}},{"hash":"202be42f8a6879326d955bbef1bd576bdbd810f8","isMergeCommit":false,"messageTitle":"Rename fx:id customerListView to reservationListView","messageBody":"","fileTypesAndContributionMap":{"functional-code":{"insertions":1,"deletions":1}}},{"hash":"2c1eae2911dd464d01255648dc5776cd6e33dfa2","isMergeCommit":true,"messageTitle":"Merge branch \u0027master\u0027 of https://github.com/AY2425S2-CS2103-F08-1/tp into rename-customer","messageBody":"","fileTypesAndContributionMap":{}},{"hash":"f7f934b7051dca76aee600dc662797c5f3a82125","isMergeCommit":true,"messageTitle":"Merge pull request #87 from wowwwp/rename-customer","messageBody":"Rename customer to reservation","fileTypesAndContributionMap":{}}]},{"date":"2025-03-18","commitResults":[{"hash":"0575dd4f2fa9892d6e006944ec58ccf53c67063d","isMergeCommit":false,"messageTitle":"Add test cases for parser","messageBody":"","fileTypesAndContributionMap":{"test-code":{"insertions":10,"deletions":0}}},{"hash":"218d33817cf8df42935d959963f005123fe1dbaa","isMergeCommit":false,"messageTitle":"Add and update test cases","messageBody":"","fileTypesAndContributionMap":{"test-code":{"insertions":6,"deletions":6}}},{"hash":"12c3f04d35438ce73678019132ef186c0e4b9803","isMergeCommit":true,"messageTitle":"Merge branch \u0027master\u0027 into add-tests","messageBody":"","fileTypesAndContributionMap":{}},{"hash":"c33b19d6010e902becb260532d9be4bc0fcc0001","isMergeCommit":false,"messageTitle":"Update README.md","messageBody":"","fileTypesAndContributionMap":{"docs":{"insertions":7,"deletions":7}}},{"hash":"07f3890802f8f679182acf3d12b05dbcf2b407c8","isMergeCommit":false,"messageTitle":"Update UserGuide.md * Rename customer to reservation for delete command * Add image for delete command","messageBody":"","fileTypesAndContributionMap":{"docs":{"insertions":7,"deletions":6}}}]},{"date":"2025-03-19","commitResults":[{"hash":"b3d861f1e29fa6c77495e8600013cdcf6c4e0c0d","isMergeCommit":true,"messageTitle":"Merge pull request #98 from wowwwp/add-tests","messageBody":"Add tests","fileTypesAndContributionMap":{}},{"hash":"eae67756d46d66e536be762ffd1713043f48a4c5","isMergeCommit":true,"messageTitle":"Merge branch \u0027master\u0027 into update-guides","messageBody":"","fileTypesAndContributionMap":{}},{"hash":"5130d0a494296e97e3d79b86626bcabd4e938ef6","isMergeCommit":true,"messageTitle":"Merge pull request #100 from wowwwp/update-guides","messageBody":"Update guides","fileTypesAndContributionMap":{}},{"hash":"5d5815a052982b0eca80d17f442f7e6ae2dcb8d1","isMergeCommit":false,"messageTitle":"Rename customer to reservation in methods and variables","messageBody":"","fileTypesAndContributionMap":{"test-code":{"insertions":194,"deletions":192}}},{"hash":"a00211fca690bb5421404246e0d5aa05573ce5a3","isMergeCommit":true,"messageTitle":"Merge branch \u0027master\u0027 into rename-customers-tests","messageBody":"","fileTypesAndContributionMap":{}},{"hash":"fc660a9cbec480d6284d50d098ed511fd800c7f7","isMergeCommit":true,"messageTitle":"Merge pull request #104 from wowwwp/rename-customer-tests","messageBody":"Rename customer tests","fileTypesAndContributionMap":{}}]},{"date":"2025-03-25","commitResults":[{"hash":"600bea74ca519108935bd9369bc98aee8e7f38bf","isMergeCommit":false,"messageTitle":"Rename AddressBookParser to ReserveMateParser","messageBody":"","fileTypesAndContributionMap":{"docs":{"insertions":10,"deletions":10}}}]},{"date":"2025-03-26","commitResults":[{"hash":"313195839824a0ae0aac86fdd5e5b90765d0dbe5","isMergeCommit":false,"messageTitle":"Add functionality for filter command","messageBody":"There is no filter command for users to filter reservations within\na certain date range.\n\nTo implement filter command,\n* Add relevant syntax in the CliSyntax file\n* Implement FilterCommand and FilterCommandParser\n* Implement ReservationBetweenDatePredicate for filtering reservations\n* Move arePrefixesPresent method to ParserUtil to reduce code\nduplication\n* Add isBetween method in DateTime for filtering\n","fileTypesAndContributionMap":{"functional-code":{"insertions":219,"deletions":8}}},{"hash":"2bdaa4705652f81bf8505c4c222aca8181c78ae7","isMergeCommit":false,"messageTitle":"Add tests for filter command and relevant methods","messageBody":"","fileTypesAndContributionMap":{"functional-code":{"insertions":4,"deletions":0},"test-code":{"insertions":192,"deletions":1}}},{"hash":"3136731bcaf5d0c58d3aa019687046b02f1d7d0d","isMergeCommit":true,"messageTitle":"Merge branch \u0027master\u0027 into update-seqence-diagram","messageBody":"","fileTypesAndContributionMap":{}},{"hash":"fcbf70944efa7e07e83f18815c164239693a48ad","isMergeCommit":false,"messageTitle":"Update Customer to Reservation","messageBody":"","fileTypesAndContributionMap":{"docs":{"insertions":3,"deletions":3}}},{"hash":"6b1d7b2bb1017b1fec7c607e73af42fb759565ff","isMergeCommit":true,"messageTitle":"Merge branch \u0027master\u0027 into add-filter-command","messageBody":"","fileTypesAndContributionMap":{}},{"hash":"6ed82669815be5efb671a8f6f8db01476fa57b63","isMergeCommit":true,"messageTitle":"Merge branch \u0027master\u0027 into add-filter-command","messageBody":"","fileTypesAndContributionMap":{}},{"hash":"eebbd518f3ee90c60338b30da6ca45a1adc50e7a","isMergeCommit":false,"messageTitle":"Update guides with filter command","messageBody":"","fileTypesAndContributionMap":{"docs":{"insertions":47,"deletions":1}}},{"hash":"0c0bcc9377ae0f173d0322403079e19a17f016fe","isMergeCommit":false,"messageTitle":"Add assert statements","messageBody":"","fileTypesAndContributionMap":{"functional-code":{"insertions":2,"deletions":0}}},{"hash":"eeba22c5561e5b2f9f4bf9034f59f98e5a950d43","isMergeCommit":true,"messageTitle":"Merge branch \u0027master\u0027 into add-filter-command","messageBody":"","fileTypesAndContributionMap":{}},{"hash":"887f73e3730c75ef3378121d4f7a7f42cfb91231","isMergeCommit":true,"messageTitle":"Merge branch \u0027master\u0027 into add-filter-command","messageBody":"# Conflicts:\n#\tsrc/main/java/seedu/reserve/model/reservation/DateTime.java\n#\tsrc/test/java/seedu/reserve/logic/parser/ParserUtilTest.java\n","fileTypesAndContributionMap":{}},{"hash":"fc4f92a03654f7fa023af255f6aa19bb4aaacc8b","isMergeCommit":false,"messageTitle":"Add more tests","messageBody":"","fileTypesAndContributionMap":{"test-code":{"insertions":18,"deletions":0}}},{"hash":"f0a4c4f4bebbfad9c02d6f229ece0fe44833846f","isMergeCommit":true,"messageTitle":"Merge branch \u0027master\u0027 into update-sequence-diagram","messageBody":"","fileTypesAndContributionMap":{}},{"hash":"f6d3ea7b7f4c8e86ec63d8a9079c20fd9dbfcd97","isMergeCommit":true,"messageTitle":"Merge branch \u0027master\u0027 into update-sequence-diagram","messageBody":"","fileTypesAndContributionMap":{}},{"hash":"0213776f1f079c9b8476aec48aebda04f8e4015f","isMergeCommit":true,"messageTitle":"Merge pull request #142 from wowwwp/update-sequence-diagram","messageBody":"Update sequence diagram","fileTypesAndContributionMap":{}},{"hash":"b713206c5e3e296b38026268ea04bc2e58078403","isMergeCommit":false,"messageTitle":"Modify filter use case","messageBody":"","fileTypesAndContributionMap":{"docs":{"insertions":0,"deletions":6}}},{"hash":"2560f9fb95e0ed98f9d49e1f29bfae4239995b32","isMergeCommit":true,"messageTitle":"Merge branch \u0027master\u0027 into add-filter-command","messageBody":"# Conflicts:\n#\tsrc/main/java/seedu/reserve/logic/parser/AddCommandParser.java\n","fileTypesAndContributionMap":{}},{"hash":"8c0eae180a27fab642ef48e03aa878fefbda7f8a","isMergeCommit":true,"messageTitle":"Merge pull request #143 from wowwwp/add-filter-command","messageBody":"Add filter command","fileTypesAndContributionMap":{}}]},{"date":"2025-03-28","commitResults":[{"hash":"2bf04b6da37a901ea92ebee9fef9a318817cc44f","isMergeCommit":true,"messageTitle":"Merge pull request #160 from Kaidama97/branch-fix-sampleutil-bug","messageBody":"Fix sample data bug to allow for any valid date time","fileTypesAndContributionMap":{}}]}],"feliciahmq":[{"date":"2025-02-24","commitResults":[{"hash":"da7a96acc0619469181b6d0f50d3ddca76a5f4fe","isMergeCommit":false,"messageTitle":"Add personal info","messageBody":"","fileTypesAndContributionMap":{"docs":{"insertions":46,"deletions":0}}},{"hash":"2457aa2b0468e391c7c98a63592e3f4ecb64c834","isMergeCommit":false,"messageTitle":"Add personal info","messageBody":"","fileTypesAndContributionMap":{"docs":{"insertions":46,"deletions":0}}},{"hash":"05834bec1d330210d49863580bf32b3a7777fc10","isMergeCommit":true,"messageTitle":"Merge pull request #19 from feliciahmq/add-feliciahmq-info","messageBody":"Add personal info","fileTypesAndContributionMap":{}},{"hash":"0a4a54cfd02bbbccbac534ac323057eb2279076d","isMergeCommit":true,"messageTitle":"Merge branch \u0027master\u0027 of github.com:feliciahmq/tp","messageBody":"","fileTypesAndContributionMap":{}},{"hash":"637f64709998c7fcc329ce4702cd3b55f7419d67","isMergeCommit":false,"messageTitle":"Update AboutUs page","messageBody":"","fileTypesAndContributionMap":{"docs":{"insertions":6,"deletions":45}}},{"hash":"915f93a8c99a0bdba9f6bdb33d01fc5dedec8c6b","isMergeCommit":false,"messageTitle":"Fix checkstyle","messageBody":"","fileTypesAndContributionMap":{"docs":{"insertions":2,"deletions":1}}},{"hash":"448eaf2ae794fb65f16b20bd177d66a60ebc0f68","isMergeCommit":false,"messageTitle":"Fix checkstyle","messageBody":"","fileTypesAndContributionMap":{"docs":{"insertions":0,"deletions":1}}},{"hash":"70aac0ba5b292e3c8cce2fc951aee72754d09efe","isMergeCommit":true,"messageTitle":"Merge pull request #26 from feliciahmq/update-aboutus","messageBody":"Update AboutUs page","fileTypesAndContributionMap":{}}]},{"date":"2025-02-27","commitResults":[{"hash":"a3199a833b33d37472904a9da2ff3dbe863443f1","isMergeCommit":false,"messageTitle":"Update DG","messageBody":"Add Target user profile, value proposition and use case\n","fileTypesAndContributionMap":{"docs":{"insertions":59,"deletions":11}}}]},{"date":"2025-03-13","commitResults":[{"hash":"89cc1a7f42aeac2d2365aae2aba2494e04545c3d","isMergeCommit":true,"messageTitle":"Merge pull request #71 from JohannsenLum/view_schedule","messageBody":"Update CustomerCard logic and rename HelpList","fileTypesAndContributionMap":{}},{"hash":"15fc721288213160eebe9bc41efc4c4debf23e94","isMergeCommit":false,"messageTitle":"Add error handling","messageBody":"","fileTypesAndContributionMap":{"functional-code":{"insertions":33,"deletions":6}}},{"hash":"f86a8e326c4285e6580ee9c041a094bfc7dd7520","isMergeCommit":false,"messageTitle":"Fix checkstyle","messageBody":"","fileTypesAndContributionMap":{"functional-code":{"insertions":3,"deletions":2}}},{"hash":"2d713a9ac88b9c3be584aa00ca5b766e750a2b39","isMergeCommit":false,"messageTitle":"Fix test to match lowercase","messageBody":"","fileTypesAndContributionMap":{"test-code":{"insertions":3,"deletions":3}}},{"hash":"fb9076bf6a39991498bd75ef78019158a2bb480b","isMergeCommit":true,"messageTitle":"Merge pull request #72 from feliciahmq/find-command-v1.2","messageBody":"Find command v1.2","fileTypesAndContributionMap":{}},{"hash":"82f713e7b73967458ff74537bd617042d8d9b003","isMergeCommit":false,"messageTitle":"Rename addressbook to reservemate","messageBody":"","fileTypesAndContributionMap":{"functional-code":{"insertions":165,"deletions":179},"other":{"insertions":93,"deletions":93},"test-code":{"insertions":242,"deletions":242}}}]},{"date":"2025-03-16","commitResults":[{"hash":"84fa8eae21f010193008ac7bab479fdd83f62010","isMergeCommit":false,"messageTitle":"rename packages and classes","messageBody":"","fileTypesAndContributionMap":{"functional-code":{"insertions":64,"deletions":64},"test-code":{"insertions":47,"deletions":47}}}]},{"date":"2025-03-17","commitResults":[{"hash":"5c51eaf5ed693bd2eac867993e5aa615fdd26476","isMergeCommit":false,"messageTitle":"Rename address to reservation","messageBody":"","fileTypesAndContributionMap":{"other":{"insertions":1439,"deletions":900},"docs":{"insertions":4,"deletions":4},"test-code":{"insertions":3,"deletions":3}}},{"hash":"4033208f49538b432f552227a83f7f4e0599841d","isMergeCommit":true,"messageTitle":"Merge pull request #74 from feliciahmq/rename-addressbook","messageBody":"Rename addressbook to reservemate","fileTypesAndContributionMap":{}},{"hash":"178cd3fb68af4709cab5a426112f96f925b033a7","isMergeCommit":false,"messageTitle":"Add FindCommandParser test cases","messageBody":"Parsing short, long, invalid arguments\n","fileTypesAndContributionMap":{"test-code":{"insertions":24,"deletions":0}}},{"hash":"1eb54cd4fa06151a3c8edad427437204365b5dc0","isMergeCommit":true,"messageTitle":"Merge branch \u0027master\u0027 of github.com:feliciahmq/tp into update-find-tests","messageBody":"","fileTypesAndContributionMap":{}},{"hash":"614d4a89fdfdd44c3d8b610d6128fc93fce6f617","isMergeCommit":true,"messageTitle":"Merge pull request #85 from feliciahmq/update-find-tests","messageBody":"Add FindCommandParser test cases","fileTypesAndContributionMap":{}}]},{"date":"2025-03-26","commitResults":[{"hash":"04e10efa85e2839e81c765f5a8e64b593819752f","isMergeCommit":false,"messageTitle":"Update command changes in UML","messageBody":"","fileTypesAndContributionMap":{"docs":{"insertions":4,"deletions":4}}},{"hash":"c566e149797dce7c55fe1c15182f5164194c176c","isMergeCommit":false,"messageTitle":"Enable assertions","messageBody":"","fileTypesAndContributionMap":{"other":{"insertions":4,"deletions":0}}},{"hash":"8fd56caed3c61588e6224835d211479f0307da59","isMergeCommit":true,"messageTitle":"Merge pull request #134 from feliciahmq/enable-assertions","messageBody":"Enable assertions","fileTypesAndContributionMap":{}}]},{"date":"2025-03-27","commitResults":[{"hash":"f782deb7f5c440fdd4b33f91ee36c67d7d3dee99","isMergeCommit":false,"messageTitle":"Add summary command","messageBody":"","fileTypesAndContributionMap":{"functional-code":{"insertions":41,"deletions":4}}},{"hash":"43f76b9b07a6965c5898bc44f707ca18eebe7ba8","isMergeCommit":false,"messageTitle":"Add SummaryWindow UI","messageBody":"Logic and model code to be implemented\n","fileTypesAndContributionMap":{"functional-code":{"insertions":180,"deletions":0}}},{"hash":"901321b1985586082e581ce725d58f57f0c0852d","isMergeCommit":true,"messageTitle":"Merge branch \u0027master\u0027 of github.com:feliciahmq/tp into add-view-statistics","messageBody":"","fileTypesAndContributionMap":{}},{"hash":"a15145b485196d55a7f77a14c96ea19e75fa5c9d","isMergeCommit":false,"messageTitle":"Add logic and model integration","messageBody":"","fileTypesAndContributionMap":{"functional-code":{"insertions":79,"deletions":8}}},{"hash":"164a766f93d0caa6bbbb2b0dffb9f1c80db9d437","isMergeCommit":false,"messageTitle":"Fix summary window root bug","messageBody":"Missing fx:root\n","fileTypesAndContributionMap":{"functional-code":{"insertions":23,"deletions":10}}},{"hash":"9a66447aeda2bc336ff614e4498a1248365f613c","isMergeCommit":false,"messageTitle":"Fix checkstyle main","messageBody":"","fileTypesAndContributionMap":{"functional-code":{"insertions":19,"deletions":12}}},{"hash":"fffdc16481a00de8dbf39ed4fa7db1ac652f1dfe","isMergeCommit":false,"messageTitle":"Rename Summary to Statistics","messageBody":"","fileTypesAndContributionMap":{"functional-code":{"insertions":48,"deletions":49},"other":{"insertions":31,"deletions":31}}},{"hash":"f97a291f53f92be067689ae5175d973abc21ab48","isMergeCommit":false,"messageTitle":"Add test cases for statistics","messageBody":"","fileTypesAndContributionMap":{"functional-code":{"insertions":9,"deletions":3},"test-code":{"insertions":142,"deletions":8}}},{"hash":"032e5b1c77c18c209f561b336749c1f81a323596","isMergeCommit":true,"messageTitle":"Merge master branch","messageBody":"","fileTypesAndContributionMap":{}},{"hash":"650fd6011150b7d6bd3af0a2562e116cf740408a","isMergeCommit":false,"messageTitle":"Update docs","messageBody":"UG, DG, README, HelpCommand\n","fileTypesAndContributionMap":{"functional-code":{"insertions":5,"deletions":27},"docs":{"insertions":63,"deletions":14}}},{"hash":"6bae861e6db4b5982f1e68c93001e4443117a453","isMergeCommit":false,"messageTitle":"Add no reservations UI","messageBody":"","fileTypesAndContributionMap":{"functional-code":{"insertions":8,"deletions":0}}}]},{"date":"2025-03-28","commitResults":[{"hash":"194210b2c5a01035e5fd409654703d575c13f672","isMergeCommit":false,"messageTitle":"Fix bugs in Find and Free","messageBody":"Fix Find: more intuitive text outputs. Fix Free: update command in help list\n","fileTypesAndContributionMap":{"functional-code":{"insertions":14,"deletions":8}}},{"hash":"e97bccf0f0a10c757290bb3443ce2b022486a89b","isMergeCommit":false,"messageTitle":"Update test cases","messageBody":"No reservation found\n","fileTypesAndContributionMap":{"functional-code":{"insertions":3,"deletions":1},"test-code":{"insertions":2,"deletions":1}}},{"hash":"c70b7fea9f523ef506b81ab58d082dfda402f715","isMergeCommit":false,"messageTitle":"Remove assert statement","messageBody":"","fileTypesAndContributionMap":{"functional-code":{"insertions":0,"deletions":1}}},{"hash":"bac93757509e21465ede4cab4ffccc6e96f90492","isMergeCommit":false,"messageTitle":"Fix clear command parser","messageBody":"","fileTypesAndContributionMap":{"functional-code":{"insertions":1,"deletions":1}}},{"hash":"2f6b85a7beda459d63f9c0564b9c69638528fff8","isMergeCommit":false,"messageTitle":"Add filter to help list","messageBody":"","fileTypesAndContributionMap":{"functional-code":{"insertions":3,"deletions":2}}}]}],"Kaidama97":[{"date":"2025-02-24","commitResults":[{"hash":"c81c88bcb8fb88570e56fee81e6fc57fe23613fa","isMergeCommit":false,"messageTitle":"Add Kai Jun photo","messageBody":"","fileTypesAndContributionMap":{"docs":{"insertions":46,"deletions":0}}},{"hash":"40333d8dbd99bd28c621d417d692094b8621a22b","isMergeCommit":true,"messageTitle":"Merge pull request #17 from Kaidama97/add-kaidama97-info","messageBody":"Add Kai Jun photo","fileTypesAndContributionMap":{}},{"hash":"6dd77411a185384eaf52ab91675c688f5fb6b18b","isMergeCommit":false,"messageTitle":"Update Kai Jun about us","messageBody":"","fileTypesAndContributionMap":{"docs":{"insertions":7,"deletions":45}}},{"hash":"9d66a73484022ea4e3b3f3c4f56849ad6fcb6751","isMergeCommit":true,"messageTitle":"Merge branch \u0027master\u0027 into branch-aboutus","messageBody":"# Conflicts:\n#\tdocs/AboutUs.md\n","fileTypesAndContributionMap":{}},{"hash":"8ecf6e610961a8f4306658ebd7b4650783f440e5","isMergeCommit":true,"messageTitle":"Merge pull request #31 from Kaidama97/branch-aboutus","messageBody":"Update Kai Jun about us","fileTypesAndContributionMap":{}}]},{"date":"2025-02-25","commitResults":[{"hash":"04458c068f198db3f1bfccff7937d580bcb4fdf3","isMergeCommit":false,"messageTitle":"Update GitHub Actions build status badge","messageBody":"","fileTypesAndContributionMap":{"docs":{"insertions":1,"deletions":1}}}]},{"date":"2025-02-26","commitResults":[{"hash":"8faa6850da52d3b7d5a711063adbf71a95908e7a","isMergeCommit":false,"messageTitle":"Add user stories to DG","messageBody":"","fileTypesAndContributionMap":{"docs":{"insertions":32,"deletions":16}}},{"hash":"9454e7c4e0840d409d529d8b3f5bc11035f67137","isMergeCommit":false,"messageTitle":"Update use case for add reservation in DG","messageBody":"","fileTypesAndContributionMap":{"docs":{"insertions":4,"deletions":2}}},{"hash":"3cc0d0640c910a62af7a7ea36511da8421b83ee6","isMergeCommit":false,"messageTitle":"update use case for add reservation in DG","messageBody":"","fileTypesAndContributionMap":{"docs":{"insertions":1,"deletions":3}}},{"hash":"b2c4e875cff462158600976af1be010f66c747d4","isMergeCommit":true,"messageTitle":"Merge branch \u0027master\u0027 into branch-use-case","messageBody":"# Conflicts:\n#\tdocs/DeveloperGuide.md\n","fileTypesAndContributionMap":{}},{"hash":"61bdded061e23cea6f3f95ef6a35886516b01e2c","isMergeCommit":true,"messageTitle":"Merge pull request #47 from Kaidama97/branch-use-case","messageBody":"Add use case to DG","fileTypesAndContributionMap":{}}]},{"date":"2025-03-10","commitResults":[{"hash":"9a0888dd57f77d3b3ebf80203c65edcbf446ccc9","isMergeCommit":false,"messageTitle":"Refactor `person` to `customer` for clarity","messageBody":"","fileTypesAndContributionMap":{"functional-code":{"insertions":379,"deletions":375},"other":{"insertions":192,"deletions":192},"docs":{"insertions":21,"deletions":21},"test-code":{"insertions":724,"deletions":724}}},{"hash":"9ea78f1d3ea77cc24caadd0252c1e4e45e664eee","isMergeCommit":false,"messageTitle":"Fix style check issue","messageBody":"","fileTypesAndContributionMap":{"docs":{"insertions":1,"deletions":1}}},{"hash":"21a3a5e35d1e4ec5eabb9e5c635cc6145171de82","isMergeCommit":false,"messageTitle":"Fix check style in test files","messageBody":"","fileTypesAndContributionMap":{"test-code":{"insertions":63,"deletions":35}}},{"hash":"20220be30d521e5b250103df8a89d13235515009","isMergeCommit":false,"messageTitle":"Fix check style error","messageBody":"","fileTypesAndContributionMap":{"test-code":{"insertions":2,"deletions":2}}},{"hash":"dbf00690027824286c51f2c61811d769084209d7","isMergeCommit":true,"messageTitle":"Merge pull request #64 from Kaidama97/branch-rename-file","messageBody":"Refactor `person` to `customer` for clarity","fileTypesAndContributionMap":{}},{"hash":"05b9e4a6c95b31cc9b92c51c7d11f8c6d5676cd4","isMergeCommit":false,"messageTitle":"Fix `PersonCard.java` to `CustomerCard.java` (#65)","messageBody":"* Fix `PersonCard.java` to `CustomerCard.java`\n\n* Fix naming convention in `CustomerListPanel.java`\n\n* Rename files and method to customer\n\n* Fix `CustomerListPanel.java`\n\n* Update `CustomerListPanel.java`","fileTypesAndContributionMap":{"functional-code":{"insertions":45,"deletions":45},"other":{"insertions":4,"deletions":4},"docs":{"insertions":34,"deletions":34}}}]},{"date":"2025-03-11","commitResults":[{"hash":"e369573ce75bfb4bd6dbb71e48f08b6a14e92a3c","isMergeCommit":false,"messageTitle":"Add attributes Number of Diners and date and time of reservation","messageBody":"- Add `Diners` and `DateTime` classes for reservation details.\n  - `DateTime`: Ensures format `yyyy-MM-dd HHmm`.\n  - `Diners`: Number of diners, constrained between 1 and 10.\n\n- Update `Customer` to include these new attributes.\n\n- Modify related classes to support the changes:\n  - `AddCommand.java`: Update usage message.\n  - `EditCommand.java`: Support editing new attributes.\n  - `AddCommandParser.java`: Parse `diners` and `dateTime`.\n  - `CLISyntax.java`: Add `x/` for `diners`, `d/` for `dateTime`.\n  - `CustomerCard.java`: Display new attributes.\n  - `CustomerListCard.fxml`: Update UI layout.\n\nThis new attribute ensure that reservation is able to track\nthe customer\u0027s details.\n","fileTypesAndContributionMap":{"functional-code":{"insertions":332,"deletions":36}}},{"hash":"5812eb61dd50796cc65201182ec894e8a89d6900","isMergeCommit":false,"messageTitle":"Update duplicate customer reservation validation","messageBody":"- Change validation for duplicate customer in `Customer.java`\n\nThis change ensure that reservations are properly validated.\n","fileTypesAndContributionMap":{"functional-code":{"insertions":3,"deletions":2}}}]},{"date":"2025-03-12","commitResults":[{"hash":"4c4b3c8527eb10a2e813eb9d46cbe33b916cb2d3","isMergeCommit":false,"messageTitle":"Update tests for new create reservation functionality","messageBody":"","fileTypesAndContributionMap":{"functional-code":{"insertions":23,"deletions":12},"test-code":{"insertions":233,"deletions":75}}},{"hash":"35795ea0def34943f220a683963c6b7d155a380a","isMergeCommit":false,"messageTitle":"Add test cases for Diners and DateTime validation","messageBody":"- Added test cases to validate the `Diners` field for correct input ranges and formats.\n- Added test cases to validate the `DateTime` field for correct formats and future dates.\n\nThese changes will ensure that the customers attributes will be properly validated and improve test coverage.\n","fileTypesAndContributionMap":{"test-code":{"insertions":264,"deletions":14}}},{"hash":"cbc057da9ea84738e1899995fb8615aeaa59063b","isMergeCommit":true,"messageTitle":"Merge pull request #67 from Kaidama97/branch-create-reservation","messageBody":"Branch create reservation","fileTypesAndContributionMap":{}},{"hash":"4c7181023e7c4e55e9ff1be879436a681034943f","isMergeCommit":true,"messageTitle":"Merge pull request #69 from codebreaker64/branch-add-schedule-details","messageBody":"Add show command","fileTypesAndContributionMap":{}}]},{"date":"2025-03-17","commitResults":[{"hash":"f2f826a8be163268920e74e97650f8e9c5ecbada","isMergeCommit":false,"messageTitle":"Update docs to reflect new input format for create reservation","messageBody":"","fileTypesAndContributionMap":{"docs":{"insertions":33,"deletions":64}}},{"hash":"ae60cff6c01f999d5dd9b5d5c805b39755e2d720","isMergeCommit":false,"messageTitle":"Update `UserGuide.md`","messageBody":"","fileTypesAndContributionMap":{"docs":{"insertions":4,"deletions":1}}},{"hash":"dcc5b06756ee8d60c698a874cf7771f871a48f8a","isMergeCommit":false,"messageTitle":"Cut `Address` from `Customer` along with all dependencies","messageBody":"","fileTypesAndContributionMap":{"functional-code":{"insertions":24,"deletions":164},"test-code":{"insertions":52,"deletions":249}}},{"hash":"6e02e7ebc49b0131e97a44279107bd007db84e54","isMergeCommit":true,"messageTitle":"Merge branch \u0027master\u0027 into branch-remove-address","messageBody":"# Conflicts:\n#\tsrc/main/java/seedu/address/logic/commands/FindCommand.java\n#\tsrc/main/java/seedu/address/ui/CustomerCard.java\n#\tsrc/main/resources/view/CustomerListCard.fxml\n","fileTypesAndContributionMap":{}},{"hash":"a9170caa40ff8cef466de336ffa251941558da86","isMergeCommit":false,"messageTitle":"Add validation and constraint for `Name` attribute","messageBody":"- `Name` must not be longer than 50 characters.\n\nThis validation ensure more constraint to the name attribute.\n","fileTypesAndContributionMap":{"functional-code":{"insertions":13,"deletions":2},"test-code":{"insertions":28,"deletions":6}}},{"hash":"a6d6bddba9c1cadbed04c836591fb995a3bf5891","isMergeCommit":false,"messageTitle":"Update `customer` to `reservation` in docs","messageBody":"","fileTypesAndContributionMap":{"docs":{"insertions":5,"deletions":5}}},{"hash":"7d8150d4359287c853929cb5fbbc3f9ff6548704","isMergeCommit":true,"messageTitle":"Merge pull request #78 from Kaidama97/branch-update-docs","messageBody":"Branch update docs","fileTypesAndContributionMap":{}},{"hash":"4c0429c2284d61c5263ffff6adb9b34cdbae6516","isMergeCommit":true,"messageTitle":"Merge branch \u0027master\u0027 into branch-remove-address","messageBody":"# Conflicts:\n#\tsrc/main/java/seedu/address/model/util/SampleDataUtil.java\n#\tsrc/main/java/seedu/reserve/logic/commands/AddCommand.java\n#\tsrc/main/java/seedu/reserve/logic/commands/EditCommand.java\n#\tsrc/main/java/seedu/reserve/logic/commands/ExitCommand.java\n#\tsrc/main/java/seedu/reserve/logic/commands/FindCommand.java\n#\tsrc/main/java/seedu/reserve/logic/commands/ListCommand.java\n#\tsrc/main/java/seedu/reserve/logic/parser/AddCommandParser.java\n#\tsrc/main/java/seedu/reserve/logic/parser/EditCommandParser.java\n#\tsrc/main/java/seedu/reserve/logic/parser/ParserUtil.java\n#\tsrc/main/java/seedu/reserve/model/customer/Address.java\n#\tsrc/main/java/seedu/reserve/storage/JsonAdaptedCustomer.java\n#\tsrc/test/java/seedu/address/model/AddressBookTest.java\n#\tsrc/test/java/seedu/reserve/logic/LogicManagerTest.java\n#\tsrc/test/java/seedu/reserve/logic/commands/CommandTestUtil.java\n#\tsrc/test/java/seedu/reserve/logic/commands/EditCustomerDescriptorTest.java\n#\tsrc/test/java/seedu/reserve/logic/parser/AddCommandParserTest.java\n#\tsrc/test/java/seedu/reserve/logic/parser/EditCommandParserTest.java\n#\tsrc/test/java/seedu/reserve/logic/parser/ParserUtilTest.java\n#\tsrc/test/java/seedu/reserve/model/customer/AddressTest.java\n#\tsrc/test/java/seedu/reserve/model/customer/CustomerTest.java\n#\tsrc/test/java/seedu/reserve/model/customer/UniqueCustomerListTest.java\n#\tsrc/test/java/seedu/reserve/storage/JsonAdaptedCustomerTest.java\n#\tsrc/test/java/seedu/reserve/testutil/CustomerBuilder.java\n#\tsrc/test/java/seedu/reserve/testutil/CustomerUtil.java\n#\tsrc/test/java/seedu/reserve/testutil/EditCustomerDescriptorBuilder.java\n#\tsrc/test/java/seedu/reserve/testutil/TypicalCustomers.java\n","fileTypesAndContributionMap":{}},{"hash":"cdf0fe6a86aac0e1d9f2ea61f4f2a8914627247e","isMergeCommit":true,"messageTitle":"Merge pull request #79 from Kaidama97/branch-remove-address","messageBody":"Cut `Address` from `Customer` along with all dependencies","fileTypesAndContributionMap":{}},{"hash":"138b1d40dc697c03456c276a496ca92776c5b492","isMergeCommit":true,"messageTitle":"Merge branch \u0027master\u0027 into branch-add-name-constraint","messageBody":"","fileTypesAndContributionMap":{}},{"hash":"ea9c77f632f5f50eff22497d9dc8af360aff5ac2","isMergeCommit":true,"messageTitle":"Merge pull request #80 from Kaidama97/branch-add-name-constraint","messageBody":"Add validation and constraint for `Name` attribute","fileTypesAndContributionMap":{}}]},{"date":"2025-03-19","commitResults":[{"hash":"a6e089a5ada26e3ffa9bb0e8f5214d5dd5ebec66","isMergeCommit":false,"messageTitle":"Fix bug when read date input from `reservemate.json` file","messageBody":"- Fixed bug when any input from the json file has past current date.\n\nThis bug fix will allow data to be read from file for any valid date-time.\n","fileTypesAndContributionMap":{"functional-code":{"insertions":28,"deletions":5},"test-code":{"insertions":29,"deletions":3}}},{"hash":"4456770d5a88d4fcc5e64fcda0242bd25b3dd01a","isMergeCommit":true,"messageTitle":"Merge pull request #102 from Kaidama97/branch-fix-input-datetime","messageBody":"Fix bug when read date input from `reservemate.json` file","fileTypesAndContributionMap":{}}]},{"date":"2025-03-24","commitResults":[{"hash":"b7d87d77bb81f3d214a9f87f74e94206d988f8d8","isMergeCommit":false,"messageTitle":"Add sorting by DateTime to `UniqueReservationList`","messageBody":"- Implemented sorting by DateTime when adding reservations in the UniqueReservationList.\n","fileTypesAndContributionMap":{"functional-code":{"insertions":43,"deletions":2},"test-code":{"insertions":24,"deletions":1}}},{"hash":"9a2675fd04f58123db15f95de2bf346c0435ee4b","isMergeCommit":false,"messageTitle":"Add reschedule and update test","messageBody":"- Added validation to disable editing reservation with date-time before current time.\n- Sort edited reservations in ascending date-time order to improve readability.\n- Updated test case to test updated logic.\n\nThe update will improve validation of date-time.\n","fileTypesAndContributionMap":{"functional-code":{"insertions":21,"deletions":2},"test-code":{"insertions":19,"deletions":5}}},{"hash":"fc9a38f44cb6defe71f6a0b798b3ebfe0cd6afbe","isMergeCommit":false,"messageTitle":"Update ReserveMate docs to show enhance edit validation","messageBody":"- Added clear restrictions on editing past reservations.\n- Improved command summary tables with better formatting.\n- Add use case for edit reservation.\n\nThese changes provide users with more comprehensive guidance.\n","fileTypesAndContributionMap":{"functional-code":{"insertions":4,"deletions":4},"docs":{"insertions":49,"deletions":8},"test-code":{"insertions":3,"deletions":2}}},{"hash":"9dc86fc3a77a92f6eb1484239fde65bf5efbad8a","isMergeCommit":false,"messageTitle":"Fixed stylecheck in `EditCommandTest.java`","messageBody":"","fileTypesAndContributionMap":{"test-code":{"insertions":1,"deletions":2}}},{"hash":"b769d65722304a8f90a2a0f8b11f3ed598c86a3d","isMergeCommit":false,"messageTitle":"Fix stylechecks in docs","messageBody":"","fileTypesAndContributionMap":{"docs":{"insertions":20,"deletions":20}}},{"hash":"1e6ff4e8965f9c08eef98f28c1d9c9284b72b2e3","isMergeCommit":false,"messageTitle":"Update `DINERS` to `NUMBER_OF_DINERS` in docs","messageBody":"","fileTypesAndContributionMap":{"docs":{"insertions":13,"deletions":13}}}]},{"date":"2025-03-25","commitResults":[{"hash":"2b452ac05cb1a0671cbea3e21d62a8f23c8bf5cd","isMergeCommit":false,"messageTitle":"Fix issues from comments","messageBody":"","fileTypesAndContributionMap":{"functional-code":{"insertions":2,"deletions":2},"docs":{"insertions":7,"deletions":7},"test-code":{"insertions":3,"deletions":3}}},{"hash":"214f2c5485769b7ac96c9d95f5ee8c206d656665","isMergeCommit":false,"messageTitle":"Fixed docs issues","messageBody":"","fileTypesAndContributionMap":{"docs":{"insertions":4,"deletions":4}}},{"hash":"93ffa03351b778209ad124abad9e21965a4dd36c","isMergeCommit":true,"messageTitle":"Merge pull request #122 from Kaidama97/branch-sort-list","messageBody":"Add sorting by date-time and reschedule reservation ","fileTypesAndContributionMap":{}}]},{"date":"2025-03-26","commitResults":[{"hash":"cd9057546b0094204ad30f9c83f48689f63c29cc","isMergeCommit":false,"messageTitle":"Update `StorageClassDiagram.puml` file to reflect renaming of address book","messageBody":"","fileTypesAndContributionMap":{"docs":{"insertions":12,"deletions":12}}},{"hash":"69f9eb8a0f00cdd31538dcffb106838083cc6a4c","isMergeCommit":true,"messageTitle":"Merge pull request #139 from Kaidama97/branch-storage-uml-diagram","messageBody":"Update `StorageClassDiagram.puml` file to reflect renaming of address…","fileTypesAndContributionMap":{}}]},{"date":"2025-03-27","commitResults":[{"hash":"27c5b0c63813c06209596c938b46616dfc6b3243","isMergeCommit":false,"messageTitle":"Update `StorageClassDiagram` attribute name","messageBody":"","fileTypesAndContributionMap":{"docs":{"insertions":1,"deletions":1}}},{"hash":"3f9526f81a9042b8a2eb4f5ac77cfd11448b875e","isMergeCommit":true,"messageTitle":"Merge pull request #150 from Kaidama97/branch-storage-uml-diagram","messageBody":"Update `StorageClassDiagram` attribute name","fileTypesAndContributionMap":{}}]},{"date":"2025-03-28","commitResults":[{"hash":"5b90b62fd2b806700461dfb900517932ac38e7e9","isMergeCommit":true,"messageTitle":"Merge pull request #157 from feliciahmq/fix-bugs","messageBody":"Fix bugs in Find and Help","fileTypesAndContributionMap":{}},{"hash":"01ae47126a8c6977dcd5c0ad81a7b6cc54dd41dd","isMergeCommit":false,"messageTitle":"Fix sample data bug to allow for any valid date time","messageBody":"","fileTypesAndContributionMap":{"functional-code":{"insertions":4,"deletions":3}}},{"hash":"b083e0d08a021c891d1155be91ce13b474f6327c","isMergeCommit":false,"messageTitle":"Add test for SampleDataUtil","messageBody":"","fileTypesAndContributionMap":{"test-code":{"insertions":20,"deletions":0}}}]}],"JohannsenLum":[{"date":"2025-02-24","commitResults":[{"hash":"e71c7da40cd7b23972c36b291a7fe78c310ad6ba","isMergeCommit":false,"messageTitle":"Add personal info","messageBody":"","fileTypesAndContributionMap":{"docs":{"insertions":46,"deletions":0}}},{"hash":"c32bf759aa929001df6ab1312fd279b959ea6c7e","isMergeCommit":false,"messageTitle":"Rename johannsenlum.md to all lowercase","messageBody":"","fileTypesAndContributionMap":{"docs":{"insertions":0,"deletions":0}}},{"hash":"f4ad73882bea69a1a2cc634e82871a78f6859b97","isMergeCommit":true,"messageTitle":"Merge pull request #18 from JohannsenLum/add-johannsenlum-info","messageBody":"Add johannsenlum info","fileTypesAndContributionMap":{}},{"hash":"7ed32bfd52a8ece590aecfbb04a00a59091d9d78","isMergeCommit":false,"messageTitle":"Update AboutUs.md","messageBody":"","fileTypesAndContributionMap":{"docs":{"insertions":4,"deletions":4}}},{"hash":"9047bcd30ac53f2e9a34aff1c634f84608047716","isMergeCommit":false,"messageTitle":"Update name in AboutUs.md","messageBody":"","fileTypesAndContributionMap":{"docs":{"insertions":1,"deletions":1}}},{"hash":"6d26a31cfdda4802e9e9a0a4a22583841e1beecd","isMergeCommit":true,"messageTitle":"Resolve merge conflicts in AboutUs.md","messageBody":"","fileTypesAndContributionMap":{}},{"hash":"650655836a47221bf3137f1c4cbbfd9e5d1151d4","isMergeCommit":true,"messageTitle":"Merge pull request #32 from JohannsenLum/branch-about-us","messageBody":"Update AboutUs.md","fileTypesAndContributionMap":{}}]},{"date":"2025-02-26","commitResults":[{"hash":"37e05b76a514ed3d2652df8f657f2e3b5a36702b","isMergeCommit":false,"messageTitle":"Add user stories to DG","messageBody":"","fileTypesAndContributionMap":{"docs":{"insertions":46,"deletions":370}}},{"hash":"8b029d507d15551c72427ef51617c581c4d63638","isMergeCommit":true,"messageTitle":"Merge pull request #46 from JohannsenLum/branch-developerGuide","messageBody":"Add user stories to DG","fileTypesAndContributionMap":{}}]},{"date":"2025-03-12","commitResults":[{"hash":"9f6bba3c950387afa2c468bac63acf6ea131d58d","isMergeCommit":false,"messageTitle":"Update CustomerCard logic and rename HelpList","messageBody":"","fileTypesAndContributionMap":{"functional-code":{"insertions":10,"deletions":33},"other":{"insertions":14,"deletions":13},"test-code":{"insertions":4,"deletions":4}}}]},{"date":"2025-03-17","commitResults":[{"hash":"6ffdfb5b3eb7e8fded9b4b17e3f168e98f0f7857","isMergeCommit":false,"messageTitle":"Update parser to case insensitive","messageBody":"","fileTypesAndContributionMap":{"functional-code":{"insertions":1,"deletions":1},"test-code":{"insertions":52,"deletions":0}}}]},{"date":"2025-03-18","commitResults":[{"hash":"bc400e57a724d9ed3622ac2bb56925aedeabd468","isMergeCommit":true,"messageTitle":"Merge pull request #91 from JohannsenLum/update-parser","messageBody":"Update parser to case insensitive","fileTypesAndContributionMap":{}},{"hash":"02ec06fbfb3e73b8e4b7e3a57fe9ff7d082912e9","isMergeCommit":false,"messageTitle":"Update ListCommand to include error message","messageBody":"","fileTypesAndContributionMap":{"functional-code":{"insertions":16,"deletions":1},"test-code":{"insertions":11,"deletions":0}}},{"hash":"8e2e33539089966589b21e359da3f374e0aa5777","isMergeCommit":false,"messageTitle":"Update DG and UG","messageBody":"","fileTypesAndContributionMap":{"docs":{"insertions":10,"deletions":3}}},{"hash":"3140e87f2eae852e1ebc7e42c88ccf45ff26e36d","isMergeCommit":false,"messageTitle":"Fix LogicManagerTest error","messageBody":"","fileTypesAndContributionMap":{"test-code":{"insertions":8,"deletions":5}}},{"hash":"0c39ebe7ecc35979a22f7e77aa6facf749257ba8","isMergeCommit":false,"messageTitle":"Fix checkstyle issue in LogicManagerTest","messageBody":"","fileTypesAndContributionMap":{"test-code":{"insertions":0,"deletions":1}}},{"hash":"f8f6b639d940ecb55a813cd7e3a6ac17ab4b3b10","isMergeCommit":true,"messageTitle":"Merge pull request #94 from JohannsenLum/view_schedule","messageBody":"Fix List command bug and update UG \u0026 DG","fileTypesAndContributionMap":{}}]},{"date":"2025-03-20","commitResults":[{"hash":"4d4d4e1fe2e361efccd3585f0262213529428c39","isMergeCommit":false,"messageTitle":"Update README,UG,DG","messageBody":"","fileTypesAndContributionMap":{"docs":{"insertions":21,"deletions":21}}},{"hash":"4dd2406df78df7af36c8c9fccb32e23f1b9fe132","isMergeCommit":true,"messageTitle":"Merge pull request #109 from JohannsenLum/branch-readme","messageBody":"Update README,UG,DG","fileTypesAndContributionMap":{}}]},{"date":"2025-03-24","commitResults":[{"hash":"b834952f877b138a953b84bc9425e0600125929c","isMergeCommit":false,"messageTitle":"Improve delete validation","messageBody":"","fileTypesAndContributionMap":{"functional-code":{"insertions":76,"deletions":5},"test-code":{"insertions":13,"deletions":12}}},{"hash":"7834dd0c033e3605a339b3f2cddf0c894a846610","isMergeCommit":false,"messageTitle":"Add extra testcases for DeleteCmmandTest","messageBody":"","fileTypesAndContributionMap":{"functional-code":{"insertions":1,"deletions":1},"test-code":{"insertions":42,"deletions":0}}},{"hash":"ab92e17f9607c4aa9b4a01e661d616bbf580041c","isMergeCommit":false,"messageTitle":"Update UG/DG to include deleteCommand","messageBody":"","fileTypesAndContributionMap":{"docs":{"insertions":13,"deletions":6}}}]},{"date":"2025-03-25","commitResults":[{"hash":"294e0d66647d66433e289ba3fe2e15840765c872","isMergeCommit":true,"messageTitle":"Merge branch \u0027master\u0027 into deleteCommand","messageBody":"","fileTypesAndContributionMap":{}},{"hash":"27c5b6540ef9ad87f2f68ea3f1ca36c643b9238d","isMergeCommit":false,"messageTitle":"Update UserGuide to include compulsory fields","messageBody":"","fileTypesAndContributionMap":{"docs":{"insertions":5,"deletions":4}}}]},{"date":"2025-03-26","commitResults":[{"hash":"b39bb280888c9cb3b3ca74d136927831b08235a5","isMergeCommit":true,"messageTitle":"Merge branch \u0027master\u0027 into deleteCommand","messageBody":"","fileTypesAndContributionMap":{}},{"hash":"4d464d6e7ee565c8c928eec556608587e2a931af","isMergeCommit":false,"messageTitle":"Update PaserClasses.puml to include ReserveMate","messageBody":"","fileTypesAndContributionMap":{"docs":{"insertions":4,"deletions":4}}},{"hash":"6a413fed4701665c43410f43a0366af74e895365","isMergeCommit":true,"messageTitle":"Merge pull request #141 from JohannsenLum/parserUMLDiagram","messageBody":"Update PaserClasses.puml to include ReserveMate","fileTypesAndContributionMap":{}},{"hash":"ba699f92a403b410562502f73dd50cdac6a81fe9","isMergeCommit":true,"messageTitle":"Merge branch \u0027master\u0027 into deleteCommand","messageBody":"","fileTypesAndContributionMap":{}},{"hash":"1dec3c46e6552d8acfd843dfbf68bfc0079d3a5b","isMergeCommit":false,"messageTitle":"Update PaserUtil and DeleteCommand","messageBody":"","fileTypesAndContributionMap":{"functional-code":{"insertions":2,"deletions":2},"test-code":{"insertions":15,"deletions":0}}},{"hash":"410e698438bc5d7c5f946718576b314cdd2445c5","isMergeCommit":false,"messageTitle":"Update deleteCommand for DeveloperGuide","messageBody":"","fileTypesAndContributionMap":{"docs":{"insertions":8,"deletions":1}}},{"hash":"8b0634d55c5410053aa79bdf926312c629df95fb","isMergeCommit":true,"messageTitle":"Merge pull request #123 from JohannsenLum/deleteCommand","messageBody":"Improve delete validation","fileTypesAndContributionMap":{}},{"hash":"7ea8b1955d52cbaa48483fe573aaeb301e67712b","isMergeCommit":false,"messageTitle":"Implement ClearCommand Validation","messageBody":"","fileTypesAndContributionMap":{"functional-code":{"insertions":101,"deletions":2},"test-code":{"insertions":32,"deletions":5}}},{"hash":"2cf3bca03c8a4531e8589387d3b84873cf0e49cb","isMergeCommit":true,"messageTitle":"Merge branch \u0027master\u0027 into clearCommand","messageBody":"","fileTypesAndContributionMap":{}},{"hash":"0b37e8d6572d608cb2b1cafb47c750e23a300a57","isMergeCommit":false,"messageTitle":"Fix CheckStyle","messageBody":"","fileTypesAndContributionMap":{"functional-code":{"insertions":2,"deletions":2}}},{"hash":"11ecc39176fa19877decf0c3d890f189dd6d6369","isMergeCommit":false,"messageTitle":"Update UserGuide for clear command","messageBody":"","fileTypesAndContributionMap":{"docs":{"insertions":5,"deletions":1}}},{"hash":"27fbd6a6d04d2a9dcdeba66ab99b6e6e1b43c377","isMergeCommit":false,"messageTitle":"Add ClearCommandPaser Testcases","messageBody":"","fileTypesAndContributionMap":{"functional-code":{"insertions":20,"deletions":3},"test-code":{"insertions":41,"deletions":1}}},{"hash":"517165df5d9d497fbc5c1ea1ab997fc537b78d2b","isMergeCommit":false,"messageTitle":"Add ClearCommandTest testcases","messageBody":"","fileTypesAndContributionMap":{"test-code":{"insertions":56,"deletions":0}}},{"hash":"9cde761cfc7a9abfa78af2f4da9c195436f67154","isMergeCommit":true,"messageTitle":"Merge branch \u0027master\u0027 into clearCommand","messageBody":"","fileTypesAndContributionMap":{}}]},{"date":"2025-03-27","commitResults":[{"hash":"93812350c76308874062ae336641d5d4db001490","isMergeCommit":true,"messageTitle":"Merge with updated commits","messageBody":"","fileTypesAndContributionMap":{}},{"hash":"cf88e6a1d1f31aef713f0ea745546f4374b185b6","isMergeCommit":true,"messageTitle":"Merge pull request #145 from JohannsenLum/clearCommand","messageBody":"Clear command","fileTypesAndContributionMap":{}}]}]},"authorFileTypeContributionMap":{"basil-boh":{"docs":176,"functional-code":328,"test-code":468},"codebreaker64":{"docs":190,"functional-code":186,"test-code":226},"wowwwp":{"docs":71,"functional-code":750,"test-code":1109,"other":1},"feliciahmq":{"docs":127,"functional-code":849,"test-code":677,"other":541},"Kaidama97":{"docs":135,"functional-code":375,"test-code":458},"JohannsenLum":{"docs":134,"functional-code":212,"test-code":265}},"authorContributionVariance":{"basil-boh":49425.867,"codebreaker64":4293.228,"wowwwp":213807.1,"feliciahmq":191589.89,"Kaidama97":241848.31,"JohannsenLum":7605.557},"authorDisplayNameMap":{"basil-boh":"CS2103-F08-1 BOH ..ASIL","codebreaker64":"CS2103-F08-1 FONG.. JIE","wowwwp":"CS2103-F08-1 SRID..OOJA","feliciahmq":"CS2103-F08-1 HWAN..ICIA","Kaidama97":"CS2103-F08-1 TAY .. JUN","JohannsenLum":"CS2103-F08-1 LUM ..NSEN"}}
