{"authorDailyContributionsMap":{"pastchum":[{"date":"2025-03-06","commitResults":[{"hash":"77f9256aa97d4c4a7c6cc7c721b9bec7de0d5453","isMergeCommit":true,"messageTitle":"Merge pull request #22 from jaylontan/branch-Update-Jaylon-AboutUs","messageBody":"Update Jaylon\u0027s AboutUs.md","fileTypesAndContributionMap":{}},{"hash":"ed81c99356e0c26f2e802466444d6b69460874bb","isMergeCommit":true,"messageTitle":"Merge pull request #30 from isawangyx/branch-Update-Yanxiang-AboutUs","messageBody":"","fileTypesAndContributionMap":{}},{"hash":"2af19b61fbb3439d01bd1cdc5a850c219e1391ad","isMergeCommit":false,"messageTitle":"Add patrickthomas.md","messageBody":"","fileTypesAndContributionMap":{"docs":{"insertions":17,"deletions":12}}},{"hash":"c21d690b2ae83ad3b40e3b34d14abafd69c5fd4e","isMergeCommit":true,"messageTitle":"Merge branch \u0027master\u0027 into branch-Update-Patrick-AboutUs","messageBody":"","fileTypesAndContributionMap":{}},{"hash":"3aaf4bbbb09a11effd64f64b8cb4e22652b6d524","isMergeCommit":true,"messageTitle":"Merge pull request #34 from pastchum/branch-Update-Patrick-AboutUs","messageBody":"","fileTypesAndContributionMap":{}}]},{"date":"2025-03-08","commitResults":[{"hash":"190597cfd01c512695c122e6db5e878e13d33c75","isMergeCommit":true,"messageTitle":"Merge pull request #3 from AY2425S2-CS2103T-T08-2/master","messageBody":"Sync with main repo","fileTypesAndContributionMap":{}},{"hash":"cf6e93b0310ac3e72f0e4412f7be3e2c4c356cc7","isMergeCommit":false,"messageTitle":"Update Readme dev roles","messageBody":"","fileTypesAndContributionMap":{"docs":{"insertions":116,"deletions":11}}}]},{"date":"2025-03-10","commitResults":[{"hash":"d3ff87fc9eb2bea3fd9bedc95c59ab6f1bb0885f","isMergeCommit":true,"messageTitle":"Merge pull request #4 from AY2425S2-CS2103T-T08-2/master","messageBody":"Sync to master","fileTypesAndContributionMap":{}},{"hash":"33e65caa899c4828ccb5f1a11a55fa453febfcbd","isMergeCommit":true,"messageTitle":"Merge pull request #44 from Ben926/branch-Update-DG","messageBody":"Update developer\u0027s guide with glossary, NFRs, use cases","fileTypesAndContributionMap":{}}]},{"date":"2025-03-12","commitResults":[{"hash":"d01048689ad480438091fd7c8cb2a30e203f736b","isMergeCommit":true,"messageTitle":"Merge pull request #5 from AY2425S2-CS2103T-T08-2/master","messageBody":"Sync to master","fileTypesAndContributionMap":{}},{"hash":"c8e6ef5161e4c7e64fe22e5d2a6e592fc39d819f","isMergeCommit":false,"messageTitle":"Update User Guide Url","messageBody":"","fileTypesAndContributionMap":{"functional-code":{"insertions":1,"deletions":1}}},{"hash":"b099beb54cd0b40e46bfbee62f3bc579acffbbbf","isMergeCommit":false,"messageTitle":"Add bookings Set in Person","messageBody":"","fileTypesAndContributionMap":{"functional-code":{"insertions":15,"deletions":4}}},{"hash":"6a1d04e944e92d87f9632f04962c77cf5af5212c","isMergeCommit":false,"messageTitle":"AddBookingCommand update Person\u0027s bookings","messageBody":"","fileTypesAndContributionMap":{"functional-code":{"insertions":4,"deletions":0}}},{"hash":"d30cf83cfcf720986deb7076ef2bfe4fb5899832","isMergeCommit":false,"messageTitle":"Fix CheckStyle","messageBody":"","fileTypesAndContributionMap":{"functional-code":{"insertions":16,"deletions":1}}},{"hash":"244c9c4cd7250efd26247f420907617fe61a9f0b","isMergeCommit":true,"messageTitle":"Merge pull request #6 from AY2425S2-CS2103T-T08-2/master","messageBody":"Sync main","fileTypesAndContributionMap":{}},{"hash":"0419169fa938863c71a32ebc070413707d1b00c6","isMergeCommit":true,"messageTitle":"Merge pull request #7 from pastchum/master","messageBody":"Sync to main repo master","fileTypesAndContributionMap":{}}]},{"date":"2025-03-13","commitResults":[{"hash":"e78d085f90697292b0a3d56801b7fb575b421875","isMergeCommit":true,"messageTitle":"Merge pull request #61 from Ben926/branch-Clear-Booking-command","messageBody":"Branch clear booking command","fileTypesAndContributionMap":{}},{"hash":"a63d180e0486742479648518aa6f9d7a6b5648cf","isMergeCommit":true,"messageTitle":"Merge pull request #8 from AY2425S2-CS2103T-T08-2/master","messageBody":"Sync to main","fileTypesAndContributionMap":{}},{"hash":"d795a9faa5cb2596e445f92cbff934a378d41683","isMergeCommit":true,"messageTitle":"Merge pull request #9 from pastchum/master","messageBody":"Sync to master repo","fileTypesAndContributionMap":{}},{"hash":"2a2117f19b961c712be931aa4b4b942c0026d8d7","isMergeCommit":false,"messageTitle":"Update JsonAdaptedPerson for BookingIds","messageBody":"","fileTypesAndContributionMap":{"functional-code":{"insertions":21,"deletions":6}}},{"hash":"0e54042bac4e77c59c10afae56fec4d6cff3f5a3","isMergeCommit":false,"messageTitle":"Refactor Status enumeration","messageBody":"","fileTypesAndContributionMap":{"functional-code":{"insertions":67,"deletions":44}}},{"hash":"ea5dc4180b1d93b1d654616dfb98edcde9fc021b","isMergeCommit":false,"messageTitle":"Add JsonAdaptedBooking","messageBody":"","fileTypesAndContributionMap":{"functional-code":{"insertions":144,"deletions":4}}},{"hash":"d958f94f9110efcfd793c6b080a7342159176dd1","isMergeCommit":false,"messageTitle":"Update JsonAdaptedPersonTest","messageBody":"","fileTypesAndContributionMap":{"functional-code":{"insertions":0,"deletions":1},"test-code":{"insertions":10,"deletions":9}}},{"hash":"78dcce12e3b97a2873d463c7c587988b452f4f21","isMergeCommit":false,"messageTitle":"Update JsonSerializableAddressBook","messageBody":"","fileTypesAndContributionMap":{"functional-code":{"insertions":28,"deletions":2}}},{"hash":"039cdf7778929dc20ef8ebf41d96bda98bc33cc8","isMergeCommit":false,"messageTitle":"Fix CheckStyle","messageBody":"","fileTypesAndContributionMap":{"functional-code":{"insertions":50,"deletions":27},"test-code":{"insertions":25,"deletions":9}}},{"hash":"cded8ae85d546f500da31ea2647c185e4b04764a","isMergeCommit":false,"messageTitle":"Fix storing bookings bug","messageBody":"","fileTypesAndContributionMap":{"functional-code":{"insertions":8,"deletions":5}}},{"hash":"fc612274a707b2cf2fdbc598cb1810633fe03b9f","isMergeCommit":false,"messageTitle":"Fix loading from storage bug","messageBody":"","fileTypesAndContributionMap":{"functional-code":{"insertions":72,"deletions":7},"test-code":{"insertions":10,"deletions":4}}}]},{"date":"2025-03-17","commitResults":[{"hash":"643eb22b4f530c75fe2c3d3f58984ab8e45c8ecf","isMergeCommit":true,"messageTitle":"Merge pull request #10 from AY2425S2-CS2103T-T08-2/master","messageBody":"Sync to master","fileTypesAndContributionMap":{}}]},{"date":"2025-03-18","commitResults":[{"hash":"a4dcc84967353858cc37121cbdc05766c779d766","isMergeCommit":true,"messageTitle":"Merge pull request #67 from isawangyx/branch-add-booking-list-class","messageBody":"","fileTypesAndContributionMap":{}}]},{"date":"2025-03-20","commitResults":[{"hash":"d685a1901b5e754999b294c8c408778ec448af03","isMergeCommit":true,"messageTitle":"Merge pull request #11 from AY2425S2-CS2103T-T08-2/master","messageBody":"Sync to main","fileTypesAndContributionMap":{}},{"hash":"d8a6c85e5fda5b0b5320b90607d55090f3016b8d","isMergeCommit":false,"messageTitle":"Add sorting for booking panel","messageBody":"","fileTypesAndContributionMap":{"functional-code":{"insertions":15,"deletions":2}}},{"hash":"790b53ed9606f36709259834e92fa6aa6bfdcbb6","isMergeCommit":true,"messageTitle":"Merge pull request #72 from Ben926/branch-Update-Docs","messageBody":"Branch update docs","fileTypesAndContributionMap":{}}]},{"date":"2025-03-25","commitResults":[{"hash":"8181e5760bc9f4bedcf9c8bdddeeda2674373be6","isMergeCommit":false,"messageTitle":"Add JsonSerializableAddressBook Person Check","messageBody":"","fileTypesAndContributionMap":{"functional-code":{"insertions":33,"deletions":5},"other":{"insertions":1,"deletions":1}}},{"hash":"ec16229e1eff3459728db60a256904bee4c10360","isMergeCommit":false,"messageTitle":"Fix crash on launch Bug","messageBody":"","fileTypesAndContributionMap":{"functional-code":{"insertions":2,"deletions":1}}},{"hash":"6488afd48e53731d5b187f51348d6a4b052c4a36","isMergeCommit":false,"messageTitle":"Fix Concurrent Modification Bug","messageBody":"","fileTypesAndContributionMap":{"functional-code":{"insertions":8,"deletions":2}}},{"hash":"4f34c363d1c26578cecd933815dfa46414ec2987","isMergeCommit":false,"messageTitle":"Update Booking Gui","messageBody":"","fileTypesAndContributionMap":{"functional-code":{"insertions":16,"deletions":7}}},{"hash":"3d51ea775c2467172bd56eb2dca93b0338bf954e","isMergeCommit":true,"messageTitle":"Merge pull request #88 from Ben926/branch-Edit-filter","messageBody":"Add filter by date functionality","fileTypesAndContributionMap":{}}]},{"date":"2025-03-26","commitResults":[{"hash":"bfb095d2b4428012acedb847ba586b8575368327","isMergeCommit":false,"messageTitle":"Update Delete Person to delete bookings","messageBody":"","fileTypesAndContributionMap":{"functional-code":{"insertions":4,"deletions":0}}}]},{"date":"2025-03-27","commitResults":[{"hash":"d77c7d703e910a6d37347a745fc3527636ec05bc","isMergeCommit":true,"messageTitle":"Merge pull request #93 from isawangyx/branch-remove-bookingtags","messageBody":"","fileTypesAndContributionMap":{}},{"hash":"ded36b8814955a26f2a0760a0a977bcf5bea2d8e","isMergeCommit":true,"messageTitle":"Merge pull request #94 from isawangyx/branch-bookinglist-ui","messageBody":"","fileTypesAndContributionMap":{}},{"hash":"b39264e478af7fe861134fa4faa7362c5bd16780","isMergeCommit":true,"messageTitle":"Merge pull request #96 from isawangyx/branch-filter-booking-status","messageBody":"Add function to filter bookings by status","fileTypesAndContributionMap":{}},{"hash":"d1f1bddea3165c9d24583147428f0b98f0137140","isMergeCommit":true,"messageTitle":"Merge pull request #98 from LuBolin/branch-Add-Today-Command","messageBody":"Add /today command to show today\u0027s bookings and persons","fileTypesAndContributionMap":{}},{"hash":"dc48bf0c3f05738d25dfe8ceae32f3a2358c5fc8","isMergeCommit":true,"messageTitle":"Merge pull request #97 from LuBolin/branch-Fix-Mark-BookingPanel-Sync","messageBody":"Fix booking panel not syncing when mark command executes","fileTypesAndContributionMap":{}},{"hash":"55c1121dce4533eea6488faa5d0aa0770af596e2","isMergeCommit":true,"messageTitle":"Merge pull request #102 from jaylontan/branch-add-testing","messageBody":"Add testing","fileTypesAndContributionMap":{}},{"hash":"d293ccc50067adb2f5864c569505671463619784","isMergeCommit":false,"messageTitle":"Remove AddBookingCommand unused ObservableList import","messageBody":"","fileTypesAndContributionMap":{"functional-code":{"insertions":5,"deletions":0}}},{"hash":"782ffbafa833129c43e054bee03a56fc7119a00e","isMergeCommit":true,"messageTitle":"Merge branch \u0027AY2425S2-CS2103T-T08-2:master\u0027 into branch-Update-Add-Booking-Command","messageBody":"","fileTypesAndContributionMap":{}},{"hash":"91f5dc3a3c7aa967146fb107d626590b2bf0f398","isMergeCommit":false,"messageTitle":"Update AddBookingCommandTest","messageBody":"","fileTypesAndContributionMap":{"test-code":{"insertions":2,"deletions":2}}}]},{"date":"2025-03-28","commitResults":[{"hash":"baad7b6bb92605eebd2dbe0af4fea7ae28a7c8a2","isMergeCommit":true,"messageTitle":"Merge pull request #106 from Ben926/branch-Update-UML","messageBody":"Update Model UML with bookings","fileTypesAndContributionMap":{}},{"hash":"4470d73152f6b1ed5e7ffdfd536cbe24dfb21f04","isMergeCommit":false,"messageTitle":"Update StorageClassDiagram UML","messageBody":"","fileTypesAndContributionMap":{"docs":{"insertions":3,"deletions":0}}}]},{"date":"2025-03-31","commitResults":[{"hash":"c45606fee5c0417da5337106a35b916143d3d4e5","isMergeCommit":false,"messageTitle":"Add BookingBuilder class","messageBody":"","fileTypesAndContributionMap":{"test-code":{"insertions":272,"deletions":0}}},{"hash":"4fccf962ac77b87f13aa95cbeacda96e0aeec465","isMergeCommit":false,"messageTitle":"Update TypicalBookings class","messageBody":"","fileTypesAndContributionMap":{"test-code":{"insertions":63,"deletions":21}}},{"hash":"35dc29a35d5c6142b1a6e2455f9807c9b072b404","isMergeCommit":false,"messageTitle":"Add JsonAdaptedBookingTest cases","messageBody":"","fileTypesAndContributionMap":{"functional-code":{"insertions":65,"deletions":1},"test-code":{"insertions":33,"deletions":34}}},{"hash":"ed379332d656800b518e657109d8c0f2e0a41c12","isMergeCommit":false,"messageTitle":"Fix CheckStyle","messageBody":"","fileTypesAndContributionMap":{"test-code":{"insertions":22,"deletions":53}}},{"hash":"b0116ce84ed1f76527dd714437f57e2fc136a8eb","isMergeCommit":true,"messageTitle":"Merge pull request #145 from Ben926/branch-Remove-tags-field-bug","messageBody":"Remove tags field for add and edit booking classes","fileTypesAndContributionMap":{}},{"hash":"f00f7a57095f2c5b10a30949ae4a88521f0cc50d","isMergeCommit":false,"messageTitle":"Add JsonSerialisableAddressBookTest Booking test cases","messageBody":"","fileTypesAndContributionMap":{"test-code":{"insertions":35,"deletions":19}}},{"hash":"99b5b3308ea86e5ca08856df45236e2aaea48c05","isMergeCommit":false,"messageTitle":"Fix CheckStyle Main","messageBody":"","fileTypesAndContributionMap":{"functional-code":{"insertions":0,"deletions":3}}},{"hash":"6372ef9fd85003839f5f8df980738f0c8a5a06c8","isMergeCommit":false,"messageTitle":"Fix Edit Booking Frozen Ui","messageBody":"","fileTypesAndContributionMap":{"functional-code":{"insertions":7,"deletions":0}}},{"hash":"a148ffebee7be9ea567370ce7aed01b403dcd9c6","isMergeCommit":false,"messageTitle":"Fix ClearBookings Frozen Ui Bug","messageBody":"","fileTypesAndContributionMap":{"functional-code":{"insertions":6,"deletions":0}}},{"hash":"2b78087f689da67a02781a8abd0c53bafdf4e229","isMergeCommit":false,"messageTitle":"Update BookingCard Status colour","messageBody":"","fileTypesAndContributionMap":{"functional-code":{"insertions":48,"deletions":4}}},{"hash":"1ce6f8f8135f5637b2ddb597980ac6b21cf3de23","isMergeCommit":false,"messageTitle":"Add BookingCount","messageBody":"","fileTypesAndContributionMap":{"functional-code":{"insertions":5,"deletions":1}}},{"hash":"4ade5c9bf8ebb1951dc812c34a92b73149a70957","isMergeCommit":false,"messageTitle":"Update PersonCard Ui","messageBody":"","fileTypesAndContributionMap":{"functional-code":{"insertions":14,"deletions":5}}},{"hash":"ef8642c5c1fe660d031050be003859e488feb503","isMergeCommit":false,"messageTitle":"Fix Checkstyle","messageBody":"","fileTypesAndContributionMap":{"functional-code":{"insertions":2,"deletions":2}}}]},{"date":"2025-04-01","commitResults":[{"hash":"33cf75479c67314407afec91f522f9c90fbc7a14","isMergeCommit":true,"messageTitle":"Merge pull request #151 from isawangyx/branch-add-past-bookings-warning","messageBody":"","fileTypesAndContributionMap":{}},{"hash":"92aacc26d8bd46ca1d6b932e931828b83d83f84a","isMergeCommit":true,"messageTitle":"Merge pull request #153 from isawangyx/branch-bookingpax-limit","messageBody":"Set valid booking pax to between 1 and 20","fileTypesAndContributionMap":{}},{"hash":"50a85b707725c75ae89a6c26788a82bc984f5c99","isMergeCommit":true,"messageTitle":"Merge branch \u0027AY2425S2-CS2103T-T08-2:master\u0027 into branch-Update-Ui","messageBody":"","fileTypesAndContributionMap":{}},{"hash":"64af6f43b51c1fe9633d81488b9fb8792e007a76","isMergeCommit":false,"messageTitle":"PersonCard: Sort Bookings by date","messageBody":"","fileTypesAndContributionMap":{"functional-code":{"insertions":13,"deletions":3}}},{"hash":"a40be3f8bac0d19de72c6c0c6c1b6eb1d9f03939","isMergeCommit":false,"messageTitle":"Fix CheckStyle","messageBody":"","fileTypesAndContributionMap":{"functional-code":{"insertions":6,"deletions":6}}},{"hash":"7195e699f8596ce2da3cc5b90e977d57c68987b2","isMergeCommit":true,"messageTitle":"Merge pull request #155 from isawangyx/branch-disallow-edit-phone","messageBody":"Disallow edit person\u0027s phone for our use case","fileTypesAndContributionMap":{}},{"hash":"eb9e313c7c5c7f942393eb490c6c7a33a297e595","isMergeCommit":false,"messageTitle":"EditCommand: Fix remove bookings from person bug","messageBody":"","fileTypesAndContributionMap":{"functional-code":{"insertions":3,"deletions":1}}},{"hash":"d37ce3d860f7c2ec7a3933e440a62eda53be85ab","isMergeCommit":false,"messageTitle":"Fix CheckStyle","messageBody":"","fileTypesAndContributionMap":{"functional-code":{"insertions":19,"deletions":1},"test-code":{"insertions":25,"deletions":2}}},{"hash":"233ee987fd078ed491302729c4178f9b18699d0d","isMergeCommit":false,"messageTitle":"Update Filter Command","messageBody":"","fileTypesAndContributionMap":{"functional-code":{"insertions":10,"deletions":0}}},{"hash":"41b6d9315f1988f1b4f3f36f7d892ecdcb19b8f6","isMergeCommit":false,"messageTitle":"EditCommand: Update Bookings under Person object","messageBody":"","fileTypesAndContributionMap":{"functional-code":{"insertions":10,"deletions":2}}}]},{"date":"2025-04-02","commitResults":[{"hash":"b404b181a7566be7fee358f461e40c0626bb212e","isMergeCommit":false,"messageTitle":"Fix test cases","messageBody":"","fileTypesAndContributionMap":{"functional-code":{"insertions":15,"deletions":9},"test-code":{"insertions":1,"deletions":1}}},{"hash":"ca0191b8daeb9df8ee15d10076b32f21b40accbc","isMergeCommit":false,"messageTitle":"Fix CheckStyle","messageBody":"","fileTypesAndContributionMap":{"functional-code":{"insertions":0,"deletions":16},"test-code":{"insertions":0,"deletions":1}}},{"hash":"c4d23f3b6677bc12194b5b4db7b692f825df041c","isMergeCommit":false,"messageTitle":"Filter filters persons","messageBody":"","fileTypesAndContributionMap":{"functional-code":{"insertions":5,"deletions":1}}},{"hash":"40cbddef9804040cbb0abc2a69c81c1dee1b56ba","isMergeCommit":false,"messageTitle":"Reset Filter","messageBody":"","fileTypesAndContributionMap":{"functional-code":{"insertions":1,"deletions":4}}},{"hash":"a0d320a41168605d031d443a058b997f96ea9c88","isMergeCommit":false,"messageTitle":"Fix CheckStyle","messageBody":"","fileTypesAndContributionMap":{"functional-code":{"insertions":0,"deletions":1}}},{"hash":"07919080581eb693d57be1df17b7b7c940eef834","isMergeCommit":true,"messageTitle":"Merge pull request #169 from isawangyx/branch-improve-error-handling","messageBody":"Improve error handling","fileTypesAndContributionMap":{}},{"hash":"a40151bcdac8d1f51d81c8bcfb0c18342af17243","isMergeCommit":false,"messageTitle":"Fix Ui Freeze","messageBody":"","fileTypesAndContributionMap":{"functional-code":{"insertions":6,"deletions":0}}},{"hash":"3e91b83fbd36f05a8f75fe11eeb053159100e851","isMergeCommit":false,"messageTitle":"PersonCard: Update BookingCount Label","messageBody":"","fileTypesAndContributionMap":{"functional-code":{"insertions":2,"deletions":1}}},{"hash":"8a8f1bb6ad8f64e647feb83ccf81426e69a28430","isMergeCommit":false,"messageTitle":"Fix DeleteBooking Ui Freeze Bug","messageBody":"","fileTypesAndContributionMap":{"functional-code":{"insertions":9,"deletions":0}}},{"hash":"ce192622030c989e0c64778545fcdf5b94ae0d45","isMergeCommit":true,"messageTitle":"Merge pull request #171 from jaylontan/branch-update-cli-text","messageBody":"Update output text to wrap","fileTypesAndContributionMap":{}}]},{"date":"2025-04-03","commitResults":[{"hash":"77d9cfa048a23a74e798ce57ef4044641ff0ed1a","isMergeCommit":true,"messageTitle":"Merge pull request #172 from jaylontan/branch-fix-phone","messageBody":"Update Phone.java","fileTypesAndContributionMap":{}},{"hash":"7399e320647d29b7c8c12a19dcb56e706328135d","isMergeCommit":false,"messageTitle":"Rename commands","messageBody":"","fileTypesAndContributionMap":{"functional-code":{"insertions":4,"deletions":4},"other":{"insertions":42,"deletions":37}}},{"hash":"2b2d1c3d2e8e2291dc5112a47df491760fabc429","isMergeCommit":true,"messageTitle":"Merge pull request #178 from isawangyx/branch-update-ug","messageBody":"","fileTypesAndContributionMap":{}},{"hash":"c5d9a59a5fc6308d37fd72316b6bab30cb6fad69","isMergeCommit":true,"messageTitle":"Merge pull request #181 from LuBolin/master","messageBody":"Update DG","fileTypesAndContributionMap":{}},{"hash":"55833ce126d73111b31d820c784bb932f55f9653","isMergeCommit":true,"messageTitle":"Merge pull request #182 from LuBolin/master","messageBody":"Add line breaks to commands for better viewing","fileTypesAndContributionMap":{}},{"hash":"f7553d82dbaf497df1519e4902dfaadb34ab2fb3","isMergeCommit":false,"messageTitle":"Change UG to patrons","messageBody":"","fileTypesAndContributionMap":{"docs":{"insertions":51,"deletions":50}}},{"hash":"7082a7282680ca2abdb74b4c8b767ff2e1c8bca0","isMergeCommit":false,"messageTitle":"Update Implementation of Data Archiving","messageBody":"","fileTypesAndContributionMap":{"docs":{"insertions":2,"deletions":2}}},{"hash":"bf19022c30a59dd3b3066d77be210080b8c75aff","isMergeCommit":false,"messageTitle":"Developer Guide: Add Implementation of Bookings","messageBody":"","fileTypesAndContributionMap":{"docs":{"insertions":22,"deletions":0}}},{"hash":"1de278d3ebb280c083d037d835692d4c5683426a","isMergeCommit":false,"messageTitle":"Developer Guide: Add Implementation of Storage Feature","messageBody":"","fileTypesAndContributionMap":{"docs":{"insertions":50,"deletions":3}}},{"hash":"193afe8fd9fe588002e09e8fc721c590fa6a0902","isMergeCommit":true,"messageTitle":"Merge pull request #184 from pastchum/branch-Update-DG","messageBody":"Developer Guide: Update Implementation","fileTypesAndContributionMap":{}},{"hash":"9271a10e9eade7d56fd8acd5121cfc50b019c3cf","isMergeCommit":true,"messageTitle":"Merge pull request #185 from isawangyx/branch-update-DG","messageBody":"Update DG","tags":["v1.5"],"fileTypesAndContributionMap":{}}]}],"isawangyx":[{"date":"2025-03-06","commitResults":[{"hash":"6dbdd2a81499b9514f713ae8f53256d861b77d68","isMergeCommit":false,"messageTitle":"Update Yanxiang\u0027s AboutUs","messageBody":"","fileTypesAndContributionMap":{"docs":{"insertions":16,"deletions":6}}},{"hash":"a35f1a93dbfe7cb7f83a9779bf71e7bc8a1e4289","isMergeCommit":false,"messageTitle":"Add newline at EOF","messageBody":"","fileTypesAndContributionMap":{"docs":{"insertions":1,"deletions":1}}},{"hash":"0d4fca02f5108c0726cf746c5a3b7f503c1f1bcb","isMergeCommit":true,"messageTitle":"Merge pull request #31 from jaylontan/branch-Update-Jaylon-AboutUs","messageBody":"Update Jaylon\u0027s AboutUs","fileTypesAndContributionMap":{}},{"hash":"c0cda7dd2216e9785f7bbee8900e0bf4dd6a80f4","isMergeCommit":true,"messageTitle":"Merge pull request #25 from LuBolin/branch-Add-Bolin-AboutUs","messageBody":"Add Bolin to AboutUs","fileTypesAndContributionMap":{}}]},{"date":"2025-03-11","commitResults":[{"hash":"cd4b7864b7c7d36fddc3e18401eab3d75c82176c","isMergeCommit":true,"messageTitle":"Merge pull request #55 from jaylontan/branch-mark-booking-as-done","messageBody":"Add \u0027mark\u0027 command","fileTypesAndContributionMap":{}},{"hash":"cb3d0fc8fbbfca18f7b201c4e71243ad4ce2294e","isMergeCommit":false,"messageTitle":"Add ListBookingCommand class","messageBody":"","fileTypesAndContributionMap":{"functional-code":{"insertions":61,"deletions":22}}}]},{"date":"2025-03-12","commitResults":[{"hash":"5433f7e7d98892f7eaf0b939e4306f9264492dc3","isMergeCommit":false,"messageTitle":"Add support for listing all (upcoming) bookings","messageBody":"","fileTypesAndContributionMap":{"functional-code":{"insertions":40,"deletions":2}}},{"hash":"437bf902f33308a7d097dd6adcf85abceaa63d53","isMergeCommit":false,"messageTitle":"Fix checkstyle","messageBody":"","fileTypesAndContributionMap":{"functional-code":{"insertions":4,"deletions":4}}}]},{"date":"2025-03-13","commitResults":[{"hash":"c10b380ba8026398177e1cf18e19f48b56e5a8c1","isMergeCommit":true,"messageTitle":"Merge pull request #62 from pastchum/branch-Update-Storage","messageBody":"Update storage","fileTypesAndContributionMap":{}},{"hash":"f430bbda36d2ed2592b5770b8343b0937cd7681b","isMergeCommit":true,"messageTitle":"Merge pull request #58 from pastchum/branch-update-help","messageBody":"Update Help","fileTypesAndContributionMap":{}}]},{"date":"2025-03-18","commitResults":[{"hash":"16cb944a8c990f0e011cb3e2370458b3930a5526","isMergeCommit":false,"messageTitle":"Refactor booking list in AddressBook","messageBody":"","fileTypesAndContributionMap":{"functional-code":{"insertions":269,"deletions":55}}},{"hash":"48d5ed499b3eec50719891546e115039990ff6ba","isMergeCommit":false,"messageTitle":"Fix checkstyle","messageBody":"","fileTypesAndContributionMap":{"functional-code":{"insertions":10,"deletions":5}}},{"hash":"be29b3968ada083c25d3cd01760a6d95ba6c8294","isMergeCommit":false,"messageTitle":"Fix bug","messageBody":"","fileTypesAndContributionMap":{"functional-code":{"insertions":6,"deletions":0}}}]},{"date":"2025-03-19","commitResults":[{"hash":"e8f9e206218cbff86fdf2c1bc81fa40c17359e24","isMergeCommit":false,"messageTitle":"Edit UI to display tags","messageBody":"","fileTypesAndContributionMap":{"functional-code":{"insertions":96,"deletions":37}}},{"hash":"179d8f061c931f38dfbf2beb87e67df7aab90de4","isMergeCommit":false,"messageTitle":"Fix checkstyle","messageBody":"","fileTypesAndContributionMap":{"functional-code":{"insertions":2,"deletions":3}}},{"hash":"cff960efc9712c13a2888e79b8b0fa89bd9d7ccc","isMergeCommit":false,"messageTitle":"Update UI","messageBody":"","fileTypesAndContributionMap":{"functional-code":{"insertions":17,"deletions":7}}},{"hash":"240460ec8ac3604dd231264a13a8c42be14f4bd9","isMergeCommit":false,"messageTitle":"Update test","messageBody":"","fileTypesAndContributionMap":{"test-code":{"insertions":15,"deletions":9}}},{"hash":"8b05e51ac51c49640ca20349de425564eab36d1e","isMergeCommit":false,"messageTitle":"Add booking list panel","messageBody":"","fileTypesAndContributionMap":{"functional-code":{"insertions":171,"deletions":8}}},{"hash":"80a602c95890b1486b6b77bd770511381e027a89","isMergeCommit":false,"messageTitle":"Fix checkstyle","messageBody":"","fileTypesAndContributionMap":{"functional-code":{"insertions":6,"deletions":5}}},{"hash":"fd1a7484b949f986696e12b0d80b1caabf473197","isMergeCommit":false,"messageTitle":"Fix styling","messageBody":"","fileTypesAndContributionMap":{"functional-code":{"insertions":9,"deletions":3}}},{"hash":"ea7001c5bc04f2f14612aa5454ccf34cad178378","isMergeCommit":true,"messageTitle":"Merge pull request #70 from jaylontan/add-Filter-Command","messageBody":"Add filter command","fileTypesAndContributionMap":{}}]},{"date":"2025-03-26","commitResults":[{"hash":"4224eb210c7244bbfae2c6015bcbab14ebef4aea","isMergeCommit":false,"messageTitle":"Remove tags from Booking model to reduce redundancy with remarks field","messageBody":"","fileTypesAndContributionMap":{"functional-code":{"insertions":15,"deletions":63}}},{"hash":"84fb320280b4e92ca7bb8d1b1a8313259199d6de","isMergeCommit":false,"messageTitle":"Remove tags from Booking model to reduce redundancy with remarks field","messageBody":"","fileTypesAndContributionMap":{"functional-code":{"insertions":0,"deletions":2}}}]},{"date":"2025-03-27","commitResults":[{"hash":"6b1b520c443be33de12ead71a3834e80f1995d22","isMergeCommit":false,"messageTitle":"Update booking card ui","messageBody":"","fileTypesAndContributionMap":{"functional-code":{"insertions":46,"deletions":22}}},{"hash":"2e609665bb276284a8240f79865915fd3a535a81","isMergeCommit":false,"messageTitle":"Add function to filter bookings by status","messageBody":"","fileTypesAndContributionMap":{"functional-code":{"insertions":33,"deletions":8}}},{"hash":"32ba63fbc7c74b2af735f9a206aa66163d5f7f1f","isMergeCommit":false,"messageTitle":"Fix checkstyle","messageBody":"","fileTypesAndContributionMap":{"functional-code":{"insertions":2,"deletions":1}}}]},{"date":"2025-03-29","commitResults":[{"hash":"bba9dbf96130b78e0d820db4f3f78dc1db27fa73","isMergeCommit":false,"messageTitle":"Update UiClassDiagram UML","messageBody":"","fileTypesAndContributionMap":{"docs":{"insertions":7,"deletions":0}}},{"hash":"12b8c59200d807ab8ed670a22bee1a9f3592eb6e","isMergeCommit":true,"messageTitle":"Merge pull request #110 from LuBolin/branch-Puml-ModelClassDiagram-Person-Phone-Cardinality","messageBody":"Add note about phone being unique per person","fileTypesAndContributionMap":{}}]},{"date":"2025-03-30","commitResults":[{"hash":"c1b30896ee2cee00de59f07c7dd5949b4206ede3","isMergeCommit":false,"messageTitle":"Add filtered label ui when filter command is executed","messageBody":"","fileTypesAndContributionMap":{"functional-code":{"insertions":43,"deletions":8}}},{"hash":"cf283a47eb5632d70e503b73ba96a4c882d7bcbb","isMergeCommit":false,"messageTitle":"Clean up code","messageBody":"","fileTypesAndContributionMap":{"functional-code":{"insertions":22,"deletions":26}}},{"hash":"3c6c6dadf97ba77f898fae0259b29b945ecf2e83","isMergeCommit":false,"messageTitle":"Edit unit test","messageBody":"","fileTypesAndContributionMap":{"test-code":{"insertions":10,"deletions":0}}},{"hash":"2afedc502529f9861dfe974203c2d10e1c3064e7","isMergeCommit":true,"messageTitle":"Merge branch \u0027master\u0027 of https://github.com/isawangyx/tp into branch-filtered-label-ui","messageBody":"","fileTypesAndContributionMap":{}},{"hash":"02d075359abb116b5b324bd65700a6f6c597783b","isMergeCommit":false,"messageTitle":"Edit unit test","messageBody":"","fileTypesAndContributionMap":{"test-code":{"insertions":8,"deletions":0}}}]},{"date":"2025-03-31","commitResults":[{"hash":"ea291d434919ffe63d080716c1593a07fa02014b","isMergeCommit":true,"messageTitle":"Merge pull request #147 from pastchum/branch-Fix-Edit-Booking-Ui","messageBody":"Fix Edit Booking Frozen Ui bug","fileTypesAndContributionMap":{}}]},{"date":"2025-04-01","commitResults":[{"hash":"d4f6a07c37428a85b95548add3f157d0d8cef873","isMergeCommit":true,"messageTitle":"Merge pull request #149 from LuBolin/branch-Person-Card-Show-Only-Upcoming","messageBody":"Make person card\u0027s booking bubbles show only upcoming orders","fileTypesAndContributionMap":{}},{"hash":"5a5446f1f3ebd037cf28899fe0f2cc488cee1b6d","isMergeCommit":true,"messageTitle":"Merge pull request #150 from LuBolin/branch-Check-Person-Existance-By-Unique-Phone-Number","messageBody":"Add checking of person\u0027s existence by phone number duplicates","fileTypesAndContributionMap":{}},{"hash":"2e9937688e96084e2a453de07444eae3799c1784","isMergeCommit":false,"messageTitle":"Add warning message when adding past bookings","messageBody":"","fileTypesAndContributionMap":{"functional-code":{"insertions":7,"deletions":0}}},{"hash":"dc27ef34c4712be9f080d426afee6bbe2999353e","isMergeCommit":false,"messageTitle":"Edit unit test","messageBody":"","fileTypesAndContributionMap":{"test-code":{"insertions":26,"deletions":6}}},{"hash":"d6d899d17ed80b2c464317f8db574154a8cf7047","isMergeCommit":false,"messageTitle":"Add warning message if edited date is in the past","messageBody":"","fileTypesAndContributionMap":{"functional-code":{"insertions":12,"deletions":1}}},{"hash":"40e23c7752ed77c42088e4c32862fd5f22672483","isMergeCommit":false,"messageTitle":"Add unit test for edit booking command","messageBody":"","fileTypesAndContributionMap":{"test-code":{"insertions":219,"deletions":0}}},{"hash":"c9afa7017332430f44f928cccbce145629da04fb","isMergeCommit":false,"messageTitle":"Fix checkstyle","messageBody":"","fileTypesAndContributionMap":{"test-code":{"insertions":3,"deletions":3}}},{"hash":"7454f1d83cec7cc4fbbf4fc9d377118099c6f1fb","isMergeCommit":false,"messageTitle":"Set booking pax between 1 and 20","messageBody":"","fileTypesAndContributionMap":{"functional-code":{"insertions":9,"deletions":17}}},{"hash":"201a2fb4d3168c17b32dbe5ddf9b64614ad1474d","isMergeCommit":false,"messageTitle":"Edit unit test","messageBody":"","fileTypesAndContributionMap":{"test-code":{"insertions":2,"deletions":1}}},{"hash":"9ddb5591c3fe388e1135b43892f58b12882b0530","isMergeCommit":false,"messageTitle":"Disallow edit person\u0027s phone for our use case","messageBody":"","fileTypesAndContributionMap":{"functional-code":{"insertions":7,"deletions":7},"test-code":{"insertions":41,"deletions":44}}},{"hash":"cf84676628d5e349bf3411d46189a020918875c6","isMergeCommit":false,"messageTitle":"Edit user prompt message for clarity","messageBody":"","fileTypesAndContributionMap":{"functional-code":{"insertions":1,"deletions":1}}},{"hash":"1c6b251777d400f6635a611c9e342193f1bfaec2","isMergeCommit":true,"messageTitle":"Merge pull request #156 from pastchum/branch-Update-Booking-Ui","messageBody":"Update PersonCard and Booking GUI","fileTypesAndContributionMap":{}},{"hash":"05683ecb032c5369acba0b5789b053fa2b8107f4","isMergeCommit":false,"messageTitle":"Display upcoming bookings when booking is edited","messageBody":"","fileTypesAndContributionMap":{"functional-code":{"insertions":2,"deletions":2}}},{"hash":"76df5b13d79e1bd0109c2bafdfeedfdcc2d11776","isMergeCommit":false,"messageTitle":"Refactor: use reusable predicate for filtering upcoming bookings","messageBody":"","fileTypesAndContributionMap":{"functional-code":{"insertions":6,"deletions":12}}},{"hash":"d05afe33e0ba2eca5dc00426d3ecc89c5338ac33","isMergeCommit":false,"messageTitle":"Fix checkstyle","messageBody":"","fileTypesAndContributionMap":{"functional-code":{"insertions":1,"deletions":4}}}]},{"date":"2025-04-02","commitResults":[{"hash":"aa1e06f93646cf9fec03586dc355cc7a20c59cba","isMergeCommit":true,"messageTitle":"Merge pull request #164 from Ben926/branch-Fix-clear-commands","messageBody":"Branch fix clear commands","fileTypesAndContributionMap":{}},{"hash":"e0444e625d09c3021c2bcd5b522a37b783341214","isMergeCommit":true,"messageTitle":"Merge pull request #165 from pastchum/branch-Reset-Filter-Function","messageBody":"EditCommand: Update Bookings under Person object","fileTypesAndContributionMap":{}},{"hash":"4e54a67dc6b25120633d3db19388e0dceea30e1e","isMergeCommit":false,"messageTitle":"Improve error handling for our use case","messageBody":"","fileTypesAndContributionMap":{"functional-code":{"insertions":4,"deletions":5}}},{"hash":"409b2ad7b13c5e129844d480551978b30146c87b","isMergeCommit":false,"messageTitle":"Improve error handling for filter command","messageBody":"","fileTypesAndContributionMap":{"functional-code":{"insertions":5,"deletions":5},"test-code":{"insertions":5,"deletions":5}}},{"hash":"8744ed585e808be35b080cfed05438e35dc24380","isMergeCommit":true,"messageTitle":"Merge pull request #170 from pastchum/branch-Fix-Ui-Freeze","messageBody":"Fix UI freeze bug","fileTypesAndContributionMap":{}}]},{"date":"2025-04-03","commitResults":[{"hash":"c2d0784bebf8777d28ae354183be7d47c9fc46d5","isMergeCommit":true,"messageTitle":"Merge pull request #176 from pastchum/branch-Rename-Commands","messageBody":"Rename FilterBookings and FindPersons commands","fileTypesAndContributionMap":{}},{"hash":"23579d6a8a27bd640c810059fd8491c589e9a7c2","isMergeCommit":true,"messageTitle":"Merge pull request #175 from LuBolin/master","messageBody":"Modify UG slightly","fileTypesAndContributionMap":{}},{"hash":"e5322ab537c04b62391e9a59264f923265ea1ac4","isMergeCommit":false,"messageTitle":"Update ReadME","messageBody":"","fileTypesAndContributionMap":{"docs":{"insertions":8,"deletions":5}}},{"hash":"547412611df87b4737b29217ba63356ec972e9eb","isMergeCommit":false,"messageTitle":"Update User Guide","messageBody":"","fileTypesAndContributionMap":{"docs":{"insertions":183,"deletions":148}}},{"hash":"1cee703627c63070275a95426b0f5b959c778718","isMergeCommit":true,"messageTitle":"Merge pull request #179 from Ben926/branch-Update-UG","messageBody":"Fix UG bg","fileTypesAndContributionMap":{}},{"hash":"71597924b577069417d16087dbedf68241c4724b","isMergeCommit":false,"messageTitle":"Update Developer Guide","messageBody":"","fileTypesAndContributionMap":{"docs":{"insertions":179,"deletions":102}}},{"hash":"012af6f97926fbd976dce31a3efaf5d1b80f5332","isMergeCommit":false,"messageTitle":"Update Developer Guide","messageBody":"","fileTypesAndContributionMap":{"docs":{"insertions":8,"deletions":11}}}]}],"LuBolin":[{"date":"2025-03-06","commitResults":[{"hash":"120b1736e4d6e4841982cfcbafb341202f9c20aa","isMergeCommit":false,"messageTitle":"Add Bolin to AboutUs","messageBody":"","fileTypesAndContributionMap":{"docs":{"insertions":8,"deletions":4}}}]},{"date":"2025-03-07","commitResults":[{"hash":"f048b80df621064ebd67ba3e1fa07bb185245c80","isMergeCommit":false,"messageTitle":"Update user profile, value proposition and user stories","messageBody":"","fileTypesAndContributionMap":{"docs":{"insertions":38,"deletions":16}}}]},{"date":"2025-03-10","commitResults":[{"hash":"49b8297676b02c20e4be3368dcf615adf68ac6c0","isMergeCommit":false,"messageTitle":"Add wrapper to person Add \u0027book\u0027 command to add bookings","messageBody":"","fileTypesAndContributionMap":{"functional-code":{"insertions":400,"deletions":3}}},{"hash":"5fecf9edd74fac9fe806a9ea106bab2b568a314f","isMergeCommit":false,"messageTitle":"Add adding booking to addressBook list Update Booking\u0027s toString to format date better","messageBody":"","fileTypesAndContributionMap":{"functional-code":{"insertions":38,"deletions":2}}},{"hash":"34ec8aa9679759e5d0f0548016577badd603507d","isMergeCommit":false,"messageTitle":"Add bookingId update","messageBody":"","fileTypesAndContributionMap":{"functional-code":{"insertions":10,"deletions":6}}},{"hash":"50e7909263dfb554814c77aa8b52b308ef321b58","isMergeCommit":false,"messageTitle":"Add book verify for validity instructions","messageBody":"","fileTypesAndContributionMap":{"functional-code":{"insertions":4,"deletions":0}}},{"hash":"cfb9dad0249d66eb224739c41c1d23f83dc5fd76","isMergeCommit":false,"messageTitle":"Add isMember parsing and duplicate cmd entry check","messageBody":"","fileTypesAndContributionMap":{"functional-code":{"insertions":21,"deletions":4}}},{"hash":"ed5e4f7f3e22450733df6f743ef7abaabf3e73fb","isMergeCommit":false,"messageTitle":"Fix styling","messageBody":"","fileTypesAndContributionMap":{"functional-code":{"insertions":66,"deletions":34}}},{"hash":"699058cc10dde1ea1f1692a98071c70f4b4bb4bb","isMergeCommit":false,"messageTitle":"Fix style","messageBody":"","fileTypesAndContributionMap":{"functional-code":{"insertions":18,"deletions":15}}},{"hash":"ba4c48e6e17e3489b6913ffbbe995a71be173669","isMergeCommit":true,"messageTitle":"Merge branch \u0027AY2425S2-CS2103T-T08-2:master\u0027 into branch-Wrap-Person-Add-Booking","messageBody":"","fileTypesAndContributionMap":{}},{"hash":"d84aa369f29f26f93d66aa84e61b5a4eae232047","isMergeCommit":false,"messageTitle":"Stud implement addBooking","messageBody":"","fileTypesAndContributionMap":{"test-code":{"insertions":8,"deletions":0}}},{"hash":"e6f1cd1496c1a778b21c31c602ed59992a7f591c","isMergeCommit":false,"messageTitle":"Disable unstable / in development tests","messageBody":"","fileTypesAndContributionMap":{"test-code":{"insertions":141,"deletions":130}}}]},{"date":"2025-03-11","commitResults":[{"hash":"acc0074b550ab7a342f15a39b874450169e274a0","isMergeCommit":false,"messageTitle":"Fix AddCommand by making is_member not compulsory","messageBody":"","fileTypesAndContributionMap":{"functional-code":{"insertions":1,"deletions":1}}},{"hash":"0e707120a41a0acd8af29750bf5dbe46dfd02ded","isMergeCommit":false,"messageTitle":"Fix book command by making remark optional","messageBody":"","fileTypesAndContributionMap":{"functional-code":{"insertions":1,"deletions":1}}}]},{"date":"2025-03-20","commitResults":[{"hash":"e25a9fe71fdfd0aaad4b5a34a47804cd55d4d8d5","isMergeCommit":false,"messageTitle":"Add support for booking panel to update live","messageBody":"","fileTypesAndContributionMap":{"functional-code":{"insertions":140,"deletions":88},"test-code":{"insertions":18,"deletions":14}}},{"hash":"b9714cb81def1a3db4f931ad3dd37a60c2d8e980","isMergeCommit":true,"messageTitle":"Merge pull request #75 from pastchum/branch-Fix-Unsorted-Booking-Panel","messageBody":"Fix Unsorted booking panel bug","fileTypesAndContributionMap":{}},{"hash":"01af05bb369d8eeb97a28e03fe31a9049f57a1c3","isMergeCommit":true,"messageTitle":"Merge branch \u0027master\u0027 into branch-Sync-Booking-Panel","messageBody":"","fileTypesAndContributionMap":{}},{"hash":"429e397b2085b10b4ab5aa596d56a875df7df5ea","isMergeCommit":false,"messageTitle":"Merge with Patrick\u0027s default sort bookings","messageBody":"","fileTypesAndContributionMap":{"functional-code":{"insertions":50,"deletions":46}}}]},{"date":"2025-03-27","commitResults":[{"hash":"c2e954b969c40809d2cdf3808e0f4b5b07e5021b","isMergeCommit":false,"messageTitle":"Add /today command to show today\u0027s bookings and persons","messageBody":"","fileTypesAndContributionMap":{"functional-code":{"insertions":140,"deletions":0}}},{"hash":"bfd5ac5b3eadc2e6882b7545ffff3defda3389d4","isMergeCommit":false,"messageTitle":"Fix booking panel not syncing when mark command executes","messageBody":"","fileTypesAndContributionMap":{"functional-code":{"insertions":47,"deletions":2},"test-code":{"insertions":10,"deletions":0}}}]},{"date":"2025-03-29","commitResults":[{"hash":"5cc6e678c20ba7418303b6ac0d0d46864dc18cb8","isMergeCommit":false,"messageTitle":"Add note about phone being unique per person","messageBody":"","fileTypesAndContributionMap":{"docs":{"insertions":4,"deletions":1}}},{"hash":"7d633b15de82556e8236b2ab501fbd1e5e4d09be","isMergeCommit":true,"messageTitle":"Merge pull request #111 from isawangyx/branch-ui-class-diagram","messageBody":"Update UiClassDiagram UML","fileTypesAndContributionMap":{}},{"hash":"e159f5609dbe80dbc94384b4472391141eaeef95","isMergeCommit":true,"messageTitle":"Merge pull request #109 from jaylontan/branch-add-testing-mark-command","messageBody":"Add testing for mark command","fileTypesAndContributionMap":{}},{"hash":"e1e4dc105f2f60650b3fe053d4c7cf44c96ebd49","isMergeCommit":true,"messageTitle":"Merge pull request #108 from jaylontan/branch-add-testing-filter-command","messageBody":"Add testing  for filter command","fileTypesAndContributionMap":{}}]},{"date":"2025-04-01","commitResults":[{"hash":"a8bed7c421283c2d5561ca8ae39eabbc8f532101","isMergeCommit":true,"messageTitle":"Merge pull request #148 from pastchum/branch-Fix-Clear-Bookings-Frozen-Ui","messageBody":"Fix ClearBookings Frozen Ui Bug","fileTypesAndContributionMap":{}},{"hash":"bc743d2a0c1a72c7db795ff1dc7d654010b349a2","isMergeCommit":false,"messageTitle":"Make person card\u0027s booking bubbles show only upcoming orders","messageBody":"","fileTypesAndContributionMap":{"functional-code":{"insertions":2,"deletions":1}}},{"hash":"cc292714ea454d380268149c9c90d5007d6dadaa","isMergeCommit":false,"messageTitle":"Add checking of person\u0027s existence by phone number duplicates The function is called hasPersonByPhoneCheck Name of function should maybe be updated to something better","messageBody":"","fileTypesAndContributionMap":{"functional-code":{"insertions":31,"deletions":0},"test-code":{"insertions":56,"deletions":17}}},{"hash":"6d29a6c9e1eb918a051e270e54ec5a966e8b8194","isMergeCommit":true,"messageTitle":"Merge pull request #159 from jaylontan/branch-fix-issues","messageBody":"Fix issues ","fileTypesAndContributionMap":{}}]},{"date":"2025-04-03","commitResults":[{"hash":"7420656966baa76c8c48678f568aea4bd229415e","isMergeCommit":true,"messageTitle":"Merge pull request #174 from Ben926/branch-Code-refactoring-and-docs","messageBody":"Branch code refactoring and docs","fileTypesAndContributionMap":{}},{"hash":"186c7ee679016b317e979c04793bf1d5106f935b","isMergeCommit":false,"messageTitle":"Modify UG slightly Update screenshots to fit our software","messageBody":"","fileTypesAndContributionMap":{"docs":{"insertions":5,"deletions":3}}},{"hash":"a4e552e51c67853c3e7935e99d45f13738900844","isMergeCommit":true,"messageTitle":"Merge pull request #180 from Ben926/branch-Update-UG","messageBody":"Update site map","fileTypesAndContributionMap":{}},{"hash":"74d4254f911e2ab952905c5c3882f7d4bc5e1857","isMergeCommit":false,"messageTitle":"Remove site map tutorial Change placeholder acknowledgment to acknowledge AB3","messageBody":"","fileTypesAndContributionMap":{"docs":{"insertions":2,"deletions":5}}},{"hash":"22b0f4745108aae7879be311067ac6fe7c9471be","isMergeCommit":false,"messageTitle":"Update DG\u0027s manual testing: Update list to plist Add instructions for Saving Data","messageBody":"","fileTypesAndContributionMap":{"docs":{"insertions":11,"deletions":4}}},{"hash":"706ddef5272165f7b7601c46e52dc4f0f027beff","isMergeCommit":false,"messageTitle":"Add line breaks to commands for better viewing Add screenshot for some commands","messageBody":"","fileTypesAndContributionMap":{"docs":{"insertions":39,"deletions":2}}}]}],"jaylontan":[{"date":"2025-03-06","commitResults":[{"hash":"6fee04aafee857550b20c6549b50d6c8c988ab94","isMergeCommit":false,"messageTitle":"Update Jaylon\u0027s AboutUs.md","messageBody":"","fileTypesAndContributionMap":{"docs":{"insertions":5,"deletions":6}}},{"hash":"65662faaf32b4a6f00a79683cf81f1336ac66005","isMergeCommit":false,"messageTitle":"Add jaylontan.md","messageBody":"","fileTypesAndContributionMap":{"docs":{"insertions":5,"deletions":0}}},{"hash":"504fdd929c8fcbc2e556861da51a349ddd613f2e","isMergeCommit":false,"messageTitle":"Add line to end of jaylontan.md","messageBody":"","fileTypesAndContributionMap":{"docs":{"insertions":1,"deletions":1}}}]},{"date":"2025-03-11","commitResults":[{"hash":"7586c48755c89cc52a42eae460ebeb35de990111","isMergeCommit":true,"messageTitle":"Merge pull request #53 from LuBolin/branch-Wrap-Person-Add-Booking","messageBody":"Add \u0027book\u0027 command","fileTypesAndContributionMap":{}},{"hash":"bec146dce17cb60fec687132050ce6fceb14bea8","isMergeCommit":false,"messageTitle":"Update ParserUtil.java","messageBody":"Fix locale issue by setting LC_TIME to en_US.UTF-8 for proper date parsing\n","fileTypesAndContributionMap":{"functional-code":{"insertions":4,"deletions":1}}},{"hash":"d177e0754ab2786542b26c8f0b7f897a53d9003a","isMergeCommit":false,"messageTitle":"Add DebugDisplayCommand.java","messageBody":"- Modify AddBookingCommand to store new bookings in AddressBook\n- Implement DebugDisplayCommand to display all bookings\n- Register DebugDisplayCommand in AddressBookParser\n","fileTypesAndContributionMap":{"functional-code":{"insertions":50,"deletions":10}}},{"hash":"67f69347c45064f0c0d1cc7eeb522ab6b32b2d7f","isMergeCommit":false,"messageTitle":"Update AddressBook.java and Booking.java","messageBody":"Change toString() method to improve readability for debugging\n","fileTypesAndContributionMap":{"functional-code":{"insertions":22,"deletions":31}}},{"hash":"d05361e74c92de7b611e1c70d88bf8b45008892d","isMergeCommit":false,"messageTitle":"Add MarkCommand.java and MarkCommandParser.java","messageBody":"- Add Mark functionality to mark tasks as UPCOMING, ONGOING, CANCELLED or COMPLETED\n- Defined new CLI prefixes (b/ for booking ID, s/ for status) in CliSyntax.java.\n- Integrated MarkCommand into AddressBookParser for command execution.\n","fileTypesAndContributionMap":{"functional-code":{"insertions":128,"deletions":0}}},{"hash":"8d8e35aaa7208f9d52487f5cc3c60c56e2f8bcc2","isMergeCommit":false,"messageTitle":"Update Checkstyle","messageBody":"","fileTypesAndContributionMap":{"functional-code":{"insertions":43,"deletions":26},"test-code":{"insertions":16,"deletions":0}}},{"hash":"e451e72316d474b09a7bef9120d50ddfc9d54620","isMergeCommit":false,"messageTitle":"Modify Booking status","messageBody":"Remove ONGOING status\n","fileTypesAndContributionMap":{"functional-code":{"insertions":3,"deletions":4}}}]},{"date":"2025-03-19","commitResults":[{"hash":"d3749a1673beaf10c4779c3f3b4d95d0c57ea2a0","isMergeCommit":false,"messageTitle":"Add FilterCommand.java","messageBody":"","fileTypesAndContributionMap":{"functional-code":{"insertions":126,"deletions":0}}},{"hash":"94223cbb065521ed24de13d3038678a2fd147ea7","isMergeCommit":false,"messageTitle":"Update Checkstyle","messageBody":"","fileTypesAndContributionMap":{"functional-code":{"insertions":9,"deletions":6}}},{"hash":"b22cce7d797d87cf08b4f1cf3ce49e2a21a14081","isMergeCommit":false,"messageTitle":"Update Command Words","messageBody":"Change Command Words of ListCommand.java and ListBookingCommand.java\n","fileTypesAndContributionMap":{"functional-code":{"insertions":2,"deletions":2}}},{"hash":"1b62a63815391464e73f0eaf86e1001532d8542c","isMergeCommit":true,"messageTitle":"Merge pull request #69 from isawangyx/branch-ui","messageBody":"Add booking list panel","fileTypesAndContributionMap":{}}]},{"date":"2025-03-27","commitResults":[{"hash":"664b426a1d304f1b02761158b16ec4f7a6cd5d5f","isMergeCommit":false,"messageTitle":"Add AddBookingCommandTest.java","messageBody":"","fileTypesAndContributionMap":{"test-code":{"insertions":152,"deletions":0}}},{"hash":"cfdfb9c892cf8e8fc414c733098dd195ff48ec24","isMergeCommit":false,"messageTitle":"Update AddCommandParserTest.java","messageBody":"","fileTypesAndContributionMap":{"test-code":{"insertions":108,"deletions":142}}},{"hash":"9c5d3ed9c25d2bd901514d799b03ce0334255d8e","isMergeCommit":false,"messageTitle":"Add AddBookingCommandParserTest.java","messageBody":"","fileTypesAndContributionMap":{"test-code":{"insertions":77,"deletions":0}}},{"hash":"5a53fbe4ab17b512952a477b56675f2d249a3d16","isMergeCommit":false,"messageTitle":"Update Checkstyle","messageBody":"","fileTypesAndContributionMap":{"test-code":{"insertions":7,"deletions":8}}},{"hash":"bc348732167d4d1bc9ff530314673f54b5bf29bd","isMergeCommit":false,"messageTitle":"Fix AddBookingCommandTest.java","messageBody":"- Update ModelStub\n","fileTypesAndContributionMap":{"test-code":{"insertions":91,"deletions":34}}},{"hash":"fcfaea258380b4eb88afa852413cc29ae615a521","isMergeCommit":true,"messageTitle":"Merge branch \u0027master\u0027 of https://github.com/AY2425S2-CS2103T-T08-2/tp into branch-add-testing","messageBody":"","fileTypesAndContributionMap":{}},{"hash":"498859b1c6fab914ae98caa3c56bfc2df1c63133","isMergeCommit":false,"messageTitle":"Fix AddBookingCommandTest.java","messageBody":"","fileTypesAndContributionMap":{"test-code":{"insertions":10,"deletions":0}}},{"hash":"66843e2aaf4d2db83b03556bb772b23f1e21ba38","isMergeCommit":true,"messageTitle":"Merge pull request #105 from pastchum/branch-Update-Add-Booking-Command","messageBody":"Branch update add booking command","tags":["v1.4-Alpha"],"fileTypesAndContributionMap":{}}]},{"date":"2025-03-28","commitResults":[{"hash":"0603b7305a21d4fef52f6f739fcfa2b5d3dc4d22","isMergeCommit":false,"messageTitle":"Add MarkCommandTest.java","messageBody":"","fileTypesAndContributionMap":{"test-code":{"insertions":196,"deletions":0}}},{"hash":"5ca71ba1839a54edbec6059cd772bcdc0bf7e97d","isMergeCommit":false,"messageTitle":"Add MarkCommandParserTest.java","messageBody":"","fileTypesAndContributionMap":{"test-code":{"insertions":59,"deletions":0}}},{"hash":"dfcc70e63f71e05c55037eda83e4bb6110a51383","isMergeCommit":false,"messageTitle":"Update Checkstyle","messageBody":"","fileTypesAndContributionMap":{"test-code":{"insertions":2,"deletions":5}}},{"hash":"83ca39c8305c690a6a44bcffa66745716bb11942","isMergeCommit":false,"messageTitle":"Add FilterCommandTest.java","messageBody":"","fileTypesAndContributionMap":{"test-code":{"insertions":258,"deletions":0}}}]},{"date":"2025-03-29","commitResults":[{"hash":"32a6ebcb5d4c65b40bedf3eb50835dd6d220d139","isMergeCommit":false,"messageTitle":"Add FilterCommandParserTest.java","messageBody":"","fileTypesAndContributionMap":{"test-code":{"insertions":74,"deletions":0}}},{"hash":"c24a895d3919aeb4534bb6f1668fee2ad6084e9b","isMergeCommit":false,"messageTitle":"Update Checkstyle","messageBody":"","fileTypesAndContributionMap":{"test-code":{"insertions":1,"deletions":6}}}]},{"date":"2025-03-30","commitResults":[{"hash":"9dcc3054b7576dfabf8916811d5f04ba32139bad","isMergeCommit":false,"messageTitle":"Update ParserUtil.java","messageBody":"- Fix an issue with validating invalid calendar dates in parseDateTime\n","fileTypesAndContributionMap":{"functional-code":{"insertions":11,"deletions":3}}},{"hash":"ebb8cc82b17f5dca6e30cd53c553bc07a643ea55","isMergeCommit":false,"messageTitle":"Update ParserUtilTest.java","messageBody":"-Add tests for parsing valid and invalid date times\n","fileTypesAndContributionMap":{"test-code":{"insertions":20,"deletions":0}}},{"hash":"40d83ead41542744cc22a71362444e962e35fef8","isMergeCommit":true,"messageTitle":"Merge pull request #114 from Ben926/branch-Update-edit-command","messageBody":"Update edit person command","fileTypesAndContributionMap":{}}]},{"date":"2025-04-01","commitResults":[{"hash":"70eef5ad04556cb8c9f30d0969f38cc52ed99726","isMergeCommit":false,"messageTitle":"Update AddCommandParser.java and Phone.java","messageBody":"- Fix issue of phone numbers not adhering to international quota\n","fileTypesAndContributionMap":{"functional-code":{"insertions":5,"deletions":1}}},{"hash":"9f2ac765cdb440ff9c31e615fc369d5c9b2ca795","isMergeCommit":false,"messageTitle":"Update ArchitectureSequenceDiagram.puml","messageBody":"","fileTypesAndContributionMap":{"docs":{"insertions":3,"deletions":3}}},{"hash":"d29f5818b8abfdd099b002aa272fba70421b7d2f","isMergeCommit":true,"messageTitle":"Merge pull request #158 from pastchum/branch-Fix-Edit-Command-Removes-Bookings","messageBody":"EditCommand: Fix remove bookings from person bug","fileTypesAndContributionMap":{}},{"hash":"cdd553addfa8702d4215027784ae1c95e71faad1","isMergeCommit":false,"messageTitle":"Update Person identity to be based on phone number only","messageBody":"","fileTypesAndContributionMap":{"functional-code":{"insertions":4,"deletions":28},"test-code":{"insertions":14,"deletions":41}}},{"hash":"ed3d874ce84e99f1204f0a881d0ffc5db8399362","isMergeCommit":true,"messageTitle":"Merge pull request #160 from pastchum/branch-Filter-Booking-Command-Filters-Persons","messageBody":"Filter Command correctly filters persons","fileTypesAndContributionMap":{}},{"hash":"5abfa1bdcf5d22ee407b4ecd5c78bad4e55fe934","isMergeCommit":true,"messageTitle":"Merge pull request #162 from isawangyx/branch-fix-edit-booking","messageBody":"Branch fix edit booking","fileTypesAndContributionMap":{}}]},{"date":"2025-04-02","commitResults":[{"hash":"e42eff90e5bc0bc705e6feb0df2734c302270143","isMergeCommit":false,"messageTitle":"Update output text to wrap","messageBody":"","fileTypesAndContributionMap":{"functional-code":{"insertions":5,"deletions":5}}}]},{"date":"2025-04-03","commitResults":[{"hash":"005392d5643ed9b7e8066897820adcb4ece61251","isMergeCommit":false,"messageTitle":"Update Phone.java","messageBody":"- Update test cases to account for phone numbers having 7 to 15 digits\n","fileTypesAndContributionMap":{"functional-code":{"insertions":1,"deletions":1},"test-code":{"insertions":7,"deletions":7}}},{"hash":"a3052247c0164d3af72ee8cc75bba4ac907315d6","isMergeCommit":false,"messageTitle":"Update AddCommand.java","messageBody":"- Update example command\n- Remove phone number validation logic in AddCommandParser.java\n","fileTypesAndContributionMap":{"functional-code":{"insertions":1,"deletions":5}}},{"hash":"89a172bbc4eb3f1da60f250720c2c07db0cabf43","isMergeCommit":false,"messageTitle":"Update UserGuide.md and DeveloperGuide.md","messageBody":"","fileTypesAndContributionMap":{"docs":{"insertions":161,"deletions":44}}},{"hash":"9a7ef431954f1fbcb6609ab6c8c53a7894204cfd","isMergeCommit":false,"messageTitle":"Update DeveloperGuide.md","messageBody":"","fileTypesAndContributionMap":{"docs":{"insertions":0,"deletions":3}}}]}],"Ben926":[{"date":"2025-02-23","commitResults":[{"hash":"dfcc9542130cc4dacf0494b68378bbb2bce8a4dc","isMergeCommit":true,"messageTitle":"Merge pull request #1 from AY2425S2-CS2103T-T08-2/switch-docs-to-markbind","messageBody":"Switch docs to markbind","fileTypesAndContributionMap":{}},{"hash":"2a7d42ccd85f914911e949466118cd385f923f9f","isMergeCommit":false,"messageTitle":"Edit config for MarkBind","messageBody":"","fileTypesAndContributionMap":{"docs":{"insertions":1,"deletions":1}}}]},{"date":"2025-03-06","commitResults":[{"hash":"8ca329afa69a551ed6b6857ca571a1fa6279432a","isMergeCommit":false,"messageTitle":"Update Ben\u0027s AboutUs and porfolio","messageBody":"","fileTypesAndContributionMap":{"docs":{"insertions":16,"deletions":6}}},{"hash":"c0ed5b8a7e542555afd1e12324ddea2bba0df979","isMergeCommit":true,"messageTitle":"Merge pull request #32 from Ben926/branch-Update-Ben-AboutUs","messageBody":"Update Ben\u0027s AboutUs and porfolio","fileTypesAndContributionMap":{}}]},{"date":"2025-03-09","commitResults":[{"hash":"04f628e72701ad3974313532f5730a82364e4c1c","isMergeCommit":true,"messageTitle":"Merge pull request #36 from pastchum/branch-Update-Readme","messageBody":"Update Readme","fileTypesAndContributionMap":{}},{"hash":"35f7369d00fdab29835ea22267b0e5a4a2606927","isMergeCommit":true,"messageTitle":"Merge pull request #35 from LuBolin/branch-Update-User-Profile-Value-Proposition-User-Stores","messageBody":"Update user profile, value proposition and user stories","fileTypesAndContributionMap":{}}]},{"date":"2025-03-10","commitResults":[{"hash":"2224e7c962c21029914af16b9c827ce63f6ba61b","isMergeCommit":false,"messageTitle":"Update use cases","messageBody":"","fileTypesAndContributionMap":{"docs":{"insertions":94,"deletions":12}}},{"hash":"c184caa6336e2438dbb7cffd7a5f3e0df6acc206","isMergeCommit":false,"messageTitle":"Update glossary and NFRs","messageBody":"","fileTypesAndContributionMap":{"docs":{"insertions":9,"deletions":3}}},{"hash":"f0063b57757192df37e401f005f948661ba8c12e","isMergeCommit":false,"messageTitle":"Edit glossary","messageBody":"","fileTypesAndContributionMap":{"docs":{"insertions":1,"deletions":1}}}]},{"date":"2025-03-12","commitResults":[{"hash":"6161d4ece8d3e3b6d65460b9f94d34c8b596f1ad","isMergeCommit":true,"messageTitle":"Merge pull request #57 from isawangyx/branch-list-upcoming-bookings","messageBody":"Add \u0027display [/all]\u0027 command for listing bookings","fileTypesAndContributionMap":{}},{"hash":"b72912613c01754870d741947d8106f35d2bfaa3","isMergeCommit":true,"messageTitle":"Merge pull request #59 from pastchum/branch-Update-Storage","messageBody":"Add Person bookings Set","fileTypesAndContributionMap":{}},{"hash":"13c96da9199806ab4d961e56749cd2ba6e5106c2","isMergeCommit":false,"messageTitle":"Add clear booking command stub","messageBody":"","fileTypesAndContributionMap":{"functional-code":{"insertions":17,"deletions":12}}},{"hash":"daa6a4523ad3ea0bdff0cba2a294a0a4942c1a1a","isMergeCommit":false,"messageTitle":"Change bookings in addressbook from list to hashmap","messageBody":"","fileTypesAndContributionMap":{"functional-code":{"insertions":58,"deletions":45},"test-code":{"insertions":3,"deletions":6}}},{"hash":"1dcfc0e18e591b980babc36cea0083fd6cd2f5ba","isMergeCommit":false,"messageTitle":"Change bookings in Person object to a Set of Integers","messageBody":"","fileTypesAndContributionMap":{"functional-code":{"insertions":13,"deletions":10}}},{"hash":"5e17ddab47b389f8b7f28f963299f8635a6d4cef","isMergeCommit":false,"messageTitle":"Remove unnecessary interface methods","messageBody":"","fileTypesAndContributionMap":{"functional-code":{"insertions":10,"deletions":14}}}]},{"date":"2025-03-13","commitResults":[{"hash":"d2ca96a04fda66f63ddf8c4b62579354598eed48","isMergeCommit":false,"messageTitle":"Update clearbookings command","messageBody":"","fileTypesAndContributionMap":{"functional-code":{"insertions":43,"deletions":13},"test-code":{"insertions":0,"deletions":14}}},{"hash":"b94f368e3d0e38840c623cdc7676cf2651150683","isMergeCommit":false,"messageTitle":"Fix styling issues","messageBody":"","fileTypesAndContributionMap":{"functional-code":{"insertions":30,"deletions":14}}},{"hash":"afcb8cb2fe07c16453f148d6f7954dc97dc275d8","isMergeCommit":false,"messageTitle":"Fix styling issues","messageBody":"","fileTypesAndContributionMap":{"functional-code":{"insertions":1,"deletions":1}}},{"hash":"5fb8a92f5499c6f6c8dfa505e0dbded7fb10eb7e","isMergeCommit":false,"messageTitle":"Fix bug in AddCommandTest","messageBody":"","fileTypesAndContributionMap":{"test-code":{"insertions":0,"deletions":5}}},{"hash":"ad75e70ed2d2dae1cd5d9566da6460d2b919217e","isMergeCommit":false,"messageTitle":"Fix styling issue in tests","messageBody":"","fileTypesAndContributionMap":{"test-code":{"insertions":4,"deletions":3}}}]},{"date":"2025-03-19","commitResults":[{"hash":"ec3f613769bd62570fdabaecd3a8f21639b3ab91","isMergeCommit":true,"messageTitle":"Merge pull request #68 from isawangyx/branch-ui","messageBody":"Update UI","fileTypesAndContributionMap":{}}]},{"date":"2025-03-20","commitResults":[{"hash":"e21f68e7c36a8a0d19ecb2ff1c6b15108eebc3a3","isMergeCommit":false,"messageTitle":"Update docs","messageBody":"","fileTypesAndContributionMap":{"docs":{"insertions":183,"deletions":65}}},{"hash":"9eed85a778bda2e9862cac059a9255085fa50ee1","isMergeCommit":false,"messageTitle":"Update format in docs","messageBody":"","fileTypesAndContributionMap":{"docs":{"insertions":1,"deletions":10}}},{"hash":"6dc6660a454c7567e7c717825cf8c288b34e9623","isMergeCommit":true,"messageTitle":"Merge pull request #76 from LuBolin/branch-Sync-Booking-Panel","messageBody":"Sync booking panel with changes","tags":["v1.3"],"fileTypesAndContributionMap":{}}]},{"date":"2025-03-25","commitResults":[{"hash":"d2e01e46af808cf8d2a800293b0b0ffb697714c1","isMergeCommit":true,"messageTitle":"Merge pull request #85 from pastchum/branch-Fix-Bookings-With-No-Person","messageBody":"Fix bookings with no person in addressbook","fileTypesAndContributionMap":{}},{"hash":"e11df2243ab77bcb6ce28caae5f13d28df55c286","isMergeCommit":true,"messageTitle":"Merge pull request #86 from pastchum/branch-Update-Booking-Ui","messageBody":"Update Booking Gui","fileTypesAndContributionMap":{}},{"hash":"46cfe127fe9b7db5b455eb91853ea61d58909b28","isMergeCommit":false,"messageTitle":"Add filter by date functionality","messageBody":"","fileTypesAndContributionMap":{"functional-code":{"insertions":98,"deletions":31}}},{"hash":"129ea8b8bfa0c00a10b10e2538b61953b6453342","isMergeCommit":false,"messageTitle":"Fix styling","messageBody":"","fileTypesAndContributionMap":{"functional-code":{"insertions":3,"deletions":4}}},{"hash":"c20f45132cac3bcfdfc27149b7653a5a577bc7b7","isMergeCommit":false,"messageTitle":"Add edit command","messageBody":"","fileTypesAndContributionMap":{"functional-code":{"insertions":202,"deletions":7}}},{"hash":"cd2bf0165a0a441f3ac1b3ee452c286dac57bdb7","isMergeCommit":false,"messageTitle":"Fix styling","messageBody":"","fileTypesAndContributionMap":{"functional-code":{"insertions":1,"deletions":1}}},{"hash":"a81ed4932fdb60351734b6224137c6153f6336b6","isMergeCommit":false,"messageTitle":"Fix styling","messageBody":"","fileTypesAndContributionMap":{"functional-code":{"insertions":7,"deletions":2}}},{"hash":"95855b5887010c19e90376892fa4bfe0ff5aaa75","isMergeCommit":false,"messageTitle":"Fix styling","messageBody":"","fileTypesAndContributionMap":{"functional-code":{"insertions":0,"deletions":1}}},{"hash":"e0f9164e1a23c6af6829f5d39188bfd54f28cc2d","isMergeCommit":true,"messageTitle":"Merge pull request #89 from Ben926/branch-Edit-booking-command","messageBody":"Add edit command","fileTypesAndContributionMap":{}}]},{"date":"2025-03-26","commitResults":[{"hash":"4deda2e1cf6b911bbaef6374b8d710a5f25c6919","isMergeCommit":true,"messageTitle":"Merge pull request #92 from pastchum/branch-Update-Delete-Person","messageBody":"Update Delete Person to delete bookings","fileTypesAndContributionMap":{}}]},{"date":"2025-03-28","commitResults":[{"hash":"808d8f5690c52eb0079c8206f037fba2cc4b39dc","isMergeCommit":false,"messageTitle":"Update Model UML with bookings","messageBody":"","fileTypesAndContributionMap":{"other":{"insertions":4,"deletions":0},"docs":{"insertions":5,"deletions":0}}}]},{"date":"2025-03-30","commitResults":[{"hash":"df8ba9cbbca9ae912c461eae10bbe9e6049a4f9f","isMergeCommit":true,"messageTitle":"Merge pull request #107 from pastchum/branch-Update-UML","messageBody":"Update StorageClassDiagram UML","fileTypesAndContributionMap":{}},{"hash":"757849ec156c26df0c5ec7497c311b654df6e9fa","isMergeCommit":true,"messageTitle":"Merge pull request #112 from isawangyx/branch-filtered-label-ui","messageBody":"Add filtered label for bookings panel ui","fileTypesAndContributionMap":{}},{"hash":"9421fdb47f0cead1503f979654aba92b8099f09b","isMergeCommit":false,"messageTitle":"Update edit person command","messageBody":"","fileTypesAndContributionMap":{"functional-code":{"insertions":23,"deletions":4}}},{"hash":"a65d95f413afc7a2c12db15b01ddf68086eb223a","isMergeCommit":false,"messageTitle":"Fix styles","messageBody":"","fileTypesAndContributionMap":{"functional-code":{"insertions":2,"deletions":1}}},{"hash":"ca998c07a10a1429656327680065dda8ac74f774","isMergeCommit":true,"messageTitle":"Merge pull request #116 from jaylontan/branch-add-booking-fix-date-input","messageBody":"Fix invalid date input issue","fileTypesAndContributionMap":{}}]},{"date":"2025-03-31","commitResults":[{"hash":"96b612c60588523bc89f2f3a981b0f11f49c5c73","isMergeCommit":false,"messageTitle":"Fix bugs for duplicate fields","messageBody":"","fileTypesAndContributionMap":{"functional-code":{"insertions":7,"deletions":7}}},{"hash":"14cb09265aec627566e0f75c1e5c2616413e6976","isMergeCommit":false,"messageTitle":"Fix styles","messageBody":"","fileTypesAndContributionMap":{"functional-code":{"insertions":5,"deletions":1}}},{"hash":"172d57c2a1fd278a41c1de7045d50c704bee5740","isMergeCommit":false,"messageTitle":"Fix for add command duplicate member field","messageBody":"","fileTypesAndContributionMap":{"functional-code":{"insertions":2,"deletions":1}}},{"hash":"a0cbde4f2d172a2334cdf684f7002d21d852934c","isMergeCommit":true,"messageTitle":"Merge pull request #143 from Ben926/branch-Bug-fix-duplicate-fields","messageBody":"Fix bugs for duplicate fields","fileTypesAndContributionMap":{}},{"hash":"e1594d7fffb5df3cc03f2340a94906d53e4a3f11","isMergeCommit":false,"messageTitle":"Remove tags field for add and edit booking classes","messageBody":"","fileTypesAndContributionMap":{"functional-code":{"insertions":4,"deletions":20},"test-code":{"insertions":8,"deletions":10}}},{"hash":"2ee3c31525ad085c366566de8e1505bf578f5275","isMergeCommit":true,"messageTitle":"Merge pull request #146 from pastchum/branch-Update-Storage-Tests","messageBody":"Update storage tests","fileTypesAndContributionMap":{}}]},{"date":"2025-04-01","commitResults":[{"hash":"f003ba3c3e8b4ff1c26852805a033150550d7062","isMergeCommit":false,"messageTitle":"Edit clear command word","messageBody":"","fileTypesAndContributionMap":{"functional-code":{"insertions":2,"deletions":2}}},{"hash":"0dafba972f75b0db939ed7367fa4b9c3de8d5f9f","isMergeCommit":false,"messageTitle":"Add delete booking command","messageBody":"","fileTypesAndContributionMap":{"functional-code":{"insertions":105,"deletions":33}}},{"hash":"be1264ec2a8e841d5f898b9cab6eb1ce11d9ddc1","isMergeCommit":false,"messageTitle":"Fix styles","messageBody":"","fileTypesAndContributionMap":{"functional-code":{"insertions":6,"deletions":3}}}]},{"date":"2025-04-03","commitResults":[{"hash":"fb4e8d21e42d36fb866fa98e9216d949699a0b1e","isMergeCommit":true,"messageTitle":"Merge pull request #173 from jaylontan/branch-update-UG-DG","messageBody":"Update UserGuide.md and DeveloperGuide.md","fileTypesAndContributionMap":{}},{"hash":"76488738b732a915a20ab2c343fb2d309ca01cba","isMergeCommit":false,"messageTitle":"Refactor command class names to be more intuitive","messageBody":"","fileTypesAndContributionMap":{"functional-code":{"insertions":19,"deletions":19},"other":{"insertions":153,"deletions":147},"docs":{"insertions":6,"deletions":8},"test-code":{"insertions":31,"deletions":31}}},{"hash":"5f75ea1dfa78121e189374e954defd26f6011e25","isMergeCommit":false,"messageTitle":"Update UG","messageBody":"","fileTypesAndContributionMap":{"functional-code":{"insertions":22,"deletions":22},"docs":{"insertions":109,"deletions":74}}},{"hash":"a0566065836557adc061f821812f14a1df57bca4","isMergeCommit":false,"messageTitle":"Fix styles","messageBody":"","fileTypesAndContributionMap":{"docs":{"insertions":1,"deletions":1}}},{"hash":"8b8faee50ffd342ad1ef3c03ffaa0a0ab05738a4","isMergeCommit":false,"messageTitle":"Fix UG bg","messageBody":"","fileTypesAndContributionMap":{"docs":{"insertions":10,"deletions":2}}},{"hash":"66d93d4c1ee719d84678eb10c96f17877108ebf6","isMergeCommit":false,"messageTitle":"Update site map","messageBody":"","fileTypesAndContributionMap":{"docs":{"insertions":6,"deletions":2}}}]}]},"authorFileTypeContributionMap":{"pastchum":{"docs":243,"functional-code":537,"test-code":368,"other":1},"isawangyx":{"docs":321,"functional-code":737,"test-code":308},"LuBolin":{"docs":58,"functional-code":679,"test-code":62},"jaylontan":{"docs":93,"functional-code":224,"test-code":920},"Ben926":{"docs":203,"functional-code":559,"test-code":145,"other":4}},"authorContributionVariance":{"pastchum":19809.285,"isawangyx":18780.213,"LuBolin":22058.781,"jaylontan":18255.992,"Ben926":15096.534},"authorDisplayNameMap":{"pastchum":"CS2103T-T08-2 PATR..OMAS","isawangyx":"CS2103T-T08-2 WANG..IANG","LuBolin":"CS2103T-T08-2 LU B..OLIN","jaylontan":"CS2103T-T08-2 JAYL.. RUI","Ben926":"CS2103T-T08-2 KOH ..AMIN"}}
