{"authorDailyContributionsMap":{"AnWe11":[{"date":"2025-03-03","commitResults":[{"hash":"f007e174d1d8e707dd86727c214687be0fcc1972","isMergeCommit":true,"messageTitle":"Merge pull request #31 from CloudKai/update-aboutus","messageBody":"Update aboutus and Add cloudkai.md","fileTypesAndContributionMap":{}},{"hash":"f5565e8c5ec952bcdb32b963f40dc705a7e9757e","isMergeCommit":false,"messageTitle":"Update About Us page","messageBody":"","fileTypesAndContributionMap":{"docs":{"insertions":52,"deletions":6}}},{"hash":"c6701c796f704bc4d42120224ac9715b72fae3b4","isMergeCommit":true,"messageTitle":"Merge branch \u0027master\u0027 into branch-AboutUSpage","messageBody":"","fileTypesAndContributionMap":{}}]},{"date":"2025-03-05","commitResults":[{"hash":"cb1bf98d2d5fbb54576e5ada4086c680e4ceb3ab","isMergeCommit":false,"messageTitle":"Add Use Case 1-4 in Developer Guide","messageBody":"","fileTypesAndContributionMap":{"docs":{"insertions":80,"deletions":0}}}]},{"date":"2025-03-06","commitResults":[{"hash":"fb22b308f385668246ff65959f7d4a0ef48934b4","isMergeCommit":true,"messageTitle":"Merge pull request #50 from vikeedough/update-sitewide-settings","messageBody":"Update title to FitFlow in _config.yml and _base.scss","fileTypesAndContributionMap":{}},{"hash":"0dff6976924882c8c70c632a6da125cf77db8918","isMergeCommit":true,"messageTitle":"Merge pull request #45 from deseansoh/update-remaining-readme","messageBody":"Update remaining sections of Github README.md, and website index.md ","fileTypesAndContributionMap":{}},{"hash":"7d07feac1e4f93f3b97c7d30b2e3e068cde242e3","isMergeCommit":false,"messageTitle":"Update format for Developer Guide Use cases 1-4","messageBody":"","fileTypesAndContributionMap":{"docs":{"insertions":16,"deletions":20}}},{"hash":"eaeec8d26d87e499b681e4133d8ec289fd0e8660","isMergeCommit":false,"messageTitle":"Update format for DG Use cases 1-4","messageBody":"","fileTypesAndContributionMap":{"docs":{"insertions":14,"deletions":14}}},{"hash":"9c5e6a1178f720036b279e150880690c37e30e26","isMergeCommit":false,"messageTitle":"Update format for DG Use cases 1-4","messageBody":"","fileTypesAndContributionMap":{"docs":{"insertions":0,"deletions":1}}},{"hash":"11468625dbeba4b67f9b93a36c05ce3fbd72899f","isMergeCommit":false,"messageTitle":"Update format for DG Use cases 1-4","messageBody":"","fileTypesAndContributionMap":{"docs":{"insertions":1,"deletions":1}}}]},{"date":"2025-03-10","commitResults":[{"hash":"709b40c192b0b50fed8cac6758d979cac0d5ce4e","isMergeCommit":false,"messageTitle":"Add Medical History field, Unable to run because \"Address cannot take a empty value\"","messageBody":"","fileTypesAndContributionMap":{"functional-code":{"insertions":147,"deletions":26},"test-code":{"insertions":26,"deletions":10}}},{"hash":"217c1bb19dfe5b7543dbca30abd587eedb90ba18","isMergeCommit":false,"messageTitle":"Update Medical History field but still does not work","messageBody":"","fileTypesAndContributionMap":{"functional-code":{"insertions":1,"deletions":1},"test-code":{"insertions":14,"deletions":0}}},{"hash":"a71fa6427398582bf593d83a8fc15107df12eda0","isMergeCommit":false,"messageTitle":"Update Medical History field for add and edit command","messageBody":"","fileTypesAndContributionMap":{"functional-code":{"insertions":9,"deletions":7}}},{"hash":"32d63fca9ca7b75353b501fc8bf828eab02b16ac","isMergeCommit":false,"messageTitle":"Reformat code for styling","messageBody":"","fileTypesAndContributionMap":{"functional-code":{"insertions":20,"deletions":15}}},{"hash":"5c6158e0da7670caeea047cc15c5681b893c4159","isMergeCommit":false,"messageTitle":"Reformat styling","messageBody":"","fileTypesAndContributionMap":{"functional-code":{"insertions":25,"deletions":14}}},{"hash":"2ba30e614ba405c6805c7dda93e8ed624a42093b","isMergeCommit":false,"messageTitle":"Reformat styling","messageBody":"","fileTypesAndContributionMap":{"functional-code":{"insertions":1,"deletions":1},"test-code":{"insertions":23,"deletions":13}}},{"hash":"a616081a434d02364b23f8a00b1fb058a7bb23fc","isMergeCommit":false,"messageTitle":"Update test cases","messageBody":"","fileTypesAndContributionMap":{"functional-code":{"insertions":1,"deletions":1},"test-code":{"insertions":81,"deletions":14}}}]},{"date":"2025-03-11","commitResults":[{"hash":"391354942f6161a6945dd24ad53e5a809864edcd","isMergeCommit":false,"messageTitle":"Update test cases for Medical History","messageBody":"","fileTypesAndContributionMap":{"functional-code":{"insertions":7,"deletions":6},"test-code":{"insertions":93,"deletions":35}}},{"hash":"8058efed4ee812cad1573f14ce42207f6d3fbae2","isMergeCommit":false,"messageTitle":"Update medical history field, 4 more bugs","messageBody":"","fileTypesAndContributionMap":{"functional-code":{"insertions":3,"deletions":0},"test-code":{"insertions":50,"deletions":63}}}]},{"date":"2025-03-12","commitResults":[{"hash":"2bf21cecd3e389fe5f25155b46f11b2ddcc79aab","isMergeCommit":false,"messageTitle":"Reformat Test cases, remove cases for AddCommandParserTest and EditCommandParserTest. Still does not work for JsonSerializable","messageBody":"","fileTypesAndContributionMap":{"functional-code":{"insertions":3,"deletions":3},"test-code":{"insertions":11,"deletions":10}}},{"hash":"25898b1dc4a2203e34e328de4478ffc1f73cb2e0","isMergeCommit":true,"messageTitle":"Merge branch \u0027master\u0027 into branch-MedicalHistoryCommand","messageBody":"Resolve conflicts, passed all except 3 test cases\n","fileTypesAndContributionMap":{}},{"hash":"132d99b34f8c65a3642396f41e06747babde2b24","isMergeCommit":false,"messageTitle":"Reformat merge conflicts","messageBody":"","fileTypesAndContributionMap":{"functional-code":{"insertions":22,"deletions":18},"test-code":{"insertions":1,"deletions":0}}},{"hash":"f0f9465d0cd0443ae0f0161fd609cc8bb4448336","isMergeCommit":false,"messageTitle":"Reformat Medical history field","messageBody":"","fileTypesAndContributionMap":{"functional-code":{"insertions":1,"deletions":1}}},{"hash":"70afd60a035cd31dc54f3620ed7ed33577365345","isMergeCommit":false,"messageTitle":"Reformat medical history, pass test","messageBody":"","fileTypesAndContributionMap":{"functional-code":{"insertions":1,"deletions":1},"test-code":{"insertions":1,"deletions":1}}},{"hash":"ee118158edc9579450906e35bf93959bf57664ba","isMergeCommit":true,"messageTitle":"Merge branch \u0027master\u0027 into branch-MedicalHistoryCommand, resolve conflicts.","messageBody":"","fileTypesAndContributionMap":{}}]},{"date":"2025-03-13","commitResults":[{"hash":"ef77dfb3c83fa2c53132e68b7460a026f73a3a50","isMergeCommit":false,"messageTitle":"Reformat checkstyle","messageBody":"","fileTypesAndContributionMap":{"functional-code":{"insertions":8,"deletions":8},"test-code":{"insertions":52,"deletions":21}}},{"hash":"2c86cacc9e41b90889f312d7f2639299e0a61659","isMergeCommit":false,"messageTitle":"Resolved issues in EditPersonDescriptorTest","messageBody":"","fileTypesAndContributionMap":{"test-code":{"insertions":3,"deletions":3}}},{"hash":"1d8010430c4edccc311fa403766ff2b8143a3706","isMergeCommit":false,"messageTitle":"Reformat comments","messageBody":"","fileTypesAndContributionMap":{"functional-code":{"insertions":2,"deletions":1}}},{"hash":"402a9da7151425a43c2d33e85bce41d804c51eed","isMergeCommit":true,"messageTitle":"Merge pull request #77 from deseansoh/remove-email-field","messageBody":"Remove Email Field","fileTypesAndContributionMap":{}}]},{"date":"2025-03-17","commitResults":[{"hash":"b242882c673455d3fcfa102f7652c0a6bac40b36","isMergeCommit":false,"messageTitle":"Update User Guide to match our feature specs","messageBody":"","fileTypesAndContributionMap":{"docs":{"insertions":92,"deletions":56}}},{"hash":"24ad20556552c7174a2b7194dec6dbd7725e7a59","isMergeCommit":false,"messageTitle":"Update User Guide","messageBody":"","fileTypesAndContributionMap":{"docs":{"insertions":2,"deletions":1}}},{"hash":"6fb7efef10b729f200c0501d26045ee4f176e87b","isMergeCommit":true,"messageTitle":"Merge pull request #84 from deseansoh/edit-help-command","messageBody":"Edit help command and message formats","fileTypesAndContributionMap":{}},{"hash":"0a372d7fcb00496e663a2bf5768fd4e1a3289a1d","isMergeCommit":false,"messageTitle":"Update and reformat User Guide","messageBody":"","fileTypesAndContributionMap":{"docs":{"insertions":10,"deletions":10}}},{"hash":"43e4090e465ff11f3fb15a69abb13c6a000adf4e","isMergeCommit":false,"messageTitle":"Update User Guide","messageBody":"","fileTypesAndContributionMap":{"docs":{"insertions":0,"deletions":2}}},{"hash":"0cfef9034c093cd7159463e4dd3b896977a5858a","isMergeCommit":false,"messageTitle":"Update User Guide","messageBody":"","fileTypesAndContributionMap":{"docs":{"insertions":1,"deletions":0}}}]},{"date":"2025-03-19","commitResults":[{"hash":"4930d44b9dd51ce9240138aea7a699940a7b81bc","isMergeCommit":true,"messageTitle":"Merge pull request #94 from deseansoh/update-rts-os-message","messageBody":"Update RS and OTS message, Update HelpCommand with Display","fileTypesAndContributionMap":{}},{"hash":"0afd45ba4bdcaa518a3fea0d81d4eedf0095a6b5","isMergeCommit":true,"messageTitle":"Merge branch \u0027master\u0027 into Branch-UserGuide","messageBody":"","fileTypesAndContributionMap":{}},{"hash":"4256cbf3247ef2befd7aee72444e43c9fe3b6c9a","isMergeCommit":false,"messageTitle":"Add viewMonday image","messageBody":"","fileTypesAndContributionMap":{"docs":{"insertions":7,"deletions":5}}}]},{"date":"2025-03-20","commitResults":[{"hash":"f9e6127af11fc3c4b06042ae0a24210a36b08441","isMergeCommit":false,"messageTitle":"Reformat User Guide","messageBody":"","fileTypesAndContributionMap":{"docs":{"insertions":58,"deletions":40}}},{"hash":"b8bfeaf1088f6b7fc8ffd40432e96c0cdffaaf68","isMergeCommit":false,"messageTitle":"Update User Guide","messageBody":"","fileTypesAndContributionMap":{"docs":{"insertions":6,"deletions":6}}},{"hash":"6fb8d666213d7884879f4b28edf9d74bba6b59bc","isMergeCommit":false,"messageTitle":"Update User Guide","messageBody":"","fileTypesAndContributionMap":{"docs":{"insertions":1,"deletions":1}}}]},{"date":"2025-03-26","commitResults":[{"hash":"9ab2e1000d42ebbd9864995543a5f158c26b7971","isMergeCommit":true,"messageTitle":"Merge pull request #114 from wzhua02/view-extend","messageBody":"View command extension","fileTypesAndContributionMap":{}}]}],"CloudKai":[{"date":"2025-03-03","commitResults":[{"hash":"22ab2ae5cdddc1b9f2ed11a90d4395698753db0b","isMergeCommit":false,"messageTitle":"Update aboutus and Add cloudkai.md","messageBody":"","fileTypesAndContributionMap":{"docs":{"insertions":52,"deletions":6}}},{"hash":"60045aa375c3b2f66cd720e2b9bfd52ddbd47b99","isMergeCommit":true,"messageTitle":"Merge pull request #32 from wzhua02/aboutus","messageBody":"Update AboutUs.md and made portfolio file","fileTypesAndContributionMap":{}},{"hash":"4a771d3b1260323953d81034e4eadf02ce5916e4","isMergeCommit":true,"messageTitle":"Merge branch \u0027master\u0027 of https://github.com/AY2425S2-CS2103T-T13-1/tp","messageBody":"* \u0027master\u0027 of https://github.com/AY2425S2-CS2103T-T13-1/tp:\n  Update aboutus and Add cloudkai.md\n  Update AboutUs.md and made portfolio file\n  Update AboutUs Desean\n  Update AboutUs.md and create vikeedough.md\n  Rename An Wei photo\n  Add AnWei\u0027s photo\n  Add An Wei\u0027s photo\n  Added An Wei\u0027s photo\n  Add david\u0027s photo\n  An Wei\u0027s photo\n  An Wei\u0027s photo\n  An Wei\u0027s photo\n  Add Desean\u0027s photo\n  Add wzhua02\u0027s photo\n","fileTypesAndContributionMap":{}}]},{"date":"2025-03-05","commitResults":[{"hash":"ac6fba785129e6e631af9215ebaf4ce543ad9f81","isMergeCommit":false,"messageTitle":"Update Target user profile, Value proposition, and User stories into DeveloperGuide","messageBody":"","fileTypesAndContributionMap":{"docs":{"insertions":44,"deletions":17}}},{"hash":"cbd919dda7a4e290ae0a5ad8847db0269acf4034","isMergeCommit":true,"messageTitle":"Merge pull request #46 from deseansoh/update-nfr","messageBody":"Update NFRs in DeveloperGuide.md","fileTypesAndContributionMap":{}},{"hash":"8101168b71831d3b80fa7d401942cd09ef295b6b","isMergeCommit":true,"messageTitle":"Merge pull request #49 from vikeedough/acknowledge-original-source","messageBody":"Add acknowledgement of original source of code at bottom of README.md","fileTypesAndContributionMap":{}},{"hash":"18af37c5319c711c15ac692157bf8554362733d0","isMergeCommit":false,"messageTitle":"Update User stories","messageBody":"","fileTypesAndContributionMap":{"docs":{"insertions":0,"deletions":18}}},{"hash":"8aa4288c8ea1b3d6535459c172202ec61006cb48","isMergeCommit":true,"messageTitle":"Merge pull request #53 from wzhua02/44-dg-usecases","messageBody":"DG: Add Use Cases - Use Cases 5-9","fileTypesAndContributionMap":{}}]},{"date":"2025-03-09","commitResults":[{"hash":"e72a2c5ab2a4ca7ca3f054a4e0caa618432805ba","isMergeCommit":false,"messageTitle":"Add OneTimeDate field to Person","messageBody":"","fileTypesAndContributionMap":{"functional-code":{"insertions":168,"deletions":49},"test-code":{"insertions":142,"deletions":52}}},{"hash":"e9107f71787dbea99608ae3ec04d79e82f137d7b","isMergeCommit":false,"messageTitle":"Add EOF","messageBody":"","fileTypesAndContributionMap":{"functional-code":{"insertions":1,"deletions":1}}}]},{"date":"2025-03-10","commitResults":[{"hash":"f041313ca369d63b1c7ca6d252139dc803c2216f","isMergeCommit":false,"messageTitle":"Fix build test cases","messageBody":"","fileTypesAndContributionMap":{"functional-code":{"insertions":207,"deletions":73},"other":{"insertions":13,"deletions":12},"test-code":{"insertions":213,"deletions":132}}},{"hash":"d88174a2da44b9ad45585cc4d84f70c358161be7","isMergeCommit":false,"messageTitle":"Fix Person display","messageBody":"","fileTypesAndContributionMap":{"functional-code":{"insertions":11,"deletions":2}}},{"hash":"95c58d754f18c99e408c680924b4cbc392a7a4da","isMergeCommit":false,"messageTitle":"Fix checkstyle","messageBody":"","fileTypesAndContributionMap":{"functional-code":{"insertions":1,"deletions":1}}},{"hash":"485879e77b966bb9cb84c9f815d6557eb843053f","isMergeCommit":false,"messageTitle":"Add sample test case","messageBody":"","fileTypesAndContributionMap":{"functional-code":{"insertions":1,"deletions":1}}},{"hash":"2280b6732384e1fd7ae0b089620c640141f764bb","isMergeCommit":false,"messageTitle":"Add OneTimeSchedule to some test cases","messageBody":"","fileTypesAndContributionMap":{"test-code":{"insertions":15,"deletions":8}}},{"hash":"9941387ff67cadae869d381c3be0f228aa2af793","isMergeCommit":false,"messageTitle":"Add test in ParserUtil","messageBody":"","fileTypesAndContributionMap":{"functional-code":{"insertions":11,"deletions":10},"test-code":{"insertions":49,"deletions":0}}},{"hash":"bc8486b0bd86794db91a16361dcdf9a3fca93c76","isMergeCommit":false,"messageTitle":"Add One Time Schedule to Builder test","messageBody":"","fileTypesAndContributionMap":{"test-code":{"insertions":12,"deletions":7}}}]},{"date":"2025-03-11","commitResults":[{"hash":"6127b56bbe6a6fff8f4c5726c7052661194b611e","isMergeCommit":true,"messageTitle":"Merge with refactor location","messageBody":"","fileTypesAndContributionMap":{}},{"hash":"e3454c4523f9d34b9bce3a8784b0906df14b3583","isMergeCommit":true,"messageTitle":"Merge pull request #72 from wzhua02/56-addToDG","messageBody":"Add use cases and a term to glossary","fileTypesAndContributionMap":{}}]},{"date":"2025-03-12","commitResults":[{"hash":"80097bb6fc7d0282da6d85dd033d1a8ee088ad7d","isMergeCommit":true,"messageTitle":"Merge pull request #74 from vikeedough/add-recurring-schedule","messageBody":"Add Recurring Schedule to Person","fileTypesAndContributionMap":{}}]},{"date":"2025-03-13","commitResults":[{"hash":"ad1faaa550c70e22c2e563090d9819aa184150fa","isMergeCommit":true,"messageTitle":"Merge pull request #69 from AnWe11/branch-MedicalHistoryCommand","messageBody":"Create Medical History field to Add and Edit Command","fileTypesAndContributionMap":{}}]},{"date":"2025-03-17","commitResults":[{"hash":"76c729268e0f5cb4982a6a000ef30947b0c80f13","isMergeCommit":false,"messageTitle":"Add Display command","messageBody":"","fileTypesAndContributionMap":{"functional-code":{"insertions":104,"deletions":1},"test-code":{"insertions":134,"deletions":0}}},{"hash":"6f06634e95158c38d110b6a9fa7265ea604f4fc6","isMergeCommit":false,"messageTitle":"Update help tab link","messageBody":"","fileTypesAndContributionMap":{"functional-code":{"insertions":1,"deletions":1}}},{"hash":"eb68df71ec302b56a7e08e6e5be8fd7e5db76077","isMergeCommit":false,"messageTitle":"Fix checkstyle test case","messageBody":"","fileTypesAndContributionMap":{"test-code":{"insertions":4,"deletions":3}}},{"hash":"bc6cc1cf31721a37d11d275baa7ae7ed10104992","isMergeCommit":false,"messageTitle":"Update AddressBookParserTest to include parseCommand_display","messageBody":"","fileTypesAndContributionMap":{"test-code":{"insertions":8,"deletions":0}}}]},{"date":"2025-03-18","commitResults":[{"hash":"7dc81087ff12ec9c666989984a00f95cecd6b42a","isMergeCommit":false,"messageTitle":"Update comments to match Display","messageBody":"","fileTypesAndContributionMap":{"functional-code":{"insertions":2,"deletions":2}}},{"hash":"840597fe69fb180a31cb70359f8768a1a3d34d2f","isMergeCommit":false,"messageTitle":"Update comment","messageBody":"","fileTypesAndContributionMap":{"functional-code":{"insertions":1,"deletions":1}}},{"hash":"3ed7358d6a7c2ed6893983084a14ba67168cc8fd","isMergeCommit":false,"messageTitle":"Update comment for DisplayCommand","messageBody":"","fileTypesAndContributionMap":{"functional-code":{"insertions":1,"deletions":1}}}]},{"date":"2025-03-24","commitResults":[{"hash":"01b894bd52571f5d2dc473b2d572644b2bec85ea","isMergeCommit":false,"messageTitle":"Update otsched date to be LocalDate instead of string","messageBody":"","fileTypesAndContributionMap":{"functional-code":{"insertions":32,"deletions":3}}},{"hash":"8965c771e937dfb115938f3c9e6d0ee068b28b46","isMergeCommit":false,"messageTitle":"Fix test cases and added getDateString that returns dd/MM/yy","messageBody":"","fileTypesAndContributionMap":{"functional-code":{"insertions":18,"deletions":12},"test-code":{"insertions":7,"deletions":7}}},{"hash":"e3825e851255217b6a9ed078848ca9726f87ed23","isMergeCommit":false,"messageTitle":"Revert \"Fix test cases and added getDateString that returns dd/MM/yy\"","messageBody":"This reverts commit 8965c771e937dfb115938f3c9e6d0ee068b28b46.\n","fileTypesAndContributionMap":{"functional-code":{"insertions":12,"deletions":18},"test-code":{"insertions":7,"deletions":7}}},{"hash":"6668b3cc7de37d96d3d6952af317cdc9c6e229e0","isMergeCommit":false,"messageTitle":"Reapply \"Fix test cases and added getDateString that returns dd/MM/yy\"","messageBody":"This reverts commit e3825e851255217b6a9ed078848ca9726f87ed23.\n","fileTypesAndContributionMap":{"functional-code":{"insertions":18,"deletions":12},"test-code":{"insertions":7,"deletions":7}}},{"hash":"2e52e552cd8838d8da8a1a23dfed375b0eb95235","isMergeCommit":false,"messageTitle":"Reapply \"Fix test cases and added getDateString that returns dd/MM/yy\"","messageBody":"This reverts commit e3825e851255217b6a9ed078848ca9726f87ed23.\n","fileTypesAndContributionMap":{"functional-code":{"insertions":18,"deletions":12},"test-code":{"insertions":7,"deletions":7}}},{"hash":"b877f1e9e880ff9d250adf6de49e17bd56c4058c","isMergeCommit":false,"messageTitle":"Fix codecoverage","messageBody":"","fileTypesAndContributionMap":{"test-code":{"insertions":23,"deletions":0}}},{"hash":"fa55e05d013a659105f290d361c8f7edf2bc7e6c","isMergeCommit":false,"messageTitle":"Fix check style","messageBody":"","fileTypesAndContributionMap":{"test-code":{"insertions":2,"deletions":2}}},{"hash":"43766166c3644b0c484b4a60782ae888755a6986","isMergeCommit":false,"messageTitle":"Update otsched","messageBody":"","fileTypesAndContributionMap":{"functional-code":{"insertions":1,"deletions":2},"test-code":{"insertions":0,"deletions":5}}},{"hash":"5a4f66b47b23bb68e7282b3df18834ec820d83e2","isMergeCommit":false,"messageTitle":"Update otsched comment","messageBody":"","fileTypesAndContributionMap":{"functional-code":{"insertions":1,"deletions":1}}},{"hash":"7c5a5009bdb5dfe80333e03b8cefa87b0ebf9810","isMergeCommit":false,"messageTitle":"Update otsched","messageBody":"","fileTypesAndContributionMap":{"functional-code":{"insertions":2,"deletions":3}}}]},{"date":"2025-03-25","commitResults":[{"hash":"f2af72e51b3716c235ed9d4bc48391a2936f9e57","isMergeCommit":false,"messageTitle":"Update src/test/java/seedu/address/testutil/PersonUtil.java","messageBody":"Co-authored-by: Woo Zong Hua \u003c156598834+wzhua02@users.noreply.github.com\u003e","fileTypesAndContributionMap":{"test-code":{"insertions":1,"deletions":1}}},{"hash":"561a03043a36d1599d2d06c660313777ead5d726","isMergeCommit":true,"messageTitle":"Merge pull request #100 from wzhua02/fix-viewCommand","messageBody":"Fix minor bug left from debugging","fileTypesAndContributionMap":{}}]},{"date":"2025-03-27","commitResults":[{"hash":"7a3050673cd1eae8a939fb1ed69f0c64197768d5","isMergeCommit":true,"messageTitle":"Merge pull request #115 from wzhua02/update-ug-view-extension","messageBody":"Update User Guide","fileTypesAndContributionMap":{}}]}],"wzhua02":[{"date":"2025-03-03","commitResults":[{"hash":"309941e656a271dd0e00bbec478a764b9aab95dd","isMergeCommit":false,"messageTitle":"Update AboutUs.md and made portfolio file","messageBody":"","fileTypesAndContributionMap":{"docs":{"insertions":51,"deletions":4}}},{"hash":"9e35351e8652bf6eeecca53bb4d462ac58c23b31","isMergeCommit":true,"messageTitle":"Merge pull request #34 from AnWe11/branch-AboutUSpage","messageBody":"Update About Us page","fileTypesAndContributionMap":{}}]},{"date":"2025-03-05","commitResults":[{"hash":"781385d4693b7dc400c2b8b09608c57cc8f7be3a","isMergeCommit":false,"messageTitle":"Add use cases 5 to 9 to DeveloperGuide","messageBody":"","fileTypesAndContributionMap":{"docs":{"insertions":95,"deletions":11}}},{"hash":"15c56733a107e3bf33ee543f782a3d4c72df2b85","isMergeCommit":true,"messageTitle":"Merge pull request #47 from vikeedough/add-ui-mockup","messageBody":"Add UI mockup","fileTypesAndContributionMap":{}},{"hash":"c5f6e6bf4be5fa677ba16d2441e36b078b0cf985","isMergeCommit":false,"messageTitle":"Fix format of case inclusion","messageBody":"","fileTypesAndContributionMap":{"docs":{"insertions":8,"deletions":8}}},{"hash":"87287e6ca4cef809ac21867fa03c60f988acfcb7","isMergeCommit":false,"messageTitle":"Add horizontal line between use cases","messageBody":"","fileTypesAndContributionMap":{"docs":{"insertions":10,"deletions":0}}},{"hash":"21e3fbed255cdc67fcd5d7e96e2930d50d74c9cf","isMergeCommit":false,"messageTitle":"Modify format of use cases","messageBody":"","fileTypesAndContributionMap":{"docs":{"insertions":38,"deletions":16}}},{"hash":"db1b9ac3540c49a8850b2250dbf94a2a8b14f71d","isMergeCommit":false,"messageTitle":"Modify format of use cases","messageBody":"","fileTypesAndContributionMap":{"docs":{"insertions":21,"deletions":42}}},{"hash":"aea0f6859ba1dbd1d004748918f7c347bec1ef22","isMergeCommit":false,"messageTitle":"Fix bullet point format","messageBody":"","fileTypesAndContributionMap":{"docs":{"insertions":30,"deletions":30}}},{"hash":"97b138c175e3f27a215a0ac9c57e0cdb777ae2b6","isMergeCommit":false,"messageTitle":"Fix indentation of bullet points","messageBody":"","fileTypesAndContributionMap":{"docs":{"insertions":48,"deletions":44}}},{"hash":"2a2d515907e88f287f259492a29224e1c45e7a60","isMergeCommit":false,"messageTitle":"Modify indentation for bullet points","messageBody":"","fileTypesAndContributionMap":{"docs":{"insertions":28,"deletions":32}}},{"hash":"8141c7621ab7b8bbdd73911716d72d7213a9e2dd","isMergeCommit":false,"messageTitle":"Remove bold format from sub bullet points","messageBody":"","fileTypesAndContributionMap":{"docs":{"insertions":11,"deletions":11}}},{"hash":"72552323d02cf1dff10123eacb93c993ef59cf14","isMergeCommit":false,"messageTitle":"Add breakline to Use Case 5 extension","messageBody":"","fileTypesAndContributionMap":{"docs":{"insertions":1,"deletions":1}}},{"hash":"72a98e6304ec7b7ce80bf6884147fc002eb91edb","isMergeCommit":false,"messageTitle":"Fix bugs in Use Case 5","messageBody":"","fileTypesAndContributionMap":{"docs":{"insertions":1,"deletions":1}}},{"hash":"14f3e19bdcb90e8cc92705de56d74319a16596a6","isMergeCommit":false,"messageTitle":"Fix new lines in use cases","messageBody":"","fileTypesAndContributionMap":{"docs":{"insertions":16,"deletions":16}}},{"hash":"f1c74529bc330872cbcbf595278daac956ab62ec","isMergeCommit":false,"messageTitle":"Modify indents of bullet points","messageBody":"","fileTypesAndContributionMap":{"docs":{"insertions":22,"deletions":22}}},{"hash":"5dcd96025c10213a4f8e354d3f10ce4e91e0128b","isMergeCommit":false,"messageTitle":"Modify lists in use cases","messageBody":"Changed formatting of lists so that the spacing between each pointer\nwith sublists to be tighter.\n\nRefer to this forum post on tight lists vs loose lists in markdown:\nhttps://meta.discourse.org/t/markdown-nested-lists-have-different-vertical-padding-for-different-bullet-depths/106166/9\n","fileTypesAndContributionMap":{"docs":{"insertions":0,"deletions":6}}},{"hash":"ee0d527dc7917de4d8e30f77f042fafab0d71367","isMergeCommit":false,"messageTitle":"Modify indents of subpointers in usecases","messageBody":"","fileTypesAndContributionMap":{"docs":{"insertions":22,"deletions":22}}},{"hash":"e5eacbd938ba4163058f554b1778036589826b73","isMergeCommit":false,"messageTitle":"Fix bug in use case 9","messageBody":"","fileTypesAndContributionMap":{"docs":{"insertions":1,"deletions":1}}},{"hash":"795f7ff18a3c9bdf76a852cb32d488cfffc01184","isMergeCommit":false,"messageTitle":"Add horizontal line after use case 9","messageBody":"","fileTypesAndContributionMap":{"docs":{"insertions":2,"deletions":0}}}]},{"date":"2025-03-06","commitResults":[{"hash":"d84217d88e05d4039df29b1cd16a938e72e42a52","isMergeCommit":true,"messageTitle":"Merge pull request #55 from vikeedough/update-sitewide-settings","messageBody":"Update repository in _config.yml","fileTypesAndContributionMap":{}},{"hash":"932b918ebb6b1246bee57cd45f0647f82e4e6f72","isMergeCommit":true,"messageTitle":"Merge pull request #54 from AnWe11/branch-DGUseCaseAnWei","messageBody":"Add Use Case 1-4 in Developer Guide","fileTypesAndContributionMap":{}}]},{"date":"2025-03-09","commitResults":[{"hash":"cab6b4ac14f99a2bad87c169b8eaf2bb64fcde42","isMergeCommit":false,"messageTitle":"Refactor Address to Location","messageBody":"Used Assisted refactoring to refactor the Address class into Location.\n\nLocation makes more sense in our target audience context since the\ntraining location of the client is stored rather than the client\u0027s\naddress.\n","fileTypesAndContributionMap":{"functional-code":{"insertions":50,"deletions":50},"other":{"insertions":12,"deletions":12},"docs":{"insertions":39,"deletions":39},"test-code":{"insertions":81,"deletions":81}}},{"hash":"f0a703e151e825d2e4ac38c63d2318f5c965ae6d","isMergeCommit":false,"messageTitle":"Bug fix: Refactoring in FXML","messageBody":"Labels in FXML elements are renamed to trainingLocation instead of just\nlocation. The change in naming specifically in FXML is because\n`location` is a reserved keyword in FXML.\n\nRefer to this S/O discussion on the error\nhttps://stackoverflow.com/questions/56247046/javafx-java-lang-illegalargumentexception-can-not-set-javafx-scene-control-labe\n","fileTypesAndContributionMap":{"functional-code":{"insertions":3,"deletions":3}}},{"hash":"2833525ef335f490aac86a8ce8f156ddc7ec9b84","isMergeCommit":false,"messageTitle":"Replace instances of address to location","messageBody":"To ensure consistency in variable/method names with previous\nrefactoring.\n","fileTypesAndContributionMap":{"functional-code":{"insertions":43,"deletions":43},"test-code":{"insertions":34,"deletions":34}}},{"hash":"f2301ce0d2f2a306c60690a12c14b8c1eb36fde1","isMergeCommit":false,"messageTitle":"Refactor Address to Location in tests","messageBody":"","fileTypesAndContributionMap":{"functional-code":{"insertions":2,"deletions":2},"other":{"insertions":9,"deletions":9},"test-code":{"insertions":92,"deletions":92}}},{"hash":"532391791266f30d6a5448beff08ea4ff844f817","isMergeCommit":false,"messageTitle":"Bug fix: Code quality fixes","messageBody":"Used Optimize Imports to reorder import statements automatically.\n\nRefer to this help page - Optimize all imports, for usage:\nhttps://www.jetbrains.com/help/idea/creating-and-optimizing-imports.html#optimize-imports\n","fileTypesAndContributionMap":{"functional-code":{"insertions":15,"deletions":21},"test-code":{"insertions":29,"deletions":26}}},{"hash":"e3427b4395ae62b66bd27a1fd431e750d843316d","isMergeCommit":false,"messageTitle":"Bug fix: Textual bugs","messageBody":"Reverted some refactoring of \u0027location\u0027 back to \u0027address\u0027 in certain\ntexts where appropriate.\n\nRefactored address to location in some error prompts in AddCommand and\nEditCommand.\n","fileTypesAndContributionMap":{"functional-code":{"insertions":7,"deletions":7},"docs":{"insertions":38,"deletions":38},"test-code":{"insertions":9,"deletions":9}}}]},{"date":"2025-03-10","commitResults":[{"hash":"716e4151afd906abf2676da0ed66894f4b235a65","isMergeCommit":false,"messageTitle":"Minor Text Bug","messageBody":"","fileTypesAndContributionMap":{"docs":{"insertions":1,"deletions":1}}},{"hash":"b05ba43e8afc9a29ac978b183e886b545668ba6a","isMergeCommit":false,"messageTitle":"Fix minor text bug","messageBody":"","fileTypesAndContributionMap":{"test-code":{"insertions":2,"deletions":2}}},{"hash":"56850976e070caf1711ae6b61ee3442c60683ade","isMergeCommit":false,"messageTitle":"Fix bug in reading json file","messageBody":"","fileTypesAndContributionMap":{"functional-code":{"insertions":1,"deletions":1}}},{"hash":"f158b3c29c4084850163d23c6b78d830c52761b7","isMergeCommit":false,"messageTitle":"Add use cases and a term to glossary","messageBody":"","fileTypesAndContributionMap":{"docs":{"insertions":92,"deletions":0}}},{"hash":"6bb13989204da7449e2814df7ba9ceafbf5e77dd","isMergeCommit":false,"messageTitle":"Modify \u0027view client\u0027 to \u0027find client\u0027","messageBody":"","fileTypesAndContributionMap":{"docs":{"insertions":7,"deletions":8}}}]},{"date":"2025-03-11","commitResults":[{"hash":"11e0a3da278310fe5d51f6f6d461fb730edf5cf8","isMergeCommit":false,"messageTitle":"Update docs/DeveloperGuide.md","messageBody":"Co-authored-by: dsyc \u003c62531591+deseansoh@users.noreply.github.com\u003e","fileTypesAndContributionMap":{"docs":{"insertions":1,"deletions":1}}},{"hash":"2f94be2702e0ef7b34f58e3f74d62468b86f0b9f","isMergeCommit":true,"messageTitle":"Merge pull request #65 from deseansoh/update-person-fields","messageBody":"Update Name and Phone Fields, Create Goals field","fileTypesAndContributionMap":{}}]},{"date":"2025-03-16","commitResults":[{"hash":"898ce50911ca8d12d85c1d5b56c16ab0fb22af0f","isMergeCommit":true,"messageTitle":"Merge pull request #85 from vikeedough/fix-recurring-schedule","messageBody":"Implement time check and day formatter","fileTypesAndContributionMap":{}}]},{"date":"2025-03-17","commitResults":[{"hash":"e35a82d825e03c1ba0195066a252b028a2d33d5d","isMergeCommit":false,"messageTitle":"Modify OneTimeSchedule class variables","messageBody":"","fileTypesAndContributionMap":{"functional-code":{"insertions":15,"deletions":6}}},{"hash":"ed17197a5f4c4716ffc200c5d3d2844d85ba2042","isMergeCommit":false,"messageTitle":"Modify RecurringSchedule and OneTimeSchedule","messageBody":"When searching for a certain date or day with the schedule command in\nfuture implementations, it will be easier if there is a method to\nget the date or day field individually. Getter method for these fields\nwill be implemented in next commit.\n","fileTypesAndContributionMap":{"functional-code":{"insertions":15,"deletions":8},"test-code":{"insertions":8,"deletions":4}}},{"hash":"c4fada885d141b3c357975841b3ef8c8b6492ede","isMergeCommit":false,"messageTitle":"Add ScheduleCommand class","messageBody":"","fileTypesAndContributionMap":{"functional-code":{"insertions":139,"deletions":0}}},{"hash":"886880f60b3344cffb122e8e6b3e729f1360478c","isMergeCommit":false,"messageTitle":"Add test files and refactor class","messageBody":"Refactor ScheduleContainsKeywordsPredicate to\nScheduleContainsKeywordPredicate to reflect the use case of the class\nmore closely.\n\nAdd test cases for ScheduleCommand, test cases closely follows the test\ncases for FindCommand.\n","fileTypesAndContributionMap":{"functional-code":{"insertions":70,"deletions":53},"test-code":{"insertions":142,"deletions":1}}},{"hash":"0f83aead468b0412b980ba1672dbda2e89b82058","isMergeCommit":false,"messageTitle":"Add Schedule class","messageBody":"OneTimeSchedule and RecurringSchedule shares similar attributes and\nmethods, so those are abstracted to a parent class, so both these\nclasses now are subclasses that shares these similar attributes and\nmethods from the same parent class.\n","fileTypesAndContributionMap":{"functional-code":{"insertions":91,"deletions":29}}},{"hash":"ddb0b1c554668b016cd2a88a26e264f5dc4d3ba5","isMergeCommit":false,"messageTitle":"Fix bug in PersonUtil","messageBody":"","fileTypesAndContributionMap":{"test-code":{"insertions":6,"deletions":6}}},{"hash":"5e1f7614a398b45e250ee73353c837e21abbbbf0","isMergeCommit":false,"messageTitle":"Fix bugs in tests and in schedule","messageBody":"","fileTypesAndContributionMap":{"functional-code":{"insertions":16,"deletions":10},"test-code":{"insertions":30,"deletions":21}}},{"hash":"18558fc856679044b39d9dc4d99e9dafcd79472d","isMergeCommit":false,"messageTitle":"Refactor ScheduleCommand to ViewCommand","messageBody":"","fileTypesAndContributionMap":{"functional-code":{"insertions":3,"deletions":3},"other":{"insertions":31,"deletions":31},"test-code":{"insertions":4,"deletions":4}}},{"hash":"63ff83dbe0d5050f1028b0377e73088fe0c1dc71","isMergeCommit":false,"messageTitle":"Modify ViewCommand message","messageBody":"ViewCommand should show user the timings of the filtered clients.\n","fileTypesAndContributionMap":{"functional-code":{"insertions":54,"deletions":2}}},{"hash":"df087d4305334cf610e3818e265a508f8c0abd35","isMergeCommit":false,"messageTitle":"Fix some test cases for RecurringSchedule","messageBody":"","fileTypesAndContributionMap":{"test-code":{"insertions":9,"deletions":3}}}]},{"date":"2025-03-18","commitResults":[{"hash":"d21210dbdd5e9d2895b002b8d5a10b00724a88cd","isMergeCommit":false,"messageTitle":"Fix code quality in test case","messageBody":"","fileTypesAndContributionMap":{"test-code":{"insertions":2,"deletions":1}}},{"hash":"5524bda1d48d79e4bfca45627ee096f541f83cb3","isMergeCommit":false,"messageTitle":"Modify date parsing in OneTimeSchedule","messageBody":"Standardise the format date strings are stored in application data to\nstrictly follow \"DD/MM\" or \"DD/MM/YY\"\n","fileTypesAndContributionMap":{"functional-code":{"insertions":23,"deletions":8},"test-code":{"insertions":4,"deletions":1}}},{"hash":"74d199486c87159d1ac030da94a49a8529afa7f8","isMergeCommit":false,"messageTitle":"Add formatDate method in OneTimeSchedule","messageBody":"","fileTypesAndContributionMap":{"functional-code":{"insertions":70,"deletions":49},"test-code":{"insertions":3,"deletions":3}}},{"hash":"13728933ba0f7d27b19afbba4a2dce465bdf1f7e","isMergeCommit":false,"messageTitle":"Modify ScheduleContainsKeywordPredicate","messageBody":"ScheduleContainsKeywordPredicate constructor formats keyword to\ntheir respective normalized forms before beign used to search.\n","fileTypesAndContributionMap":{"functional-code":{"insertions":17,"deletions":9},"test-code":{"insertions":4,"deletions":4}}},{"hash":"dc5e0f1480fb880604770cbcdd2ba2b1d9d06972","isMergeCommit":false,"messageTitle":"fix code quality in test","messageBody":"","fileTypesAndContributionMap":{"test-code":{"insertions":0,"deletions":1}}},{"hash":"8f118f799123ebf860d763833a88195ca0298672","isMergeCommit":false,"messageTitle":"Add test for OneTimeSchedule","messageBody":"Fix textual bugs in parseOneTimeSchedule.\n\nAdd test case to cover invalid time format for OneTimeSchedule.\n","fileTypesAndContributionMap":{"functional-code":{"insertions":2,"deletions":2},"test-code":{"insertions":15,"deletions":8}}},{"hash":"32ca4cabd1d6f4619f89fc83a4af87e1a91201e5","isMergeCommit":false,"messageTitle":"Modify RecurringSchedule tests","messageBody":"Modify code for RecurringSchedule tests to follow the code format of\nOneTimeSchedule and other fields tests.\n","fileTypesAndContributionMap":{"test-code":{"insertions":10,"deletions":10}}},{"hash":"47084fb4969b3fb54822287e28e9b9f90bb4a356","isMergeCommit":false,"messageTitle":"Add tests to OneTimeSchedule and RecurringSchedule","messageBody":"Add tests for formatDate and formatDay methods\n","fileTypesAndContributionMap":{"test-code":{"insertions":67,"deletions":0}}},{"hash":"af4870588710c76c4243c8da949f713e834d8257","isMergeCommit":false,"messageTitle":"Add test for ScheduleContainsKeywordPredicate","messageBody":"","fileTypesAndContributionMap":{"test-code":{"insertions":83,"deletions":0}}},{"hash":"b4a624cb0c8f1c9ea0f66db9828a70e70b311e22","isMergeCommit":false,"messageTitle":"Fix minor text bug","messageBody":"","fileTypesAndContributionMap":{"test-code":{"insertions":4,"deletions":4}}},{"hash":"d382587977eb8828c7492bba5986f03c582f98c8","isMergeCommit":false,"messageTitle":"Add test cases to improve coverage","messageBody":"","fileTypesAndContributionMap":{"test-code":{"insertions":15,"deletions":5}}},{"hash":"de8fc5812266f8a7fd18ff4769f75c48d86ac8e1","isMergeCommit":false,"messageTitle":"Fix bug in RecurringScheduleTest","messageBody":"","fileTypesAndContributionMap":{"test-code":{"insertions":4,"deletions":4}}},{"hash":"0ba496fb66ae773a9b3c4a63eea8ffc1465ccb62","isMergeCommit":false,"messageTitle":"Fix test case bug in ParserUtilTest","messageBody":"","fileTypesAndContributionMap":{"test-code":{"insertions":3,"deletions":4}}},{"hash":"20ee0bf13e538676588c254ec2a82172201c4b43","isMergeCommit":false,"messageTitle":"Fix code quality issue in ParserUtilTest","messageBody":"","fileTypesAndContributionMap":{"test-code":{"insertions":2,"deletions":1}}},{"hash":"bf9aec7617e167e6fa98d05c8ff3fce25a4afd58","isMergeCommit":false,"messageTitle":"Add DayOfWeek enumeration and fix bugs","messageBody":"DayOfWeek enumeration class will help to standardize the usage of\nday-related strings in classes.\n\nAdd message to indicate to user if no clients are found with\nViewCommand.\n","fileTypesAndContributionMap":{"functional-code":{"insertions":129,"deletions":64},"test-code":{"insertions":2,"deletions":2}}},{"hash":"e28b523efb75023f41dad4eaa5ee9c5446f6b9ce","isMergeCommit":false,"messageTitle":"Add toString method to DayOfWeek","messageBody":"Also changed RecurringSchedule to use DayOfWeek as a type.\n","fileTypesAndContributionMap":{"functional-code":{"insertions":9,"deletions":4},"test-code":{"insertions":0,"deletions":44}}},{"hash":"d59fe6a37b6e07f6459e1676b3d827137d96a8ff","isMergeCommit":false,"messageTitle":"Add test cases for DayOfWeek class","messageBody":"","fileTypesAndContributionMap":{"test-code":{"insertions":105,"deletions":0}}},{"hash":"a95cefa0f61249069e3a778d185a8bf893529d88","isMergeCommit":false,"messageTitle":"Add tests for ViewCommand and ViewCommandParser","messageBody":"","fileTypesAndContributionMap":{"test-code":{"insertions":63,"deletions":4}}},{"hash":"10d91a8dfad0e91da45a84f947dfbc85f95e8a77","isMergeCommit":true,"messageTitle":"Merge branch \u0027master\u0027 into schedule-command","messageBody":"","fileTypesAndContributionMap":{}},{"hash":"6d5466f0fe9adb07d61d5a66427cb30debd0c675","isMergeCommit":false,"messageTitle":"Fix code quality in ViewCommandParserTest","messageBody":"","fileTypesAndContributionMap":{"test-code":{"insertions":2,"deletions":2}}},{"hash":"268a3e83a75488b84e39666fc14ea3e120c65ca5","isMergeCommit":false,"messageTitle":"Replace nonNull method in ViewCommandParser","messageBody":"","fileTypesAndContributionMap":{"functional-code":{"insertions":2,"deletions":3}}},{"hash":"501028ef62f786635bb920b21e89d07f8baf52b5","isMergeCommit":false,"messageTitle":"Fix test cases textual bugs","messageBody":"OneTimeSchedule field in data stored in the .json files in\nJsonSerializableAddressBookTest are standardized to dd/mm since date\nis meant to be stored in that form. Incorrect stored formatting of date\ncan be tested separately or maybe simulated in\ninvalidPersonAddressBook.json.\n","fileTypesAndContributionMap":{"test-code":{"insertions":2,"deletions":2}}}]},{"date":"2025-03-19","commitResults":[{"hash":"beeb3a9c14aa19160a37a65f5aeccd75e2d71860","isMergeCommit":false,"messageTitle":"Modify DayOfWeek regex into a constant","messageBody":"","fileTypesAndContributionMap":{"functional-code":{"insertions":5,"deletions":5},"test-code":{"insertions":0,"deletions":11}}},{"hash":"d11418a97d34e37dca507f51b1afdd38ac8e7f52","isMergeCommit":false,"messageTitle":"Add PascalCase to DayOfWeek values","messageBody":"","fileTypesAndContributionMap":{"functional-code":{"insertions":26,"deletions":10}}},{"hash":"443e2d69e6308e5fdf0bd909e9943498ae1a6bdd","isMergeCommit":true,"messageTitle":"Merge pull request #87 from wzhua02/schedule-command","messageBody":"View command","fileTypesAndContributionMap":{}}]},{"date":"2025-03-20","commitResults":[{"hash":"2674b9f34e4fe97b13da6f55ad2556ef2f4375e6","isMergeCommit":false,"messageTitle":"Fix minor bug left from debugging","messageBody":"","fileTypesAndContributionMap":{"functional-code":{"insertions":0,"deletions":1}}}]},{"date":"2025-03-25","commitResults":[{"hash":"418579a2fdeb9a38d5306b678bf98e91a8509b7a","isMergeCommit":true,"messageTitle":"Merge pull request #105 from CloudKai/update-otsched-localdate","messageBody":"Update otsched date to be LocalDate instead of string","fileTypesAndContributionMap":{}},{"hash":"a2907c9794a53f2a81d3bc9d7f2b7de5acb6bcf1","isMergeCommit":false,"messageTitle":"Refactor DayOfWeek to DayOfWeekUtils","messageBody":"Use java.time.DayOfWeek instead of creating a new enumeration class for\nDayOfWeek.\n","fileTypesAndContributionMap":{"functional-code":{"insertions":11,"deletions":10},"other":{"insertions":27,"deletions":41},"test-code":{"insertions":107,"deletions":94}}},{"hash":"50bbe311ef92032bf3156158f23f337458c5f8ac","isMergeCommit":false,"messageTitle":"Fix minor code quality issue","messageBody":"","fileTypesAndContributionMap":{"test-code":{"insertions":2,"deletions":2}}},{"hash":"1b5b357c90350efa7f590c97d4676c43f850e339","isMergeCommit":false,"messageTitle":"Add LocalDateUtils class","messageBody":"Purpose: Abstract all functions that interacts with LocalDate into a\nsingle class\n","fileTypesAndContributionMap":{"functional-code":{"insertions":72,"deletions":60},"test-code":{"insertions":4,"deletions":0}}},{"hash":"a1d23da67e36a92b930142f3c8408a4c345f4e3e","isMergeCommit":false,"messageTitle":"Modify Test","messageBody":"","fileTypesAndContributionMap":{"test-code":{"insertions":88,"deletions":38}}},{"hash":"e857c09c32489fb6b4ab6c25369cfd46fc2e7f7b","isMergeCommit":false,"messageTitle":"Fix bug in method name","messageBody":"Refactor localDatePaser to localDateParser.\n","fileTypesAndContributionMap":{"functional-code":{"insertions":2,"deletions":2},"test-code":{"insertions":5,"deletions":7}}},{"hash":"4b945968b08ddadb0165203b2a5cc6b16d303dc0","isMergeCommit":false,"messageTitle":"Modify ViewCommand and LocalDateUtils classes","messageBody":"In ViewCommand, abstract some logic of execute function to individual\nprivate method. Reduce the complexity of execute function.\n\nIn LocalDateUtils, add toString method to convert LocalDate objects to\nString in \"dd/MM/yy\". The method functionality was formerly from\ngetDateString in OneTimeSchedule.\n","fileTypesAndContributionMap":{"functional-code":{"insertions":46,"deletions":22}}},{"hash":"2104ca872122c8a0f64d61a4584fb727cd013c0a","isMergeCommit":false,"messageTitle":"Fix bugs in test cases","messageBody":"","fileTypesAndContributionMap":{"test-code":{"insertions":2,"deletions":10}}},{"hash":"0c40646719e1294f30bb28c4c4297579096e6ce2","isMergeCommit":false,"messageTitle":"Add extension to ViewCommand","messageBody":"Add dayToFind and dateToFind variables to\nScheduleContainsKeywordPredicate in order to filter the person list\naccording to the extension.\n\nThe above change allows the application to display the search term the\nuser actually input.\n\nThe above change allows ViewCommand functionality to look for timings\nbased on the extension\u0027s search definition.\n\nAlso modified ViewCommandTest to reflect changes.\n","fileTypesAndContributionMap":{"functional-code":{"insertions":46,"deletions":14},"test-code":{"insertions":2,"deletions":2}}}]},{"date":"2025-03-26","commitResults":[{"hash":"d4091f62c31322308f1aefdc7368b7ab66b9b26c","isMergeCommit":false,"messageTitle":"Add test cases","messageBody":"Test cases for functionality of extension for ViewCommand.\n","fileTypesAndContributionMap":{"test-code":{"insertions":12,"deletions":9}}},{"hash":"7005e37c5905e68fef7be763fdbd82e59e95c03e","isMergeCommit":false,"messageTitle":"Modify User Guide","messageBody":"Add lines relevant to the changes made for date stored in\nOneTimeSchedule.\n","fileTypesAndContributionMap":{"docs":{"insertions":12,"deletions":2}}},{"hash":"c7536f6a0cdef4a90c1b5a5aaad3190a54fe67d3","isMergeCommit":false,"messageTitle":"Add display command instructions","messageBody":"","fileTypesAndContributionMap":{"docs":{"insertions":17,"deletions":1}}},{"hash":"5582a11ef0825f4d54dec610a93ac920970c7492","isMergeCommit":false,"messageTitle":"Modify ViewCommand and isValidDate method","messageBody":"ViewCommand now displays the index of the person in the message.\n\nisValidDate method is moved to LocalDateUtils.\n\nRegex for date is also modularized similar to DayOfWeek in\nDayOfWeekUtils.\n","fileTypesAndContributionMap":{"functional-code":{"insertions":36,"deletions":28}}},{"hash":"d48517f8d560c069da17c64ea0f576603b994084","isMergeCommit":false,"messageTitle":"Edit test cases to account for index","messageBody":"","fileTypesAndContributionMap":{"test-code":{"insertions":3,"deletions":3}}},{"hash":"da93c6ff0de4756eb6d43e83a61f3af29edb4241","isMergeCommit":true,"messageTitle":"Merge branch \u0027master\u0027 into view-extend","messageBody":"","fileTypesAndContributionMap":{}},{"hash":"b26c2aca50c6907cc52ae1368bfd5b8f6fb2a30e","isMergeCommit":false,"messageTitle":"Fix code quality in test case","messageBody":"","fileTypesAndContributionMap":{"test-code":{"insertions":2,"deletions":1}}},{"hash":"c4c3e5a2edf89f56dbdebbdc2853c35df879f491","isMergeCommit":false,"messageTitle":"Modify toString in OneTimeSchedule","messageBody":"","fileTypesAndContributionMap":{"functional-code":{"insertions":1,"deletions":1}}},{"hash":"ebee2c5f8bde8e52e1f3e7ff8bfe1db1c0045c5a","isMergeCommit":false,"messageTitle":"Fix minor method name bug","messageBody":"","fileTypesAndContributionMap":{"functional-code":{"insertions":2,"deletions":2}}},{"hash":"da3e88770cc9044b61b08eb8a3fd3032cbe09966","isMergeCommit":false,"messageTitle":"Modify LocalDate regex","messageBody":"Purpose: To modularise further.\n","fileTypesAndContributionMap":{"functional-code":{"insertions":4,"deletions":4}}},{"hash":"3a213204437ee10933e2e1df1d5c603ab273775c","isMergeCommit":false,"messageTitle":"Update docs/UserGuide.md","messageBody":"","fileTypesAndContributionMap":{"docs":{"insertions":1,"deletions":1}}},{"hash":"1d829f14a7f70331fe3d42896e1669b069478daf","isMergeCommit":false,"messageTitle":"Remove DisplayCommand instructions","messageBody":"Also edit markdown elements.\n","fileTypesAndContributionMap":{"docs":{"insertions":1,"deletions":15}}},{"hash":"7c33d2c8879e0b3afc3159f88d3bd98eccd9a074","isMergeCommit":false,"messageTitle":"Fix minor bug in UG","messageBody":"","fileTypesAndContributionMap":{"docs":{"insertions":2,"deletions":2}}},{"hash":"e9df3032c2dd37bad890672c401c2c1624003d01","isMergeCommit":false,"messageTitle":"Update docs/UserGuide.md","messageBody":"","fileTypesAndContributionMap":{"docs":{"insertions":0,"deletions":14}}},{"hash":"7aa38e9739e070838e391c7c265c50ca70d37923","isMergeCommit":false,"messageTitle":"Update docs/UserGuide.md","messageBody":"Co-authored-by: Kai Ming \u003c73392354+CloudKai@users.noreply.github.com\u003e","fileTypesAndContributionMap":{"docs":{"insertions":1,"deletions":1}}},{"hash":"8ddb9a7e3ce11c8100c145944290fe0b6817febe","isMergeCommit":false,"messageTitle":"Update docs/UserGuide.md","messageBody":"","fileTypesAndContributionMap":{"docs":{"insertions":1,"deletions":1}}},{"hash":"37539b5e3492ed6e0e8594e1e083b8414a2e86c6","isMergeCommit":false,"messageTitle":"Update docs/UserGuide.md","messageBody":"","fileTypesAndContributionMap":{"docs":{"insertions":1,"deletions":1}}},{"hash":"e7c64a263d2eea3717e814efaf1c75d79cb19e63","isMergeCommit":true,"messageTitle":"Merge branch \u0027update-ug-view-extension\u0027 of https://github.com/wzhua02/tp into update-ug-view-extension","messageBody":"","fileTypesAndContributionMap":{}},{"hash":"693b93ffde28fc00f4afc98d3a7622e5ee93a902","isMergeCommit":false,"messageTitle":"Add punctuation to all bullet point","messageBody":"","fileTypesAndContributionMap":{"docs":{"insertions":15,"deletions":15}}},{"hash":"afe87e05e74438a763714e77aa0149a4efcf5b29","isMergeCommit":false,"messageTitle":"Add more information at start of UG","messageBody":"","fileTypesAndContributionMap":{"docs":{"insertions":37,"deletions":1}}},{"hash":"834e1496f6622a27730716240390322f49440189","isMergeCommit":false,"messageTitle":"Add display to Command Summary","messageBody":"","fileTypesAndContributionMap":{"docs":{"insertions":1,"deletions":0}}},{"hash":"6af893845aeb2b1f988c23ed9f2741a828dbddec","isMergeCommit":false,"messageTitle":"Add spacing after warning block","messageBody":"","fileTypesAndContributionMap":{"docs":{"insertions":2,"deletions":0}}},{"hash":"0f0deda099a9542c13a5bc1a68ced7e576c343eb","isMergeCommit":false,"messageTitle":"Add line break after warning block","messageBody":"","fileTypesAndContributionMap":{"docs":{"insertions":2,"deletions":0}}}]},{"date":"2025-03-27","commitResults":[{"hash":"db4df8519f3d3a087deb4bace28ad966430fba5a","isMergeCommit":false,"messageTitle":"Update docs/UserGuide.md","messageBody":"Co-authored-by: Kai Ming \u003c73392354+CloudKai@users.noreply.github.com\u003e","fileTypesAndContributionMap":{"docs":{"insertions":1,"deletions":1}}},{"hash":"6881140ad19e53a2e13a51e555a4b5d3609a7e6c","isMergeCommit":false,"messageTitle":"Add warning for ViewCommand","messageBody":"","fileTypesAndContributionMap":{"docs":{"insertions":4,"deletions":0}}},{"hash":"8e9a3a6b09c7dd90aa9eaebfe47e99df2aab4b5b","isMergeCommit":true,"messageTitle":"Merge branch \u0027update-ug-view-extension\u0027 of https://github.com/wzhua02/tp into update-ug-view-extension","messageBody":"","fileTypesAndContributionMap":{}}]}],"vikeedough":[{"date":"2025-03-03","commitResults":[{"hash":"2480ce2dfc1c2f960dc4e2754a4a784267385d1d","isMergeCommit":false,"messageTitle":"Update AboutUs.md and create vikeedough.md","messageBody":"","fileTypesAndContributionMap":{"docs":{"insertions":51,"deletions":7}}},{"hash":"d58be57631092c46f37f871c1b08509b8108bf42","isMergeCommit":true,"messageTitle":"Merge pull request #29 from deseansoh/update-aboutus-desean","messageBody":"Update AboutUs Desean","fileTypesAndContributionMap":{}}]},{"date":"2025-03-04","commitResults":[{"hash":"bc3f72bb30303bfeb2508d3add83c8b24c035ab9","isMergeCommit":false,"messageTitle":"Update link of Github Actions build status badge","messageBody":"","fileTypesAndContributionMap":{"docs":{"insertions":1,"deletions":1}}},{"hash":"2213757df60d80f179c0595981f03ea9b61fc7a4","isMergeCommit":false,"messageTitle":"Add acknowledgement of original source of code at bottom of README.md","messageBody":"","fileTypesAndContributionMap":{"docs":{"insertions":2,"deletions":0}}},{"hash":"c191bd4cf86f7eebdde8b875cf25c355498fcac1","isMergeCommit":false,"messageTitle":"Add newline at end of README.md","messageBody":"","fileTypesAndContributionMap":{"docs":{"insertions":1,"deletions":1}}},{"hash":"6f8bf7b4876b2863e5f0378886597f146d7c8f77","isMergeCommit":false,"messageTitle":"Update title to FitFlow in _config.yml and _base.scss","messageBody":"","fileTypesAndContributionMap":{"other":{"insertions":1,"deletions":1}}},{"hash":"986cde5cb3dfd38912625fff546094183da05067","isMergeCommit":false,"messageTitle":"Update glossary in DeveloperGuide.md","messageBody":"","fileTypesAndContributionMap":{"docs":{"insertions":14,"deletions":1}}}]},{"date":"2025-03-06","commitResults":[{"hash":"c7d33d2254601f4b5b184224b180926428d35802","isMergeCommit":false,"messageTitle":"Update repository in _config.yml","messageBody":"","fileTypesAndContributionMap":{"other":{"insertions":1,"deletions":1}}}]},{"date":"2025-03-11","commitResults":[{"hash":"9316bbb286fa6475799668eabc1564cf106d0c90","isMergeCommit":true,"messageTitle":"Merge pull request #66 from CloudKai/create-otsched","messageBody":"Add OneTimeSchedule field to Person","fileTypesAndContributionMap":{}},{"hash":"25eb12b008413b36c31fb8c159744062dad325e5","isMergeCommit":false,"messageTitle":"Add RecurringSchedule to FitFlow","messageBody":"","fileTypesAndContributionMap":{"functional-code":{"insertions":298,"deletions":19},"test-code":{"insertions":77,"deletions":0}}}]},{"date":"2025-03-12","commitResults":[{"hash":"2dfd68749896170e89c14758bac3acc2b7497de4","isMergeCommit":false,"messageTitle":"Fix test cases","messageBody":"","fileTypesAndContributionMap":{"test-code":{"insertions":144,"deletions":41}}},{"hash":"2df1e917e44d28613a9504cb815630b28041d0b1","isMergeCommit":false,"messageTitle":"Fix test case","messageBody":"","fileTypesAndContributionMap":{"functional-code":{"insertions":2,"deletions":2}}},{"hash":"f7f81249f76c183d416ab497ef099310e1b74ce8","isMergeCommit":false,"messageTitle":"Fix checkstyle issues","messageBody":"","fileTypesAndContributionMap":{"functional-code":{"insertions":1,"deletions":1},"docs":{"insertions":1,"deletions":1}}},{"hash":"ab47abab6c9b8d590cc301191177a0d074305434","isMergeCommit":false,"messageTitle":"Remove unused import","messageBody":"","fileTypesAndContributionMap":{"test-code":{"insertions":0,"deletions":1}}},{"hash":"23bd903d63f69e4c258cabda926724733fcd847d","isMergeCommit":false,"messageTitle":"Edit CommandBox.fxml","messageBody":"","fileTypesAndContributionMap":{"functional-code":{"insertions":364,"deletions":15}}},{"hash":"b8836dc5966cfa4a94632bc1d765538cef904988","isMergeCommit":false,"messageTitle":"Edit ResultDisplay","messageBody":"","fileTypesAndContributionMap":{"functional-code":{"insertions":8,"deletions":8}}},{"hash":"d6a5367ebf07a79cb17194ad31eac5b8317059d0","isMergeCommit":false,"messageTitle":"Split window into two halves and change majority of colors","messageBody":"","fileTypesAndContributionMap":{"functional-code":{"insertions":44,"deletions":15}}}]},{"date":"2025-03-13","commitResults":[{"hash":"166684363ee95580d3a26a06eeafd5865b2688d0","isMergeCommit":false,"messageTitle":"Adjust personList and resultDisplay and remove horizontal scrollbar","messageBody":"","fileTypesAndContributionMap":{"functional-code":{"insertions":64,"deletions":21}}},{"hash":"0c5e23b791c8bd080704479ecd75aeb78bd994aa","isMergeCommit":true,"messageTitle":"Merge branch \u0027master\u0027 of https://github.com/vikeedough/tp into change-ui-to-mockup","messageBody":"","fileTypesAndContributionMap":{}},{"hash":"2913235305cd215683e53db3578fb69b7ffb9c36","isMergeCommit":false,"messageTitle":"Adjust UI to mockup on Figma","messageBody":"","fileTypesAndContributionMap":{"functional-code":{"insertions":47,"deletions":46}}},{"hash":"7539a77251381110c6035e0709d334622995b263","isMergeCommit":false,"messageTitle":"Fix checkstyle issues","messageBody":"","fileTypesAndContributionMap":{"functional-code":{"insertions":2,"deletions":5}}}]},{"date":"2025-03-15","commitResults":[{"hash":"7d3545f372c8edb5f64973da5d15418133df7926","isMergeCommit":true,"messageTitle":"Merge branch \u0027master\u0027 into change-ui-to-mockup","messageBody":"","fileTypesAndContributionMap":{}}]},{"date":"2025-03-16","commitResults":[{"hash":"c4aec2bdcd04c2e4912ee64ca50de197de44db94","isMergeCommit":false,"messageTitle":"Implement time check and day formatter","messageBody":"","fileTypesAndContributionMap":{"functional-code":{"insertions":64,"deletions":2}}},{"hash":"342e92ce61479b0bf0a3ee560336a4ee04a504b6","isMergeCommit":false,"messageTitle":"Fix checkstyle issues","messageBody":"","fileTypesAndContributionMap":{"functional-code":{"insertions":1,"deletions":2}}},{"hash":"4ee2ef4fe05faf722f481143807a3bdc68ffbded","isMergeCommit":false,"messageTitle":"Fix checkstyle issues","messageBody":"","fileTypesAndContributionMap":{"functional-code":{"insertions":0,"deletions":1}}},{"hash":"7505f1ef15889f02a222c4c05ee0f85c92c5af0e","isMergeCommit":false,"messageTitle":"Add JavaDoc comment and adjust switch statement indentation","messageBody":"","fileTypesAndContributionMap":{"functional-code":{"insertions":31,"deletions":24}}},{"hash":"1abfc0ea294487ca1c01304077451d3ff5245c12","isMergeCommit":false,"messageTitle":"Add test cases","messageBody":"","fileTypesAndContributionMap":{"test-code":{"insertions":72,"deletions":0}}},{"hash":"281189331cf07a1182b2ce2f100929a5d20cf18a","isMergeCommit":false,"messageTitle":"Fix checkstyle issue","messageBody":"","fileTypesAndContributionMap":{"test-code":{"insertions":2,"deletions":1}}},{"hash":"3fa532dae2c2970ce99cce9c18a3f6a66b9601de","isMergeCommit":false,"messageTitle":"Add test cases","messageBody":"","fileTypesAndContributionMap":{"test-code":{"insertions":64,"deletions":0}}}]},{"date":"2025-03-18","commitResults":[{"hash":"34c2bf5814ff2ef958aef2dfb87beee1b915258c","isMergeCommit":false,"messageTitle":"Change order of fields in ResultDisplay","messageBody":"","fileTypesAndContributionMap":{"functional-code":{"insertions":10,"deletions":9}}},{"hash":"4c5a51e4f3175d07ca8ee093418d57cbc9d3f6a3","isMergeCommit":false,"messageTitle":"Adjust formatting of display message","messageBody":"","fileTypesAndContributionMap":{"functional-code":{"insertions":1,"deletions":1}}},{"hash":"e1f3ffa9278ea4e3c659b77f66dbb72b76394fbc","isMergeCommit":false,"messageTitle":"Edit MESSAGE_USAGE of EditCommand","messageBody":"","fileTypesAndContributionMap":{"functional-code":{"insertions":1,"deletions":1}}}]},{"date":"2025-03-26","commitResults":[{"hash":"fe379abdfd04a00483f40e67ef52bcf6a5833e4e","isMergeCommit":true,"messageTitle":"Merge pull request #107 from deseansoh/ug-tutorial","messageBody":"User Guide - Guided Tutorial","fileTypesAndContributionMap":{}},{"hash":"98f72b7e586c9bee52db655168fdeacea262215c","isMergeCommit":false,"messageTitle":"Add ScheduleConflict","messageBody":"","fileTypesAndContributionMap":{"functional-code":{"insertions":292,"deletions":0},"test-code":{"insertions":448,"deletions":16}}}]},{"date":"2025-03-27","commitResults":[{"hash":"2b85151d40d508ad0762735deb0fd8eca5a08d3e","isMergeCommit":false,"messageTitle":"Adjust test cases","messageBody":"","fileTypesAndContributionMap":{"functional-code":{"insertions":0,"deletions":2},"test-code":{"insertions":55,"deletions":90}}},{"hash":"58ff4d87602a75ac9fb0379ac87aea0d5ba4a25c","isMergeCommit":false,"messageTitle":"Fix checkstyle issues","messageBody":"","fileTypesAndContributionMap":{"functional-code":{"insertions":20,"deletions":20},"docs":{"insertions":2,"deletions":2},"test-code":{"insertions":2,"deletions":2}}},{"hash":"9f0e8661c3f6253caed716b52fa6ab4b52ef3223","isMergeCommit":false,"messageTitle":"Fix checkstyle issues","messageBody":"","fileTypesAndContributionMap":{"functional-code":{"insertions":16,"deletions":16},"test-code":{"insertions":35,"deletions":35}}},{"hash":"b55cba9fe6edf01686f7ac1948e5b242eceb0008","isMergeCommit":false,"messageTitle":"Fix checkstyle issues","messageBody":"","fileTypesAndContributionMap":{"functional-code":{"insertions":0,"deletions":1},"test-code":{"insertions":1,"deletions":15}}},{"hash":"54d13f8c01eb0d039d9ddaf6cf7107bd8f7e0472","isMergeCommit":false,"messageTitle":"Fix checkstyle issues","messageBody":"","fileTypesAndContributionMap":{"functional-code":{"insertions":14,"deletions":8}}},{"hash":"b3c62343a66777dfdcb379f74a74b65132b5e6f1","isMergeCommit":false,"messageTitle":"Fix checkstyle issues","messageBody":"","fileTypesAndContributionMap":{"test-code":{"insertions":2,"deletions":3}}},{"hash":"e8bb297bd71d316732f4b40dc4376a7d6dc22e1c","isMergeCommit":false,"messageTitle":"Add suggested changes","messageBody":"","fileTypesAndContributionMap":{"functional-code":{"insertions":71,"deletions":78},"test-code":{"insertions":33,"deletions":5}}},{"hash":"967b05b82c75d7dd35e1d5f809f205ee16b3e677","isMergeCommit":false,"messageTitle":"Fix checkstyle issues","messageBody":"","fileTypesAndContributionMap":{"functional-code":{"insertions":16,"deletions":17},"test-code":{"insertions":0,"deletions":4}}},{"hash":"52f21140f4c89b03dcb4ad6f56316b5cccf81783","isMergeCommit":false,"messageTitle":"Remove unused import","messageBody":"","fileTypesAndContributionMap":{"functional-code":{"insertions":0,"deletions":2}}}]}],"deseansoh":[{"date":"2025-03-03","commitResults":[{"hash":"cc36c47fee63dd515d2f767b195e3cfa2d27b768","isMergeCommit":false,"messageTitle":"Update AboutUs Desean","messageBody":"","fileTypesAndContributionMap":{"docs":{"insertions":63,"deletions":4}}},{"hash":"23dba1842231a6fad0aa602a2990c57b849ff8fe","isMergeCommit":true,"messageTitle":"Merge pull request #27 from vikeedough/update-aboutus","messageBody":"Update AboutUs.md and create vikeedough.md","fileTypesAndContributionMap":{}}]},{"date":"2025-03-04","commitResults":[{"hash":"5b39ac5977790eabe69c634e0f7fb98bb17e12f9","isMergeCommit":false,"messageTitle":"Update README.md","messageBody":"","fileTypesAndContributionMap":{"docs":{"insertions":30,"deletions":10}}},{"hash":"cbe5c2326037d04b14a8e7e3f244459cb023302d","isMergeCommit":false,"messageTitle":"Update index.md","messageBody":"","fileTypesAndContributionMap":{"docs":{"insertions":4,"deletions":4}}},{"hash":"b6b734dff21090fb7e6ce22ee646317407e58ea0","isMergeCommit":false,"messageTitle":"Add acknowledgements to index.md","messageBody":"","fileTypesAndContributionMap":{"docs":{"insertions":1,"deletions":0}}},{"hash":"453060c2d7586c444fb14bd523983f830e79c2a8","isMergeCommit":false,"messageTitle":"Update pages for CI","messageBody":"","fileTypesAndContributionMap":{"docs":{"insertions":3,"deletions":3}}},{"hash":"2d215762a7c65154f97a3425824b964ab8bb382e","isMergeCommit":false,"messageTitle":"Update NFRs in DeveloperGuide.md","messageBody":"","fileTypesAndContributionMap":{"docs":{"insertions":25,"deletions":4}}},{"hash":"7afe8afb0f52b735588e37679f478029e803dd07","isMergeCommit":true,"messageTitle":"Merge pull request #51 from vikeedough/add-glossary","messageBody":"Update glossary in DeveloperGuide.md","fileTypesAndContributionMap":{}},{"hash":"b9d851b5b12de30c29cb180baf661c3179735153","isMergeCommit":true,"messageTitle":"Merge pull request #48 from vikeedough/update-build-status-badge","messageBody":"Update link of Github Actions build status badge","fileTypesAndContributionMap":{}}]},{"date":"2025-03-05","commitResults":[{"hash":"a86d4bfc6bcef74c9561993de4fbb24e93b5f105","isMergeCommit":true,"messageTitle":"Merge pull request #52 from CloudKai/update-user-stories","messageBody":"Update user stories","fileTypesAndContributionMap":{}}]},{"date":"2025-03-06","commitResults":[{"hash":"0e7ef1ff693acdcff1ca7220fc60a1544b20a770","isMergeCommit":true,"messageTitle":"Merge branch \u0027master\u0027 into update-remaining-readme","messageBody":"# Conflicts:\n#\tREADME.md\n","fileTypesAndContributionMap":{}}]},{"date":"2025-03-09","commitResults":[{"hash":"de71e358c798675daa1face8f398c6ca7741af5f","isMergeCommit":false,"messageTitle":"Update Name parameter","messageBody":"","fileTypesAndContributionMap":{"functional-code":{"insertions":2,"deletions":2}}},{"hash":"5411c39a9fb10a13edc0071538adc50560ebe60a","isMergeCommit":false,"messageTitle":"Update Phone parameter","messageBody":"","fileTypesAndContributionMap":{"functional-code":{"insertions":4,"deletions":3}}},{"hash":"772cc82612bb07ac5e373d82b14c43fdbf60cdf4","isMergeCommit":false,"messageTitle":"Update Address validation","messageBody":"","fileTypesAndContributionMap":{"functional-code":{"insertions":1,"deletions":1}}},{"hash":"a5432ff4679a63d34455a763306009088991a179","isMergeCommit":false,"messageTitle":"Create Goals class","messageBody":"","fileTypesAndContributionMap":{"functional-code":{"insertions":65,"deletions":0}}},{"hash":"40374d5b4973309f1a0f6b76d45a7c36ec7418a5","isMergeCommit":false,"messageTitle":"Integrate Goals into app","messageBody":"","fileTypesAndContributionMap":{"functional-code":{"insertions":75,"deletions":22}}},{"hash":"9839e954d9ef86f01cd50ac3a4cff18572eb94f4","isMergeCommit":false,"messageTitle":"Fix optional fields error","messageBody":"","fileTypesAndContributionMap":{"functional-code":{"insertions":9,"deletions":7}}},{"hash":"8bb86dc2eb922a1518dd21a0cbab8868c513d58d","isMergeCommit":false,"messageTitle":"Update edit command for Goals","messageBody":"","fileTypesAndContributionMap":{"functional-code":{"insertions":7,"deletions":2}}},{"hash":"3850ee9f12a7becd6ba8342852c28f151c5b230b","isMergeCommit":false,"messageTitle":"Update tests to pass","messageBody":"","fileTypesAndContributionMap":{"test-code":{"insertions":104,"deletions":54}}}]},{"date":"2025-03-10","commitResults":[{"hash":"1207cb04176d101ab029792942f59a052c4564d9","isMergeCommit":false,"messageTitle":"Create Goals test","messageBody":"","fileTypesAndContributionMap":{"test-code":{"insertions":56,"deletions":0}}},{"hash":"46183c27b4ad420e2bc4620d726600062fcc32e4","isMergeCommit":false,"messageTitle":"Add Goals to EditCommandParser test","messageBody":"","fileTypesAndContributionMap":{"test-code":{"insertions":3,"deletions":0}}},{"hash":"06485a72f1ae414945d278ca510fad02f2420aa0","isMergeCommit":false,"messageTitle":"Add Goals to JsonAdaptedPerson test","messageBody":"","fileTypesAndContributionMap":{"functional-code":{"insertions":3,"deletions":0},"test-code":{"insertions":17,"deletions":0}}},{"hash":"0e8256f6e0a8dff4649078e2cfe6257782594331","isMergeCommit":false,"messageTitle":"Add Goals to ParserUtil test","messageBody":"","fileTypesAndContributionMap":{"test-code":{"insertions":24,"deletions":0}}},{"hash":"97aff655535865cea44183161dc365a9692606be","isMergeCommit":false,"messageTitle":"Add Goals to Person test","messageBody":"","fileTypesAndContributionMap":{"test-code":{"insertions":6,"deletions":1}}},{"hash":"319b2cf7bf8ae272b480618aa6f41f1a1c716066","isMergeCommit":false,"messageTitle":"Update Goals in EditCommandParser test","messageBody":"","fileTypesAndContributionMap":{"test-code":{"insertions":15,"deletions":5}}},{"hash":"31dff2ea92f178cea8c02f052ed79c0f37b22777","isMergeCommit":false,"messageTitle":"Update Messages with Goals","messageBody":"","fileTypesAndContributionMap":{"functional-code":{"insertions":2,"deletions":0}}},{"hash":"c0d44bb197c18db079a84b6fa34574d44625948e","isMergeCommit":true,"messageTitle":"Merge pull request #64 from wzhua02/refactor-location","messageBody":"Refactor location","fileTypesAndContributionMap":{}},{"hash":"c901c44ffcb635be21dcde114c5ac8d7d9954778","isMergeCommit":true,"messageTitle":"Merge branch \u0027master\u0027 into update-person-fields","messageBody":"# Conflicts:\n#\tsrc/main/java/seedu/address/logic/Messages.java\n#\tsrc/main/java/seedu/address/logic/commands/EditCommand.java\n#\tsrc/main/java/seedu/address/logic/parser/AddCommandParser.java\n#\tsrc/main/java/seedu/address/logic/parser/CliSyntax.java\n#\tsrc/main/java/seedu/address/logic/parser/EditCommandParser.java\n#\tsrc/main/java/seedu/address/logic/parser/ParserUtil.java\n#\tsrc/main/java/seedu/address/model/person/Person.java\n#\tsrc/main/java/seedu/address/model/util/SampleDataUtil.java\n#\tsrc/main/java/seedu/address/storage/JsonAdaptedPerson.java\n#\tsrc/main/java/seedu/address/ui/PersonCard.java\n#\tsrc/main/resources/view/PersonListCard.fxml\n#\tsrc/test/data/JsonSerializableAddressBookTest/duplicatePersonAddressBook.json\n#\tsrc/test/data/JsonSerializableAddressBookTest/typicalPersonsAddressBook.json\n#\tsrc/test/java/seedu/address/logic/LogicManagerTest.java\n#\tsrc/test/java/seedu/address/logic/commands/CommandTestUtil.java\n#\tsrc/test/java/seedu/address/logic/parser/AddCommandParserTest.java\n#\tsrc/test/java/seedu/address/logic/parser/EditCommandParserTest.java\n#\tsrc/test/java/seedu/address/logic/parser/ParserUtilTest.java\n#\tsrc/test/java/seedu/address/model/person/NameContainsKeywordsPredicateTest.java\n#\tsrc/test/java/seedu/address/model/person/PersonTest.java\n#\tsrc/test/java/seedu/address/storage/JsonAdaptedPersonTest.java\n#\tsrc/test/java/seedu/address/testutil/EditPersonDescriptorBuilder.java\n#\tsrc/test/java/seedu/address/testutil/PersonBuilder.java\n#\tsrc/test/java/seedu/address/testutil/PersonUtil.java\n#\tsrc/test/java/seedu/address/testutil/TypicalPersons.java\n","fileTypesAndContributionMap":{}},{"hash":"50e4757fa09baa3f0f7c13304af3b177f226992e","isMergeCommit":false,"messageTitle":"Update tests to pass","messageBody":"","fileTypesAndContributionMap":{"test-code":{"insertions":6,"deletions":14}}},{"hash":"5fa67f2ebd039ed860a383bb0f1e2c4100d348cb","isMergeCommit":false,"messageTitle":"Update files to pass test and check","messageBody":"","fileTypesAndContributionMap":{"functional-code":{"insertions":7,"deletions":4},"test-code":{"insertions":1,"deletions":5}}},{"hash":"e92858414583336fa708517eb2ca49d73a92ef9a","isMergeCommit":false,"messageTitle":"Update JsonAdaptedPerson to use location","messageBody":"","fileTypesAndContributionMap":{"functional-code":{"insertions":2,"deletions":2}}}]},{"date":"2025-03-11","commitResults":[{"hash":"a84dd4e68d6f17e70f88c7e3191902de5db26090","isMergeCommit":true,"messageTitle":"Merge branch \u0027master\u0027 into update-person-fields","messageBody":"# Conflicts:\n#\tsrc/main/java/seedu/address/logic/commands/EditCommand.java\n#\tsrc/main/java/seedu/address/logic/parser/AddCommandParser.java\n#\tsrc/main/java/seedu/address/logic/parser/EditCommandParser.java\n#\tsrc/main/java/seedu/address/model/person/Person.java\n#\tsrc/main/java/seedu/address/model/util/SampleDataUtil.java\n#\tsrc/main/java/seedu/address/storage/JsonAdaptedPerson.java\n#\tsrc/test/java/seedu/address/logic/LogicManagerTest.java\n#\tsrc/test/java/seedu/address/logic/parser/AddCommandParserTest.java\n#\tsrc/test/java/seedu/address/logic/parser/EditCommandParserTest.java\n#\tsrc/test/java/seedu/address/model/person/PersonTest.java\n#\tsrc/test/java/seedu/address/storage/JsonAdaptedPersonTest.java\n#\tsrc/test/java/seedu/address/testutil/PersonBuilder.java\n#\tsrc/test/java/seedu/address/testutil/TypicalPersons.java\n","fileTypesAndContributionMap":{}},{"hash":"73ef7bd495acd4849d591e2deddfd0d95b91f9a5","isMergeCommit":false,"messageTitle":"Update to pass check","messageBody":"","fileTypesAndContributionMap":{"functional-code":{"insertions":3,"deletions":2}}},{"hash":"15df28a8cefa81542aea5def4d4de135dcd4054b","isMergeCommit":false,"messageTitle":"Update tests to pass","messageBody":"","fileTypesAndContributionMap":{"test-code":{"insertions":2,"deletions":6}}},{"hash":"b17d8b8f165d8fdfcdd39838beba279f8409c85e","isMergeCommit":false,"messageTitle":"Resolve review issues","messageBody":"","fileTypesAndContributionMap":{"test-code":{"insertions":2,"deletions":2}}}]},{"date":"2025-03-12","commitResults":[{"hash":"1af7b1e993560740413d139a22d4d6aeaac34520","isMergeCommit":false,"messageTitle":"Remove Email field from codebase","messageBody":"","fileTypesAndContributionMap":{"functional-code":{"insertions":23,"deletions":177},"docs":{"insertions":5,"deletions":9},"test-code":{"insertions":69,"deletions":293}}},{"hash":"c7a3a3aaacbc34943418b66f732a270af46cef44","isMergeCommit":false,"messageTitle":"Update to pass check and test","messageBody":"","fileTypesAndContributionMap":{"test-code":{"insertions":4,"deletions":4}}},{"hash":"0b50d732193bfbe42645b081e070b6f9e4d341b1","isMergeCommit":false,"messageTitle":"Add OTSCHED and RSCHED in Person test","messageBody":"","fileTypesAndContributionMap":{"test-code":{"insertions":13,"deletions":1}}},{"hash":"e2ab087e912ea2d8f7ea558116fe21dcffd73039","isMergeCommit":false,"messageTitle":"Remove unused import in Person test","messageBody":"","fileTypesAndContributionMap":{"test-code":{"insertions":0,"deletions":1}}},{"hash":"c3f7adc24d919d90097862d32a45e0b2b5177e63","isMergeCommit":false,"messageTitle":"Add hashcode to Person test","messageBody":"","fileTypesAndContributionMap":{"test-code":{"insertions":42,"deletions":0}}},{"hash":"f92f982285d2846d1e12a352fd6bddb10fc2d679","isMergeCommit":false,"messageTitle":"Add SampleDataUtil simple tests","messageBody":"","fileTypesAndContributionMap":{"test-code":{"insertions":22,"deletions":0}}}]},{"date":"2025-03-13","commitResults":[{"hash":"960bd9b25ac6000ac6215f9066641993d27cad9a","isMergeCommit":true,"messageTitle":"Merge branch \u0027master\u0027 into remove-email-field","messageBody":"# Conflicts:\n#\tsrc/main/java/seedu/address/logic/commands/AddCommand.java\n#\tsrc/main/java/seedu/address/logic/commands/EditCommand.java\n#\tsrc/main/java/seedu/address/logic/parser/AddCommandParser.java\n#\tsrc/main/java/seedu/address/logic/parser/EditCommandParser.java\n#\tsrc/main/java/seedu/address/model/person/Person.java\n#\tsrc/main/java/seedu/address/model/util/SampleDataUtil.java\n#\tsrc/main/java/seedu/address/storage/JsonAdaptedPerson.java\n#\tsrc/main/resources/view/PersonListCard.fxml\n#\tsrc/test/java/seedu/address/logic/LogicManagerTest.java\n#\tsrc/test/java/seedu/address/logic/commands/CommandTestUtil.java\n#\tsrc/test/java/seedu/address/logic/commands/EditPersonDescriptorTest.java\n#\tsrc/test/java/seedu/address/logic/parser/AddCommandParserTest.java\n#\tsrc/test/java/seedu/address/logic/parser/EditCommandParserTest.java\n#\tsrc/test/java/seedu/address/model/person/PersonTest.java\n#\tsrc/test/java/seedu/address/storage/JsonAdaptedPersonTest.java\n#\tsrc/test/java/seedu/address/testutil/EditPersonDescriptorBuilder.java\n#\tsrc/test/java/seedu/address/testutil/PersonBuilder.java\n#\tsrc/test/java/seedu/address/testutil/PersonUtil.java\n#\tsrc/test/java/seedu/address/testutil/TypicalPersons.java\n","fileTypesAndContributionMap":{}},{"hash":"c705f71733d7252b94887a85b0387e13c8a9c00b","isMergeCommit":false,"messageTitle":"Update to pass check and test","messageBody":"","fileTypesAndContributionMap":{"functional-code":{"insertions":11,"deletions":3},"test-code":{"insertions":22,"deletions":4}}},{"hash":"91ef0511d8798dc81db6fe3afc0ab12df87c14a7","isMergeCommit":false,"messageTitle":"Add Goals test to AddCommandParser","messageBody":"","fileTypesAndContributionMap":{"functional-code":{"insertions":0,"deletions":1},"test-code":{"insertions":28,"deletions":5}}}]},{"date":"2025-03-15","commitResults":[{"hash":"018bfa86fb1f8725dc13cff12de6790afc8cc9ed","isMergeCommit":false,"messageTitle":"Update AddCommand MESSAGE_USAGE","messageBody":"","fileTypesAndContributionMap":{"functional-code":{"insertions":12,"deletions":9}}},{"hash":"79e62b4ff4de816dae01dc5aa8db16300aeed04f","isMergeCommit":false,"messageTitle":"Update ClearCommand MESSAGE_USAGE","messageBody":"","fileTypesAndContributionMap":{"functional-code":{"insertions":4,"deletions":0}}},{"hash":"af52425129c8438975642612c7947184d05c94c7","isMergeCommit":false,"messageTitle":"Update DeleteCommand MESSAGE_USAGE","messageBody":"","fileTypesAndContributionMap":{"functional-code":{"insertions":4,"deletions":2}}},{"hash":"126d365962eb99c86244b4dc12cc8d22311c2c5c","isMergeCommit":false,"messageTitle":"Update EditCommand MESSAGE_USAGE","messageBody":"","fileTypesAndContributionMap":{"functional-code":{"insertions":6,"deletions":5}}},{"hash":"b1e46a10991661f6b2ba3aa2e2124e1d269c35e0","isMergeCommit":false,"messageTitle":"Update ExitCommand MESSAGE_USAGE","messageBody":"","fileTypesAndContributionMap":{"functional-code":{"insertions":4,"deletions":1}}},{"hash":"53391b24dff3ab2e77316496ffe734a7421fdad9","isMergeCommit":false,"messageTitle":"Update FindCommand MESSAGE_USAGE","messageBody":"","fileTypesAndContributionMap":{"functional-code":{"insertions":4,"deletions":3}}},{"hash":"343b10add4cb296a39597eec616d449a36d93b99","isMergeCommit":false,"messageTitle":"Update ListCommand MESSAGE_USAGE","messageBody":"","fileTypesAndContributionMap":{"functional-code":{"insertions":4,"deletions":1}}},{"hash":"e9cdc402cc956626e97b670e7773c59c7968c974","isMergeCommit":false,"messageTitle":"Update logic for HelpCommand","messageBody":"","fileTypesAndContributionMap":{"functional-code":{"insertions":105,"deletions":5}}},{"hash":"eab1d1d2d122d16613355c84d2bb98bf0fae2819","isMergeCommit":true,"messageTitle":"Merge pull request #78 from vikeedough/change-ui-to-mockup","messageBody":"Change UI to mockup","fileTypesAndContributionMap":{}},{"hash":"7d4f8494fa927e946cffb6ed0e376e9f354ec3d5","isMergeCommit":true,"messageTitle":"Merge branch \u0027master\u0027 into edit-help-command","messageBody":"","fileTypesAndContributionMap":{}},{"hash":"2c9bc85dcb95c7eef250036d51237f5053e0a6ac","isMergeCommit":false,"messageTitle":"Update EditCommand MESSAGE_USAGE","messageBody":"","fileTypesAndContributionMap":{"functional-code":{"insertions":2,"deletions":0}}},{"hash":"e5d0003a65c8368694da767c53ee49f71a4b20cc","isMergeCommit":false,"messageTitle":"Update Messages.format to show details neatly","messageBody":"","fileTypesAndContributionMap":{"functional-code":{"insertions":7,"deletions":7}}}]},{"date":"2025-03-16","commitResults":[{"hash":"742eef3f57f7bca5b8c2205442155fad2c2f58b2","isMergeCommit":false,"messageTitle":"Update HelpCommand tests","messageBody":"","fileTypesAndContributionMap":{"test-code":{"insertions":59,"deletions":3}}},{"hash":"c4d9b34b6c1444a738faa1a99110e636ddfdaa0d","isMergeCommit":false,"messageTitle":"Update HelpCommand tests for code coverage","messageBody":"","fileTypesAndContributionMap":{"test-code":{"insertions":33,"deletions":0}}},{"hash":"53347f3ae5699b22b0a1c5bbbc9d5005af1030f3","isMergeCommit":false,"messageTitle":"Update FindCommand MESSAGE_USAGE","messageBody":"","fileTypesAndContributionMap":{"functional-code":{"insertions":2,"deletions":1}}},{"hash":"c2ef959558846c9655e3db6de7f15cbc7b5e695c","isMergeCommit":true,"messageTitle":"Merge branch \u0027master\u0027 into edit-help-command","messageBody":"","fileTypesAndContributionMap":{}}]},{"date":"2025-03-17","commitResults":[{"hash":"bb3d3de876a543d4cd32913c4e8d616540af45b1","isMergeCommit":true,"messageTitle":"Merge pull request #92 from CloudKai/change-help-tab","messageBody":"Update help tab link","fileTypesAndContributionMap":{}}]},{"date":"2025-03-18","commitResults":[{"hash":"5955e2ca8ae6712f6c1fcc0cc4928538b19bf8c3","isMergeCommit":true,"messageTitle":"Merge pull request #91 from CloudKai/display-command","messageBody":"Add Display command","fileTypesAndContributionMap":{}},{"hash":"c567ff0b49bca87b258bca19f1c5bf6205e24608","isMergeCommit":false,"messageTitle":"Update HelpCommand with display","messageBody":"","fileTypesAndContributionMap":{"functional-code":{"insertions":4,"deletions":0},"test-code":{"insertions":7,"deletions":0}}},{"hash":"8dd2bce71ed4d8a6e941a3f58d9575e4b5f8556b","isMergeCommit":false,"messageTitle":"Update RS and OTS MESSAGE_USAGE","messageBody":"","fileTypesAndContributionMap":{"functional-code":{"insertions":4,"deletions":4}}},{"hash":"915ea6f2f119be8e9101bc5060cbb5117d0f817b","isMergeCommit":false,"messageTitle":"Update HelpWindow HELP_MESSAGE","messageBody":"","fileTypesAndContributionMap":{"functional-code":{"insertions":2,"deletions":1}}},{"hash":"e27ce58a000b412eeedfa0eaaeb9c9f21e68d2c0","isMergeCommit":true,"messageTitle":"Merge pull request #95 from vikeedough/update-fields-ordering","messageBody":"Update fields ordering","fileTypesAndContributionMap":{}},{"hash":"861a081b7fb4e75c89549f8ca0caaa1dec678bff","isMergeCommit":true,"messageTitle":"Merge branch \u0027master\u0027 into update-rts-os-message","messageBody":"# Conflicts:\n#\tsrc/main/java/seedu/address/logic/commands/AddCommand.java\n#\tsrc/main/java/seedu/address/logic/commands/EditCommand.java\n","fileTypesAndContributionMap":{}},{"hash":"f8ffad2c15fc66ec89763d671650e07f2ef61783","isMergeCommit":false,"messageTitle":"Add square brackets to OTS","messageBody":"","fileTypesAndContributionMap":{"functional-code":{"insertions":1,"deletions":1}}}]},{"date":"2025-03-19","commitResults":[{"hash":"6e3e4050ed3277e314893775c31c78bdf2c7dde4","isMergeCommit":true,"messageTitle":"Merge branch \u0027master\u0027 into update-rts-os-message","messageBody":"# Conflicts:\n#\tsrc/main/java/seedu/address/model/person/OneTimeSchedule.java\n","fileTypesAndContributionMap":{}},{"hash":"52252e3ab1c7ecb0eff9b26212a8bcf9b603e42d","isMergeCommit":false,"messageTitle":"Update help command for view","messageBody":"","fileTypesAndContributionMap":{"functional-code":{"insertions":6,"deletions":0},"test-code":{"insertions":7,"deletions":0}}},{"hash":"8638572d2c33b9605f727e454d0d7473a91673ad","isMergeCommit":false,"messageTitle":"Update view MESSAGE_USAGE","messageBody":"","fileTypesAndContributionMap":{"functional-code":{"insertions":3,"deletions":2}}},{"hash":"27b6c32335bc8af1828eb8102cc26fa03a2fafc3","isMergeCommit":false,"messageTitle":"Update SampleDataUtil RS and OTS","messageBody":"","fileTypesAndContributionMap":{"functional-code":{"insertions":10,"deletions":10}}},{"hash":"1333af43cb786f0be477322f385ea70464398cca","isMergeCommit":false,"messageTitle":"Remove unused import","messageBody":"","fileTypesAndContributionMap":{"functional-code":{"insertions":0,"deletions":2}}}]},{"date":"2025-03-20","commitResults":[{"hash":"19afeab11d25ac9bc3efa2a82edc7bbf52019eb7","isMergeCommit":true,"messageTitle":"Merge pull request #86 from AnWe11/Branch-UserGuide","messageBody":"Update User Guide","tags":["v1.3"],"fileTypesAndContributionMap":{}}]},{"date":"2025-03-25","commitResults":[{"hash":"97fb2a5a998b4baf346aa55485b02c5b63593d43","isMergeCommit":false,"messageTitle":"Update UG with display","messageBody":"","fileTypesAndContributionMap":{"docs":{"insertions":15,"deletions":0}}},{"hash":"54f84f7302ea8c109a1d7a60977fc1fc2b0b0ac6","isMergeCommit":false,"messageTitle":"Create basic GuidedTutorial template and Getting Started","messageBody":"","fileTypesAndContributionMap":{"docs":{"insertions":66,"deletions":0}}},{"hash":"75c7b7fb1e6b1da58798f1941169417de4786165","isMergeCommit":false,"messageTitle":"Add section for Add, Edit, Delete tutorial","messageBody":"","fileTypesAndContributionMap":{"docs":{"insertions":17,"deletions":1}}},{"hash":"3263d38f157b4902cf3dc9af6284eb8044a2fd40","isMergeCommit":false,"messageTitle":"Add link to Guided Tutorial to User Guide","messageBody":"","fileTypesAndContributionMap":{"docs":{"insertions":7,"deletions":1}}},{"hash":"f8359a1bd4de107df02af754a95bd17cb1c87905","isMergeCommit":false,"messageTitle":"Add remaining content to guided tutorial","messageBody":"","fileTypesAndContributionMap":{"docs":{"insertions":34,"deletions":1}}}]},{"date":"2025-03-27","commitResults":[{"hash":"469c702c41db0cda1f4315283c8eab460a848404","isMergeCommit":true,"messageTitle":"Merge pull request #118 from vikeedough/conflicting-timeslots","messageBody":"Add ScheduleConflicts","fileTypesAndContributionMap":{}}]}]},"authorFileTypeContributionMap":{"AnWe11":{"docs":220,"functional-code":133,"test-code":127},"CloudKai":{"docs":76,"functional-code":339,"test-code":334},"wzhua02":{"docs":310,"functional-code":661,"test-code":698},"vikeedough":{"docs":65,"functional-code":1023,"test-code":688,"other":3},"deseansoh":{"docs":249,"functional-code":337,"test-code":466}},"authorContributionVariance":{"AnWe11":8179.3364,"CloudKai":23401.523,"wzhua02":77555.15,"vikeedough":38082.867,"deseansoh":16436.172},"authorDisplayNameMap":{"AnWe11":"CS2103T-T13-1 WONG.. WEI","CloudKai":"CS2103T-T13-1 BOON..MING","wzhua02":"CS2103T-T13-1 WOO .. HUA","vikeedough":"CS2103T-T13-1 DAVI..CEDO","deseansoh":"CS2103T-T13-1 DESE.. SOH"}}
