{"authorDailyContributionsMap":{"farhan-navas":[{"date":"2025-02-23","commitResults":[{"hash":"840f8cdaa97988434e0da69622e8bd69b91d0f60","isMergeCommit":true,"messageTitle":"Merge branch \u0027switch-docs-to-markbind\u0027","messageBody":"","fileTypesAndContributionMap":{}},{"hash":"68e4d29da2fa149965ee015f85795e86306020d4","isMergeCommit":false,"messageTitle":"commit markbind config changes","messageBody":"","fileTypesAndContributionMap":{"docs":{"insertions":1,"deletions":1}}}]},{"date":"2025-03-06","commitResults":[{"hash":"04431ff7e1d8070003aa27eb1e8fc0be1602322b","isMergeCommit":false,"messageTitle":"edit about us section","messageBody":"","fileTypesAndContributionMap":{"docs":{"insertions":5,"deletions":15}}},{"hash":"4abd7c129dfc8d0cda2d5e3c3c215dc973931317","isMergeCommit":true,"messageTitle":"Merge pull request #17 from farhan-navas/forking-worflow","messageBody":"edit about us section","fileTypesAndContributionMap":{}}]},{"date":"2025-03-09","commitResults":[{"hash":"15b1c3f98d600276b45fea919f0f8a6d725a2ac2","isMergeCommit":false,"messageTitle":"add nfr, glossary to DG","messageBody":"","fileTypesAndContributionMap":{"docs":{"insertions":5,"deletions":1}}},{"hash":"d9157baa13e6529d4fc2237fea0d9c985e6fdb98","isMergeCommit":true,"messageTitle":"Merge pull request #29 from sreelakshmiharidos/update-developer-guide","messageBody":"Update DeveloperGuide.md","fileTypesAndContributionMap":{}}]},{"date":"2025-03-13","commitResults":[{"hash":"177ac4d187ddad706055284ade3f3234ec3f1036","isMergeCommit":false,"messageTitle":"refactor add command and corresponding parser","messageBody":"","fileTypesAndContributionMap":{"functional-code":{"insertions":17,"deletions":12},"docs":{"insertions":5,"deletions":1}}},{"hash":"338a9a21bff3c7053bb8c9dff0f4c136163983de","isMergeCommit":false,"messageTitle":"fix checkstyle error","messageBody":"","fileTypesAndContributionMap":{"functional-code":{"insertions":11,"deletions":12}}},{"hash":"459075fb74aabc0fd0624fbdf6a5e8747cab216a","isMergeCommit":true,"messageTitle":"Merge pull request #39 from farhan-navas/add-command-rework","messageBody":"refactor add command and corresponding parser","fileTypesAndContributionMap":{}}]},{"date":"2025-03-20","commitResults":[{"hash":"13ea7017aeb2c4c545f43da05556bdc65c3120af","isMergeCommit":true,"messageTitle":"Merge pull request #42 from heyitssakinah/feat-filter-by-tag","messageBody":"Add Filter Command that filters search based on tags","fileTypesAndContributionMap":{}}]}],"ypuppy":[{"date":"2025-03-06","commitResults":[{"hash":"6dff20767e5049bec149a9b22b604214be4c967f","isMergeCommit":false,"messageTitle":"Update Aboutus","messageBody":"","fileTypesAndContributionMap":{"docs":{"insertions":5,"deletions":5}}},{"hash":"d0c53e41a521d06a7244cafaea580211015ba50c","isMergeCommit":true,"messageTitle":"Merge branch \u0027master\u0027 into UpdateAboutus","messageBody":"","fileTypesAndContributionMap":{}}]},{"date":"2025-03-07","commitResults":[{"hash":"8d6df0f11b6da986b6e471dd8ec247b70529fb91","isMergeCommit":false,"messageTitle":"Update README and DG title","messageBody":"","fileTypesAndContributionMap":{"docs":{"insertions":47,"deletions":12}}}]},{"date":"2025-03-13","commitResults":[{"hash":"d0e8cf8b31e815b41336892a051331ed18c70489","isMergeCommit":false,"messageTitle":"Update storage test","messageBody":"","fileTypesAndContributionMap":{"functional-code":{"insertions":4,"deletions":2},"test-code":{"insertions":13,"deletions":1}}},{"hash":"b9e8a11cd5012637c7fb4d95880d38da7d86c0b9","isMergeCommit":false,"messageTitle":"Fix checkstyle","messageBody":"","fileTypesAndContributionMap":{"functional-code":{"insertions":2,"deletions":1}}},{"hash":"7dad855866430e6ed812626b4a4342adc570c18f","isMergeCommit":false,"messageTitle":"Fix JsonSerializableAddressBookTest","messageBody":"","fileTypesAndContributionMap":{"test-code":{"insertions":1,"deletions":1}}},{"hash":"950f30570a7b867cd3913ba266da3cd9b9f2a7cb","isMergeCommit":true,"messageTitle":"Merge pull request #38 from sreelakshmiharidos/update-delete-command","messageBody":"Add multiple index deletion in delete command","fileTypesAndContributionMap":{}}]}],"heyitssakinah":[{"date":"2025-03-06","commitResults":[{"hash":"1749b4fb85f388306743b44aef3073633d030d50","isMergeCommit":false,"messageTitle":"Update AboutUs.md","messageBody":"","fileTypesAndContributionMap":{"docs":{"insertions":5,"deletions":16}}},{"hash":"d6e6cee59a3ec591e0451eba2fe00a55c110a779","isMergeCommit":true,"messageTitle":"Merge pull request #16 from sreelakshmiharidos/update-about-us","messageBody":"Update AboutUs.md","fileTypesAndContributionMap":{}}]},{"date":"2025-03-07","commitResults":[{"hash":"60e8d2e78119a246e3eca9e1b8dbd8f2a14960da","isMergeCommit":true,"messageTitle":"Merge pull request #26 from ypuppy/update_README","messageBody":"Update README and DG title","fileTypesAndContributionMap":{}}]},{"date":"2025-03-12","commitResults":[{"hash":"cb1b36ad672379497d5d16bcca11bd0a63cb69af","isMergeCommit":false,"messageTitle":"Update \u0027find\u0027 feature to allow searches using incomplete name","messageBody":"","fileTypesAndContributionMap":{"functional-code":{"insertions":1,"deletions":1}}},{"hash":"fd1e939581b393f650467bfec4f002e8854f0e70","isMergeCommit":false,"messageTitle":"Update test case for partial word","messageBody":"","fileTypesAndContributionMap":{"test-code":{"insertions":2,"deletions":2}}}]},{"date":"2025-03-13","commitResults":[{"hash":"5492efa142628e7be70c41676a1ff0501906bab1","isMergeCommit":false,"messageTitle":"Fix checkstyle","messageBody":"","fileTypesAndContributionMap":{"test-code":{"insertions":13,"deletions":7}}},{"hash":"57b2715f9387ff5b389f6c1a81cfed8b446dbf0d","isMergeCommit":true,"messageTitle":"Merge pull request #37 from ypuppy/Update_exit","messageBody":"Update exit","fileTypesAndContributionMap":{}}]},{"date":"2025-03-18","commitResults":[{"hash":"443faab0081aca08be8a678f4939c8188d626ab3","isMergeCommit":false,"messageTitle":"Add Filter Command that filters search based on tags","messageBody":"","fileTypesAndContributionMap":{"functional-code":{"insertions":137,"deletions":0},"test-code":{"insertions":106,"deletions":1}}}]},{"date":"2025-03-20","commitResults":[{"hash":"ea3e5fd8dd0683b26e1d522e5501ba388c24a172","isMergeCommit":false,"messageTitle":"Updated tests for FilterCommandParser and TagContainsKe...","messageBody":"","fileTypesAndContributionMap":{"test-code":{"insertions":127,"deletions":0}}}]}],"sreelakshmiharidos":[{"date":"2025-03-06","commitResults":[{"hash":"d8b66f697ef286ba1f5c1824b3c1a771725d8684","isMergeCommit":false,"messageTitle":"Update AboutUs.md","messageBody":"","fileTypesAndContributionMap":{"docs":{"insertions":5,"deletions":15}}},{"hash":"0584e608022a687a2e8750fbf6e86dbb4c9872b7","isMergeCommit":true,"messageTitle":"Merge pull request #15 from heyitssakinah/update-aboutus","messageBody":"Update AboutUs.md","fileTypesAndContributionMap":{}},{"hash":"53ec33f63d00084abc3ff24e69aa6d48626d8e97","isMergeCommit":true,"messageTitle":"Merge pull request #19 from ypuppy/UpdateAboutus","messageBody":"Update AboutUS","fileTypesAndContributionMap":{}}]},{"date":"2025-03-09","commitResults":[{"hash":"6e49819c78bb9ca77e1ec1b95d79ca402275bf57","isMergeCommit":true,"messageTitle":"Merge pull request #25 from heyitssakinah/update-ui-image","messageBody":"Update UI image","fileTypesAndContributionMap":{}},{"hash":"9c75d25bc69d66fa3eb13e368619ec2697008ca3","isMergeCommit":false,"messageTitle":"Update DeveloperGuide.md","messageBody":"","fileTypesAndContributionMap":{"docs":{"insertions":85,"deletions":22}}},{"hash":"39349269b38dd6f3ed7b86f2e303b3240562356a","isMergeCommit":true,"messageTitle":"Merge pull request #30 from farhan-navas/forking-worflow","messageBody":"add nfr, glossary to DG","fileTypesAndContributionMap":{}}]},{"date":"2025-03-13","commitResults":[{"hash":"8e768280e9bb519fac29b7d9566a07313d774ae1","isMergeCommit":false,"messageTitle":"Add multiple index deletion in delete command","messageBody":"","fileTypesAndContributionMap":{"functional-code":{"insertions":52,"deletions":26},"test-code":{"insertions":99,"deletions":23}}},{"hash":"370dc508221e05e899cea7b60c646ffadf2446b8","isMergeCommit":false,"messageTitle":"Fix checkstyle issues","messageBody":"","fileTypesAndContributionMap":{"functional-code":{"insertions":1,"deletions":1},"test-code":{"insertions":4,"deletions":0}}},{"hash":"4c2e121d4a5249b7ba034e86b55c5ee1be60524f","isMergeCommit":false,"messageTitle":"Fix checkstyle issues","messageBody":"","fileTypesAndContributionMap":{"functional-code":{"insertions":1,"deletions":1}}},{"hash":"2c5fc443e0b9f3e14d2662a7b4cc2a3ef7cca5c6","isMergeCommit":false,"messageTitle":"Fix checkstyle issues","messageBody":"","fileTypesAndContributionMap":{"test-code":{"insertions":1,"deletions":1}}},{"hash":"2cb71d83d82115474c77cfd48905f5c111600c15","isMergeCommit":true,"messageTitle":"Merge pull request #34 from heyitssakinah/feature-find-command","messageBody":"Update \u0027find\u0027 feature to allow searches using incomplete name","fileTypesAndContributionMap":{}}]}]},"authorFileTypeContributionMap":{"farhan-navas":{"docs":11,"functional-code":16,"test-code":0},"ypuppy":{"docs":52,"functional-code":4,"test-code":12},"heyitssakinah":{"docs":5,"functional-code":138,"test-code":246},"sreelakshmiharidos":{"docs":90,"functional-code":45,"test-code":103}},"authorContributionVariance":{"farhan-navas":126.42345,"ypuppy":138.94392,"heyitssakinah":2510.7808,"sreelakshmiharidos":1853.3203},"authorDisplayNameMap":{"farhan-navas":"CS2103T-T15-2 MOHA..RHAN","ypuppy":"CS2103T-T15-2 YIN .. CAN","heyitssakinah":"CS2103T-T15-2 NUR ..DDIN","sreelakshmiharidos":"CS2103T-T15-2 HARI..SHMI"}}
