{"authorDailyContributionsMap":{"farhan-navas":[{"date":"2025-02-23","commitResults":[{"hash":"840f8cdaa97988434e0da69622e8bd69b91d0f60","isMergeCommit":true,"messageTitle":"Merge branch \u0027switch-docs-to-markbind\u0027","messageBody":"","fileTypesAndContributionMap":{}},{"hash":"68e4d29da2fa149965ee015f85795e86306020d4","isMergeCommit":false,"messageTitle":"commit markbind config changes","messageBody":"","fileTypesAndContributionMap":{"docs":{"insertions":1,"deletions":1}}}]},{"date":"2025-03-06","commitResults":[{"hash":"04431ff7e1d8070003aa27eb1e8fc0be1602322b","isMergeCommit":false,"messageTitle":"edit about us section","messageBody":"","fileTypesAndContributionMap":{"docs":{"insertions":5,"deletions":15}}},{"hash":"4abd7c129dfc8d0cda2d5e3c3c215dc973931317","isMergeCommit":true,"messageTitle":"Merge pull request #17 from farhan-navas/forking-worflow","messageBody":"edit about us section","fileTypesAndContributionMap":{}}]},{"date":"2025-03-09","commitResults":[{"hash":"15b1c3f98d600276b45fea919f0f8a6d725a2ac2","isMergeCommit":false,"messageTitle":"add nfr, glossary to DG","messageBody":"","fileTypesAndContributionMap":{"docs":{"insertions":5,"deletions":1}}},{"hash":"d9157baa13e6529d4fc2237fea0d9c985e6fdb98","isMergeCommit":true,"messageTitle":"Merge pull request #29 from sreelakshmiharidos/update-developer-guide","messageBody":"Update DeveloperGuide.md","fileTypesAndContributionMap":{}}]},{"date":"2025-03-13","commitResults":[{"hash":"177ac4d187ddad706055284ade3f3234ec3f1036","isMergeCommit":false,"messageTitle":"refactor add command and corresponding parser","messageBody":"","fileTypesAndContributionMap":{"functional-code":{"insertions":17,"deletions":12},"docs":{"insertions":5,"deletions":1}}},{"hash":"338a9a21bff3c7053bb8c9dff0f4c136163983de","isMergeCommit":false,"messageTitle":"fix checkstyle error","messageBody":"","fileTypesAndContributionMap":{"functional-code":{"insertions":11,"deletions":12}}},{"hash":"459075fb74aabc0fd0624fbdf6a5e8747cab216a","isMergeCommit":true,"messageTitle":"Merge pull request #39 from farhan-navas/add-command-rework","messageBody":"refactor add command and corresponding parser","fileTypesAndContributionMap":{}}]},{"date":"2025-03-19","commitResults":[{"hash":"adae1189cb52cd4bc0f8435d4205b217d458c311","isMergeCommit":false,"messageTitle":"update help window link","messageBody":"","fileTypesAndContributionMap":{"functional-code":{"insertions":1,"deletions":1}}},{"hash":"208fe3e14b3940a93fdc14791958199ce56b8eda","isMergeCommit":false,"messageTitle":"adjust person card ui","messageBody":"","fileTypesAndContributionMap":{"functional-code":{"insertions":14,"deletions":11},"test-code":{"insertions":1,"deletions":1}}}]},{"date":"2025-03-20","commitResults":[{"hash":"741e4a5033154271e1a15fb969e6ca00f338ef3f","isMergeCommit":false,"messageTitle":"Add person right panel display component","messageBody":"","fileTypesAndContributionMap":{"functional-code":{"insertions":93,"deletions":16}}},{"hash":"fc417c918ff1c85e9fa9f2d4abade9ed531e4d66","isMergeCommit":false,"messageTitle":"add temp command guide placeholder","messageBody":"","fileTypesAndContributionMap":{"functional-code":{"insertions":140,"deletions":24}}},{"hash":"8f95a954ccffc1e7e4a4e711a4c02257bd41a1a3","isMergeCommit":false,"messageTitle":"Complete left pane: command guide","messageBody":"","fileTypesAndContributionMap":{"functional-code":{"insertions":73,"deletions":56},"other":{"insertions":14,"deletions":4}}},{"hash":"6c8e78c2cb01a84dff54629c508258381c402f7d","isMergeCommit":false,"messageTitle":"check for prod error","messageBody":"","fileTypesAndContributionMap":{"functional-code":{"insertions":1,"deletions":1}}},{"hash":"da4c9de6dcbd59fd317bad09543b8c5c1ac1b518","isMergeCommit":false,"messageTitle":"update mainwindow imports","messageBody":"","fileTypesAndContributionMap":{"functional-code":{"insertions":4,"deletions":3}}},{"hash":"13ea7017aeb2c4c545f43da05556bdc65c3120af","isMergeCommit":true,"messageTitle":"Merge pull request #42 from heyitssakinah/feat-filter-by-tag","messageBody":"Add Filter Command that filters search based on tags","fileTypesAndContributionMap":{}},{"hash":"ac837714a1902c13bb83c9fca16c66bd56afd048","isMergeCommit":true,"messageTitle":"Merge branch \u0027update-ui\u0027","messageBody":"","fileTypesAndContributionMap":{}}]},{"date":"2025-03-22","commitResults":[{"hash":"615724bdad2c21f6a8c5134e4d525c7de72e5e46","isMergeCommit":true,"messageTitle":"Merge branch \u0027master\u0027 of github.com:farhan-navas/tp","messageBody":"","fileTypesAndContributionMap":{}},{"hash":"2076c6b9db22798e95e874d82aeb6c9936b88d5e","isMergeCommit":false,"messageTitle":"Update UI left pane styling","messageBody":"","fileTypesAndContributionMap":{"functional-code":{"insertions":108,"deletions":27}}},{"hash":"c04b09bc97fdb9eaf515bfd3fb0a765568e213fe","isMergeCommit":false,"messageTitle":"edit global styles","messageBody":"","fileTypesAndContributionMap":{"functional-code":{"insertions":327,"deletions":3}}},{"hash":"013b7e998de278a57d414db27c669fbfff6f7541","isMergeCommit":false,"messageTitle":"update checkstyle errors","messageBody":"","fileTypesAndContributionMap":{"functional-code":{"insertions":5,"deletions":3}}}]},{"date":"2025-03-26","commitResults":[{"hash":"daba54a29aa238cbd447957251c258f6e63b02e4","isMergeCommit":false,"messageTitle":"add filter command to ui","messageBody":"","fileTypesAndContributionMap":{"functional-code":{"insertions":8,"deletions":2}}},{"hash":"e84a951a4a77655c15343cde57537e6a68588762","isMergeCommit":false,"messageTitle":"update ui logic to display person","messageBody":"","fileTypesAndContributionMap":{"functional-code":{"insertions":51,"deletions":23}}},{"hash":"8afed8e22ba394fa20010d94fd73cc76b698c5eb","isMergeCommit":false,"messageTitle":"update checkstyle errors","messageBody":"","fileTypesAndContributionMap":{"functional-code":{"insertions":3,"deletions":3}}},{"hash":"9f3fcbfeaf1e9585fcbd8d79f638177752238845","isMergeCommit":false,"messageTitle":"update window sizes","messageBody":"","fileTypesAndContributionMap":{"functional-code":{"insertions":4,"deletions":4}}}]},{"date":"2025-03-27","commitResults":[{"hash":"c52f2017f26a170eb2016459925118ea0d3b0b7a","isMergeCommit":true,"messageTitle":"Merge pull request #67 from AY2425S2-CS2103T-T15-2/feature/sakinah/grouping-logic","messageBody":"Feature/sakinah/grouping logic","fileTypesAndContributionMap":{}},{"hash":"4933aeae7f7d48ba81da37e1559e73e033a88caa","isMergeCommit":true,"messageTitle":"Merge pull request #72 from AY2425S2-CS2103T-T15-2/testcases/yincan/testcases_for_grouping","messageBody":"Testcases/yincan/testcases for grouping","fileTypesAndContributionMap":{}},{"hash":"a661e10ebf87466008d224bb993ce4bfc48a0864","isMergeCommit":true,"messageTitle":"Merge pull request #71 from AY2425S2-CS2103T-T15-2/ui/farhan/right-panel-logic","messageBody":"Update UI: person display logic","fileTypesAndContributionMap":{}},{"hash":"87c8f16832a773068bb4e7cd5e0e0a64015931ca","isMergeCommit":true,"messageTitle":"Merge pull request #69 from AY2425S2-CS2103T-T15-2/docs/yincan/user-guide-update","messageBody":"Update info for cd command","fileTypesAndContributionMap":{}},{"hash":"9bace2b738790b3df8e42b63ea4084dda10f08cd","isMergeCommit":true,"messageTitle":"Merge pull request #73 from AY2425S2-CS2103T-T15-2/docs/yincan/update_uml","messageBody":"Update Model uml diagram","tags":["v0.2"],"fileTypesAndContributionMap":{}}]},{"date":"2025-03-29","commitResults":[{"hash":"3e3d9ff54a6fa3905074f1737efffb62aac06a75","isMergeCommit":true,"messageTitle":"Merge pull request #77 from AY2425S2-CS2103T-T15-2/EnableAssertion","messageBody":"Enable assertion","fileTypesAndContributionMap":{}}]}],"ypuppy":[{"date":"2025-03-06","commitResults":[{"hash":"6dff20767e5049bec149a9b22b604214be4c967f","isMergeCommit":false,"messageTitle":"Update Aboutus","messageBody":"","fileTypesAndContributionMap":{"docs":{"insertions":5,"deletions":5}}},{"hash":"d0c53e41a521d06a7244cafaea580211015ba50c","isMergeCommit":true,"messageTitle":"Merge branch \u0027master\u0027 into UpdateAboutus","messageBody":"","fileTypesAndContributionMap":{}}]},{"date":"2025-03-07","commitResults":[{"hash":"8d6df0f11b6da986b6e471dd8ec247b70529fb91","isMergeCommit":false,"messageTitle":"Update README and DG title","messageBody":"","fileTypesAndContributionMap":{"docs":{"insertions":47,"deletions":12}}}]},{"date":"2025-03-13","commitResults":[{"hash":"d0e8cf8b31e815b41336892a051331ed18c70489","isMergeCommit":false,"messageTitle":"Update storage test","messageBody":"","fileTypesAndContributionMap":{"functional-code":{"insertions":4,"deletions":2},"test-code":{"insertions":13,"deletions":1}}},{"hash":"b9e8a11cd5012637c7fb4d95880d38da7d86c0b9","isMergeCommit":false,"messageTitle":"Fix checkstyle","messageBody":"","fileTypesAndContributionMap":{"functional-code":{"insertions":2,"deletions":1}}},{"hash":"7dad855866430e6ed812626b4a4342adc570c18f","isMergeCommit":false,"messageTitle":"Fix JsonSerializableAddressBookTest","messageBody":"","fileTypesAndContributionMap":{"test-code":{"insertions":1,"deletions":1}}},{"hash":"950f30570a7b867cd3913ba266da3cd9b9f2a7cb","isMergeCommit":true,"messageTitle":"Merge pull request #38 from sreelakshmiharidos/update-delete-command","messageBody":"Add multiple index deletion in delete command","fileTypesAndContributionMap":{}}]},{"date":"2025-03-20","commitResults":[{"hash":"edc2915a532edcf10325f2ec6568a429244f72ad","isMergeCommit":false,"messageTitle":"Add Grade field to Add command","messageBody":"Creat new file Grade\nGrade is implemented using array with\nfix size to six\n\nCreate JsonAdaptedGrade.java for storage\n","fileTypesAndContributionMap":{"functional-code":{"insertions":253,"deletions":64},"test-code":{"insertions":72,"deletions":22}}},{"hash":"7aa2c1f5b892b46e106de181fd4733b02236104c","isMergeCommit":false,"messageTitle":"Update Add Command","messageBody":"","fileTypesAndContributionMap":{"functional-code":{"insertions":25,"deletions":10},"test-code":{"insertions":2,"deletions":5}}},{"hash":"c7113c9e85a3f60bab7faaba5c88c8289c834319","isMergeCommit":false,"messageTitle":"Update checkstyle","messageBody":"","fileTypesAndContributionMap":{"functional-code":{"insertions":4,"deletions":2},"docs":{"insertions":3,"deletions":9}}},{"hash":"95699167c009819b6fce48735d1121974b14e17a","isMergeCommit":false,"messageTitle":"Update checkstyle","messageBody":"","fileTypesAndContributionMap":{"functional-code":{"insertions":147,"deletions":27}}},{"hash":"bad73ab691aa136c0122f9a820f5ba0507abb316","isMergeCommit":false,"messageTitle":"Update checkstyle","messageBody":"","fileTypesAndContributionMap":{"functional-code":{"insertions":3,"deletions":2}}},{"hash":"f9711909e8ba70113ee405aea0b8ba7ea9d311e4","isMergeCommit":false,"messageTitle":"Update checkstyle","messageBody":"","fileTypesAndContributionMap":{"test-code":{"insertions":49,"deletions":15}}},{"hash":"b4e272f3b94b4f6a88e41f3da28e733ee64d0a1f","isMergeCommit":false,"messageTitle":"Fix Testcase","messageBody":"","fileTypesAndContributionMap":{"test-code":{"insertions":53,"deletions":23}}},{"hash":"baf60349a3fef46ffeabef6554cef6aa194d2847","isMergeCommit":false,"messageTitle":"Fix test","messageBody":"","fileTypesAndContributionMap":{"test-code":{"insertions":5,"deletions":3}}},{"hash":"158e513485111ac8f13bbc19c7dc858f61c80ba9","isMergeCommit":false,"messageTitle":"Fix test","messageBody":"","fileTypesAndContributionMap":{"test-code":{"insertions":3,"deletions":5}}},{"hash":"67e808672f994a76b350c001e17552db890a1a10","isMergeCommit":false,"messageTitle":"Fix test","messageBody":"","fileTypesAndContributionMap":{"test-code":{"insertions":14,"deletions":7}}},{"hash":"46c620bd2c4c7375c598fdea2abb965a414d429e","isMergeCommit":true,"messageTitle":"Merge branch \u0027master\u0027 into branch_Add_GradeField","messageBody":"","fileTypesAndContributionMap":{}},{"hash":"828592a89148b406cb8b736ed06e0606d09df94c","isMergeCommit":false,"messageTitle":"Fix test","messageBody":"","fileTypesAndContributionMap":{"test-code":{"insertions":6,"deletions":4}}},{"hash":"81569816c2999f05a85a35e9de61c8993e182da9","isMergeCommit":true,"messageTitle":"Merge remote-tracking branch \u0027origin/branch_Add_GradeField\u0027 into branch_Add_GradeField","messageBody":"","fileTypesAndContributionMap":{}},{"hash":"e89cf65374fe701f4589f473691bb5b39cea88a0","isMergeCommit":false,"messageTitle":"Fix test","messageBody":"","fileTypesAndContributionMap":{"test-code":{"insertions":4,"deletions":1}}},{"hash":"41e1e2a71480c874f1379faf3afa62201f011070","isMergeCommit":false,"messageTitle":"Improve TestCoverage","messageBody":"","fileTypesAndContributionMap":{"test-code":{"insertions":85,"deletions":0}}}]},{"date":"2025-03-22","commitResults":[{"hash":"56039ba65a47659f246a3ed10417ad1fa03b2178","isMergeCommit":false,"messageTitle":"Update README","messageBody":"","fileTypesAndContributionMap":{"docs":{"insertions":14,"deletions":4}}},{"hash":"c162e72e163120268551d9935a28d1450c9501d6","isMergeCommit":false,"messageTitle":"Update README","messageBody":"","fileTypesAndContributionMap":{"docs":{"insertions":1,"deletions":1}}},{"hash":"cf6e15a4d3722306eab935340b9e038e29e1356d","isMergeCommit":false,"messageTitle":"Update README","messageBody":"","fileTypesAndContributionMap":{"docs":{"insertions":9,"deletions":0}}},{"hash":"6bc4ba2d30d933afb76bae37476454550e6d5c04","isMergeCommit":false,"messageTitle":"Update README","messageBody":"","fileTypesAndContributionMap":{"docs":{"insertions":1,"deletions":1}}},{"hash":"0dc4b22128346acfc993f053c611235df1e70bd0","isMergeCommit":true,"messageTitle":"Merge pull request #59 from sreelakshmiharidos/update-add-command","messageBody":"fix error message","fileTypesAndContributionMap":{}},{"hash":"c2da00b7787addcb624ada5fe6dab6b9e099d83f","isMergeCommit":false,"messageTitle":"Update README","messageBody":"","fileTypesAndContributionMap":{"docs":{"insertions":2,"deletions":2}}},{"hash":"f565bf85fd0deb3ef101e11af38b3d3210390ddf","isMergeCommit":true,"messageTitle":"Merge pull request #58 from farhan-navas/master","messageBody":"Update UI - left pane, styling","tags":["v0.1"],"fileTypesAndContributionMap":{}},{"hash":"d04bb34b2fb8dbd61ee356e21bb3c04986529d48","isMergeCommit":false,"messageTitle":"Add grade converter and getoverallgrade","messageBody":"","fileTypesAndContributionMap":{"functional-code":{"insertions":49,"deletions":0}}}]},{"date":"2025-03-25","commitResults":[{"hash":"f1519f11a30b184035bcfa19fb09831f7214ec60","isMergeCommit":true,"messageTitle":"Merge pull request #68 from AY2425S2-CS2103T-T15-2/docs/sakinah/user-guide-update","messageBody":"Update user guide","fileTypesAndContributionMap":{}},{"hash":"acbb18b08e617658f83f1edfa916519c92036c15","isMergeCommit":false,"messageTitle":"Update info for cd command","messageBody":"","fileTypesAndContributionMap":{"docs":{"insertions":24,"deletions":3}}},{"hash":"17571e20daa408b15975086e395626e618da6982","isMergeCommit":false,"messageTitle":"Update UserGuide","messageBody":"","fileTypesAndContributionMap":{"docs":{"insertions":3,"deletions":1}}}]},{"date":"2025-03-26","commitResults":[{"hash":"9079dc688095a08495332552b9724a13f974e1a5","isMergeCommit":true,"messageTitle":"Merge remote-tracking branch \u0027origin/feature/sakinah/grouping-logic\u0027 into testcases/yincan/testcases_for_grouping","messageBody":"","fileTypesAndContributionMap":{}},{"hash":"36fe95183f89b27dc2276f23974cc7358065d639","isMergeCommit":false,"messageTitle":"Add test for editGrade","messageBody":"","fileTypesAndContributionMap":{"test-code":{"insertions":60,"deletions":5}}},{"hash":"1011ea45c24a6feb4a1819766428ad1596a0ad5f","isMergeCommit":false,"messageTitle":"Fix checkstyle","messageBody":"","fileTypesAndContributionMap":{"test-code":{"insertions":2,"deletions":3}}},{"hash":"4524b722cba8dd04eab657a7dcc54a0376a61afb","isMergeCommit":false,"messageTitle":"Fix checkstyle","messageBody":"","fileTypesAndContributionMap":{"test-code":{"insertions":6,"deletions":1}}},{"hash":"ab739f01faf0ea0427f72c10f56eb990edee3934","isMergeCommit":false,"messageTitle":"Fix testcase","messageBody":"","fileTypesAndContributionMap":{"test-code":{"insertions":6,"deletions":2}}},{"hash":"6db4840c9dd13f84125e3306c1b72d67608889a0","isMergeCommit":false,"messageTitle":"Fix testcase","messageBody":"","fileTypesAndContributionMap":{"test-code":{"insertions":26,"deletions":7}}},{"hash":"fe10620ac641a0c32399555fd93592a6f5fa3135","isMergeCommit":false,"messageTitle":"Fix UserGuide","messageBody":"","fileTypesAndContributionMap":{"docs":{"insertions":12,"deletions":12}}},{"hash":"e8279d377d75ec0cd256f08cfd340f8f648be6f2","isMergeCommit":false,"messageTitle":"Update Model uml diagram","messageBody":"","fileTypesAndContributionMap":{"docs":{"insertions":2,"deletions":0}}},{"hash":"6e8849d70babb5abcc34932b226b683ca471f2e4","isMergeCommit":false,"messageTitle":"Update Model uml diagram","messageBody":"","fileTypesAndContributionMap":{"docs":{"insertions":5,"deletions":1}}}]},{"date":"2025-03-28","commitResults":[{"hash":"a09ff50ae01d3e2a61cce175b86ec3179253ed2d","isMergeCommit":false,"messageTitle":"Enable assertion","messageBody":"","fileTypesAndContributionMap":{"other":{"insertions":4,"deletions":0}}},{"hash":"94af55d7d40601282d741634330070ef3a5cbc37","isMergeCommit":true,"messageTitle":"Merge remote-tracking branch \u0027origin/master\u0027","messageBody":"","fileTypesAndContributionMap":{}}]}],"heyitssakinah":[{"date":"2025-03-06","commitResults":[{"hash":"1749b4fb85f388306743b44aef3073633d030d50","isMergeCommit":false,"messageTitle":"Update AboutUs.md","messageBody":"","fileTypesAndContributionMap":{"docs":{"insertions":5,"deletions":16}}},{"hash":"d6e6cee59a3ec591e0451eba2fe00a55c110a779","isMergeCommit":true,"messageTitle":"Merge pull request #16 from sreelakshmiharidos/update-about-us","messageBody":"Update AboutUs.md","fileTypesAndContributionMap":{}}]},{"date":"2025-03-07","commitResults":[{"hash":"60e8d2e78119a246e3eca9e1b8dbd8f2a14960da","isMergeCommit":true,"messageTitle":"Merge pull request #26 from ypuppy/update_README","messageBody":"Update README and DG title","fileTypesAndContributionMap":{}}]},{"date":"2025-03-12","commitResults":[{"hash":"cb1b36ad672379497d5d16bcca11bd0a63cb69af","isMergeCommit":false,"messageTitle":"Update \u0027find\u0027 feature to allow searches using incomplete name","messageBody":"","fileTypesAndContributionMap":{"functional-code":{"insertions":1,"deletions":1}}},{"hash":"fd1e939581b393f650467bfec4f002e8854f0e70","isMergeCommit":false,"messageTitle":"Update test case for partial word","messageBody":"","fileTypesAndContributionMap":{"test-code":{"insertions":2,"deletions":2}}}]},{"date":"2025-03-13","commitResults":[{"hash":"5492efa142628e7be70c41676a1ff0501906bab1","isMergeCommit":false,"messageTitle":"Fix checkstyle","messageBody":"","fileTypesAndContributionMap":{"test-code":{"insertions":13,"deletions":7}}},{"hash":"57b2715f9387ff5b389f6c1a81cfed8b446dbf0d","isMergeCommit":true,"messageTitle":"Merge pull request #37 from ypuppy/Update_exit","messageBody":"Update exit","fileTypesAndContributionMap":{}}]},{"date":"2025-03-18","commitResults":[{"hash":"443faab0081aca08be8a678f4939c8188d626ab3","isMergeCommit":false,"messageTitle":"Add Filter Command that filters search based on tags","messageBody":"","fileTypesAndContributionMap":{"functional-code":{"insertions":137,"deletions":0},"test-code":{"insertions":106,"deletions":1}}}]},{"date":"2025-03-20","commitResults":[{"hash":"ea3e5fd8dd0683b26e1d522e5501ba388c24a172","isMergeCommit":false,"messageTitle":"Updated tests for FilterCommandParser and TagContainsKe...","messageBody":"","fileTypesAndContributionMap":{"test-code":{"insertions":127,"deletions":0}}},{"hash":"61ebdd6674f52e1d0d75311d7a7f20b79aaf1181","isMergeCommit":true,"messageTitle":"Merge pull request #43 from farhan-navas/update-ui","messageBody":"Update UI - Left Pane","fileTypesAndContributionMap":{}},{"hash":"1d9cd185c588a481f01c00b267fe6967ebc20df1","isMergeCommit":true,"messageTitle":"Merge pull request #51 from ypuppy/branch_Add_GradeField","messageBody":"Branch add grade field","fileTypesAndContributionMap":{}},{"hash":"899c4c1f6295d1cd2831e88732d3111437f560a0","isMergeCommit":true,"messageTitle":"Merge pull request #55 from sreelakshmiharidos/tutorial-adding-command","messageBody":"Add remark command","fileTypesAndContributionMap":{}}]},{"date":"2025-03-22","commitResults":[{"hash":"692eed92f1efba6859d33214965d305e5ef55208","isMergeCommit":true,"messageTitle":"Merge pull request #57 from ypuppy/branch_Update_README","messageBody":"Branch update readme","fileTypesAndContributionMap":{}},{"hash":"5530aa832c8bcf4c8d354fbd9f509227dd46de8c","isMergeCommit":true,"messageTitle":"Merge pull request #60 from ypuppy/branch_Update_README","messageBody":"Update README","fileTypesAndContributionMap":{}},{"hash":"c8ac2563bd2364d2f980276cf12aba0df0e79c37","isMergeCommit":true,"messageTitle":"Merge pull request #62 from sreelakshmiharidos/update-user-guide","messageBody":"Update user guide for mvp","fileTypesAndContributionMap":{}}]},{"date":"2025-03-24","commitResults":[{"hash":"a959752ddde2a6978926366ac0376cc608ab84d4","isMergeCommit":true,"messageTitle":"Merge pull request #63 from AY2425S2-CS2103T-T15-2/feature/yincan/implement-overallgrade","messageBody":"Add grade converter and getoverallgrade","fileTypesAndContributionMap":{}},{"hash":"a6122a688675f298c7b2b21711de04afd70ccce9","isMergeCommit":false,"messageTitle":"Add grouping based on grades","messageBody":"","fileTypesAndContributionMap":{"functional-code":{"insertions":49,"deletions":2}}},{"hash":"e14a413c1b6cb87e4d207665e723f0f6ee6f717e","isMergeCommit":false,"messageTitle":"Fix removing old studyGroup tag when grades are recalculated","messageBody":"","fileTypesAndContributionMap":{"functional-code":{"insertions":2,"deletions":1},"test-code":{"insertions":16,"deletions":0}}},{"hash":"ec6e73187268325abc300d43ef3d5bb0277b8b06","isMergeCommit":false,"messageTitle":"Fix checkstyle","messageBody":"","fileTypesAndContributionMap":{"functional-code":{"insertions":17,"deletions":7}}},{"hash":"c97ba89c5b3e4ce250c12d03db98554f3aa7fbe7","isMergeCommit":false,"messageTitle":"Fix test cases","messageBody":"","fileTypesAndContributionMap":{"functional-code":{"insertions":1,"deletions":2},"test-code":{"insertions":24,"deletions":16}}},{"hash":"111e121a428d8580922cf5a68ff78924506935e3","isMergeCommit":false,"messageTitle":"Update user guide","messageBody":"","fileTypesAndContributionMap":{"docs":{"insertions":2,"deletions":2}}}]},{"date":"2025-03-25","commitResults":[{"hash":"e75ff6d4d8dd71b038f0b8fcccd2159d00c1b67c","isMergeCommit":false,"messageTitle":"Fix tests","messageBody":"","fileTypesAndContributionMap":{"functional-code":{"insertions":3,"deletions":4},"test-code":{"insertions":4,"deletions":2}}},{"hash":"57abbae9935f7da917b5454807c38c1475e379ca","isMergeCommit":false,"messageTitle":"Fix checkstyle tests","messageBody":"","fileTypesAndContributionMap":{"test-code":{"insertions":2,"deletions":1}}},{"hash":"88bfa030659900a423d72d27d917d8f4fedc3d8e","isMergeCommit":false,"messageTitle":"Add test cases","messageBody":"","fileTypesAndContributionMap":{"functional-code":{"insertions":30,"deletions":3},"test-code":{"insertions":141,"deletions":0}}},{"hash":"41ff0c0f55f502d34fff97f2905a48efc77c9d81","isMergeCommit":true,"messageTitle":"Merge pull request #70 from AY2425S2-CS2103T-T15-2/docs/yincan/Update_help_in_UserGuide","messageBody":"Update UserGuide","fileTypesAndContributionMap":{}}]}],"sreelakshmiharidos":[{"date":"2025-03-06","commitResults":[{"hash":"d8b66f697ef286ba1f5c1824b3c1a771725d8684","isMergeCommit":false,"messageTitle":"Update AboutUs.md","messageBody":"","fileTypesAndContributionMap":{"docs":{"insertions":5,"deletions":15}}},{"hash":"0584e608022a687a2e8750fbf6e86dbb4c9872b7","isMergeCommit":true,"messageTitle":"Merge pull request #15 from heyitssakinah/update-aboutus","messageBody":"Update AboutUs.md","fileTypesAndContributionMap":{}},{"hash":"53ec33f63d00084abc3ff24e69aa6d48626d8e97","isMergeCommit":true,"messageTitle":"Merge pull request #19 from ypuppy/UpdateAboutus","messageBody":"Update AboutUS","fileTypesAndContributionMap":{}}]},{"date":"2025-03-07","commitResults":[{"hash":"9914822643725ccc8cad9b860d4305d08b85d8a8","isMergeCommit":false,"messageTitle":"Add new command \"Remark\"","messageBody":"","fileTypesAndContributionMap":{"functional-code":{"insertions":206,"deletions":13}}}]},{"date":"2025-03-09","commitResults":[{"hash":"6e49819c78bb9ca77e1ec1b95d79ca402275bf57","isMergeCommit":true,"messageTitle":"Merge pull request #25 from heyitssakinah/update-ui-image","messageBody":"Update UI image","fileTypesAndContributionMap":{}},{"hash":"9c75d25bc69d66fa3eb13e368619ec2697008ca3","isMergeCommit":false,"messageTitle":"Update DeveloperGuide.md","messageBody":"","fileTypesAndContributionMap":{"docs":{"insertions":85,"deletions":22}}},{"hash":"39349269b38dd6f3ed7b86f2e303b3240562356a","isMergeCommit":true,"messageTitle":"Merge pull request #30 from farhan-navas/forking-worflow","messageBody":"add nfr, glossary to DG","fileTypesAndContributionMap":{}}]},{"date":"2025-03-13","commitResults":[{"hash":"8e768280e9bb519fac29b7d9566a07313d774ae1","isMergeCommit":false,"messageTitle":"Add multiple index deletion in delete command","messageBody":"","fileTypesAndContributionMap":{"functional-code":{"insertions":52,"deletions":26},"test-code":{"insertions":99,"deletions":23}}},{"hash":"370dc508221e05e899cea7b60c646ffadf2446b8","isMergeCommit":false,"messageTitle":"Fix checkstyle issues","messageBody":"","fileTypesAndContributionMap":{"functional-code":{"insertions":1,"deletions":1},"test-code":{"insertions":4,"deletions":0}}},{"hash":"4c2e121d4a5249b7ba034e86b55c5ee1be60524f","isMergeCommit":false,"messageTitle":"Fix checkstyle issues","messageBody":"","fileTypesAndContributionMap":{"functional-code":{"insertions":1,"deletions":1}}},{"hash":"2c5fc443e0b9f3e14d2662a7b4cc2a3ef7cca5c6","isMergeCommit":false,"messageTitle":"Fix checkstyle issues","messageBody":"","fileTypesAndContributionMap":{"test-code":{"insertions":1,"deletions":1}}},{"hash":"2cb71d83d82115474c77cfd48905f5c111600c15","isMergeCommit":true,"messageTitle":"Merge pull request #34 from heyitssakinah/feature-find-command","messageBody":"Update \u0027find\u0027 feature to allow searches using incomplete name","fileTypesAndContributionMap":{}}]},{"date":"2025-03-20","commitResults":[{"hash":"f16047f7aa16d9075eee7f44319d9c87485d1af3","isMergeCommit":true,"messageTitle":"Merge branch \u0027master\u0027 into tutorial-adding-command","messageBody":"","fileTypesAndContributionMap":{}},{"hash":"33a9b77ec766b4838604bf6626408c1a7d741c4a","isMergeCommit":false,"messageTitle":"Implement remark command","messageBody":"","fileTypesAndContributionMap":{"test-code":{"insertions":63,"deletions":28}}},{"hash":"f8c8da4759a75e54d05c92c4f5c4aa491cf9eab7","isMergeCommit":true,"messageTitle":"Merge branch \u0027master\u0027 into tutorial-adding-command","messageBody":"","fileTypesAndContributionMap":{}},{"hash":"a299e82878fbe05f02f3300a9ade57817d31a9f3","isMergeCommit":true,"messageTitle":"Merge branch \u0027master\u0027 into tutorial-adding-command","messageBody":"# Conflicts:\n#\tsrc/main/java/seedu/address/logic/parser/AddressBookParser.java\n#\tsrc/test/java/seedu/address/logic/parser/AddressBookParserTest.java\n#\tsrc/test/java/seedu/address/testutil/TypicalPersons.java\n","fileTypesAndContributionMap":{}},{"hash":"9a42e8b91276daf6335a1dae956ad44eb8207619","isMergeCommit":false,"messageTitle":"Fix checkstyle errors","messageBody":"","fileTypesAndContributionMap":{"functional-code":{"insertions":1,"deletions":2}}},{"hash":"f06543805b21462300d70b365660e3809ff7d803","isMergeCommit":false,"messageTitle":"Fix checkstyle errors","messageBody":"","fileTypesAndContributionMap":{"functional-code":{"insertions":6,"deletions":0}}},{"hash":"9e80e5aed68db0397423c72bf15d0008f7e4d90f","isMergeCommit":false,"messageTitle":"fix checkstyle errors","messageBody":"","fileTypesAndContributionMap":{"test-code":{"insertions":17,"deletions":9}}},{"hash":"daa1d7077dea35b995ac3cd7231bc656c7ffb783","isMergeCommit":true,"messageTitle":"Merge branch \u0027master\u0027 into tutorial-adding-command","messageBody":"# Conflicts:\n#\tsrc/main/java/seedu/address/ui/PersonCard.java\n#\tsrc/main/resources/view/PersonListCard.fxml\n","fileTypesAndContributionMap":{}},{"hash":"81377f95f116a54d69b982563a675e6bcb5318de","isMergeCommit":false,"messageTitle":"Fix checkstyle errors","messageBody":"","fileTypesAndContributionMap":{"test-code":{"insertions":1,"deletions":1}}},{"hash":"7e1bc6e4e21debf095477d28e50426875f5636bf","isMergeCommit":false,"messageTitle":"Fix test coverage","messageBody":"","fileTypesAndContributionMap":{"test-code":{"insertions":130,"deletions":0}}},{"hash":"aed36c40acc3108c9d9564a7d4c010d87a90af94","isMergeCommit":true,"messageTitle":"Merge branch \u0027master\u0027 into tutorial-adding-command","messageBody":"# Conflicts:\n#\tsrc/main/java/seedu/address/logic/commands/EditCommand.java\n#\tsrc/main/java/seedu/address/logic/parser/AddCommandParser.java\n#\tsrc/main/java/seedu/address/model/person/Person.java\n#\tsrc/main/java/seedu/address/model/util/SampleDataUtil.java\n#\tsrc/main/java/seedu/address/storage/JsonAdaptedPerson.java\n#\tsrc/test/data/JsonSerializableAddressBookTest/duplicatePersonAddressBook.json\n#\tsrc/test/data/JsonSerializableAddressBookTest/invalidPersonAddressBook.json\n#\tsrc/test/data/JsonSerializableAddressBookTest/typicalPersonsAddressBook.json\n#\tsrc/test/java/seedu/address/logic/commands/CommandTestUtil.java\n#\tsrc/test/java/seedu/address/storage/JsonAdaptedPersonTest.java\n#\tsrc/test/java/seedu/address/testutil/PersonBuilder.java\n#\tsrc/test/java/seedu/address/testutil/TypicalPersons.java\n","fileTypesAndContributionMap":{}},{"hash":"7f0be3bff8c24fce08c423f5508a3cff7c5c3552","isMergeCommit":false,"messageTitle":"Fix style","messageBody":"","fileTypesAndContributionMap":{"functional-code":{"insertions":2,"deletions":1}}}]},{"date":"2025-03-22","commitResults":[{"hash":"c0c08c173f2c9dafa3bc9c74f6cd5ae2aa97fe2c","isMergeCommit":false,"messageTitle":"update user guide","messageBody":"","fileTypesAndContributionMap":{"docs":{"insertions":6,"deletions":6}}},{"hash":"aaa51468f087a12d0e4560633f1a235bda1ffb74","isMergeCommit":false,"messageTitle":"fix error message","messageBody":"","fileTypesAndContributionMap":{"functional-code":{"insertions":3,"deletions":3}}},{"hash":"567705750e52d4f8401e1f7c4fd4b297345cc548","isMergeCommit":false,"messageTitle":"fix style","messageBody":"","fileTypesAndContributionMap":{"functional-code":{"insertions":2,"deletions":1}}},{"hash":"37c78d82d75531f59aba0270b6f1db2ba195f79d","isMergeCommit":false,"messageTitle":"update user guide","messageBody":"","fileTypesAndContributionMap":{"docs":{"insertions":57,"deletions":39}}}]}]},"authorFileTypeContributionMap":{"farhan-navas":{"docs":11,"functional-code":697,"test-code":1},"ypuppy":{"docs":103,"functional-code":383,"test-code":308,"other":4},"heyitssakinah":{"docs":7,"functional-code":225,"test-code":422},"sreelakshmiharidos":{"docs":145,"functional-code":256,"test-code":300}},"authorContributionVariance":{"farhan-navas":10497.792,"ypuppy":22948.441,"heyitssakinah":3171.914,"sreelakshmiharidos":4382.2373},"authorDisplayNameMap":{"farhan-navas":"CS2103T-T15-2 MOHA..RHAN","ypuppy":"CS2103T-T15-2 YIN .. CAN","heyitssakinah":"CS2103T-T15-2 NUR ..DDIN","sreelakshmiharidos":"CS2103T-T15-2 HARI..SHMI"}}
