{"authorDailyContributionsMap":{"farhan-navas":[{"date":"2025-02-23","commitResults":[{"hash":"840f8cdaa97988434e0da69622e8bd69b91d0f60","isMergeCommit":true,"messageTitle":"Merge branch \u0027switch-docs-to-markbind\u0027","messageBody":"","fileTypesAndContributionMap":{}},{"hash":"68e4d29da2fa149965ee015f85795e86306020d4","isMergeCommit":false,"messageTitle":"commit markbind config changes","messageBody":"","fileTypesAndContributionMap":{"docs":{"insertions":1,"deletions":1}}}]},{"date":"2025-03-06","commitResults":[{"hash":"04431ff7e1d8070003aa27eb1e8fc0be1602322b","isMergeCommit":false,"messageTitle":"edit about us section","messageBody":"","fileTypesAndContributionMap":{"docs":{"insertions":5,"deletions":15}}},{"hash":"4abd7c129dfc8d0cda2d5e3c3c215dc973931317","isMergeCommit":true,"messageTitle":"Merge pull request #17 from farhan-navas/forking-worflow","messageBody":"edit about us section","fileTypesAndContributionMap":{}}]},{"date":"2025-03-09","commitResults":[{"hash":"15b1c3f98d600276b45fea919f0f8a6d725a2ac2","isMergeCommit":false,"messageTitle":"add nfr, glossary to DG","messageBody":"","fileTypesAndContributionMap":{"docs":{"insertions":5,"deletions":1}}},{"hash":"d9157baa13e6529d4fc2237fea0d9c985e6fdb98","isMergeCommit":true,"messageTitle":"Merge pull request #29 from sreelakshmiharidos/update-developer-guide","messageBody":"Update DeveloperGuide.md","fileTypesAndContributionMap":{}}]},{"date":"2025-03-13","commitResults":[{"hash":"177ac4d187ddad706055284ade3f3234ec3f1036","isMergeCommit":false,"messageTitle":"refactor add command and corresponding parser","messageBody":"","fileTypesAndContributionMap":{"functional-code":{"insertions":17,"deletions":12},"docs":{"insertions":5,"deletions":1}}},{"hash":"338a9a21bff3c7053bb8c9dff0f4c136163983de","isMergeCommit":false,"messageTitle":"fix checkstyle error","messageBody":"","fileTypesAndContributionMap":{"functional-code":{"insertions":11,"deletions":12}}},{"hash":"459075fb74aabc0fd0624fbdf6a5e8747cab216a","isMergeCommit":true,"messageTitle":"Merge pull request #39 from farhan-navas/add-command-rework","messageBody":"refactor add command and corresponding parser","fileTypesAndContributionMap":{}}]},{"date":"2025-03-19","commitResults":[{"hash":"adae1189cb52cd4bc0f8435d4205b217d458c311","isMergeCommit":false,"messageTitle":"update help window link","messageBody":"","fileTypesAndContributionMap":{"functional-code":{"insertions":1,"deletions":1}}},{"hash":"208fe3e14b3940a93fdc14791958199ce56b8eda","isMergeCommit":false,"messageTitle":"adjust person card ui","messageBody":"","fileTypesAndContributionMap":{"functional-code":{"insertions":14,"deletions":11},"test-code":{"insertions":1,"deletions":1}}}]},{"date":"2025-03-20","commitResults":[{"hash":"741e4a5033154271e1a15fb969e6ca00f338ef3f","isMergeCommit":false,"messageTitle":"Add person right panel display component","messageBody":"","fileTypesAndContributionMap":{"functional-code":{"insertions":93,"deletions":16}}},{"hash":"fc417c918ff1c85e9fa9f2d4abade9ed531e4d66","isMergeCommit":false,"messageTitle":"add temp command guide placeholder","messageBody":"","fileTypesAndContributionMap":{"functional-code":{"insertions":140,"deletions":24}}},{"hash":"8f95a954ccffc1e7e4a4e711a4c02257bd41a1a3","isMergeCommit":false,"messageTitle":"Complete left pane: command guide","messageBody":"","fileTypesAndContributionMap":{"functional-code":{"insertions":73,"deletions":56},"other":{"insertions":14,"deletions":4}}},{"hash":"6c8e78c2cb01a84dff54629c508258381c402f7d","isMergeCommit":false,"messageTitle":"check for prod error","messageBody":"","fileTypesAndContributionMap":{"functional-code":{"insertions":1,"deletions":1}}},{"hash":"da4c9de6dcbd59fd317bad09543b8c5c1ac1b518","isMergeCommit":false,"messageTitle":"update mainwindow imports","messageBody":"","fileTypesAndContributionMap":{"functional-code":{"insertions":4,"deletions":3}}},{"hash":"13ea7017aeb2c4c545f43da05556bdc65c3120af","isMergeCommit":true,"messageTitle":"Merge pull request #42 from heyitssakinah/feat-filter-by-tag","messageBody":"Add Filter Command that filters search based on tags","fileTypesAndContributionMap":{}},{"hash":"ac837714a1902c13bb83c9fca16c66bd56afd048","isMergeCommit":true,"messageTitle":"Merge branch \u0027update-ui\u0027","messageBody":"","fileTypesAndContributionMap":{}}]},{"date":"2025-03-22","commitResults":[{"hash":"615724bdad2c21f6a8c5134e4d525c7de72e5e46","isMergeCommit":true,"messageTitle":"Merge branch \u0027master\u0027 of github.com:farhan-navas/tp","messageBody":"","fileTypesAndContributionMap":{}},{"hash":"2076c6b9db22798e95e874d82aeb6c9936b88d5e","isMergeCommit":false,"messageTitle":"Update UI left pane styling","messageBody":"","fileTypesAndContributionMap":{"functional-code":{"insertions":108,"deletions":27}}},{"hash":"c04b09bc97fdb9eaf515bfd3fb0a765568e213fe","isMergeCommit":false,"messageTitle":"edit global styles","messageBody":"","fileTypesAndContributionMap":{"functional-code":{"insertions":327,"deletions":3}}},{"hash":"013b7e998de278a57d414db27c669fbfff6f7541","isMergeCommit":false,"messageTitle":"update checkstyle errors","messageBody":"","fileTypesAndContributionMap":{"functional-code":{"insertions":5,"deletions":3}}}]},{"date":"2025-03-26","commitResults":[{"hash":"daba54a29aa238cbd447957251c258f6e63b02e4","isMergeCommit":false,"messageTitle":"add filter command to ui","messageBody":"","fileTypesAndContributionMap":{"functional-code":{"insertions":8,"deletions":2}}},{"hash":"e84a951a4a77655c15343cde57537e6a68588762","isMergeCommit":false,"messageTitle":"update ui logic to display person","messageBody":"","fileTypesAndContributionMap":{"functional-code":{"insertions":51,"deletions":23}}},{"hash":"8afed8e22ba394fa20010d94fd73cc76b698c5eb","isMergeCommit":false,"messageTitle":"update checkstyle errors","messageBody":"","fileTypesAndContributionMap":{"functional-code":{"insertions":3,"deletions":3}}},{"hash":"9f3fcbfeaf1e9585fcbd8d79f638177752238845","isMergeCommit":false,"messageTitle":"update window sizes","messageBody":"","fileTypesAndContributionMap":{"functional-code":{"insertions":4,"deletions":4}}}]},{"date":"2025-03-27","commitResults":[{"hash":"c52f2017f26a170eb2016459925118ea0d3b0b7a","isMergeCommit":true,"messageTitle":"Merge pull request #67 from AY2425S2-CS2103T-T15-2/feature/sakinah/grouping-logic","messageBody":"Feature/sakinah/grouping logic","fileTypesAndContributionMap":{}},{"hash":"4933aeae7f7d48ba81da37e1559e73e033a88caa","isMergeCommit":true,"messageTitle":"Merge pull request #72 from AY2425S2-CS2103T-T15-2/testcases/yincan/testcases_for_grouping","messageBody":"Testcases/yincan/testcases for grouping","fileTypesAndContributionMap":{}},{"hash":"a661e10ebf87466008d224bb993ce4bfc48a0864","isMergeCommit":true,"messageTitle":"Merge pull request #71 from AY2425S2-CS2103T-T15-2/ui/farhan/right-panel-logic","messageBody":"Update UI: person display logic","fileTypesAndContributionMap":{}},{"hash":"87c8f16832a773068bb4e7cd5e0e0a64015931ca","isMergeCommit":true,"messageTitle":"Merge pull request #69 from AY2425S2-CS2103T-T15-2/docs/yincan/user-guide-update","messageBody":"Update info for cd command","fileTypesAndContributionMap":{}},{"hash":"9bace2b738790b3df8e42b63ea4084dda10f08cd","isMergeCommit":true,"messageTitle":"Merge pull request #73 from AY2425S2-CS2103T-T15-2/docs/yincan/update_uml","messageBody":"Update Model uml diagram","tags":["v0.2"],"fileTypesAndContributionMap":{}},{"hash":"9e67e7a2d7c0b181b027fc256b9e145dbe2c52aa","isMergeCommit":false,"messageTitle":"add remark to ui","messageBody":"","fileTypesAndContributionMap":{"functional-code":{"insertions":25,"deletions":6}}}]},{"date":"2025-03-29","commitResults":[{"hash":"3e3d9ff54a6fa3905074f1737efffb62aac06a75","isMergeCommit":true,"messageTitle":"Merge pull request #77 from AY2425S2-CS2103T-T15-2/EnableAssertion","messageBody":"Enable assertion","fileTypesAndContributionMap":{}},{"hash":"59c727b4ffc5917006a3c82fac856064f83a0079","isMergeCommit":false,"messageTitle":"add remark to ui","messageBody":"","fileTypesAndContributionMap":{"functional-code":{"insertions":25,"deletions":6}}},{"hash":"e1e73d8ecf220ec8c203860679eb9f68081a6513","isMergeCommit":true,"messageTitle":"Merge branch \u0027ui/farhan/update-person-display\u0027 of github.com:AY2425S2-CS2103T-T15-2/tp into ui/farhan/update-person-display","messageBody":"","fileTypesAndContributionMap":{}}]},{"date":"2025-03-30","commitResults":[{"hash":"9bfeadb76765a4a90c1224fea5d13a5ce1ec0d84","isMergeCommit":false,"messageTitle":"add grades to person display","messageBody":"","fileTypesAndContributionMap":{"functional-code":{"insertions":17,"deletions":8}}},{"hash":"84186dca359af7ae0bb5a2394bcb005ee091dc61","isMergeCommit":false,"messageTitle":"update command guide ui","messageBody":"","fileTypesAndContributionMap":{"functional-code":{"insertions":101,"deletions":52}}},{"hash":"a63fef21ada2f76814ddd7634c693e72b6d51b67","isMergeCommit":false,"messageTitle":"update checkstyle errors\u0027","messageBody":"","fileTypesAndContributionMap":{"functional-code":{"insertions":12,"deletions":11}}},{"hash":"de6960785cc27fd606319c5d2d3233c324125f49","isMergeCommit":false,"messageTitle":"update sample data grades test","messageBody":"","fileTypesAndContributionMap":{"test-code":{"insertions":7,"deletions":7}}},{"hash":"d3017db1a0ba412f5ccbe0037aca3301a6b0bcd6","isMergeCommit":false,"messageTitle":"add group command to user guide","messageBody":"","fileTypesAndContributionMap":{"docs":{"insertions":13,"deletions":2}}},{"hash":"5debd01d15256a49bbee587fbf0de3d2520d3c9f","isMergeCommit":false,"messageTitle":"update ui.png for user guide","messageBody":"","fileTypesAndContributionMap":{"docs":{"insertions":1,"deletions":1}}},{"hash":"47d41b7df300606e7f3718033fba4446ce05759b","isMergeCommit":false,"messageTitle":"update ui class diagram puml","messageBody":"","fileTypesAndContributionMap":{"docs":{"insertions":11,"deletions":3}}},{"hash":"c308cc56c88705d7736e4bad45e7d8e4e3cff9dd","isMergeCommit":false,"messageTitle":"update ui diagram style","messageBody":"","fileTypesAndContributionMap":{"docs":{"insertions":1,"deletions":1}}},{"hash":"db88c6bad1a09173c44afdba65425b4275ab80b8","isMergeCommit":true,"messageTitle":"Merge pull request #86 from AY2425S2-CS2103T-T15-2/docs/farhan/user-guide-update","messageBody":"Update user guide with group command","fileTypesAndContributionMap":{}},{"hash":"6b086abd639b95d83dfe78f715b0a285725d05e2","isMergeCommit":true,"messageTitle":"Merge pull request #88 from AY2425S2-CS2103T-T15-2/docs/farhan/developer-guide","messageBody":"Update Developer Guide","fileTypesAndContributionMap":{}},{"hash":"7068d770791d1d0e33207b5c771954401d1adc7e","isMergeCommit":true,"messageTitle":"Merge pull request #89 from sreelakshmiharidos/update-storage-uml","messageBody":"Update StorageClassDiagram","fileTypesAndContributionMap":{}},{"hash":"c21f1e532dc5d3d4b89dd14b1090d1c1dd25e903","isMergeCommit":true,"messageTitle":"Merge pull request #90 from sreelakshmiharidos/update-uml","messageBody":"Update BetterModelClassDiagram","fileTypesAndContributionMap":{}}]},{"date":"2025-03-31","commitResults":[{"hash":"b3197bc537dbcf219bc87cebe9a35cebff2e1189","isMergeCommit":false,"messageTitle":"add DisplayCommand in logic/commands","messageBody":"","fileTypesAndContributionMap":{"functional-code":{"insertions":48,"deletions":0}}},{"hash":"99b74fa366d2ade42ab784b1de063a1480fa5e5e","isMergeCommit":false,"messageTitle":"add DisplayCommandParser","messageBody":"","fileTypesAndContributionMap":{"functional-code":{"insertions":42,"deletions":1}}},{"hash":"2346bff7d45cd9a91dd7c4b871ca568bb114db7f","isMergeCommit":false,"messageTitle":"update javadocs","messageBody":"","fileTypesAndContributionMap":{"functional-code":{"insertions":3,"deletions":0}}}]},{"date":"2025-04-01","commitResults":[{"hash":"2b9f2add45b47672babe5637e01317096070f25e","isMergeCommit":false,"messageTitle":"update dev guide for ui","messageBody":"","fileTypesAndContributionMap":{"functional-code":{"insertions":1,"deletions":6},"docs":{"insertions":1,"deletions":1}}},{"hash":"42d3c2fe47145fb9cb88c5dcc39acddedf447f2d","isMergeCommit":false,"messageTitle":"update filter command ug and ui","messageBody":"","fileTypesAndContributionMap":{"functional-code":{"insertions":1,"deletions":1},"docs":{"insertions":2,"deletions":2}}},{"hash":"b1ea506ef37f49ca326c47659a91ad7dee93b8e0","isMergeCommit":false,"messageTitle":"init display command result","messageBody":"","fileTypesAndContributionMap":{"functional-code":{"insertions":46,"deletions":3}}},{"hash":"6c4ccc3c1144a3193c8561ade3a8eeabe2183408","isMergeCommit":false,"messageTitle":"add display command functionality to mainwindow","messageBody":"","fileTypesAndContributionMap":{"functional-code":{"insertions":13,"deletions":6}}},{"hash":"bb1f13bee59504e25ac59a1704e33abed4c1960d","isMergeCommit":false,"messageTitle":"init display command test","messageBody":"","fileTypesAndContributionMap":{"functional-code":{"insertions":21,"deletions":0},"test-code":{"insertions":103,"deletions":0}}},{"hash":"aa4599e05b7d2ab56dcb03ba89281ddeabcec705","isMergeCommit":false,"messageTitle":"add display command result tests","messageBody":"","fileTypesAndContributionMap":{"test-code":{"insertions":63,"deletions":0}}},{"hash":"7654078c5e120eb400b8c94fa42dbc19d860cbdb","isMergeCommit":false,"messageTitle":"update all checkstyle errors","messageBody":"","fileTypesAndContributionMap":{"test-code":{"insertions":13,"deletions":11}}},{"hash":"906ec2d4d2d3177a038928e544799de115ec2c05","isMergeCommit":false,"messageTitle":"add display command parse related tests","messageBody":"","fileTypesAndContributionMap":{"test-code":{"insertions":44,"deletions":0}}},{"hash":"16f38446fbebc235a3c8048f1f2a20ebe0e74709","isMergeCommit":false,"messageTitle":"improve codecov coverage","messageBody":"","fileTypesAndContributionMap":{"test-code":{"insertions":15,"deletions":0}}},{"hash":"84810cb5a277692608fd0229ce7b05f1dbf9667c","isMergeCommit":false,"messageTitle":"improve display command result and corr tests","messageBody":"","fileTypesAndContributionMap":{"functional-code":{"insertions":11,"deletions":4},"test-code":{"insertions":4,"deletions":0}}},{"hash":"2a939a587a470821fc761ccad395c60f45b87b11","isMergeCommit":false,"messageTitle":"add display command to command guide ui","messageBody":"","fileTypesAndContributionMap":{"functional-code":{"insertions":10,"deletions":0}}},{"hash":"dad9da86454d075ce29ceed4767d7c2e980a28b2","isMergeCommit":true,"messageTitle":"Merge pull request #105 from AY2425S2-CS2103T-T15-2/feature/sakinah/grade-update-on-delete","messageBody":"Update study group when person is deleted","fileTypesAndContributionMap":{}},{"hash":"aa2bce4331875725942600642ce5cde5e9e91381","isMergeCommit":true,"messageTitle":"Merge pull request #107 from AY2425S2-CS2103T-T15-2/feature/sakinah/help-link-to-userguide","messageBody":"Update help link to userguide","fileTypesAndContributionMap":{}},{"hash":"e9b996c48625cf00b95b2bf46149b73d3a6cedaf","isMergeCommit":true,"messageTitle":"Merge pull request #108 from AY2425S2-CS2103T-T15-2/feature/sakinah/add-feature-bugs","messageBody":"Fix add feature bugs","fileTypesAndContributionMap":{}},{"hash":"475fc03df517e6af33312949821d4fdd78a30142","isMergeCommit":true,"messageTitle":"Merge pull request #112 from AY2425S2-CS2103T-T15-2/docs/sakinah/user-guide-update","messageBody":"Update example use of add feature","fileTypesAndContributionMap":{}},{"hash":"b067874135ae5266e36de1802b7fc7c353000611","isMergeCommit":false,"messageTitle":"fix remark command result display","messageBody":"","fileTypesAndContributionMap":{"functional-code":{"insertions":1,"deletions":1}}}]},{"date":"2025-04-02","commitResults":[{"hash":"a4d93127a0495c76e21dfb3f3c8472576024f3c8","isMergeCommit":false,"messageTitle":"add grades to string method","messageBody":"","fileTypesAndContributionMap":{"functional-code":{"insertions":13,"deletions":0}}},{"hash":"9f47c78d2ac5213307765fdfd7c20d1aeccc703d","isMergeCommit":false,"messageTitle":"update test cases","messageBody":"","fileTypesAndContributionMap":{"test-code":{"insertions":5,"deletions":3}}},{"hash":"0720d9a4f6f50fc3ccfee69699f24facc396011a","isMergeCommit":true,"messageTitle":"Merge pull request #109 from AY2425S2-CS2103T-T15-2/feature/sakinah/tag-field-bugs","messageBody":"Fix tag message constraint text and format tags to be capitalised","fileTypesAndContributionMap":{}},{"hash":"4d3c0997cf19b1b431354d6600f73a82db4449fe","isMergeCommit":false,"messageTitle":"add remark to command result display","messageBody":"","fileTypesAndContributionMap":{"functional-code":{"insertions":2,"deletions":0}}},{"hash":"9c10d5a4db2e3014d851491653c866270047708b","isMergeCommit":false,"messageTitle":"comment out wrong testcase","messageBody":"","fileTypesAndContributionMap":{"test-code":{"insertions":20,"deletions":25}}}]},{"date":"2025-04-03","commitResults":[{"hash":"eca8b5465a1a0da588bb2930f2c0336ec7da76d8","isMergeCommit":false,"messageTitle":"fix black bg bug in personListPanel","messageBody":"","fileTypesAndContributionMap":{"functional-code":{"insertions":14,"deletions":7}}},{"hash":"a2e5cab4ba43fc04b09fe5338c0e8ef2e331853f","isMergeCommit":false,"messageTitle":"wrap command result display horizontally","messageBody":"","fileTypesAndContributionMap":{"functional-code":{"insertions":1,"deletions":1}}},{"hash":"10c9089d15052eac06f96eca5dfe2d7a76965b76","isMergeCommit":false,"messageTitle":"shorten right and left panels proportionately","messageBody":"","fileTypesAndContributionMap":{"functional-code":{"insertions":5,"deletions":5}}},{"hash":"1e0e945da68c2b0470c6ea3feed7744c4c9de501","isMergeCommit":false,"messageTitle":"create scrollpane for command guide panel","messageBody":"","fileTypesAndContributionMap":{"functional-code":{"insertions":42,"deletions":36}}},{"hash":"61d7e80d07b08bcf66ca1b61d52f7094aa3e57b2","isMergeCommit":false,"messageTitle":"update command guide panel styling","messageBody":"","fileTypesAndContributionMap":{"functional-code":{"insertions":12,"deletions":3}}},{"hash":"c2e40e1833f123242054770b41b16e60d4663899","isMergeCommit":false,"messageTitle":"add result display text for empty tag","messageBody":"","fileTypesAndContributionMap":{"functional-code":{"insertions":3,"deletions":0}}},{"hash":"dd6c46f64b9de3320da33e714bcaea9d7c8b5b68","isMergeCommit":false,"messageTitle":"edit testcases for merge","messageBody":"","fileTypesAndContributionMap":{"test-code":{"insertions":0,"deletions":2}}},{"hash":"af084ceead48bf5d32524d6613c2066fa02c34da","isMergeCommit":false,"messageTitle":"fix checkstyle","messageBody":"","fileTypesAndContributionMap":{"test-code":{"insertions":26,"deletions":18}}},{"hash":"07cce67c94ea9c21f8ff9f86084f534ee7ff8ac4","isMergeCommit":true,"messageTitle":"Merge pull request #127 from sreelakshmiharidos/update-ug","messageBody":"update user guide","fileTypesAndContributionMap":{}}]}],"ypuppy":[{"date":"2025-03-06","commitResults":[{"hash":"6dff20767e5049bec149a9b22b604214be4c967f","isMergeCommit":false,"messageTitle":"Update Aboutus","messageBody":"","fileTypesAndContributionMap":{"docs":{"insertions":5,"deletions":5}}},{"hash":"d0c53e41a521d06a7244cafaea580211015ba50c","isMergeCommit":true,"messageTitle":"Merge branch \u0027master\u0027 into UpdateAboutus","messageBody":"","fileTypesAndContributionMap":{}}]},{"date":"2025-03-07","commitResults":[{"hash":"8d6df0f11b6da986b6e471dd8ec247b70529fb91","isMergeCommit":false,"messageTitle":"Update README and DG title","messageBody":"","fileTypesAndContributionMap":{"docs":{"insertions":47,"deletions":12}}}]},{"date":"2025-03-13","commitResults":[{"hash":"d0e8cf8b31e815b41336892a051331ed18c70489","isMergeCommit":false,"messageTitle":"Update storage test","messageBody":"","fileTypesAndContributionMap":{"functional-code":{"insertions":4,"deletions":2},"test-code":{"insertions":13,"deletions":1}}},{"hash":"b9e8a11cd5012637c7fb4d95880d38da7d86c0b9","isMergeCommit":false,"messageTitle":"Fix checkstyle","messageBody":"","fileTypesAndContributionMap":{"functional-code":{"insertions":2,"deletions":1}}},{"hash":"7dad855866430e6ed812626b4a4342adc570c18f","isMergeCommit":false,"messageTitle":"Fix JsonSerializableAddressBookTest","messageBody":"","fileTypesAndContributionMap":{"test-code":{"insertions":1,"deletions":1}}},{"hash":"950f30570a7b867cd3913ba266da3cd9b9f2a7cb","isMergeCommit":true,"messageTitle":"Merge pull request #38 from sreelakshmiharidos/update-delete-command","messageBody":"Add multiple index deletion in delete command","fileTypesAndContributionMap":{}}]},{"date":"2025-03-20","commitResults":[{"hash":"edc2915a532edcf10325f2ec6568a429244f72ad","isMergeCommit":false,"messageTitle":"Add Grade field to Add command","messageBody":"Creat new file Grade\nGrade is implemented using array with\nfix size to six\n\nCreate JsonAdaptedGrade.java for storage\n","fileTypesAndContributionMap":{"functional-code":{"insertions":253,"deletions":64},"test-code":{"insertions":72,"deletions":22}}},{"hash":"7aa2c1f5b892b46e106de181fd4733b02236104c","isMergeCommit":false,"messageTitle":"Update Add Command","messageBody":"","fileTypesAndContributionMap":{"functional-code":{"insertions":25,"deletions":10},"test-code":{"insertions":2,"deletions":5}}},{"hash":"c7113c9e85a3f60bab7faaba5c88c8289c834319","isMergeCommit":false,"messageTitle":"Update checkstyle","messageBody":"","fileTypesAndContributionMap":{"functional-code":{"insertions":4,"deletions":2},"docs":{"insertions":3,"deletions":9}}},{"hash":"95699167c009819b6fce48735d1121974b14e17a","isMergeCommit":false,"messageTitle":"Update checkstyle","messageBody":"","fileTypesAndContributionMap":{"functional-code":{"insertions":147,"deletions":27}}},{"hash":"bad73ab691aa136c0122f9a820f5ba0507abb316","isMergeCommit":false,"messageTitle":"Update checkstyle","messageBody":"","fileTypesAndContributionMap":{"functional-code":{"insertions":3,"deletions":2}}},{"hash":"f9711909e8ba70113ee405aea0b8ba7ea9d311e4","isMergeCommit":false,"messageTitle":"Update checkstyle","messageBody":"","fileTypesAndContributionMap":{"test-code":{"insertions":49,"deletions":15}}},{"hash":"b4e272f3b94b4f6a88e41f3da28e733ee64d0a1f","isMergeCommit":false,"messageTitle":"Fix Testcase","messageBody":"","fileTypesAndContributionMap":{"test-code":{"insertions":53,"deletions":23}}},{"hash":"baf60349a3fef46ffeabef6554cef6aa194d2847","isMergeCommit":false,"messageTitle":"Fix test","messageBody":"","fileTypesAndContributionMap":{"test-code":{"insertions":5,"deletions":3}}},{"hash":"158e513485111ac8f13bbc19c7dc858f61c80ba9","isMergeCommit":false,"messageTitle":"Fix test","messageBody":"","fileTypesAndContributionMap":{"test-code":{"insertions":3,"deletions":5}}},{"hash":"67e808672f994a76b350c001e17552db890a1a10","isMergeCommit":false,"messageTitle":"Fix test","messageBody":"","fileTypesAndContributionMap":{"test-code":{"insertions":14,"deletions":7}}},{"hash":"46c620bd2c4c7375c598fdea2abb965a414d429e","isMergeCommit":true,"messageTitle":"Merge branch \u0027master\u0027 into branch_Add_GradeField","messageBody":"","fileTypesAndContributionMap":{}},{"hash":"828592a89148b406cb8b736ed06e0606d09df94c","isMergeCommit":false,"messageTitle":"Fix test","messageBody":"","fileTypesAndContributionMap":{"test-code":{"insertions":6,"deletions":4}}},{"hash":"81569816c2999f05a85a35e9de61c8993e182da9","isMergeCommit":true,"messageTitle":"Merge remote-tracking branch \u0027origin/branch_Add_GradeField\u0027 into branch_Add_GradeField","messageBody":"","fileTypesAndContributionMap":{}},{"hash":"e89cf65374fe701f4589f473691bb5b39cea88a0","isMergeCommit":false,"messageTitle":"Fix test","messageBody":"","fileTypesAndContributionMap":{"test-code":{"insertions":4,"deletions":1}}},{"hash":"41e1e2a71480c874f1379faf3afa62201f011070","isMergeCommit":false,"messageTitle":"Improve TestCoverage","messageBody":"","fileTypesAndContributionMap":{"test-code":{"insertions":85,"deletions":0}}}]},{"date":"2025-03-22","commitResults":[{"hash":"56039ba65a47659f246a3ed10417ad1fa03b2178","isMergeCommit":false,"messageTitle":"Update README","messageBody":"","fileTypesAndContributionMap":{"docs":{"insertions":14,"deletions":4}}},{"hash":"c162e72e163120268551d9935a28d1450c9501d6","isMergeCommit":false,"messageTitle":"Update README","messageBody":"","fileTypesAndContributionMap":{"docs":{"insertions":1,"deletions":1}}},{"hash":"cf6e15a4d3722306eab935340b9e038e29e1356d","isMergeCommit":false,"messageTitle":"Update README","messageBody":"","fileTypesAndContributionMap":{"docs":{"insertions":9,"deletions":0}}},{"hash":"6bc4ba2d30d933afb76bae37476454550e6d5c04","isMergeCommit":false,"messageTitle":"Update README","messageBody":"","fileTypesAndContributionMap":{"docs":{"insertions":1,"deletions":1}}},{"hash":"0dc4b22128346acfc993f053c611235df1e70bd0","isMergeCommit":true,"messageTitle":"Merge pull request #59 from sreelakshmiharidos/update-add-command","messageBody":"fix error message","fileTypesAndContributionMap":{}},{"hash":"c2da00b7787addcb624ada5fe6dab6b9e099d83f","isMergeCommit":false,"messageTitle":"Update README","messageBody":"","fileTypesAndContributionMap":{"docs":{"insertions":2,"deletions":2}}},{"hash":"f565bf85fd0deb3ef101e11af38b3d3210390ddf","isMergeCommit":true,"messageTitle":"Merge pull request #58 from farhan-navas/master","messageBody":"Update UI - left pane, styling","tags":["v0.1"],"fileTypesAndContributionMap":{}},{"hash":"d04bb34b2fb8dbd61ee356e21bb3c04986529d48","isMergeCommit":false,"messageTitle":"Add grade converter and getoverallgrade","messageBody":"","fileTypesAndContributionMap":{"functional-code":{"insertions":49,"deletions":0}}}]},{"date":"2025-03-25","commitResults":[{"hash":"f1519f11a30b184035bcfa19fb09831f7214ec60","isMergeCommit":true,"messageTitle":"Merge pull request #68 from AY2425S2-CS2103T-T15-2/docs/sakinah/user-guide-update","messageBody":"Update user guide","fileTypesAndContributionMap":{}},{"hash":"acbb18b08e617658f83f1edfa916519c92036c15","isMergeCommit":false,"messageTitle":"Update info for cd command","messageBody":"","fileTypesAndContributionMap":{"docs":{"insertions":24,"deletions":3}}},{"hash":"17571e20daa408b15975086e395626e618da6982","isMergeCommit":false,"messageTitle":"Update UserGuide","messageBody":"","fileTypesAndContributionMap":{"docs":{"insertions":3,"deletions":1}}}]},{"date":"2025-03-26","commitResults":[{"hash":"9079dc688095a08495332552b9724a13f974e1a5","isMergeCommit":true,"messageTitle":"Merge remote-tracking branch \u0027origin/feature/sakinah/grouping-logic\u0027 into testcases/yincan/testcases_for_grouping","messageBody":"","fileTypesAndContributionMap":{}},{"hash":"36fe95183f89b27dc2276f23974cc7358065d639","isMergeCommit":false,"messageTitle":"Add test for editGrade","messageBody":"","fileTypesAndContributionMap":{"test-code":{"insertions":60,"deletions":5}}},{"hash":"1011ea45c24a6feb4a1819766428ad1596a0ad5f","isMergeCommit":false,"messageTitle":"Fix checkstyle","messageBody":"","fileTypesAndContributionMap":{"test-code":{"insertions":2,"deletions":3}}},{"hash":"4524b722cba8dd04eab657a7dcc54a0376a61afb","isMergeCommit":false,"messageTitle":"Fix checkstyle","messageBody":"","fileTypesAndContributionMap":{"test-code":{"insertions":6,"deletions":1}}},{"hash":"ab739f01faf0ea0427f72c10f56eb990edee3934","isMergeCommit":false,"messageTitle":"Fix testcase","messageBody":"","fileTypesAndContributionMap":{"test-code":{"insertions":6,"deletions":2}}},{"hash":"6db4840c9dd13f84125e3306c1b72d67608889a0","isMergeCommit":false,"messageTitle":"Fix testcase","messageBody":"","fileTypesAndContributionMap":{"test-code":{"insertions":26,"deletions":7}}},{"hash":"fe10620ac641a0c32399555fd93592a6f5fa3135","isMergeCommit":false,"messageTitle":"Fix UserGuide","messageBody":"","fileTypesAndContributionMap":{"docs":{"insertions":12,"deletions":12}}},{"hash":"e8279d377d75ec0cd256f08cfd340f8f648be6f2","isMergeCommit":false,"messageTitle":"Update Model uml diagram","messageBody":"","fileTypesAndContributionMap":{"docs":{"insertions":2,"deletions":0}}},{"hash":"6e8849d70babb5abcc34932b226b683ca471f2e4","isMergeCommit":false,"messageTitle":"Update Model uml diagram","messageBody":"","fileTypesAndContributionMap":{"docs":{"insertions":5,"deletions":1}}}]},{"date":"2025-03-28","commitResults":[{"hash":"a09ff50ae01d3e2a61cce175b86ec3179253ed2d","isMergeCommit":false,"messageTitle":"Enable assertion","messageBody":"","fileTypesAndContributionMap":{"other":{"insertions":4,"deletions":0}}},{"hash":"94af55d7d40601282d741634330070ef3a5cbc37","isMergeCommit":true,"messageTitle":"Merge remote-tracking branch \u0027origin/master\u0027","messageBody":"","fileTypesAndContributionMap":{}}]},{"date":"2025-03-29","commitResults":[{"hash":"00893c4112e8c13abcbd743779eb9b9670beced8","isMergeCommit":true,"messageTitle":"Merge pull request #76 from AY2425S2-CS2103T-T15-2/UMLDiagram/sakinah/add-GroupSequenceDiagram","messageBody":"Add diagrams/GroupSequenceDiagram.puml","fileTypesAndContributionMap":{}}]},{"date":"2025-04-01","commitResults":[{"hash":"38ba0b6321f52f5cb7cf49a6c5e0caad11c3e005","isMergeCommit":true,"messageTitle":"Merge pull request #75 from AY2425S2-CS2103T-T15-2/feature/farhan/display-command","messageBody":"Add Display Command feature","fileTypesAndContributionMap":{}},{"hash":"10c6475647af2afc42e5a24dae057768981ae18f","isMergeCommit":true,"messageTitle":"Merge pull request #100 from AY2425S2-CS2103T-T15-2/docs/farhan/update-dev-guide-ui","messageBody":"Update dev guide for ui","fileTypesAndContributionMap":{}},{"hash":"7073234ff18978a641801668594731f027ecaaa9","isMergeCommit":false,"messageTitle":"Fixed bugs on Grade field does not accept a as a valid input","messageBody":"","fileTypesAndContributionMap":{"functional-code":{"insertions":5,"deletions":5}}}]},{"date":"2025-04-02","commitResults":[{"hash":"99ab14864b53b43a2fb8fa07965fcef20dea2d68","isMergeCommit":false,"messageTitle":"Give waring on similar Person","messageBody":"","fileTypesAndContributionMap":{"functional-code":{"insertions":91,"deletions":15},"test-code":{"insertions":57,"deletions":24}}},{"hash":"e98fa28c421f4261b06134ef275c426a69effa54","isMergeCommit":false,"messageTitle":"Update duplicated checks","messageBody":"","fileTypesAndContributionMap":{"functional-code":{"insertions":89,"deletions":21},"test-code":{"insertions":62,"deletions":9}}},{"hash":"0af6fb0e679d809d92d70c64ce12d72dddc5a94c","isMergeCommit":false,"messageTitle":"Fix checkstyle","messageBody":"","fileTypesAndContributionMap":{"docs":{"insertions":2,"deletions":3},"test-code":{"insertions":1,"deletions":1}}},{"hash":"627706fcaa5b4853172f72d61c5ec95c3bccb8a9","isMergeCommit":false,"messageTitle":"Fix checkstyle","messageBody":"","fileTypesAndContributionMap":{"docs":{"insertions":1,"deletions":1}}},{"hash":"e916c0206aaf53e108a327ddff99bf73fef1e863","isMergeCommit":false,"messageTitle":"Fix checkstyle","messageBody":"","fileTypesAndContributionMap":{"test-code":{"insertions":0,"deletions":1}}}]},{"date":"2025-04-03","commitResults":[{"hash":"50735c6daad10e41f495ec29e104adab7c533fb0","isMergeCommit":false,"messageTitle":"Resolve review issues","messageBody":"","fileTypesAndContributionMap":{"functional-code":{"insertions":7,"deletions":20},"test-code":{"insertions":0,"deletions":7}}},{"hash":"a5c344f7edf117c2592805aaec2725bbddd5c467","isMergeCommit":true,"messageTitle":"Merge pull request #116 from AY2425S2-CS2103T-T15-2/Fix_grade_caseSensitive","messageBody":"Fixed bugs on Grade field does not accept a as a valid input","fileTypesAndContributionMap":{}},{"hash":"62364eb487488f1bc18ab0b4c59ccb2d129c431f","isMergeCommit":true,"messageTitle":"Merge pull request #130 from sreelakshmiharidos/add-sample-data","messageBody":"Add new sample data","fileTypesAndContributionMap":{}},{"hash":"d27c0c8df84fa81e4cf844c8bd45059bbc9a4a33","isMergeCommit":false,"messageTitle":" Enhance error meassage","messageBody":"","fileTypesAndContributionMap":{"functional-code":{"insertions":30,"deletions":15},"test-code":{"insertions":3,"deletions":4}}}]},{"date":"2025-04-04","commitResults":[{"hash":"97c8b955da59d53a0d7ded172da3fd7889b69416","isMergeCommit":true,"messageTitle":"Fixed merge conflicts","messageBody":"","fileTypesAndContributionMap":{}},{"hash":"bab1f5452bbb5032621215f06ce30e5bfa585352","isMergeCommit":false,"messageTitle":"Fix merge conflicts","messageBody":"","fileTypesAndContributionMap":{"functional-code":{"insertions":20,"deletions":11}}},{"hash":"7a56b5216e61b3cee6a94eeff3fb04e73f13c145","isMergeCommit":false,"messageTitle":"Change commandGuide","messageBody":"","fileTypesAndContributionMap":{"functional-code":{"insertions":1,"deletions":1}}}]}],"heyitssakinah":[{"date":"2025-03-06","commitResults":[{"hash":"1749b4fb85f388306743b44aef3073633d030d50","isMergeCommit":false,"messageTitle":"Update AboutUs.md","messageBody":"","fileTypesAndContributionMap":{"docs":{"insertions":5,"deletions":16}}},{"hash":"d6e6cee59a3ec591e0451eba2fe00a55c110a779","isMergeCommit":true,"messageTitle":"Merge pull request #16 from sreelakshmiharidos/update-about-us","messageBody":"Update AboutUs.md","fileTypesAndContributionMap":{}}]},{"date":"2025-03-07","commitResults":[{"hash":"60e8d2e78119a246e3eca9e1b8dbd8f2a14960da","isMergeCommit":true,"messageTitle":"Merge pull request #26 from ypuppy/update_README","messageBody":"Update README and DG title","fileTypesAndContributionMap":{}}]},{"date":"2025-03-12","commitResults":[{"hash":"cb1b36ad672379497d5d16bcca11bd0a63cb69af","isMergeCommit":false,"messageTitle":"Update \u0027find\u0027 feature to allow searches using incomplete name","messageBody":"","fileTypesAndContributionMap":{"functional-code":{"insertions":1,"deletions":1}}},{"hash":"fd1e939581b393f650467bfec4f002e8854f0e70","isMergeCommit":false,"messageTitle":"Update test case for partial word","messageBody":"","fileTypesAndContributionMap":{"test-code":{"insertions":2,"deletions":2}}}]},{"date":"2025-03-13","commitResults":[{"hash":"5492efa142628e7be70c41676a1ff0501906bab1","isMergeCommit":false,"messageTitle":"Fix checkstyle","messageBody":"","fileTypesAndContributionMap":{"test-code":{"insertions":13,"deletions":7}}},{"hash":"57b2715f9387ff5b389f6c1a81cfed8b446dbf0d","isMergeCommit":true,"messageTitle":"Merge pull request #37 from ypuppy/Update_exit","messageBody":"Update exit","fileTypesAndContributionMap":{}}]},{"date":"2025-03-18","commitResults":[{"hash":"443faab0081aca08be8a678f4939c8188d626ab3","isMergeCommit":false,"messageTitle":"Add Filter Command that filters search based on tags","messageBody":"","fileTypesAndContributionMap":{"functional-code":{"insertions":137,"deletions":0},"test-code":{"insertions":106,"deletions":1}}}]},{"date":"2025-03-20","commitResults":[{"hash":"ea3e5fd8dd0683b26e1d522e5501ba388c24a172","isMergeCommit":false,"messageTitle":"Updated tests for FilterCommandParser and TagContainsKe...","messageBody":"","fileTypesAndContributionMap":{"test-code":{"insertions":127,"deletions":0}}},{"hash":"61ebdd6674f52e1d0d75311d7a7f20b79aaf1181","isMergeCommit":true,"messageTitle":"Merge pull request #43 from farhan-navas/update-ui","messageBody":"Update UI - Left Pane","fileTypesAndContributionMap":{}},{"hash":"1d9cd185c588a481f01c00b267fe6967ebc20df1","isMergeCommit":true,"messageTitle":"Merge pull request #51 from ypuppy/branch_Add_GradeField","messageBody":"Branch add grade field","fileTypesAndContributionMap":{}},{"hash":"899c4c1f6295d1cd2831e88732d3111437f560a0","isMergeCommit":true,"messageTitle":"Merge pull request #55 from sreelakshmiharidos/tutorial-adding-command","messageBody":"Add remark command","fileTypesAndContributionMap":{}}]},{"date":"2025-03-22","commitResults":[{"hash":"692eed92f1efba6859d33214965d305e5ef55208","isMergeCommit":true,"messageTitle":"Merge pull request #57 from ypuppy/branch_Update_README","messageBody":"Branch update readme","fileTypesAndContributionMap":{}},{"hash":"5530aa832c8bcf4c8d354fbd9f509227dd46de8c","isMergeCommit":true,"messageTitle":"Merge pull request #60 from ypuppy/branch_Update_README","messageBody":"Update README","fileTypesAndContributionMap":{}},{"hash":"c8ac2563bd2364d2f980276cf12aba0df0e79c37","isMergeCommit":true,"messageTitle":"Merge pull request #62 from sreelakshmiharidos/update-user-guide","messageBody":"Update user guide for mvp","fileTypesAndContributionMap":{}}]},{"date":"2025-03-24","commitResults":[{"hash":"a959752ddde2a6978926366ac0376cc608ab84d4","isMergeCommit":true,"messageTitle":"Merge pull request #63 from AY2425S2-CS2103T-T15-2/feature/yincan/implement-overallgrade","messageBody":"Add grade converter and getoverallgrade","fileTypesAndContributionMap":{}},{"hash":"a6122a688675f298c7b2b21711de04afd70ccce9","isMergeCommit":false,"messageTitle":"Add grouping based on grades","messageBody":"","fileTypesAndContributionMap":{"functional-code":{"insertions":49,"deletions":2}}},{"hash":"e14a413c1b6cb87e4d207665e723f0f6ee6f717e","isMergeCommit":false,"messageTitle":"Fix removing old studyGroup tag when grades are recalculated","messageBody":"","fileTypesAndContributionMap":{"functional-code":{"insertions":2,"deletions":1},"test-code":{"insertions":16,"deletions":0}}},{"hash":"ec6e73187268325abc300d43ef3d5bb0277b8b06","isMergeCommit":false,"messageTitle":"Fix checkstyle","messageBody":"","fileTypesAndContributionMap":{"functional-code":{"insertions":17,"deletions":7}}},{"hash":"c97ba89c5b3e4ce250c12d03db98554f3aa7fbe7","isMergeCommit":false,"messageTitle":"Fix test cases","messageBody":"","fileTypesAndContributionMap":{"functional-code":{"insertions":1,"deletions":2},"test-code":{"insertions":24,"deletions":16}}},{"hash":"111e121a428d8580922cf5a68ff78924506935e3","isMergeCommit":false,"messageTitle":"Update user guide","messageBody":"","fileTypesAndContributionMap":{"docs":{"insertions":2,"deletions":2}}}]},{"date":"2025-03-25","commitResults":[{"hash":"e75ff6d4d8dd71b038f0b8fcccd2159d00c1b67c","isMergeCommit":false,"messageTitle":"Fix tests","messageBody":"","fileTypesAndContributionMap":{"functional-code":{"insertions":3,"deletions":4},"test-code":{"insertions":4,"deletions":2}}},{"hash":"57abbae9935f7da917b5454807c38c1475e379ca","isMergeCommit":false,"messageTitle":"Fix checkstyle tests","messageBody":"","fileTypesAndContributionMap":{"test-code":{"insertions":2,"deletions":1}}},{"hash":"88bfa030659900a423d72d27d917d8f4fedc3d8e","isMergeCommit":false,"messageTitle":"Add test cases","messageBody":"","fileTypesAndContributionMap":{"functional-code":{"insertions":30,"deletions":3},"test-code":{"insertions":141,"deletions":0}}},{"hash":"41ff0c0f55f502d34fff97f2905a48efc77c9d81","isMergeCommit":true,"messageTitle":"Merge pull request #70 from AY2425S2-CS2103T-T15-2/docs/yincan/Update_help_in_UserGuide","messageBody":"Update UserGuide","fileTypesAndContributionMap":{}}]},{"date":"2025-03-27","commitResults":[{"hash":"42926326fd9f7fa332e2095ee07487e7d6c6833d","isMergeCommit":false,"messageTitle":"Add diagrams/GroupSequenceDiagram.puml","messageBody":"","fileTypesAndContributionMap":{"docs":{"insertions":69,"deletions":0}}}]},{"date":"2025-04-01","commitResults":[{"hash":"0d6f2b6dc86e30902ebdc0e2183bf9992fcede7e","isMergeCommit":false,"messageTitle":"Update user guide","messageBody":"","fileTypesAndContributionMap":{"docs":{"insertions":14,"deletions":4}}},{"hash":"a8673123c2dbac8450a8183ed034dccceb754b18","isMergeCommit":false,"messageTitle":"Update study group when person is deleted","messageBody":"","fileTypesAndContributionMap":{"functional-code":{"insertions":2,"deletions":0}}},{"hash":"faa1dee5335875562cb98b602cf09129e65e3617","isMergeCommit":false,"messageTitle":"Update user guide link in help feature","messageBody":"","fileTypesAndContributionMap":{"functional-code":{"insertions":1,"deletions":1}}},{"hash":"508b2885efba0ab9a0c5db4146d2e6082e6cdd4f","isMergeCommit":false,"messageTitle":"Fix add to ignore trailing spaces between first and last names","messageBody":"","fileTypesAndContributionMap":{"functional-code":{"insertions":1,"deletions":1}}},{"hash":"4c7a62ec3194c2c33ba4267ef21861439ac1c2c4","isMergeCommit":false,"messageTitle":"Fix formatting names in \u0027add\u0027 feature","messageBody":"","fileTypesAndContributionMap":{"functional-code":{"insertions":8,"deletions":2}}},{"hash":"7e70b990ba52c9b450192e8cbaa27f5dd3340014","isMergeCommit":false,"messageTitle":"Adding comments","messageBody":"","fileTypesAndContributionMap":{"functional-code":{"insertions":2,"deletions":0}}},{"hash":"ce47c88cd75491b015fa4c7ae758c821754ce448","isMergeCommit":false,"messageTitle":"Fix checkstyle main","messageBody":"","fileTypesAndContributionMap":{"functional-code":{"insertions":2,"deletions":2}}},{"hash":"e3e3ae6491a01db8accf7069263fc99d779fe4d0","isMergeCommit":false,"messageTitle":"Fix tag message constraint text and format tags to be capitalised","messageBody":"","fileTypesAndContributionMap":{"functional-code":{"insertions":3,"deletions":1}}},{"hash":"1601b658e53728f06de9e1776d73c02710735af5","isMergeCommit":false,"messageTitle":"Fix checkstyle","messageBody":"","fileTypesAndContributionMap":{"functional-code":{"insertions":3,"deletions":3}}},{"hash":"c4593c667515f1c4884929409915ed13835f53f3","isMergeCommit":false,"messageTitle":"Update example use of add feature","messageBody":"","fileTypesAndContributionMap":{"docs":{"insertions":1,"deletions":1}}},{"hash":"706b96fb99bc959fa94985acbf558424df99c4e5","isMergeCommit":false,"messageTitle":"Fix testcases to accomodate capitalised tags","messageBody":"","fileTypesAndContributionMap":{"test-code":{"insertions":8,"deletions":8}}},{"hash":"d7cf0de46c7f2638895a11a46cb68d5e4ab92d09","isMergeCommit":false,"messageTitle":"Fix Testcases typicalPersons.java file","messageBody":"","fileTypesAndContributionMap":{"test-code":{"insertions":11,"deletions":11}}},{"hash":"b579eab9cdbcefd4912922a9f9f97e776c23c06c","isMergeCommit":false,"messageTitle":"Fix Testcases CommandTestUtil.java file","messageBody":"","fileTypesAndContributionMap":{"test-code":{"insertions":3,"deletions":3}}},{"hash":"da6f3444751971b0b6c9ab5b796dbb356e2826f4","isMergeCommit":false,"messageTitle":"Fix Testcases GroupCommand.java file","messageBody":"","fileTypesAndContributionMap":{"functional-code":{"insertions":2,"deletions":2}}}]},{"date":"2025-04-02","commitResults":[{"hash":"13dcf1a9d2fd62fc1805e402cdb9007bb27de69b","isMergeCommit":false,"messageTitle":"Fix allow certain characters in names","messageBody":"","fileTypesAndContributionMap":{"functional-code":{"insertions":1,"deletions":1},"test-code":{"insertions":8,"deletions":4}}},{"hash":"d7362fbd1d166c457991d27c64973499b18235cb","isMergeCommit":false,"messageTitle":"Fix test","messageBody":"","fileTypesAndContributionMap":{"test-code":{"insertions":1,"deletions":1}}},{"hash":"254c0c480905234d0d99a0e27da4ff443638b0e1","isMergeCommit":false,"messageTitle":"Fix test","messageBody":"","fileTypesAndContributionMap":{"test-code":{"insertions":1,"deletions":1}}}]},{"date":"2025-04-03","commitResults":[{"hash":"50c6db5fce227b13c109b800a408baa9ba859bfe","isMergeCommit":true,"messageTitle":"Merge pull request #119 from AY2425S2-CS2103T-T15-2/duplicate_detection","messageBody":"Duplicate detection","fileTypesAndContributionMap":{}},{"hash":"2e26357b6a53905b6842e6888dfe481e83beafaf","isMergeCommit":false,"messageTitle":"Fix Studygroup tag not appearing","messageBody":"","fileTypesAndContributionMap":{"functional-code":{"insertions":75,"deletions":18},"test-code":{"insertions":39,"deletions":70}}},{"hash":"8f283c073dfd35d9e67a4b4232b3246152389370","isMergeCommit":true,"messageTitle":"Merge branch \u0027master\u0027 into fix/sakinah/UI-rerendering-when-grouped","messageBody":"","fileTypesAndContributionMap":{}},{"hash":"ac51ab547f37a6d4f22bdc91a8d70d0a491c7052","isMergeCommit":false,"messageTitle":"Fix checkstyle","messageBody":"","fileTypesAndContributionMap":{"functional-code":{"insertions":3,"deletions":3},"test-code":{"insertions":3,"deletions":12}}},{"hash":"43a38762dae94b630e2d739cd971dd02239bffbc","isMergeCommit":true,"messageTitle":"Merge branch \u0027fix/sakinah/UI-rerendering-when-grouped\u0027 of github.com:AY2425S2-CS2103T-T15-2/tp into fix/sakinah/UI-rerendering-when-grouped","messageBody":"","fileTypesAndContributionMap":{}},{"hash":"db84b4d7dc617ef16720b348dca0df40fbbcc56a","isMergeCommit":true,"messageTitle":"Merge branch \u0027master\u0027 into feature/sakinah/add-feature-bugs","messageBody":"","fileTypesAndContributionMap":{}},{"hash":"9032351bf632bb23d84c036239f6754da3a3cc1b","isMergeCommit":false,"messageTitle":"Comment out failing testcases","messageBody":"","fileTypesAndContributionMap":{"functional-code":{"insertions":10,"deletions":7},"test-code":{"insertions":88,"deletions":88}}},{"hash":"b47fcd947cd062b81fb321a7863a30a22e2f1fea","isMergeCommit":false,"messageTitle":"Fix checkstyle","messageBody":"","fileTypesAndContributionMap":{"functional-code":{"insertions":0,"deletions":3},"test-code":{"insertions":88,"deletions":90}}},{"hash":"b91e58b2dd137f4a4a9b5ce16ff3e59d8a6ede91","isMergeCommit":false,"messageTitle":"Fix allowing special characters into name","messageBody":"","fileTypesAndContributionMap":{"functional-code":{"insertions":1,"deletions":1}}},{"hash":"ffde218b562e2f425058438ecbbc68387c85018c","isMergeCommit":false,"messageTitle":"Fix tests","messageBody":"","fileTypesAndContributionMap":{"functional-code":{"insertions":1,"deletions":1},"test-code":{"insertions":0,"deletions":1}}},{"hash":"e1712c05150abfcb8d6dc0c9b9332d9fc016dac7","isMergeCommit":false,"messageTitle":"Fix tests","messageBody":"","fileTypesAndContributionMap":{"test-code":{"insertions":0,"deletions":1}}},{"hash":"59e10633c02ed8cd17fcced005d43ccaa2bff848","isMergeCommit":true,"messageTitle":"Merge pull request #120 from AY2425S2-CS2103T-T15-2/feature/sakinah/add-feature-bugs","messageBody":"Allow certain characters to appear in names","tags":["v0.3"],"fileTypesAndContributionMap":{}}]},{"date":"2025-04-04","commitResults":[{"hash":"a0204b91cd5281e6728ecc2561ba4ba07843daa3","isMergeCommit":false,"messageTitle":"Add java docs","messageBody":"","fileTypesAndContributionMap":{"functional-code":{"insertions":143,"deletions":120}}},{"hash":"abeaa9df1c334018e5b0d6438ca3a0308a3a0d3f","isMergeCommit":false,"messageTitle":"Add java docs","messageBody":"","fileTypesAndContributionMap":{"functional-code":{"insertions":121,"deletions":122}}},{"hash":"06db1b1dddda8611a9da566c08156ddba23dbaec","isMergeCommit":true,"messageTitle":"Merge pull request #132 from AY2425S2-CS2103T-T15-2/docs/sakinah/method-java-docs","messageBody":"Add java docs","fileTypesAndContributionMap":{}}]}],"sreelakshmiharidos":[{"date":"2025-03-06","commitResults":[{"hash":"d8b66f697ef286ba1f5c1824b3c1a771725d8684","isMergeCommit":false,"messageTitle":"Update AboutUs.md","messageBody":"","fileTypesAndContributionMap":{"docs":{"insertions":5,"deletions":15}}},{"hash":"0584e608022a687a2e8750fbf6e86dbb4c9872b7","isMergeCommit":true,"messageTitle":"Merge pull request #15 from heyitssakinah/update-aboutus","messageBody":"Update AboutUs.md","fileTypesAndContributionMap":{}},{"hash":"53ec33f63d00084abc3ff24e69aa6d48626d8e97","isMergeCommit":true,"messageTitle":"Merge pull request #19 from ypuppy/UpdateAboutus","messageBody":"Update AboutUS","fileTypesAndContributionMap":{}}]},{"date":"2025-03-07","commitResults":[{"hash":"9914822643725ccc8cad9b860d4305d08b85d8a8","isMergeCommit":false,"messageTitle":"Add new command \"Remark\"","messageBody":"","fileTypesAndContributionMap":{"functional-code":{"insertions":206,"deletions":13}}}]},{"date":"2025-03-09","commitResults":[{"hash":"6e49819c78bb9ca77e1ec1b95d79ca402275bf57","isMergeCommit":true,"messageTitle":"Merge pull request #25 from heyitssakinah/update-ui-image","messageBody":"Update UI image","fileTypesAndContributionMap":{}},{"hash":"9c75d25bc69d66fa3eb13e368619ec2697008ca3","isMergeCommit":false,"messageTitle":"Update DeveloperGuide.md","messageBody":"","fileTypesAndContributionMap":{"docs":{"insertions":85,"deletions":22}}},{"hash":"39349269b38dd6f3ed7b86f2e303b3240562356a","isMergeCommit":true,"messageTitle":"Merge pull request #30 from farhan-navas/forking-worflow","messageBody":"add nfr, glossary to DG","fileTypesAndContributionMap":{}}]},{"date":"2025-03-13","commitResults":[{"hash":"8e768280e9bb519fac29b7d9566a07313d774ae1","isMergeCommit":false,"messageTitle":"Add multiple index deletion in delete command","messageBody":"","fileTypesAndContributionMap":{"functional-code":{"insertions":52,"deletions":26},"test-code":{"insertions":99,"deletions":23}}},{"hash":"370dc508221e05e899cea7b60c646ffadf2446b8","isMergeCommit":false,"messageTitle":"Fix checkstyle issues","messageBody":"","fileTypesAndContributionMap":{"functional-code":{"insertions":1,"deletions":1},"test-code":{"insertions":4,"deletions":0}}},{"hash":"4c2e121d4a5249b7ba034e86b55c5ee1be60524f","isMergeCommit":false,"messageTitle":"Fix checkstyle issues","messageBody":"","fileTypesAndContributionMap":{"functional-code":{"insertions":1,"deletions":1}}},{"hash":"2c5fc443e0b9f3e14d2662a7b4cc2a3ef7cca5c6","isMergeCommit":false,"messageTitle":"Fix checkstyle issues","messageBody":"","fileTypesAndContributionMap":{"test-code":{"insertions":1,"deletions":1}}},{"hash":"2cb71d83d82115474c77cfd48905f5c111600c15","isMergeCommit":true,"messageTitle":"Merge pull request #34 from heyitssakinah/feature-find-command","messageBody":"Update \u0027find\u0027 feature to allow searches using incomplete name","fileTypesAndContributionMap":{}}]},{"date":"2025-03-20","commitResults":[{"hash":"f16047f7aa16d9075eee7f44319d9c87485d1af3","isMergeCommit":true,"messageTitle":"Merge branch \u0027master\u0027 into tutorial-adding-command","messageBody":"","fileTypesAndContributionMap":{}},{"hash":"33a9b77ec766b4838604bf6626408c1a7d741c4a","isMergeCommit":false,"messageTitle":"Implement remark command","messageBody":"","fileTypesAndContributionMap":{"test-code":{"insertions":63,"deletions":28}}},{"hash":"f8c8da4759a75e54d05c92c4f5c4aa491cf9eab7","isMergeCommit":true,"messageTitle":"Merge branch \u0027master\u0027 into tutorial-adding-command","messageBody":"","fileTypesAndContributionMap":{}},{"hash":"a299e82878fbe05f02f3300a9ade57817d31a9f3","isMergeCommit":true,"messageTitle":"Merge branch \u0027master\u0027 into tutorial-adding-command","messageBody":"# Conflicts:\n#\tsrc/main/java/seedu/address/logic/parser/AddressBookParser.java\n#\tsrc/test/java/seedu/address/logic/parser/AddressBookParserTest.java\n#\tsrc/test/java/seedu/address/testutil/TypicalPersons.java\n","fileTypesAndContributionMap":{}},{"hash":"9a42e8b91276daf6335a1dae956ad44eb8207619","isMergeCommit":false,"messageTitle":"Fix checkstyle errors","messageBody":"","fileTypesAndContributionMap":{"functional-code":{"insertions":1,"deletions":2}}},{"hash":"f06543805b21462300d70b365660e3809ff7d803","isMergeCommit":false,"messageTitle":"Fix checkstyle errors","messageBody":"","fileTypesAndContributionMap":{"functional-code":{"insertions":6,"deletions":0}}},{"hash":"9e80e5aed68db0397423c72bf15d0008f7e4d90f","isMergeCommit":false,"messageTitle":"fix checkstyle errors","messageBody":"","fileTypesAndContributionMap":{"test-code":{"insertions":17,"deletions":9}}},{"hash":"daa1d7077dea35b995ac3cd7231bc656c7ffb783","isMergeCommit":true,"messageTitle":"Merge branch \u0027master\u0027 into tutorial-adding-command","messageBody":"# Conflicts:\n#\tsrc/main/java/seedu/address/ui/PersonCard.java\n#\tsrc/main/resources/view/PersonListCard.fxml\n","fileTypesAndContributionMap":{}},{"hash":"81377f95f116a54d69b982563a675e6bcb5318de","isMergeCommit":false,"messageTitle":"Fix checkstyle errors","messageBody":"","fileTypesAndContributionMap":{"test-code":{"insertions":1,"deletions":1}}},{"hash":"7e1bc6e4e21debf095477d28e50426875f5636bf","isMergeCommit":false,"messageTitle":"Fix test coverage","messageBody":"","fileTypesAndContributionMap":{"test-code":{"insertions":130,"deletions":0}}},{"hash":"aed36c40acc3108c9d9564a7d4c010d87a90af94","isMergeCommit":true,"messageTitle":"Merge branch \u0027master\u0027 into tutorial-adding-command","messageBody":"# Conflicts:\n#\tsrc/main/java/seedu/address/logic/commands/EditCommand.java\n#\tsrc/main/java/seedu/address/logic/parser/AddCommandParser.java\n#\tsrc/main/java/seedu/address/model/person/Person.java\n#\tsrc/main/java/seedu/address/model/util/SampleDataUtil.java\n#\tsrc/main/java/seedu/address/storage/JsonAdaptedPerson.java\n#\tsrc/test/data/JsonSerializableAddressBookTest/duplicatePersonAddressBook.json\n#\tsrc/test/data/JsonSerializableAddressBookTest/invalidPersonAddressBook.json\n#\tsrc/test/data/JsonSerializableAddressBookTest/typicalPersonsAddressBook.json\n#\tsrc/test/java/seedu/address/logic/commands/CommandTestUtil.java\n#\tsrc/test/java/seedu/address/storage/JsonAdaptedPersonTest.java\n#\tsrc/test/java/seedu/address/testutil/PersonBuilder.java\n#\tsrc/test/java/seedu/address/testutil/TypicalPersons.java\n","fileTypesAndContributionMap":{}},{"hash":"7f0be3bff8c24fce08c423f5508a3cff7c5c3552","isMergeCommit":false,"messageTitle":"Fix style","messageBody":"","fileTypesAndContributionMap":{"functional-code":{"insertions":2,"deletions":1}}}]},{"date":"2025-03-22","commitResults":[{"hash":"c0c08c173f2c9dafa3bc9c74f6cd5ae2aa97fe2c","isMergeCommit":false,"messageTitle":"update user guide","messageBody":"","fileTypesAndContributionMap":{"docs":{"insertions":6,"deletions":6}}},{"hash":"aaa51468f087a12d0e4560633f1a235bda1ffb74","isMergeCommit":false,"messageTitle":"fix error message","messageBody":"","fileTypesAndContributionMap":{"functional-code":{"insertions":3,"deletions":3}}},{"hash":"567705750e52d4f8401e1f7c4fd4b297345cc548","isMergeCommit":false,"messageTitle":"fix style","messageBody":"","fileTypesAndContributionMap":{"functional-code":{"insertions":2,"deletions":1}}},{"hash":"37c78d82d75531f59aba0270b6f1db2ba195f79d","isMergeCommit":false,"messageTitle":"update user guide","messageBody":"","fileTypesAndContributionMap":{"docs":{"insertions":57,"deletions":39}}}]},{"date":"2025-03-30","commitResults":[{"hash":"551867f95a90e8a0b16086419ae416623650a58f","isMergeCommit":false,"messageTitle":"Update StorageClassDiagram","messageBody":"","fileTypesAndContributionMap":{"docs":{"insertions":2,"deletions":0}}},{"hash":"ea98f0d325a6da1b75d654bbe9519c73ee40ddb9","isMergeCommit":false,"messageTitle":"Update BetterModelClassDiagram","messageBody":"","fileTypesAndContributionMap":{"docs":{"insertions":1,"deletions":0}}},{"hash":"57f547fbe53f147cf08d3b42c30890d6414c2727","isMergeCommit":true,"messageTitle":"Merge pull request #78 from AY2425S2-CS2103T-T15-2/ui/farhan/update-person-display","messageBody":"Update person display with grades","fileTypesAndContributionMap":{}}]},{"date":"2025-04-03","commitResults":[{"hash":"df361b0cce808e686d237eff851839b36cb7344d","isMergeCommit":true,"messageTitle":"Merge pull request #124 from AY2425S2-CS2103T-T15-2/ui/farhan/ui-bug-fixes","messageBody":"All UI bug fixes","fileTypesAndContributionMap":{}},{"hash":"4613fa0725f847f17b422f53e2f8cae6db2d5d37","isMergeCommit":true,"messageTitle":"Merge pull request #117 from AY2425S2-CS2103T-T15-2/feature/farhan/bug-fixes-remark-grades","messageBody":"Bug fixes for remark \u0026 grades","fileTypesAndContributionMap":{}},{"hash":"a972f23b8f46eef27b6e9e1ec7b5826f487a4f81","isMergeCommit":false,"messageTitle":"update user guide","messageBody":"","fileTypesAndContributionMap":{"docs":{"insertions":1,"deletions":1}}},{"hash":"ea8d5a8c405917ffd69afe46543aa115a3651f21","isMergeCommit":false,"messageTitle":"Add new sample data","messageBody":"","fileTypesAndContributionMap":{"functional-code":{"insertions":63,"deletions":7}}},{"hash":"5ad82421a29d23eb7e1b2d211a9e92642be5ddbd","isMergeCommit":false,"messageTitle":"Update test cases","messageBody":"","fileTypesAndContributionMap":{"functional-code":{"insertions":1,"deletions":1},"test-code":{"insertions":3,"deletions":3}}},{"hash":"1ef0e020337adc6b638fc5963861a0dd6278a958","isMergeCommit":true,"messageTitle":"Merge pull request #126 from AY2425S2-CS2103T-T15-2/fix/sakinah/UI-rerendering-when-grouped","messageBody":"Fix group function to create new person -\u003e fixes UI","fileTypesAndContributionMap":{}}]},{"date":"2025-04-04","commitResults":[{"hash":"cff3a841799e0f92371d5ebbe81fcbbb00efcf5f","isMergeCommit":true,"messageTitle":"Merge pull request #131 from AY2425S2-CS2103T-T15-2/enhance_error_messsage","messageBody":" Enhance error meassage","fileTypesAndContributionMap":{}},{"hash":"0342789580a0f31b9185a514c04c3c2d49b9efa7","isMergeCommit":true,"messageTitle":"Merge pull request #133 from AY2425S2-CS2103T-T15-2/commandpanel","messageBody":"Change commandGuide","fileTypesAndContributionMap":{}}]}]},"authorFileTypeContributionMap":{"farhan-navas":{"docs":36,"functional-code":998,"test-code":251},"ypuppy":{"docs":99,"functional-code":549,"test-code":381,"other":4},"heyitssakinah":{"docs":91,"functional-code":325,"test-code":474},"sreelakshmiharidos":{"docs":144,"functional-code":317,"test-code":275}},"authorContributionVariance":{"farhan-navas":13253.154,"ypuppy":22568.344,"heyitssakinah":15581.316,"sreelakshmiharidos":3908.7373},"authorDisplayNameMap":{"farhan-navas":"CS2103T-T15-2 MOHA..RHAN","ypuppy":"CS2103T-T15-2 YIN .. CAN","heyitssakinah":"CS2103T-T15-2 NUR ..DDIN","sreelakshmiharidos":"CS2103T-T15-2 HARI..SHMI"}}
