{"authorDailyContributionsMap":{"caando":[{"date":"2025-03-04","commitResults":[{"hash":"8259931b414fbae21b37561f9d6ed07b78ac59a0","isMergeCommit":false,"messageTitle":"feat: Add caando\u0027s about us","messageBody":"","fileTypesAndContributionMap":{"docs":{"insertions":6,"deletions":6}}},{"hash":"769dd5c5109c79132cdfebe5b1cf815e33e88125","isMergeCommit":false,"messageTitle":"feat: Add caando\u0027s portfolio page","messageBody":"","fileTypesAndContributionMap":{"docs":{"insertions":9,"deletions":1}}},{"hash":"e069465fdfeda995b7840660df7f62ebceb3ad73","isMergeCommit":true,"messageTitle":"Merge pull request #21 from juneha1120/update-README","messageBody":"feat: Update README page to match the project","fileTypesAndContributionMap":{}},{"hash":"bb9e209251b763514dfd15743412efefb140b132","isMergeCommit":false,"messageTitle":"feat: Add site settings for TrackUp","messageBody":"","fileTypesAndContributionMap":{"other":{"insertions":5,"deletions":2}}},{"hash":"28e75e0f488501e0e77ea25647726df0604f5cf2","isMergeCommit":false,"messageTitle":"feat: Update index.md","messageBody":"","fileTypesAndContributionMap":{"docs":{"insertions":3,"deletions":3}}},{"hash":"fbd2ee4f42f48fcf593e65bab981a62c06c29aad","isMergeCommit":false,"messageTitle":"feat: Update glossary based on MVP","messageBody":"","fileTypesAndContributionMap":{"docs":{"insertions":4,"deletions":1}}}]},{"date":"2025-03-07","commitResults":[{"hash":"608f9879f3f7270d44efcc09bc9ebf1a909593d3","isMergeCommit":false,"messageTitle":"docs: Change AB-3 to TrackUp","messageBody":"","fileTypesAndContributionMap":{"other":{"insertions":1,"deletions":1},"docs":{"insertions":1,"deletions":1}}},{"hash":"6dbaca26075900b2163385ac3abb574b751c8564","isMergeCommit":false,"messageTitle":"docs: Add TrackUp to projects","messageBody":"","fileTypesAndContributionMap":{"other":{"insertions":3,"deletions":0}}},{"hash":"e99b20e259d231cf6a530639c92bf97d5852ac0d","isMergeCommit":false,"messageTitle":"feat: Add more terms to glossary","messageBody":"","fileTypesAndContributionMap":{"docs":{"insertions":14,"deletions":5}}},{"hash":"5b1e9999958dd5d76532972e46d6c50486be9753","isMergeCommit":true,"messageTitle":"Merge pull request #29 from juneha1120/update-DG-NFRs","messageBody":"Update the DG : Non-functional requirements","fileTypesAndContributionMap":{}},{"hash":"9e2c9ffac981dd5a0c53124980cac47ca9952d9c","isMergeCommit":true,"messageTitle":"Merge pull request #32 from caando/docs/website-cleanup","messageBody":"docs: Fully adapt website for TrackUp","fileTypesAndContributionMap":{}},{"hash":"7c8c97220845cf066f54c5013c153cb4640bfe4b","isMergeCommit":true,"messageTitle":"Merge pull request #28 from caando/feat/trackup-glossary","messageBody":"Update DG glossary based on MVP","fileTypesAndContributionMap":{}}]},{"date":"2025-03-11","commitResults":[{"hash":"e1332c95563993c42abd0777bde1161075ae221b","isMergeCommit":true,"messageTitle":"Merge pull request #36 from arshinsikka/fix/update-use-case-format","messageBody":"fix: Standardize Use Case formatting in Developer Guide","fileTypesAndContributionMap":{}}]},{"date":"2025-03-13","commitResults":[{"hash":"9b34dd2d36ec0762fe3dc9dd27a7dd855634052d","isMergeCommit":false,"messageTitle":"feat: Add DeleteByCommand","messageBody":"","fileTypesAndContributionMap":{"functional-code":{"insertions":131,"deletions":0}}},{"hash":"f00d8715de3f5ebc61ae6886d5034121536ffed5","isMergeCommit":false,"messageTitle":"refactor: Extract DeleteByCommand functions","messageBody":"","fileTypesAndContributionMap":{"functional-code":{"insertions":19,"deletions":18}}},{"hash":"02ba8819de392f2696b1d62e3a649cef42c14ad7","isMergeCommit":false,"messageTitle":"docs: Update docs for DeleteByCommand methods","messageBody":"","fileTypesAndContributionMap":{"functional-code":{"insertions":21,"deletions":2}}},{"hash":"d4a22fe7003b9afa186b3eda4e61632dc48429d8","isMergeCommit":false,"messageTitle":"feat: Add DeleteByCommandParser","messageBody":"","fileTypesAndContributionMap":{"functional-code":{"insertions":70,"deletions":2}}},{"hash":"1ccd833cf6cbb8b29addac6d622c2d25194ee1af","isMergeCommit":false,"messageTitle":"feat: Use DeleteByCommandParser in AddressBookParser","messageBody":"","fileTypesAndContributionMap":{"functional-code":{"insertions":4,"deletions":0}}},{"hash":"38c993e159df8a07f3e4c30900688b571e8ea5d0","isMergeCommit":false,"messageTitle":"style: Fix checkStyle for DeleteByCommand","messageBody":"","fileTypesAndContributionMap":{"functional-code":{"insertions":48,"deletions":30},"test-code":{"insertions":120,"deletions":0}}}]},{"date":"2025-03-14","commitResults":[{"hash":"891235127f91ccce35f44beeb1fa93c4c5b9046a","isMergeCommit":false,"messageTitle":"test: Fix DeleteByCommandParser duplicate field assertion","messageBody":"","fileTypesAndContributionMap":{"test-code":{"insertions":7,"deletions":5}}},{"hash":"0164346623bdebc6f46d03a90eb9ad88a246781c","isMergeCommit":false,"messageTitle":"style: Fix checkStyle for DeleteByCommandParserTest","messageBody":"","fileTypesAndContributionMap":{"test-code":{"insertions":5,"deletions":2}}},{"hash":"9e8eb3a82b4795ee65bbbc41cdf124472eb091b4","isMergeCommit":false,"messageTitle":"docs: Add DeleteByCommand to UserGuide","messageBody":"","fileTypesAndContributionMap":{"docs":{"insertions":19,"deletions":0}}},{"hash":"046936a11d5ffb7b266b902f806e0f802059eeb6","isMergeCommit":false,"messageTitle":"feat: Add mockito for test stubs","messageBody":"","fileTypesAndContributionMap":{"other":{"insertions":1,"deletions":0}}},{"hash":"17cecb183f0578b53ecf61e47251f0b44306dfe1","isMergeCommit":false,"messageTitle":"feat: Add mockito for test stubs","messageBody":"","fileTypesAndContributionMap":{"other":{"insertions":1,"deletions":0}}},{"hash":"276626a19d8494282a460e0bf3d9e6003f7cddcf","isMergeCommit":false,"messageTitle":"refactor: DeleteByCommand assert not null and use toString","messageBody":"","fileTypesAndContributionMap":{"functional-code":{"insertions":7,"deletions":14}}},{"hash":"9e5f63357b7cde4ceb93999f1a644a9384b3123b","isMergeCommit":false,"messageTitle":"task: Update Mockito version","messageBody":"","fileTypesAndContributionMap":{"other":{"insertions":1,"deletions":1}}},{"hash":"fa67fe06809a04061ac2090773d33df1626ada98","isMergeCommit":false,"messageTitle":"task: Update Mockito version","messageBody":"","fileTypesAndContributionMap":{"other":{"insertions":1,"deletions":1}}},{"hash":"1c8771c1ca23b892029e24c492902d8e3b01afee","isMergeCommit":false,"messageTitle":"test: Add DeleteByCommandTest","messageBody":"","fileTypesAndContributionMap":{"test-code":{"insertions":113,"deletions":0}}},{"hash":"1b706bf178bf1fa994629c459d83afb6057145a9","isMergeCommit":false,"messageTitle":"test: Add parseCommand_deleteby to AddressBookParserTest","messageBody":"","fileTypesAndContributionMap":{"test-code":{"insertions":13,"deletions":8}}},{"hash":"bfc67ac3a40ab9f243a7db0392e1da3fe70259b7","isMergeCommit":false,"messageTitle":"style: Fix AddressBookParserTest imports","messageBody":"","fileTypesAndContributionMap":{"test-code":{"insertions":10,"deletions":2}}},{"hash":"7831a4e3b95fd4dd1083a9aeea2bceb2fc2f0f9f","isMergeCommit":false,"messageTitle":"test: Add all possible attributes to DeleteByCommandTest","messageBody":"","fileTypesAndContributionMap":{"test-code":{"insertions":67,"deletions":31}}},{"hash":"39f07631b88acf4c2492b083079e04327ea118e9","isMergeCommit":false,"messageTitle":"test: Add back DeleteByCommand equals test","messageBody":"","fileTypesAndContributionMap":{"test-code":{"insertions":29,"deletions":0}}}]},{"date":"2025-03-17","commitResults":[{"hash":"49ec0afe95f1cb4e570ceb5c7154d39a064678e1","isMergeCommit":true,"messageTitle":"Merge pull request #62 from caando/doc-delete-by-traits","messageBody":"docs: Add DeleteByCommand to UserGuide","fileTypesAndContributionMap":{}},{"hash":"199528d86d31109c71f3aee80b5e4c25163f4282","isMergeCommit":true,"messageTitle":"Merge pull request #60 from caando/feat-delete-by-traits","messageBody":"Feat: Add DeleteByCommand","fileTypesAndContributionMap":{}},{"hash":"fc20c1c30972287a860efff0a1f340aee7b487ba","isMergeCommit":true,"messageTitle":"Merge pull request #59 from CHI-ME/feat/help-Command-Tests","messageBody":"Update HelpCommand classes and corresponding test classes","fileTypesAndContributionMap":{}}]},{"date":"2025-03-18","commitResults":[{"hash":"52c6117ee6abdfa8bd8e86891498f67aec6181f4","isMergeCommit":true,"messageTitle":"Merge pull request #76 from juneha1120/task-Edit-prefix","messageBody":"Add whitespace to current prefix","fileTypesAndContributionMap":{}}]},{"date":"2025-03-19","commitResults":[{"hash":"bdd347e9576d8ceca2eab14fe16661ca3fb4bac0","isMergeCommit":false,"messageTitle":"test: Improve DeleteByCommandTest coverage","messageBody":"","fileTypesAndContributionMap":{"functional-code":{"insertions":2,"deletions":2},"test-code":{"insertions":173,"deletions":3}}},{"hash":"61d438b4407cd73353d07387490c1a1ad2026190","isMergeCommit":false,"messageTitle":"test: Improve HelpCommandTest and ListCommandTest coverage","messageBody":"","fileTypesAndContributionMap":{"test-code":{"insertions":25,"deletions":0}}},{"hash":"e1ba4456635768cbcfa034d9fb3a699a6e2288f9","isMergeCommit":false,"messageTitle":"test: Improve framework test coverage","messageBody":"","fileTypesAndContributionMap":{"test-code":{"insertions":134,"deletions":0}}},{"hash":"eee2c8f52b338db1cd4a107783a56809edb2e11b","isMergeCommit":false,"messageTitle":"feat: Add SearchCommand","messageBody":"","fileTypesAndContributionMap":{"functional-code":{"insertions":78,"deletions":0}}},{"hash":"16478142cb0456a9fad64dc065f16394fb7c7b69","isMergeCommit":false,"messageTitle":"feat: Add SearchCommandParser","messageBody":"","fileTypesAndContributionMap":{"functional-code":{"insertions":34,"deletions":0}}},{"hash":"091aff502bdaae9f8340fe2bbff818bbebf23e26","isMergeCommit":false,"messageTitle":"test: Add SearchCommandTest","messageBody":"","fileTypesAndContributionMap":{"functional-code":{"insertions":8,"deletions":7},"test-code":{"insertions":130,"deletions":0}}},{"hash":"6be59aa19a3328ffb46c712786ee5ffd1189ff76","isMergeCommit":false,"messageTitle":"test: Add SearchCommandParserTest","messageBody":"","fileTypesAndContributionMap":{"test-code":{"insertions":37,"deletions":9}}},{"hash":"1ce10887a3937ef142f820c5a0c92df220d611b1","isMergeCommit":false,"messageTitle":"style: Fix checkstyle for SearchCommand","messageBody":"","fileTypesAndContributionMap":{"test-code":{"insertions":12,"deletions":4}}},{"hash":"1af81b5dbbfe4fe022a667bea7b8de362c33e057","isMergeCommit":false,"messageTitle":"docs: Add SearchCommand to user guide","messageBody":"","fileTypesAndContributionMap":{"docs":{"insertions":20,"deletions":0}}},{"hash":"0528c686786620092711abf5eee67737031ea354","isMergeCommit":false,"messageTitle":"docs: Add SearchCommand to user guide","messageBody":"","fileTypesAndContributionMap":{"docs":{"insertions":20,"deletions":0}}},{"hash":"f60d27f7c6bf90d06aaa15a20a99200bd6bd10f6","isMergeCommit":true,"messageTitle":"Merge pull request #77 from juneha1120/edit-UG-list-command","messageBody":"Edit User Guide for list command","fileTypesAndContributionMap":{}},{"hash":"07c22b286e0e086beeaaa21541961ebd6cc9bf56","isMergeCommit":true,"messageTitle":"Merge pull request #78 from juneha1120/edit-DG-list-command","messageBody":"Edit Developer Guide user cases for list command","fileTypesAndContributionMap":{}}]},{"date":"2025-03-20","commitResults":[{"hash":"a9f35ba71cfb9e34641098ab2d837300f9fb012c","isMergeCommit":true,"messageTitle":"Merge pull request #83 from arshinsikka/update-docs","messageBody":"Update UG to match latest implementation including tag parameter details","fileTypesAndContributionMap":{}}]},{"date":"2025-03-21","commitResults":[{"hash":"a43217fdd80a6ec69a9405db77d8917a0def2909","isMergeCommit":true,"messageTitle":"Merge pull request #82 from juneha1120/feature-UI-update-1","messageBody":"feat: TrackUp first UI update","fileTypesAndContributionMap":{}},{"hash":"4f5a48632aeb433f028543b2f2b0f2ad4a2f20c7","isMergeCommit":true,"messageTitle":"Merge pull request #86 from juneha1120/master","messageBody":"task: Update version name and refactor links for TrackUp","tags":["v1.3"],"fileTypesAndContributionMap":{}}]},{"date":"2025-03-26","commitResults":[{"hash":"5e8002b8a2a69e3b9412f353819b6af57fe20f8e","isMergeCommit":true,"messageTitle":"Merge pull request #88 from arshinsikka/update-dg","messageBody":"docs: update Developer Guide content, structure, and formatting","fileTypesAndContributionMap":{}}]},{"date":"2025-03-27","commitResults":[{"hash":"690e4bd415cd1ca0e7e9c4d701637bbd2e4f5a59","isMergeCommit":false,"messageTitle":"feat: Add visibility to GuiSettings","messageBody":"","fileTypesAndContributionMap":{"functional-code":{"insertions":205,"deletions":0}}},{"hash":"51316c4f5013bc8051f5cdfdd0c15d1eda48a8b2","isMergeCommit":false,"messageTitle":"docs: Add javadoc for visibility","messageBody":"","fileTypesAndContributionMap":{"functional-code":{"insertions":76,"deletions":0}}},{"hash":"9a405c95b3c56a455d9da40ad1f3cfb3fb8c960c","isMergeCommit":false,"messageTitle":"feat: Add ToggleCommand","messageBody":"","fileTypesAndContributionMap":{"functional-code":{"insertions":82,"deletions":0}}},{"hash":"2020914c5b6124cc696b961c36fd43578083b668","isMergeCommit":false,"messageTitle":"feat: Add parsing for ToggleCommand","messageBody":"","fileTypesAndContributionMap":{"functional-code":{"insertions":33,"deletions":0}}},{"hash":"ec31e08fd29d87cb2ff062d22fde2abaf999807e","isMergeCommit":false,"messageTitle":"feat: Include visibility in GuiSettings","messageBody":"","fileTypesAndContributionMap":{"functional-code":{"insertions":11,"deletions":2}}},{"hash":"6fdc0b927f0a5277554183f329149cebcd54716b","isMergeCommit":false,"messageTitle":"feat: Add visibility changes to Gui","messageBody":"","fileTypesAndContributionMap":{"functional-code":{"insertions":30,"deletions":6}}},{"hash":"e59f11e50298c0f6878ada77290501bc3b8e0796","isMergeCommit":false,"messageTitle":"docs: Add javadoc for ToggleCommand","messageBody":"","fileTypesAndContributionMap":{"functional-code":{"insertions":27,"deletions":0}}},{"hash":"5e33a272b6c24e181ff4bc033af124efc93d63a2","isMergeCommit":false,"messageTitle":"test: Update tests for GuiSettings","messageBody":"","fileTypesAndContributionMap":{"test-code":{"insertions":13,"deletions":9}}},{"hash":"285c36a29c0d8c1518d6ecd0073b696af71485b7","isMergeCommit":false,"messageTitle":"test: Add ToggleCommand tests","messageBody":"","fileTypesAndContributionMap":{"functional-code":{"insertions":22,"deletions":0},"test-code":{"insertions":107,"deletions":0}}},{"hash":"9d2eb8bbe6e6ccc01db2fba0c3ac3ab64cc4fc63","isMergeCommit":false,"messageTitle":"test: Add ToggleCommandParser tests","messageBody":"","fileTypesAndContributionMap":{"test-code":{"insertions":53,"deletions":0}}},{"hash":"5a81ac436feb6e9030598c1a0f400a5578bc6c21","isMergeCommit":false,"messageTitle":"test: Add Visibility tests","messageBody":"","fileTypesAndContributionMap":{"test-code":{"insertions":163,"deletions":0}}},{"hash":"50e290c3c1df4191f5b38ce9b1bd359f318f36f0","isMergeCommit":true,"messageTitle":"Merge branch \u0027master\u0027 of https://github.com/AY2425S2-CS2103T-F14-4/tp into feat/hide-fields","messageBody":"","fileTypesAndContributionMap":{}},{"hash":"eed537350d072f8b3be4997760aaf33901d5847c","isMergeCommit":false,"messageTitle":"test: Add inverse case for ToggleCommandTest","messageBody":"","fileTypesAndContributionMap":{"test-code":{"insertions":8,"deletions":0}}}]},{"date":"2025-03-28","commitResults":[{"hash":"96a8f3fabdb174282cf56471dc9328260c7d6fa8","isMergeCommit":false,"messageTitle":"test: Add check that BooleanProperty is same object","messageBody":"","fileTypesAndContributionMap":{"test-code":{"insertions":7,"deletions":0}}},{"hash":"f410f6f8f20abe5061027e9a1e23bc14690f912d","isMergeCommit":true,"messageTitle":"Merge branch \u0027master\u0027 of https://github.com/AY2425S2-CS2103T-F14-4/tp into feat/hide-fields","messageBody":"","fileTypesAndContributionMap":{}},{"hash":"d0f7f52ae3d61a1255bd4175fe58af90407fe15e","isMergeCommit":true,"messageTitle":"Merge pull request #104 from caando/feat/hide-fields","messageBody":"Feature: Toggle field visibility","fileTypesAndContributionMap":{}}]}],"juneha1120":[{"date":"2025-02-25","commitResults":[{"hash":"11a3ebbf0c6a945da193f618680d4cbd9c4cbdc2","isMergeCommit":false,"messageTitle":"Edit AbousUs.md","messageBody":"","fileTypesAndContributionMap":{"docs":{"insertions":1,"deletions":1}}}]},{"date":"2025-02-26","commitResults":[{"hash":"7668c6904a6c4561741c784ee802dbfced1e621e","isMergeCommit":false,"messageTitle":"feat: Add juneha1120\u0027s about us","messageBody":"","fileTypesAndContributionMap":{"docs":{"insertions":12,"deletions":4}}},{"hash":"6e1eb2f79869d400f11cb9dd673972573e107709","isMergeCommit":false,"messageTitle":"Add a new line at EOF","messageBody":"","fileTypesAndContributionMap":{"docs":{"insertions":1,"deletions":1}}}]},{"date":"2025-03-04","commitResults":[{"hash":"b78bf31c2f55c5f62d024a6f3bab156bc160edd9","isMergeCommit":true,"messageTitle":"Merge pull request #14 from juneha1120/add-juneha1120-aboutUs","messageBody":"feat: Add juneha1120\u0027s about us","fileTypesAndContributionMap":{}},{"hash":"ff6ead8032e46a1fc1ffb8f271809b0ab2873a3a","isMergeCommit":true,"messageTitle":"Merge pull request #15 from caando/feat/caando-about-us","messageBody":"feat: Add caando\u0027s about us","fileTypesAndContributionMap":{}},{"hash":"275531baac5d354f8957aa223685fab7631324cb","isMergeCommit":true,"messageTitle":"Merge pull request #16 from CHI-ME/feat/chi-me-profile","messageBody":"feat: Add CHI-ME\u0027s profile in AboutUs.md","fileTypesAndContributionMap":{}},{"hash":"a0a21af125622c9de3a72bd50035e2e004600d25","isMergeCommit":false,"messageTitle":"feat: Update README page to match the project","messageBody":"","fileTypesAndContributionMap":{"docs":{"insertions":11,"deletions":10}}},{"hash":"9084db48defebcbf830bd4a1c1aaf63a2d892ae4","isMergeCommit":false,"messageTitle":"Add a new line at EOF","messageBody":"","fileTypesAndContributionMap":{"docs":{"insertions":1,"deletions":1}}},{"hash":"f56b6b7f8400bc42e9ceecd012d2f540ef606afa","isMergeCommit":true,"messageTitle":"Merge pull request #17 from arshinsikka/feat/add-arshinsikka-aboutus","messageBody":"docs: Update About Us for Arshin Sikka","fileTypesAndContributionMap":{}},{"hash":"8eddaddbaf30aac36620f5bd10b8a63dc8a65213","isMergeCommit":true,"messageTitle":"Merge pull request #19 from caando/feat/ui-mockup","messageBody":"feat: Add UI mockup","fileTypesAndContributionMap":{}},{"hash":"08172a6bdb4e31fe64f61d4b5cce6f4441bc530b","isMergeCommit":true,"messageTitle":"Merge pull request #27 from caando/feat/trackup-site-settings","messageBody":"Update site settings and content","fileTypesAndContributionMap":{}}]},{"date":"2025-03-05","commitResults":[{"hash":"d986c46480fc1e3a13bfd5d2922ef9d24f45701f","isMergeCommit":false,"messageTitle":"feat: Update the DG Non-functional requirements","messageBody":"","fileTypesAndContributionMap":{"docs":{"insertions":44,"deletions":3}}}]},{"date":"2025-03-08","commitResults":[{"hash":"32674847ffccdf5e9b3215526eb7214c3ee8698e","isMergeCommit":true,"messageTitle":"Merge pull request #30 from CHI-ME/feat/developer-Guide","messageBody":"Update the DG Target user profile, value proposition, and user stories","fileTypesAndContributionMap":{}}]},{"date":"2025-03-10","commitResults":[{"hash":"a67f6391d7dd14dc7fbc9da95dc03f57779352c7","isMergeCommit":true,"messageTitle":"Merge pull request #31 from arshinsikka/feat/update-use-cases","messageBody":"docs: Add more use cases to DeveloperGuide.md","fileTypesAndContributionMap":{}}]},{"date":"2025-03-13","commitResults":[{"hash":"7ade6ebc0df2e308a570729843b57f78557304e7","isMergeCommit":false,"messageTitle":"Add Category class for TrackUp","messageBody":"","fileTypesAndContributionMap":{"functional-code":{"insertions":66,"deletions":0}}},{"hash":"e8afa768f3c8915ca67915255f755920021c78bf","isMergeCommit":false,"messageTitle":"Edit ListCommand and add relevant classes","messageBody":"","fileTypesAndContributionMap":{"functional-code":{"insertions":99,"deletions":10}}},{"hash":"4d2246209592381c8061a3eb668fa6ae0578b97d","isMergeCommit":false,"messageTitle":"Edit AddCommand, EditCommand, Person, JsonAdaptedPerson with SampleData","messageBody":"","fileTypesAndContributionMap":{"functional-code":{"insertions":71,"deletions":17}}},{"hash":"4513d444e12058657f2044fecd7c2f1711e6460d","isMergeCommit":false,"messageTitle":"Edit PersonCardclass and PersonListCard.fxml to show Category","messageBody":"","fileTypesAndContributionMap":{"functional-code":{"insertions":6,"deletions":0}}},{"hash":"7467426cc13a48810ddccd8bbc3317ef2320fd16","isMergeCommit":false,"messageTitle":"Add Category class and add parseCategory to ParserUtil class","messageBody":"","fileTypesAndContributionMap":{"functional-code":{"insertions":92,"deletions":5}}},{"hash":"ae381cb03d6ff30d5f36ac19ed5710cb4fa01c4c","isMergeCommit":false,"messageTitle":"Edit JsonAdaptedPerson and JsonAdaptedPersonTest to account for Category","messageBody":"","fileTypesAndContributionMap":{"functional-code":{"insertions":3,"deletions":0},"test-code":{"insertions":45,"deletions":12}}},{"hash":"778555a1d51406fb670f7e73fabaf9156315758e","isMergeCommit":false,"messageTitle":"Add CategoryTest class","messageBody":"","fileTypesAndContributionMap":{"test-code":{"insertions":54,"deletions":0}}},{"hash":"792757e9058622a5fb7f51a3a904175393fe4126","isMergeCommit":false,"messageTitle":"Add hashCode and toString test in CategoryTest for coverage","messageBody":"","fileTypesAndContributionMap":{"test-code":{"insertions":23,"deletions":0}}},{"hash":"5c45828063d461666a7bc6c86e84dfac53bb0aed","isMergeCommit":false,"messageTitle":"Add CategoryTest class","messageBody":"","fileTypesAndContributionMap":{"test-code":{"insertions":77,"deletions":0}}}]},{"date":"2025-03-14","commitResults":[{"hash":"f6f6eeb242846392a84f21eaf2033af3b3122d36","isMergeCommit":false,"messageTitle":"Edit classes and test classes to cover Category","messageBody":"","fileTypesAndContributionMap":{"functional-code":{"insertions":33,"deletions":16},"test-code":{"insertions":99,"deletions":27}}},{"hash":"ab8ee61b36424795809c48cfb4aa1cacba7d9dbf","isMergeCommit":false,"messageTitle":"Edit for checkstyle","messageBody":"","fileTypesAndContributionMap":{"functional-code":{"insertions":0,"deletions":1}}},{"hash":"fbdf197a5c287ebba9a8bd3f20e584794487f844","isMergeCommit":false,"messageTitle":"Edit for checkstyle test","messageBody":"","fileTypesAndContributionMap":{"test-code":{"insertions":1,"deletions":5}}},{"hash":"cc3c18f652d345db0c1a31729e894f2d1b460ec0","isMergeCommit":false,"messageTitle":"Edit classes to cover Category","messageBody":"","fileTypesAndContributionMap":{"functional-code":{"insertions":157,"deletions":19},"test-code":{"insertions":214,"deletions":35}}},{"hash":"09706f9a33dd2493b5c7d0d7f4302ac32e456c0e","isMergeCommit":false,"messageTitle":"Edit test files","messageBody":"","fileTypesAndContributionMap":{"test-code":{"insertions":4,"deletions":4}}},{"hash":"07a00cc317a920931a257a7eb310e0668258c115","isMergeCommit":false,"messageTitle":"Edit classes to cover Category","messageBody":"","fileTypesAndContributionMap":{"functional-code":{"insertions":263,"deletions":30},"test-code":{"insertions":215,"deletions":35}}},{"hash":"d5df4fd7808b0ddbddf053d2c4d63ccf682fade6","isMergeCommit":false,"messageTitle":"Edit ListCommandTest.java","messageBody":"","fileTypesAndContributionMap":{"test-code":{"insertions":33,"deletions":0}}}]},{"date":"2025-03-17","commitResults":[{"hash":"19135222c8be0203cc8748d80f6e4f481bd8a503","isMergeCommit":true,"messageTitle":"Merge pull request #50 from juneha1120/add-Category-class","messageBody":"Add Category class for TrackUp","fileTypesAndContributionMap":{}},{"hash":"37e15833fa733205ef92a0e1f1ea9775e7276d0c","isMergeCommit":false,"messageTitle":"Edit AddCommandParser, EditCommand with parser to handle null category","messageBody":"","fileTypesAndContributionMap":{"functional-code":{"insertions":28,"deletions":5}}},{"hash":"5451480796e008c9a696e7b942f8024f2617e1ac","isMergeCommit":false,"messageTitle":"Edit AddCommandParser, EditCommand with parser to handle null category","messageBody":"","fileTypesAndContributionMap":{"functional-code":{"insertions":28,"deletions":5}}},{"hash":"92177d4224cbed7dd0652d388fffeb6c8dfa5b98","isMergeCommit":false,"messageTitle":"Edit AddCommandParser, EditCommand with parser to handle null category","messageBody":"","fileTypesAndContributionMap":{"functional-code":{"insertions":28,"deletions":5}}},{"hash":"bfd68095911cfc4974ef17072470b70d221994fd","isMergeCommit":true,"messageTitle":"Merge pull request #63 from caando/feat/add-mockito","messageBody":"feat: Add mockito for test stubs","fileTypesAndContributionMap":{}},{"hash":"9aa4423686ba6c625e3f2881aa47e12e64ce5a58","isMergeCommit":true,"messageTitle":"Merge branch \u0027master\u0027 into edit-List-command-for-Category","messageBody":"","fileTypesAndContributionMap":{}},{"hash":"9f1dcd28c6a85570e303ef1e6a1db465b5af7212","isMergeCommit":true,"messageTitle":"Merge branch \u0027master\u0027 into edit-classes-for-Category","messageBody":"","fileTypesAndContributionMap":{}},{"hash":"e18043e8a03cebde9e271630f773c19d11f1ba36","isMergeCommit":true,"messageTitle":"Merge branch \u0027master\u0027 into edit-UI-for-Category","messageBody":"","fileTypesAndContributionMap":{}},{"hash":"97ba1c69970a6923b6d53adc518a0503e5bef549","isMergeCommit":false,"messageTitle":"Add whitespace to current prefix","messageBody":"","fileTypesAndContributionMap":{"functional-code":{"insertions":6,"deletions":7}}},{"hash":"51ec6ab5cf2c66f29a78c245177a293c6ffcd516","isMergeCommit":false,"messageTitle":"Edit User Guide for list command","messageBody":"","fileTypesAndContributionMap":{"docs":{"insertions":11,"deletions":2}}},{"hash":"08d8a5f1113c577415d3fc55976e6de152b8c6a3","isMergeCommit":false,"messageTitle":"Edit Developer Guide user cases for list command","messageBody":"","fileTypesAndContributionMap":{"docs":{"insertions":15,"deletions":2}}},{"hash":"7c80e282786eedae6befbbe10c68bba5cb45e653","isMergeCommit":false,"messageTitle":"Edit use case formatting for list command","messageBody":"","fileTypesAndContributionMap":{"docs":{"insertions":8,"deletions":10}}}]},{"date":"2025-03-18","commitResults":[{"hash":"d59bfab76fd4d8d89d934044875d01bdeaf716fa","isMergeCommit":false,"messageTitle":"test: Edit CliSyntax to have one prepeneded whitespace and one appended","messageBody":"","fileTypesAndContributionMap":{"functional-code":{"insertions":6,"deletions":6},"test-code":{"insertions":0,"deletions":1}}},{"hash":"fc2f25867b85ca4f6ad3139ad65da187260f9012","isMergeCommit":false,"messageTitle":"fix: Edit AddressBookParser to match updated CLI syntax","messageBody":"","fileTypesAndContributionMap":{"functional-code":{"insertions":1,"deletions":1}}}]},{"date":"2025-03-20","commitResults":[{"hash":"b0bc141de81447857b6c73eca52c47b9d744c587","isMergeCommit":true,"messageTitle":"Merge pull request #80 from caando/feat/search-command","messageBody":"feat: Search command","fileTypesAndContributionMap":{}},{"hash":"6b2d329900d5d570de4a2ad6dd04a3c6292129dc","isMergeCommit":true,"messageTitle":"Merge pull request #79 from caando/test/improve-test-coverage","messageBody":"test: Improve test coverage","fileTypesAndContributionMap":{}},{"hash":"8bf3c9b09068e32d852e3b03a5e99c8a3a8bd41c","isMergeCommit":false,"messageTitle":"refactor: Rename seedu.address to trackup","messageBody":"","fileTypesAndContributionMap":{"other":{"insertions":939,"deletions":922},"docs":{"insertions":3,"deletions":3},"test-code":{"insertions":3,"deletions":3}}},{"hash":"6674f95c4a1ed0131a7508f08f7335655370a60c","isMergeCommit":false,"messageTitle":"fix: Remove prepended whitespace for CliSyntax","messageBody":"","fileTypesAndContributionMap":{"functional-code":{"insertions":15,"deletions":15}}},{"hash":"0158262316b6e51d6667537f8c8d23c8f18ce01b","isMergeCommit":false,"messageTitle":"feat: Edit PersonCard UI to color code categories","messageBody":"","fileTypesAndContributionMap":{"functional-code":{"insertions":5,"deletions":3}}},{"hash":"810285d5e19e66978fe902161d63613db52189a8","isMergeCommit":false,"messageTitle":"style: Fix checkstyle errors","messageBody":"","fileTypesAndContributionMap":{"functional-code":{"insertions":5,"deletions":5}}},{"hash":"7889c61f9eb6d10b121125282966acd36a2c1bfc","isMergeCommit":false,"messageTitle":"refactor: Edit incorrect refactoring to trackup","messageBody":"","fileTypesAndContributionMap":{"test-code":{"insertions":1,"deletions":1}}},{"hash":"9e4ca7a75c79e06368dc36c3331a128b5b93a693","isMergeCommit":false,"messageTitle":"refactor: Edit to use full path reference","messageBody":"","fileTypesAndContributionMap":{"functional-code":{"insertions":6,"deletions":9}}},{"hash":"ac921dc5ba91285e708266da8429ec81d9b676e9","isMergeCommit":false,"messageTitle":"feat: Extract category color coding logic as a separate method","messageBody":"","fileTypesAndContributionMap":{"functional-code":{"insertions":13,"deletions":6}}},{"hash":"92c0924c85b65b8d23eb9b2be5561d1f5986e72a","isMergeCommit":false,"messageTitle":"refactor: Edit method format","messageBody":"","fileTypesAndContributionMap":{"functional-code":{"insertions":16,"deletions":16}}}]},{"date":"2025-03-21","commitResults":[{"hash":"8e4c51ddf2cab5d1e5ad498a699fa83e81eba6bf","isMergeCommit":false,"messageTitle":"task: Update version name and refactor links","messageBody":"","fileTypesAndContributionMap":{"docs":{"insertions":5,"deletions":5}}},{"hash":"2989a4a6f3306461e8be694c5f04d8fee1db34b3","isMergeCommit":false,"messageTitle":"task: Update version name and refactor links","messageBody":"","fileTypesAndContributionMap":{"functional-code":{"insertions":1,"deletions":1},"docs":{"insertions":1,"deletions":1}}},{"hash":"3cebb10af54afcbbb399104a0a793e24a9be9d43","isMergeCommit":true,"messageTitle":"Merge branch \u0027juneha1120-task-version-update\u0027","messageBody":"","fileTypesAndContributionMap":{}},{"hash":"fc2a87132ff56a11077704807241ee919627e10e","isMergeCommit":true,"messageTitle":"Merge branch \u0027master\u0027 of https://github.com/AY2425S2-CS2103T-F14-4/tp","messageBody":"# Conflicts:\n#\tdocs/UserGuide.md\n","fileTypesAndContributionMap":{}}]},{"date":"2025-03-23","commitResults":[{"hash":"c8f757d6c1a8adf7fdca1584050bb0bba74ec9af","isMergeCommit":false,"messageTitle":"feat: Add Event class","messageBody":"","fileTypesAndContributionMap":{"functional-code":{"insertions":61,"deletions":0}}},{"hash":"2e240c3f6d7677d2e88b7653ea6122520e2d5697","isMergeCommit":false,"messageTitle":"feat: Add Event class","messageBody":"","fileTypesAndContributionMap":{"functional-code":{"insertions":61,"deletions":0}}},{"hash":"48a94566f8d2bace69391e680a3a128390084a28","isMergeCommit":false,"messageTitle":"feat: Edit Event class to follow similar behaviour as Person class","messageBody":"","fileTypesAndContributionMap":{"functional-code":{"insertions":48,"deletions":3}}},{"hash":"a1970049e9b8b12acf737b96c9232c2823252bb9","isMergeCommit":false,"messageTitle":"feat: Edit Event class to follow similar behaviour as Person class","messageBody":"","fileTypesAndContributionMap":{"functional-code":{"insertions":48,"deletions":3}}}]},{"date":"2025-03-24","commitResults":[{"hash":"4c7a4b4e9f903be59800f849e2de3408169803f4","isMergeCommit":false,"messageTitle":"feat: Add message format of Event to Messages class","messageBody":"","fileTypesAndContributionMap":{"functional-code":{"insertions":17,"deletions":0}}},{"hash":"388005709f275d88c2f53e52552a6c69683ac59f","isMergeCommit":false,"messageTitle":"feat: Add CLI syntax relevant to Event","messageBody":"","fileTypesAndContributionMap":{"functional-code":{"insertions":4,"deletions":0}}},{"hash":"5369767bc82b3033c0209350bfea119d61c8bff6","isMergeCommit":false,"messageTitle":"test: Edit ModelStub to add methods needed for Event","messageBody":"","fileTypesAndContributionMap":{"test-code":{"insertions":21,"deletions":0}}},{"hash":"f15a2d2ae4f1ab95393f144715e1dd3521954ec2","isMergeCommit":false,"messageTitle":"feat: Edit Model and ModelManager to add Event relevant methods","messageBody":"","fileTypesAndContributionMap":{"functional-code":{"insertions":36,"deletions":1}}},{"hash":"fca5576c01f1fd0cde56d90292002fab4a12fba6","isMergeCommit":false,"messageTitle":"feat: Add AddEventCommand and its parser","messageBody":"","fileTypesAndContributionMap":{"functional-code":{"insertions":226,"deletions":0}}},{"hash":"935517e50a47cb1b97b978784297a1d7482f8169","isMergeCommit":false,"messageTitle":"feat: Add Event class","messageBody":"","fileTypesAndContributionMap":{"functional-code":{"insertions":61,"deletions":0}}},{"hash":"f3f7df3661089495531086215b7e6e9fada8b4d3","isMergeCommit":false,"messageTitle":"feat: Edit Event class to follow similar behaviour as Person class","messageBody":"","fileTypesAndContributionMap":{"functional-code":{"insertions":48,"deletions":3}}},{"hash":"264c81e0534b074fac1d8e13392081b85eb80ba3","isMergeCommit":false,"messageTitle":"feat: Add message format of Event to Messages class","messageBody":"","fileTypesAndContributionMap":{"functional-code":{"insertions":17,"deletions":0}}},{"hash":"146d41dbfc1ec59ae164aee021363b486dc36e12","isMergeCommit":false,"messageTitle":"feat: Add CLI syntax relevant to Event","messageBody":"","fileTypesAndContributionMap":{"functional-code":{"insertions":4,"deletions":0}}},{"hash":"1b7b7b4e9d740299e2c2a196408455cb718346a1","isMergeCommit":false,"messageTitle":"test: Edit ModelStub to add methods needed for Event","messageBody":"","fileTypesAndContributionMap":{"test-code":{"insertions":21,"deletions":0}}},{"hash":"44e4cfa4d58a7c1c25b77ab483d5fb41408c01a8","isMergeCommit":false,"messageTitle":"feat: Edit Model and ModelManager to add Event relevant methods","messageBody":"","fileTypesAndContributionMap":{"functional-code":{"insertions":36,"deletions":1}}},{"hash":"ab8f0f360d1799547207798927d3392503d94204","isMergeCommit":false,"messageTitle":"feat: Add AddEventCommand and its parser","messageBody":"","fileTypesAndContributionMap":{"functional-code":{"insertions":226,"deletions":0}}},{"hash":"854980d664190c2c63285038199550b0bf4151f7","isMergeCommit":false,"messageTitle":"feat: Add DeleteEventCommand and its parser","messageBody":"","fileTypesAndContributionMap":{"functional-code":{"insertions":242,"deletions":9},"test-code":{"insertions":22,"deletions":6}}},{"hash":"4617828ca75144ee39200777d47e12023a2d162d","isMergeCommit":false,"messageTitle":"fix: Edit DeleteEventCommandParser\u0027s parse method to correctly handle","messageBody":"","fileTypesAndContributionMap":{"functional-code":{"insertions":29,"deletions":7}}},{"hash":"d3f7ba14b4f059a3dd117b3311d77ff482c347db","isMergeCommit":false,"messageTitle":"feat: Add Event class","messageBody":"","fileTypesAndContributionMap":{"functional-code":{"insertions":106,"deletions":0}}},{"hash":"b3629bec64d6a1cb7a77278f37c367b772213f3d","isMergeCommit":false,"messageTitle":"feat: Add message format of Event to Messages class","messageBody":"","fileTypesAndContributionMap":{"functional-code":{"insertions":17,"deletions":0}}},{"hash":"2d779d35561e5658086b185bdb0b5846a2667504","isMergeCommit":false,"messageTitle":"feat: Add CLI syntax relevant to Event","messageBody":"","fileTypesAndContributionMap":{"functional-code":{"insertions":4,"deletions":0}}},{"hash":"e0e07130016b99accb63503274b72e6a608441bc","isMergeCommit":false,"messageTitle":"test: Edit ModelStub to add methods needed for Event","messageBody":"","fileTypesAndContributionMap":{"test-code":{"insertions":21,"deletions":0}}},{"hash":"e8649c07acec9b98707ca886a74c9143539bc07e","isMergeCommit":false,"messageTitle":"feat: Edit Model and ModelManager to add Event relevant methods","messageBody":"","fileTypesAndContributionMap":{"functional-code":{"insertions":36,"deletions":1}}},{"hash":"6bdb7da4c0cb5a7a56894e938f04e9526dc74600","isMergeCommit":false,"messageTitle":"feat: Add AddEventCommand and its parser","messageBody":"","fileTypesAndContributionMap":{"functional-code":{"insertions":226,"deletions":0}}},{"hash":"fe14b6e25decbec6ba2f72b9d04ba726485fcba0","isMergeCommit":false,"messageTitle":"feat: Add DeleteEventCommand and its parser","messageBody":"","fileTypesAndContributionMap":{"functional-code":{"insertions":242,"deletions":9},"test-code":{"insertions":22,"deletions":6}}},{"hash":"e0a7c9c35fb6b31c8e7173bcd42f801716febdfc","isMergeCommit":false,"messageTitle":"fix: Edit DeleteEventCommandParser\u0027s parse method to correctly handle","messageBody":"","fileTypesAndContributionMap":{"functional-code":{"insertions":29,"deletions":7}}},{"hash":"478be63a9895e415995ac6ac102c4cfc4532bcfe","isMergeCommit":false,"messageTitle":"feat: Add JsonAdaptedEvent","messageBody":"","fileTypesAndContributionMap":{"functional-code":{"insertions":89,"deletions":0}}},{"hash":"ecd4a07992cfc36952018de30aa29af3564f5156","isMergeCommit":false,"messageTitle":"feat: Edit JsonSerializableAddressBook to handle Events","messageBody":"","fileTypesAndContributionMap":{"functional-code":{"insertions":16,"deletions":1}}},{"hash":"ce0f44b847018ecb8c37d2e9f4c99f6590b75fbf","isMergeCommit":false,"messageTitle":"feat: Add Event class","messageBody":"","fileTypesAndContributionMap":{"functional-code":{"insertions":106,"deletions":0}}},{"hash":"c243eecc1fa5a83040e06816fa95166cfd1bbb15","isMergeCommit":false,"messageTitle":"feat: Add message format of Event to Messages class","messageBody":"","fileTypesAndContributionMap":{"functional-code":{"insertions":17,"deletions":0}}},{"hash":"3aaec7c1d72a31b398a3a8eb362dddc7ab298e8a","isMergeCommit":false,"messageTitle":"feat: Add CLI syntax relevant to Event","messageBody":"","fileTypesAndContributionMap":{"functional-code":{"insertions":4,"deletions":0}}},{"hash":"23a1f91f2bd0a977d45afd0915de86b5cab71994","isMergeCommit":false,"messageTitle":"test: Edit ModelStub to add methods needed for Event","messageBody":"","fileTypesAndContributionMap":{"test-code":{"insertions":21,"deletions":0}}},{"hash":"938108a11bed65233259081dcd1e1aef8bba9927","isMergeCommit":false,"messageTitle":"feat: Edit Model and ModelManager to add Event relevant methods","messageBody":"","fileTypesAndContributionMap":{"functional-code":{"insertions":36,"deletions":1}}},{"hash":"5f4160e565848ed827de2b375cc13ba4aa26012e","isMergeCommit":false,"messageTitle":"feat: Add AddEventCommand and its parser","messageBody":"","fileTypesAndContributionMap":{"functional-code":{"insertions":226,"deletions":0}}},{"hash":"8145e2d6cda4c4a3d13d1adf1214fc2835e72b4c","isMergeCommit":false,"messageTitle":"feat: Add DeleteEventCommand and its parser","messageBody":"","fileTypesAndContributionMap":{"functional-code":{"insertions":242,"deletions":9},"test-code":{"insertions":22,"deletions":6}}},{"hash":"61c767d254ced0bf61263e220ebb42e176bec2b6","isMergeCommit":false,"messageTitle":"fix: Edit DeleteEventCommandParser\u0027s parse method to correctly handle","messageBody":"","fileTypesAndContributionMap":{"functional-code":{"insertions":29,"deletions":7}}},{"hash":"65badc6767304f35915c1cf73f5be8af01715131","isMergeCommit":false,"messageTitle":"feat: Add JsonAdaptedEvent","messageBody":"","fileTypesAndContributionMap":{"functional-code":{"insertions":89,"deletions":0}}},{"hash":"23f4ec23d503b000e58aece90d687449278a813b","isMergeCommit":false,"messageTitle":"feat: Edit JsonSerializableAddressBook to handle Events","messageBody":"","fileTypesAndContributionMap":{"functional-code":{"insertions":16,"deletions":1}}}]},{"date":"2025-03-25","commitResults":[{"hash":"49e15c7c9be24c9dd660e3d85b0a868e8ff50f82","isMergeCommit":false,"messageTitle":"feat: Add event logic to Logic and LogicManager","messageBody":"","fileTypesAndContributionMap":{"functional-code":{"insertions":10,"deletions":0}}},{"hash":"db3a661041a4ecc8d34353dd267eb8e39ca125e9","isMergeCommit":false,"messageTitle":"refactor: Update command word and CLI syntax for event related commands","messageBody":"","fileTypesAndContributionMap":{"functional-code":{"insertions":6,"deletions":6}}},{"hash":"d31b4c3e88a7fbede3e1af11b6ee0adff023a1c5","isMergeCommit":false,"messageTitle":"fix: Add exceptions for Events","messageBody":"","fileTypesAndContributionMap":{"functional-code":{"insertions":16,"deletions":0}}},{"hash":"f7cf4d82d5a66d8cae388fd25616bfed35210d76","isMergeCommit":false,"messageTitle":"feat: Add event handling logic in AddressBook","messageBody":"","fileTypesAndContributionMap":{"functional-code":{"insertions":158,"deletions":5}}},{"hash":"57c30573d76bc8b7075d2e0bed79c5bc506ceb13","isMergeCommit":false,"messageTitle":"feat: Edit ui to display events in weekly calendar","messageBody":"","fileTypesAndContributionMap":{"functional-code":{"insertions":313,"deletions":30}}},{"hash":"3955cdaf623c8aeca1b0252b523de5cf04f5de3f","isMergeCommit":false,"messageTitle":"style: Fix checkstyle errors","messageBody":"","fileTypesAndContributionMap":{"functional-code":{"insertions":0,"deletions":1}}}]},{"date":"2025-03-27","commitResults":[{"hash":"b913ae6daca3352217ceff3f4ad65292d5241ca4","isMergeCommit":false,"messageTitle":"fix: Enable assertions for running codes in build.gradle","messageBody":"","fileTypesAndContributionMap":{"other":{"insertions":4,"deletions":0}}},{"hash":"386739bf0834cc71af9cdc81485a7aa31c7389be","isMergeCommit":false,"messageTitle":"fix: Edit timeLabel setting logic to better fit calendar display","messageBody":"","fileTypesAndContributionMap":{"functional-code":{"insertions":2,"deletions":2}}},{"hash":"c181d32dedda5829c98eba6daed2b88f2016ca19","isMergeCommit":true,"messageTitle":"Merge pull request #91 from juneha1120/feat-Event-class","messageBody":"feat: Add Event class","fileTypesAndContributionMap":{}},{"hash":"eee03168b61ff441ad28bebb13e883e46cd93d49","isMergeCommit":true,"messageTitle":"Merge pull request #93 from juneha1120/feat-AddEventCommand","messageBody":"feat: AddEventCommand and AddEventCommandParser","fileTypesAndContributionMap":{}},{"hash":"47dfe53308778f01a0a05c17d41711e4ae87fff1","isMergeCommit":false,"messageTitle":"refactor: Edit execute to filter once by joining all predicates","messageBody":"","fileTypesAndContributionMap":{"functional-code":{"insertions":5,"deletions":6}}},{"hash":"0ae981432264086ab804a7e32139608fd7822e67","isMergeCommit":false,"messageTitle":"test: Edit ModelStub to fit intended output","messageBody":"","fileTypesAndContributionMap":{"test-code":{"insertions":9,"deletions":10}}},{"hash":"936d916a1d480276e863e4b06bfd89a454957509","isMergeCommit":false,"messageTitle":"feat: Edit Delete and EditCommand to update linked contacts in Events","messageBody":"","fileTypesAndContributionMap":{"functional-code":{"insertions":58,"deletions":0}}},{"hash":"8df6322f313e8fc8c4ba46a6b454d89aa5034025","isMergeCommit":true,"messageTitle":"Merge branch \u0027master\u0027 into feat-DeleteEventCommand","messageBody":"","fileTypesAndContributionMap":{}},{"hash":"698c869c0f738b704c36b0d850e747a3de2bd13a","isMergeCommit":false,"messageTitle":"style: Remove trailing whitespace","messageBody":"","fileTypesAndContributionMap":{"functional-code":{"insertions":1,"deletions":1}}},{"hash":"acb2bc3b7eddb73217463bfee91a8d614973cecf","isMergeCommit":false,"messageTitle":"style: Remove trailing whitespace","messageBody":"","fileTypesAndContributionMap":{"test-code":{"insertions":1,"deletions":0}}},{"hash":"ac4316b9f4aea401f0c46731d58b21e937eb5866","isMergeCommit":false,"messageTitle":"style: Remove trailing whitespace","messageBody":"","fileTypesAndContributionMap":{"functional-code":{"insertions":0,"deletions":1}}},{"hash":"da47e60e0d8fcfcae24386747ada4e097234c550","isMergeCommit":false,"messageTitle":"style: Remove trailing whitespace","messageBody":"","fileTypesAndContributionMap":{"test-code":{"insertions":1,"deletions":1}}},{"hash":"91edc06ce5bb1b7d8c8f9c7c620060840fd57b25","isMergeCommit":false,"messageTitle":"style: Remove trailing whitespace","messageBody":"","fileTypesAndContributionMap":{"test-code":{"insertions":0,"deletions":1}}}]},{"date":"2025-03-28","commitResults":[{"hash":"e81d7c223809bbf5b36cabb189c04e76f63d240c","isMergeCommit":false,"messageTitle":"style: Fix checkstyle error","messageBody":"","fileTypesAndContributionMap":{"functional-code":{"insertions":0,"deletions":1}}},{"hash":"70b1e24750ae437730a5572fccd5ca2b4922a0b6","isMergeCommit":true,"messageTitle":"Merge pull request #95 from juneha1120/feat-DeleteEventCommand","messageBody":"feat: DeleteEventCommand and DeleteEventCommandParser","fileTypesAndContributionMap":{}},{"hash":"2750c84e51834ae145cd7b5094bf730682f973a0","isMergeCommit":true,"messageTitle":"Merge branch \u0027master\u0027 into feat-Store-events","messageBody":"","fileTypesAndContributionMap":{}},{"hash":"fefbc977278e87170390f473b9417dc5e89c978b","isMergeCommit":true,"messageTitle":"Merge pull request #97 from juneha1120/feat-Store-events","messageBody":"feat: Add JsonAdaptedEvent and edit JsonSerializableAddressBook","fileTypesAndContributionMap":{}},{"hash":"e0ded66d7affb03a556736f9a3001e9629b5e125","isMergeCommit":true,"messageTitle":"Merge branch \u0027master\u0027 into feat-Display-events-GUI","messageBody":"","fileTypesAndContributionMap":{}},{"hash":"296cffc790ed6a2bf38d5223d1a97d07b7c5a693","isMergeCommit":false,"messageTitle":"style: Fix checkstyle error","messageBody":"","fileTypesAndContributionMap":{"functional-code":{"insertions":0,"deletions":1}}},{"hash":"5dc61f598e18d84ce1dae8363e25cb1e0bc7c4a9","isMergeCommit":true,"messageTitle":"Merge pull request #100 from juneha1120/feat-Display-events-GUI","messageBody":"feat: Display events with weekly calendar GUI","fileTypesAndContributionMap":{}}]}],"CHI-ME":[{"date":"2025-03-04","commitResults":[{"hash":"6025c079a8fd57cea7d870b5ba5b9a3e2439bda3","isMergeCommit":false,"messageTitle":"feat: Add CHI-ME\u0027s profile in AboutUs.md","messageBody":"","fileTypesAndContributionMap":{"docs":{"insertions":6,"deletions":6}}},{"hash":"a000bb8fef3c108e69533f612132b7b016afa9c1","isMergeCommit":false,"messageTitle":"feat: Add chi-me.md","messageBody":"","fileTypesAndContributionMap":{"docs":{"insertions":8,"deletions":0}}}]},{"date":"2025-03-06","commitResults":[{"hash":"a4b0b9cd7c6c4b6ed7d9b202e8f00e673b5a47f8","isMergeCommit":false,"messageTitle":"feat: Update the DG Target user profile, value proposition, and user stories","messageBody":"","fileTypesAndContributionMap":{"docs":{"insertions":5,"deletions":19}}}]},{"date":"2025-03-07","commitResults":[{"hash":"238a070b167fbf1cfe2b6c5d7798f0d110624966","isMergeCommit":false,"messageTitle":"Update the DG user stories to the form of markdown table","messageBody":"","fileTypesAndContributionMap":{"docs":{"insertions":37,"deletions":1}}}]},{"date":"2025-03-08","commitResults":[{"hash":"8505fff71778e6e893067efdcec589b1a7babe42","isMergeCommit":false,"messageTitle":"Update the DG user stories table by adding Priority","messageBody":"","fileTypesAndContributionMap":{"docs":{"insertions":37,"deletions":37}}},{"hash":"56d9e91433393f55d347d703f21379c2937a584c","isMergeCommit":false,"messageTitle":"Update the DG target user profile","messageBody":"","fileTypesAndContributionMap":{"docs":{"insertions":7,"deletions":3}}}]},{"date":"2025-03-13","commitResults":[{"hash":"ecee7e1d2d564a1e64b43a30cc1b10b278fb4276","isMergeCommit":false,"messageTitle":"feat: update HelpCommand class and create HelpCommandParser class","messageBody":"","fileTypesAndContributionMap":{"functional-code":{"insertions":64,"deletions":3}}},{"hash":"7dc56105dd63fc6f4f61967246c5926c0ac733aa","isMergeCommit":false,"messageTitle":"fix: improve the code style","messageBody":"","fileTypesAndContributionMap":{"functional-code":{"insertions":13,"deletions":18}}},{"hash":"c14b1590aef4484dbf4ca606c4ada94a48624ce9","isMergeCommit":false,"messageTitle":"fix: add javadoc to HelpCommand class and HelpCommandParser class","messageBody":"","fileTypesAndContributionMap":{"functional-code":{"insertions":17,"deletions":2}}},{"hash":"618827649f4148cb064222529f960a7538171c8f","isMergeCommit":false,"messageTitle":"fix: improve the code style","messageBody":"","fileTypesAndContributionMap":{"functional-code":{"insertions":20,"deletions":16}}},{"hash":"fb0ddbb690b5c37a49eaf1c654637d15e5c6a904","isMergeCommit":false,"messageTitle":"feat: update HelpCommandTest class, AddressBookParserTest class and create HelpCommandParserTest class","messageBody":"","fileTypesAndContributionMap":{"functional-code":{"insertions":6,"deletions":2},"test-code":{"insertions":30,"deletions":3}}},{"hash":"d8d66b5bf0d4925cd7f297808a80415206e0d493","isMergeCommit":false,"messageTitle":"fix: improve the code style","messageBody":"","fileTypesAndContributionMap":{"functional-code":{"insertions":0,"deletions":1}}},{"hash":"4d4f68cb46e9d3f4ccb3ac6211dfe24addb9b663","isMergeCommit":false,"messageTitle":"fix: improve the code style","messageBody":"","fileTypesAndContributionMap":{"functional-code":{"insertions":0,"deletions":1}}}]},{"date":"2025-03-14","commitResults":[{"hash":"d489c531d1128f035b114e3db2693bb136617b58","isMergeCommit":false,"messageTitle":"fix: improve coding style","messageBody":"","fileTypesAndContributionMap":{"functional-code":{"insertions":11,"deletions":8},"test-code":{"insertions":2,"deletions":7}}},{"hash":"498fc8bc1b9d30bf2b2416c5b536e5915296892d","isMergeCommit":false,"messageTitle":"fix: improve coding style","messageBody":"","fileTypesAndContributionMap":{"functional-code":{"insertions":4,"deletions":4}}},{"hash":"2ff3bc03972c02e4334fd3fc5d3390f9f2793795","isMergeCommit":false,"messageTitle":"feat: update HelpCommandParser tests","messageBody":"","fileTypesAndContributionMap":{"functional-code":{"insertions":19,"deletions":4},"test-code":{"insertions":25,"deletions":9}}},{"hash":"417a904b8dfe487a78d0b3fed52940743172bc3b","isMergeCommit":false,"messageTitle":"fix: add a new line at EOF","messageBody":"","fileTypesAndContributionMap":{"test-code":{"insertions":1,"deletions":1}}},{"hash":"d9a0347267707e84e50b6054a1c7b158a05f01fc","isMergeCommit":false,"messageTitle":"feat: add more tests on HelpCommand and HelpCommandParser","messageBody":"","fileTypesAndContributionMap":{"test-code":{"insertions":41,"deletions":1}}},{"hash":"622267d2898694b4b2f77477737a3ab4dd9ccbb7","isMergeCommit":false,"messageTitle":"fix: add a new line at EOF","messageBody":"","fileTypesAndContributionMap":{"test-code":{"insertions":1,"deletions":1}}},{"hash":"d6ad8ad9a11ee10ef3705dc64acb5ca112e9cd1b","isMergeCommit":false,"messageTitle":"fix: improve code style","messageBody":"","fileTypesAndContributionMap":{"test-code":{"insertions":2,"deletions":3}}}]},{"date":"2025-03-17","commitResults":[{"hash":"818d4ab42c3095099f94be0e2e61c26c645849be","isMergeCommit":false,"messageTitle":"fix: implement suggestions from github@caando","messageBody":"","fileTypesAndContributionMap":{"functional-code":{"insertions":16,"deletions":30}}},{"hash":"272d62fe5084aef06d958d40becb777c8917741f","isMergeCommit":false,"messageTitle":"fix: fix indentation level problem","messageBody":"","fileTypesAndContributionMap":{"functional-code":{"insertions":9,"deletions":9}}},{"hash":"9b73471dd39d5e95da74d02da60f543a6213504c","isMergeCommit":false,"messageTitle":"fix: remove unused import","messageBody":"","fileTypesAndContributionMap":{"functional-code":{"insertions":0,"deletions":3}}},{"hash":"9537619775e4a4de3fa6614ea0a8f0eef31fb1d7","isMergeCommit":false,"messageTitle":"fix: update UG for help command","messageBody":"","fileTypesAndContributionMap":{"docs":{"insertions":5,"deletions":1}}},{"hash":"31841d57ae024fd071b3c761f3abd1de095b7ef4","isMergeCommit":true,"messageTitle":"Merge pull request #51 from juneha1120/edit-List-command-for-Category","messageBody":"Edit ListCommand and add relevant classes","fileTypesAndContributionMap":{}},{"hash":"829ae99f80029b443accaba8c9f616bb867f5a9e","isMergeCommit":true,"messageTitle":"Merge pull request #55 from juneha1120/edit-UI-for-Category","messageBody":"Edit PersonCardclass and PersonListCard.fxml to show Category","fileTypesAndContributionMap":{}}]}],"arshinsikka":[{"date":"2025-03-04","commitResults":[{"hash":"9a2a11a9a527a26901bef1090c8f19bb1212d4af","isMergeCommit":false,"messageTitle":"docs: Add Arshin Sikka\u0027s details to AboutUs","messageBody":"","fileTypesAndContributionMap":{"docs":{"insertions":6,"deletions":6}}},{"hash":"76d8dce76f0bd29286ae73f977a0b41b482e5615","isMergeCommit":false,"messageTitle":"fix: Save AboutUs.md changes before resolving conflicts","messageBody":"","fileTypesAndContributionMap":{"docs":{"insertions":6,"deletions":5}}},{"hash":"7661fbdc517c5d457d7b81eac94596b3e9eb94ef","isMergeCommit":true,"messageTitle":"Merge branch \u0027master\u0027 into feat/add-arshinsikka-aboutus","messageBody":"","fileTypesAndContributionMap":{}},{"hash":"b8761bb9f2d4f745ac91404d6d310d95559e6330","isMergeCommit":false,"messageTitle":"fix: Resolve merge conflict by reordering in AboutUs.md","messageBody":"","fileTypesAndContributionMap":{"docs":{"insertions":3,"deletions":19}}},{"hash":"78ec9e970626892c382d385d0f6e8cc293533079","isMergeCommit":true,"messageTitle":"feat: Add Arshin Sikka to AboutUs.md with profile image","messageBody":"","fileTypesAndContributionMap":{}},{"hash":"8304c4885aa60d47fbe97e9fd773242ab0b81627","isMergeCommit":false,"messageTitle":"feat: Add Arshin Sikka to AboutUs.md with conflict fix","messageBody":"","fileTypesAndContributionMap":{"docs":{"insertions":1,"deletions":1}}},{"hash":"54e7e8203f1abe0e9c959fa6c9a86c86e196122d","isMergeCommit":true,"messageTitle":"Merge branch \u0027master\u0027 of github.com:AY2425S2-CS2103T-F14-4/tp","messageBody":"","fileTypesAndContributionMap":{}},{"hash":"74be73b015e54bd3b2f838c192f43b5b8d4c80ed","isMergeCommit":true,"messageTitle":"Merge branch \u0027master\u0027 into feat/add-arshinsikka-aboutus","messageBody":"","fileTypesAndContributionMap":{}}]},{"date":"2025-03-06","commitResults":[{"hash":"a40be038e95c27814038ba3db8a435c26d3ba55c","isMergeCommit":false,"messageTitle":"docs: Add use cases for adding tags and viewing contacts","messageBody":"","fileTypesAndContributionMap":{"docs":{"insertions":71,"deletions":0}}}]},{"date":"2025-03-10","commitResults":[{"hash":"e5d456597b1d390ed09743f60a53a25fa2c148e4","isMergeCommit":false,"messageTitle":"fix: Standardize Use Case formatting in Developer Guide","messageBody":"","fileTypesAndContributionMap":{"docs":{"insertions":46,"deletions":44}}}]},{"date":"2025-03-11","commitResults":[{"hash":"f09dd0b4c138bf17b9c9d6862331b8979ac77ff9","isMergeCommit":false,"messageTitle":"docs: Fix use case formatting in Developer Guide","messageBody":"","fileTypesAndContributionMap":{"docs":{"insertions":69,"deletions":65}}},{"hash":"db75786711e9ac0f47510485e76fe2c6af609182","isMergeCommit":false,"messageTitle":"docs: Fix use case formatting in Developer Guide","messageBody":"","fileTypesAndContributionMap":{"docs":{"insertions":84,"deletions":35}}},{"hash":"37c83201ed572ce1f62ed235b2052dff8c60039a","isMergeCommit":false,"messageTitle":"fix: Correct accidental characters in Developer Guide","messageBody":"","fileTypesAndContributionMap":{"docs":{"insertions":0,"deletions":51}}}]},{"date":"2025-03-12","commitResults":[{"hash":"95bfc16e62e7d732b73d22f6b30ecc95a40fe549","isMergeCommit":true,"messageTitle":"Resolved merge conflict in DeveloperGuide.md","messageBody":"","fileTypesAndContributionMap":{}}]},{"date":"2025-03-20","commitResults":[{"hash":"6f5945c642ddfe0dfa85a72b7c4a39826a14df24","isMergeCommit":true,"messageTitle":"Merge remote-tracking branch \u0027upstream/master\u0027","messageBody":"","fileTypesAndContributionMap":{}},{"hash":"17da64e0a01bf9b9e36358bd9b3491ca4416b744","isMergeCommit":false,"messageTitle":"Update User Guide to reflect latest feature implementations","messageBody":"","fileTypesAndContributionMap":{"docs":{"insertions":125,"deletions":116}}},{"hash":"897b841e2ab6abbefc7e82f28c173c22e2460414","isMergeCommit":false,"messageTitle":"Update UG: Add tag parameter details to add, edit, and deleteby sections","messageBody":"","fileTypesAndContributionMap":{"docs":{"insertions":25,"deletions":25}}},{"hash":"da25e1c2604608f83df31ef9bac9ee7bf45586b1","isMergeCommit":false,"messageTitle":"Fix minor formatting and whitespace issues in User Guide","messageBody":"","fileTypesAndContributionMap":{"docs":{"insertions":1,"deletions":8}}},{"hash":"cb8cd657d55956b60883e11d070e0cfc7f2d5b34","isMergeCommit":false,"messageTitle":"Fix trailing whitespaces and finalize formatting in UG","messageBody":"","fileTypesAndContributionMap":{"docs":{"insertions":8,"deletions":8}}},{"hash":"de5c69dcab9b727efcf29f2280e82264f0ff797c","isMergeCommit":false,"messageTitle":"Update docs/UserGuide.md","messageBody":"Co-authored-by: Jikun \u003c39144313+caando@users.noreply.github.com\u003e","fileTypesAndContributionMap":{"docs":{"insertions":1,"deletions":1}}},{"hash":"7dd1a4bc91bfa3e8c90ea84e9441e22d43081ed9","isMergeCommit":false,"messageTitle":"Update docs/UserGuide.md","messageBody":"Co-authored-by: Jikun \u003c39144313+caando@users.noreply.github.com\u003e","fileTypesAndContributionMap":{"docs":{"insertions":1,"deletions":1}}},{"hash":"35c5634dab562fcfb27f1763c7d9d10224db85f8","isMergeCommit":false,"messageTitle":"Update docs/UserGuide.md","messageBody":"Co-authored-by: Jikun \u003c39144313+caando@users.noreply.github.com\u003e","fileTypesAndContributionMap":{"docs":{"insertions":1,"deletions":1}}},{"hash":"d87336ce7862629a41725d1c6de04b805772ff31","isMergeCommit":false,"messageTitle":"Add newline at end of UserGuide.md to fix Checkstyle error","messageBody":"","fileTypesAndContributionMap":{"docs":{"insertions":2,"deletions":2}}},{"hash":"b143847bd59cd2cb41774eb65fb12836c72b4aa0","isMergeCommit":false,"messageTitle":"Fixed checkstyle issues","messageBody":"","fileTypesAndContributionMap":{"docs":{"insertions":1,"deletions":0}}},{"hash":"9bc62a6fc19e653e2a1c5a598268e5c91c3658bd","isMergeCommit":false,"messageTitle":"Update build.gradle to rename jar file to trackup.jar","messageBody":"","fileTypesAndContributionMap":{"other":{"insertions":1,"deletions":1}}},{"hash":"06b669fb2d6d923aae1fccc9198dccef2b9503e1","isMergeCommit":false,"messageTitle":"Add horizontal separator between use cases in DG for consistency","messageBody":"","fileTypesAndContributionMap":{"docs":{"insertions":1,"deletions":0}}},{"hash":"9001548a566b5ccf3d4a150f78c3ad2c60e68b6f","isMergeCommit":false,"messageTitle":"fix(UG): Replace single quotes with backticks for correct command format rendering","messageBody":"","fileTypesAndContributionMap":{"docs":{"insertions":1,"deletions":1}}},{"hash":"8f6ee6cbf8e8f11868bd63e704b599a2f069519d","isMergeCommit":false,"messageTitle":"chore: rename output JAR to trackup.jar in build.gradle","messageBody":"","fileTypesAndContributionMap":{"other":{"insertions":1,"deletions":1}}}]},{"date":"2025-03-21","commitResults":[{"hash":"bd7f57a48145c6e69de39cefb5bbb152b900b5f4","isMergeCommit":false,"messageTitle":"docs: update architecture and component overview in DG","messageBody":"","fileTypesAndContributionMap":{"docs":{"insertions":18,"deletions":24}}},{"hash":"08457894a39643a7bf9811e4d9d769782a95940f","isMergeCommit":false,"messageTitle":"docs: update * to - at multiple locations in DG","messageBody":"","fileTypesAndContributionMap":{"docs":{"insertions":7,"deletions":7}}},{"hash":"e5c9aaf2baa392d1d50b1b207d36b20f1f4b592e","isMergeCommit":false,"messageTitle":"docs: refine UI and Logic components section in DG","messageBody":"","fileTypesAndContributionMap":{"docs":{"insertions":10,"deletions":11}}},{"hash":"4d3966fa6a7a3c9d375fe917054650cfdb44134f","isMergeCommit":false,"messageTitle":"docs: update Model and Storage components in DG","messageBody":"","fileTypesAndContributionMap":{"docs":{"insertions":7,"deletions":7}}},{"hash":"a941c4fc1c2cf2f1e7924d87fed9bf2d641581c1","isMergeCommit":false,"messageTitle":"docs: add proposed undo/redo implementation details","messageBody":"","fileTypesAndContributionMap":{"docs":{"insertions":13,"deletions":7}}},{"hash":"e30e7600c9b077afa12182e14f840d087615c62d","isMergeCommit":false,"messageTitle":"docs: rephrase design considerations for undo/redo implementation","messageBody":"","fileTypesAndContributionMap":{"docs":{"insertions":8,"deletions":8}}},{"hash":"3afa056567160d6a4c566e82b7367b56683c4570","isMergeCommit":false,"messageTitle":"docs: add proposed plan for data archiving feature","messageBody":"","fileTypesAndContributionMap":{"docs":{"insertions":3,"deletions":1}}},{"hash":"57e8245e4fc4252d22f720c7f0cfa7933ca12a02","isMergeCommit":false,"messageTitle":"docs: refine product scope section in DG","messageBody":"","fileTypesAndContributionMap":{"docs":{"insertions":8,"deletions":9}}},{"hash":"084038c82a9f435a231dfda0160564b3c5fd1384","isMergeCommit":false,"messageTitle":"docs: refine user stories sentence structure for improved readability","messageBody":"","fileTypesAndContributionMap":{"docs":{"insertions":38,"deletions":37}}},{"hash":"c7b6810d6ea37a03fabbd5164f27980034cb0925","isMergeCommit":false,"messageTitle":"docs: polish manual testing instructions for clarity and completeness","messageBody":"","fileTypesAndContributionMap":{"docs":{"insertions":26,"deletions":28}}},{"hash":"fbba99a24e552ad5328a22c1940f3aac1a353462","isMergeCommit":false,"messageTitle":"fix consistency with respect to line separators","messageBody":"","fileTypesAndContributionMap":{"docs":{"insertions":8,"deletions":9}}},{"hash":"0031e3a62be9d9b1fd29ec7e6f4868cafb153fef","isMergeCommit":true,"messageTitle":"Merge branch \u0027master\u0027 into update-dg","messageBody":"","fileTypesAndContributionMap":{}},{"hash":"6ec4319a77232f0c505c9002039a91d608e3b2c9","isMergeCommit":false,"messageTitle":"chore(docs): fix trailing whitespace issues in Developer Guide","messageBody":"","fileTypesAndContributionMap":{"docs":{"insertions":13,"deletions":13}}},{"hash":"142cf22ad098f4a230953193e5d37fb0d3462fa1","isMergeCommit":false,"messageTitle":"chore(docs): add newline at end of DeveloperGuide.md to fix checkstyle error","messageBody":"","fileTypesAndContributionMap":{"docs":{"insertions":1,"deletions":1}}},{"hash":"b8db79874cf595ab2ab1f73a8fa3a95969c2131c","isMergeCommit":false,"messageTitle":"feat: assign default category \u0027Other\u0027 when no category is specified","messageBody":"","fileTypesAndContributionMap":{"functional-code":{"insertions":2,"deletions":1},"test-code":{"insertions":13,"deletions":0}}},{"hash":"5c324935887c197a4c091f9667d78f34d3d1afb3","isMergeCommit":false,"messageTitle":"feat: implement default category assignment in AddCommand","messageBody":"","fileTypesAndContributionMap":{"functional-code":{"insertions":4,"deletions":1},"test-code":{"insertions":9,"deletions":6}}},{"hash":"854abc036afae665d6d7a30b1748c4382c5db8fd","isMergeCommit":false,"messageTitle":"fix(commandparser): correct parsing logic to pass third test case","messageBody":"","fileTypesAndContributionMap":{"test-code":{"insertions":4,"deletions":6}}},{"hash":"05eabc141c48515f0c91126a65bc4c72dbcba06d","isMergeCommit":false,"messageTitle":"feat: assign default category Other in Person constructor when category is missing","messageBody":"- Updated the Person constructor so that if an empty Optional is passed for category,\n  it defaults to Optional.of(new Category(Other)).\n- This ensures every Person always has a valid category.\n","fileTypesAndContributionMap":{"functional-code":{"insertions":3,"deletions":1}}},{"hash":"516b3d4c22f7a44bce83656ae5795d457211a951","isMergeCommit":false,"messageTitle":"fix: trailing whitespaces issue","messageBody":"","fileTypesAndContributionMap":{"functional-code":{"insertions":0,"deletions":2},"test-code":{"insertions":0,"deletions":1}}},{"hash":"58ef4275c9fa4e8d5c0f90ec583ef836a401c499","isMergeCommit":false,"messageTitle":"fix checkystle issues of a long line in AddCommandTest","messageBody":"","fileTypesAndContributionMap":{"test-code":{"insertions":1,"deletions":1}}},{"hash":"1bdc0b79104310a7750b8ebd88d3fe2d95902267","isMergeCommit":false,"messageTitle":"fix checkystle issues in AddCommandParserTest","messageBody":"","fileTypesAndContributionMap":{"test-code":{"insertions":4,"deletions":3}}},{"hash":"3f63aaad49a49a1c581e3167b3e23a7eb1840716","isMergeCommit":false,"messageTitle":"fix: update main class configuration in build.gradle","messageBody":"Changed mainClassName from \u0027seedu.address.Main\u0027 to \u0027trackup.Main\u0027 to reflect the new package structure.\n","fileTypesAndContributionMap":{"other":{"insertions":1,"deletions":1}}}]},{"date":"2025-03-26","commitResults":[{"hash":"01c459a49d4a3345debe8527865ee81831ca636c","isMergeCommit":false,"messageTitle":"fix: update default category handling to use empty value instead of \u0027Other\u0027","messageBody":"","fileTypesAndContributionMap":{"functional-code":{"insertions":2,"deletions":2}}},{"hash":"8c34e5c4ffe4b5276dc3b94ea3f79e2a0f5367c8","isMergeCommit":false,"messageTitle":"fix: update default category handling to use Optional.empty() for missing category and adjust tests accordingly","messageBody":"","fileTypesAndContributionMap":{"functional-code":{"insertions":0,"deletions":2},"test-code":{"insertions":8,"deletions":35}}},{"hash":"191989808f1aa4a3a8c3325ef6e1845d22577021","isMergeCommit":false,"messageTitle":"chore(style): fix spacing issue in Person.java to comply with Checkstyle","messageBody":"","fileTypesAndContributionMap":{"functional-code":{"insertions":1,"deletions":1}}},{"hash":"d657829656e655f9a57e78d6e9a0d45252c1c377","isMergeCommit":false,"messageTitle":"chore(test): replace wildcard imports in AddCommandParserTest with explicit imports","messageBody":"","fileTypesAndContributionMap":{"test-code":{"insertions":25,"deletions":1}}},{"hash":"7a1d03007c536c87c17814966eaa3901d0a33486","isMergeCommit":false,"messageTitle":"feat(Person): allow contacts with same name but different phone/email","messageBody":"","fileTypesAndContributionMap":{"functional-code":{"insertions":3,"deletions":2}}},{"hash":"34c3729983bead495def8ea2684891463a9c5ccb","isMergeCommit":false,"messageTitle":"test(AddCommand): add test to verify allowing contacts with same name but different email or phone","messageBody":"","fileTypesAndContributionMap":{"test-code":{"insertions":13,"deletions":0}}},{"hash":"cc333c84e819e81e427e02f1ad445171ab738804","isMergeCommit":false,"messageTitle":"chore(style): fix long line issues in AddCommandTest.java to comply with Checkstyle","messageBody":"","fileTypesAndContributionMap":{"test-code":{"insertions":4,"deletions":2}}},{"hash":"df9ee15fa9cff55f762d386b351c9b7f9b909b24","isMergeCommit":false,"messageTitle":"test(Person): update isSamePerson tests to reflect duplicate handling with name, phone, and email","messageBody":"","fileTypesAndContributionMap":{"test-code":{"insertions":9,"deletions":4}}},{"hash":"1ae96a7c0772def510c82211c7b03c88107cae4a","isMergeCommit":false,"messageTitle":"test(Person): expand isSamePerson coverage for new duplicate logic","messageBody":"","fileTypesAndContributionMap":{"test-code":{"insertions":41,"deletions":0}}}]},{"date":"2025-03-27","commitResults":[{"hash":"b342d1058ef7b8e285da33bfdf5c272a51fc41b9","isMergeCommit":false,"messageTitle":"chore: add AddCommand sequence diagram PNG and PlantUML source files","messageBody":"","fileTypesAndContributionMap":{"docs":{"insertions":23,"deletions":0}}},{"hash":"5f895694dd9d5e508425617003e9b17b13e23a2f","isMergeCommit":false,"messageTitle":"docs: update Developer Guide with AddCommand sequence diagram reflecting duplicate logic changes","messageBody":"","fileTypesAndContributionMap":{"docs":{"insertions":6,"deletions":0}}},{"hash":"c017b0843aee6ee3ae1c386049bdf92a8aeb2baa","isMergeCommit":false,"messageTitle":"docs: improve AddCommand sequence diagram PlantUML for clarity and readability","messageBody":"","fileTypesAndContributionMap":{"docs":{"insertions":9,"deletions":5}}},{"hash":"2dadb15665f9bcedd3ced51419c28c099dd17c10","isMergeCommit":true,"messageTitle":"Merge pull request #101 from arshinsikka/feat-allow-duplicate-contacts","messageBody":"feat: allow adding contacts with same name but different email/phone (#73)","fileTypesAndContributionMap":{}},{"hash":"db32cbd12cd4bdee599d74bd40b4764982edfaba","isMergeCommit":true,"messageTitle":"Merge pull request #105 from arshinsikka/docs/update-addcommand-duplicate-diagram","messageBody":"docs: cherry-pick AddCommand sequence diagram updates from #103","fileTypesAndContributionMap":{}}]}]},"authorFileTypeContributionMap":{"caando":{"docs":48,"functional-code":793,"test-code":1093,"other":10},"juneha1120":{"docs":94,"functional-code":1968,"test-code":762,"other":2},"CHI-ME":{"docs":17,"functional-code":75,"test-code":73},"arshinsikka":{"docs":358,"functional-code":8,"test-code":112,"other":2}},"authorContributionVariance":{"caando":38183.188,"juneha1120":327303.9,"CHI-ME":1795.6869,"arshinsikka":9371.92},"authorDisplayNameMap":{"caando":"CS2103T-F14-4 ZHAN..IKUN","juneha1120":"CS2103T-F14-4 HA J..WOON","CHI-ME":"CS2103T-F14-4 CHEN.. FAN","arshinsikka":"CS2103T-F14-4 SIKK..SHIN"}}
