{"authorDailyContributionsMap":{"TheEnd-alr-taken":[{"date":"2025-03-01","commitResults":[{"hash":"898a30baa50791dc4032d71eac55b0b8fedb2879","isMergeCommit":false,"messageTitle":"Update the AboutUs page","messageBody":"","fileTypesAndContributionMap":{"docs":{"insertions":78,"deletions":80}}},{"hash":"3b523bd26da96678924a80aba9348a211313eb14","isMergeCommit":false,"messageTitle":"Update danial.md","messageBody":"","fileTypesAndContributionMap":{"docs":{"insertions":41,"deletions":39}}},{"hash":"61cd68e96fbba9f3b0855f184f287b783dd4d3f1","isMergeCommit":true,"messageTitle":"Merge branch \u0027master\u0027 into branch-UpdateAboutUs","messageBody":"","fileTypesAndContributionMap":{}}]},{"date":"2025-03-05","commitResults":[{"hash":"acd29172882e91a4ba53df961c2b324f63a3edff","isMergeCommit":true,"messageTitle":"Merge pull request #35 from JunXiang26/branch-UpdateNFRinDG","messageBody":"Update NFR in DG","fileTypesAndContributionMap":{}},{"hash":"40dd00025552bd7af4c9d595d56dbc6da9bdd22d","isMergeCommit":true,"messageTitle":"Merge branch \u0027master\u0027 of https://github.com/AY2425S2-CS2103-F15-2/tp","messageBody":"","fileTypesAndContributionMap":{}}]},{"date":"2025-03-06","commitResults":[{"hash":"c33010ac0ed1f5f248e6750c8e98a3a465fd9bcb","isMergeCommit":false,"messageTitle":"Update product scope and user stories","messageBody":"","fileTypesAndContributionMap":{"docs":{"insertions":22,"deletions":10}}},{"hash":"6a0485dd8f4cd50d7a53fcce0df022b4ca71707c","isMergeCommit":false,"messageTitle":"Update user stories table format","messageBody":"","fileTypesAndContributionMap":{"docs":{"insertions":21,"deletions":21}}}]},{"date":"2025-03-07","commitResults":[{"hash":"d8014105529fa80caf35e413897cbbff8999faa5","isMergeCommit":true,"messageTitle":"Merge pull request #36 from TheEnd-alr-taken/branch-UpdateUserStories","messageBody":"Update product scope and user stories","fileTypesAndContributionMap":{}}]},{"date":"2025-03-15","commitResults":[{"hash":"f352b8ecad4e2136ba9a17591235e6a5a57b37a1","isMergeCommit":true,"messageTitle":"Merge branch \u0027master\u0027 of https://github.com/AY2425S2-CS2103-F15-2/tp","messageBody":"","fileTypesAndContributionMap":{}},{"hash":"ffc63c8faadabfbcf8b0526c2737754ba14a4aa4","isMergeCommit":false,"messageTitle":"Add Current Year Feature","messageBody":"","fileTypesAndContributionMap":{"functional-code":{"insertions":148,"deletions":20},"docs":{"insertions":27,"deletions":13},"test-code":{"insertions":88,"deletions":4}}},{"hash":"322ca6f5525e5e934942319e0700e5cf60ac7269","isMergeCommit":true,"messageTitle":"Merge branch \u0027branch-CurrentYearFeature\u0027 into branch-UpdateStorage","messageBody":"","fileTypesAndContributionMap":{}},{"hash":"dc2bae6f76bbc558be3693e4f25dc2991fb73ed5","isMergeCommit":false,"messageTitle":"Update storage","messageBody":"","fileTypesAndContributionMap":{"functional-code":{"insertions":16,"deletions":3},"test-code":{"insertions":31,"deletions":29}}}]},{"date":"2025-03-16","commitResults":[{"hash":"8e98f59c3d49bf507a48cfab960b138fa165c553","isMergeCommit":true,"messageTitle":"Merge pull request #58 from JunXiang26/branch-CurrentGradeFeature","messageBody":"Update Current Grade Feature","fileTypesAndContributionMap":{}}]},{"date":"2025-03-17","commitResults":[{"hash":"f544de149a6b3af310c63db67a46b2a5d6af1289","isMergeCommit":true,"messageTitle":"Fix Merge Conflict","messageBody":"","fileTypesAndContributionMap":{}},{"hash":"bd51f492405ff77398a469ef25692982dd4bacc9","isMergeCommit":true,"messageTitle":"Merge pull request #71 from TheEnd-alr-taken/branch-CurrentYearFeature","messageBody":"Add Current Year Feature","fileTypesAndContributionMap":{}},{"hash":"be4ffa8ac3ee2115d181c56fa47a4e06cbdf5ec9","isMergeCommit":true,"messageTitle":"Fix Merge Conflict","messageBody":"","fileTypesAndContributionMap":{}},{"hash":"fc2bfe45580248d335a947dbf9e7f59193e1d976","isMergeCommit":true,"messageTitle":"Merge pull request #72 from TheEnd-alr-taken/branch-UpdateStorage","messageBody":"Update Storage","fileTypesAndContributionMap":{}}]},{"date":"2025-03-20","commitResults":[{"hash":"c9363da398e927cd3f90bde108105e936ded7001","isMergeCommit":true,"messageTitle":"Merge pull request #86 from Shamanbenny/branch-UpdateBennyAboutUs","messageBody":"Update Benny\u0027s Portfolio Page","fileTypesAndContributionMap":{}}]},{"date":"2025-03-25","commitResults":[{"hash":"4dfe63091ed9610caf425ef48fad79cd68297b26","isMergeCommit":true,"messageTitle":"Merge pull request #101 from Shamanbenny/branch-PaymentCommand","messageBody":"Update Payment Info with Status","fileTypesAndContributionMap":{}},{"hash":"af7434209a00f97971d2d6cb0c88e3faad444330","isMergeCommit":true,"messageTitle":"Merge branch \u0027master\u0027 of https://github.com/AY2425S2-CS2103-F15-2/tp","messageBody":"","fileTypesAndContributionMap":{}}]},{"date":"2025-03-26","commitResults":[{"hash":"6368862f71595e2519495346052b68fcd62581c8","isMergeCommit":false,"messageTitle":"Add support for untag command","messageBody":"","fileTypesAndContributionMap":{"functional-code":{"insertions":137,"deletions":0},"test-code":{"insertions":133,"deletions":0}}},{"hash":"99fd801af2eb6972518133bdad1ed65343a85a20","isMergeCommit":false,"messageTitle":"Update the UG to include Untag command","messageBody":"","fileTypesAndContributionMap":{"docs":{"insertions":19,"deletions":0}}},{"hash":"b86fb04e19647aa49e8ce98dc83d95a6ebde6a16","isMergeCommit":true,"messageTitle":"Merge branch \u0027master\u0027 of https://github.com/AY2425S2-CS2103-F15-2/tp into branch-UntagCommand","messageBody":"","fileTypesAndContributionMap":{}},{"hash":"e128e0d5fbf4ac397d18da962e4d441321b3a1fd","isMergeCommit":false,"messageTitle":"Fix bug allowing invalid preamble in untag command","messageBody":"","fileTypesAndContributionMap":{"functional-code":{"insertions":2,"deletions":1},"test-code":{"insertions":15,"deletions":0}}},{"hash":"22a4cbe96995a3ab4dea04e9752c311ca55b1ea2","isMergeCommit":true,"messageTitle":"Merge pull request #104 from TheEnd-alr-taken/branch-UntagCommand","messageBody":"Untag Command","fileTypesAndContributionMap":{}},{"hash":"54c7648261a877ca5fc9c815fe0a4ea70d442ce5","isMergeCommit":false,"messageTitle":"Update command summary table to include untag","messageBody":"","fileTypesAndContributionMap":{"docs":{"insertions":1,"deletions":0}}},{"hash":"2d0001db81223f1875cccd5c33ffe8b4b5b85f29","isMergeCommit":true,"messageTitle":"Merge pull request #105 from TheEnd-alr-taken/branch-updateDocs_v1.4","messageBody":"Update the UG to include Untag command","fileTypesAndContributionMap":{}}]},{"date":"2025-03-27","commitResults":[{"hash":"6e535cd946c78a5067bdcee5cc97fa9550256253","isMergeCommit":true,"messageTitle":"Merge branch \u0027master\u0027 of https://github.com/AY2425S2-CS2103-F15-2/tp","messageBody":"","fileTypesAndContributionMap":{}}]},{"date":"2025-04-02","commitResults":[{"hash":"7ae7a73727f464cda1f123fbcd211ab0e2aa6dd1","isMergeCommit":true,"messageTitle":"Merge branch \u0027master\u0027 of https://github.com/AY2425S2-CS2103-F15-2/tp","messageBody":"","fileTypesAndContributionMap":{}},{"hash":"f73b95cdd0c945eca5eb7481d54fd84044980cd2","isMergeCommit":false,"messageTitle":"Update User Stories and Untag Sequence Diagram","messageBody":"","fileTypesAndContributionMap":{"docs":{"insertions":93,"deletions":83}}}]},{"date":"2025-04-03","commitResults":[{"hash":"15cdcbc4bd9f50d568c85f9d29bb2a7e84566093","isMergeCommit":true,"messageTitle":"Merge branch \u0027master\u0027 of https://github.com/AY2425S2-CS2103-F15-2/tp into branch-UpdateUserStories2","messageBody":"","fileTypesAndContributionMap":{}},{"hash":"2e6603ff6634d03ed889fe238b3185c08a0567af","isMergeCommit":false,"messageTitle":"Update Developer Guide to include UML diagram for Untag Command","messageBody":"","fileTypesAndContributionMap":{"docs":{"insertions":118,"deletions":173}}},{"hash":"42de0f9b427c1783582a47e96bf87c124f05f001","isMergeCommit":true,"messageTitle":"Merge pull request #171 from TheEnd-alr-taken/branch-UpdateUserStories2","messageBody":"Update User Stories and Developer Guide","fileTypesAndContributionMap":{}}]}],"GaaneshT":[{"date":"2025-03-01","commitResults":[{"hash":"b23ce3966c2e6f092e7c841a810bb55551c23ec8","isMergeCommit":false,"messageTitle":"Add about us Gaanesh","messageBody":"","fileTypesAndContributionMap":{"docs":{"insertions":6,"deletions":6}}},{"hash":"2bcb0301877816426dd68baa866c318c12a91cec","isMergeCommit":true,"messageTitle":"Merge branch \u0027master\u0027 into branch-AboutUsGaanesh","messageBody":"","fileTypesAndContributionMap":{}},{"hash":"a9d551ca3dfd673f673ed5fadda91d0e64bf6ee4","isMergeCommit":true,"messageTitle":"Merge pull request #25 from GaaneshT/branch-AboutUsGaanesh","messageBody":"Add about us Gaanesh","fileTypesAndContributionMap":{}}]},{"date":"2025-03-07","commitResults":[{"hash":"49e9aafc4c4713d245c0e8c6793b5dc9be75712a","isMergeCommit":false,"messageTitle":"Add List use case in DG","messageBody":"","fileTypesAndContributionMap":{"docs":{"insertions":29,"deletions":0}}}]},{"date":"2025-03-15","commitResults":[{"hash":"b0b52340d57eaa0a977d7c58b4ddfad7b28be189","isMergeCommit":false,"messageTitle":" implement eduLevel feature","messageBody":"","fileTypesAndContributionMap":{"functional-code":{"insertions":184,"deletions":32},"test-code":{"insertions":92,"deletions":41}}},{"hash":"3e78a0d716ea2cbed800edf771dca13fc1d3db6c","isMergeCommit":false,"messageTitle":"Fix Edit command for EduLevel","messageBody":"","fileTypesAndContributionMap":{"functional-code":{"insertions":10,"deletions":3}}},{"hash":"d8e697d327b3212e8e0f542a4cb9b6d716476ae1","isMergeCommit":false,"messageTitle":"Fix description when add/edit to include EduLevel","messageBody":"","fileTypesAndContributionMap":{"functional-code":{"insertions":1,"deletions":0}}},{"hash":"a65f876e10cee08c9289dd26a92f6e024de23642","isMergeCommit":false,"messageTitle":"EduLevel is now an optional field","messageBody":"","fileTypesAndContributionMap":{"functional-code":{"insertions":2,"deletions":2}}}]},{"date":"2025-03-17","commitResults":[{"hash":"efa93968a8ada3b57bda56c47a8027b6b8e4dc18","isMergeCommit":false,"messageTitle":"Add test case for EduLevel","messageBody":"","fileTypesAndContributionMap":{"functional-code":{"insertions":1,"deletions":1},"test-code":{"insertions":91,"deletions":2}}},{"hash":"d96f5ad1935a763420f088a72d8e3fa5747093e8","isMergeCommit":true,"messageTitle":"Resolve merge conflict with upstream master","messageBody":"","fileTypesAndContributionMap":{}},{"hash":"d7846c3b7f2324ab99a060c5a282a9858e2c206c","isMergeCommit":false,"messageTitle":"Comply with team coding standards","messageBody":"","fileTypesAndContributionMap":{"functional-code":{"insertions":10,"deletions":11},"test-code":{"insertions":3,"deletions":3}}}]},{"date":"2025-03-18","commitResults":[{"hash":"128b83e3cf4f24afc9123290ea9398f634bdcfb7","isMergeCommit":true,"messageTitle":"Merge pull request #61 from GaaneshT/branch-EduLevel","messageBody":"Add EduLevel Feature","fileTypesAndContributionMap":{}}]},{"date":"2025-03-19","commitResults":[{"hash":"57cef6081e96f38d30316357eb8b90bbc4d840a8","isMergeCommit":false,"messageTitle":"Add functionality for t+/ appending tags","messageBody":"","fileTypesAndContributionMap":{"functional-code":{"insertions":30,"deletions":5},"docs":{"insertions":16,"deletions":13}}},{"hash":"ed045dd283b513a476d51d5d55fc98f8b7f172ff","isMergeCommit":false,"messageTitle":"Add test cases for t+/ in EditCommandTest","messageBody":"","fileTypesAndContributionMap":{"test-code":{"insertions":25,"deletions":2}}},{"hash":"53191746007329d2a5b8d864b22ca8a8542ebfe7","isMergeCommit":true,"messageTitle":"Merge pull request #79 from GaaneshT/branch-appendTags","messageBody":"Add functionality for t+/ appending tags","fileTypesAndContributionMap":{}}]},{"date":"2025-03-23","commitResults":[{"hash":"5ab60e34868707a1e19587cf0e2e50bfa4ead5de","isMergeCommit":false,"messageTitle":"Implement Sort functionality","messageBody":"","fileTypesAndContributionMap":{"functional-code":{"insertions":90,"deletions":0},"test-code":{"insertions":5,"deletions":0}}},{"hash":"afdd017f5356afa9cdddeb008b159258dc05f771","isMergeCommit":false,"messageTitle":"Update UG to include Sort Command","messageBody":"","fileTypesAndContributionMap":{"docs":{"insertions":9,"deletions":0},"test-code":{"insertions":4,"deletions":0}}},{"hash":"453addd38c43bbd7ce93ff39672d0210d474e60d","isMergeCommit":false,"messageTitle":"Update UG to include Sort Command","messageBody":"","fileTypesAndContributionMap":{"test-code":{"insertions":0,"deletions":4}}},{"hash":"d68f552f606fb336b4c6a226cba55f4cd7a9a511","isMergeCommit":false,"messageTitle":"Add test case SortCommandTest to test sort command","messageBody":"","fileTypesAndContributionMap":{"test-code":{"insertions":152,"deletions":0}}},{"hash":"d833998baca4c18c3de0d00a8c3571690fa88353","isMergeCommit":false,"messageTitle":"Update SortCommandTest to include more tests and remove helper function","messageBody":"","fileTypesAndContributionMap":{"test-code":{"insertions":40,"deletions":38}}},{"hash":"14f018cfe2cd626f01538c39f615141e09d7f68a","isMergeCommit":false,"messageTitle":"Update SortCommandTest to include more tests and remove helper function","messageBody":"","fileTypesAndContributionMap":{"test-code":{"insertions":2,"deletions":35}}}]},{"date":"2025-03-24","commitResults":[{"hash":"bb1968c5dcf946045044edf32bbb9b2b335e799c","isMergeCommit":true,"messageTitle":"Merge pull request #97 from GaaneshT/branch-createSort","messageBody":"Implement Sort functionality","fileTypesAndContributionMap":{}},{"hash":"2eae1b6a83db03b175270251e1228bbcc7e88610","isMergeCommit":true,"messageTitle":"Merge pull request #99 from GaaneshT/branch-updateSortCommandUG","messageBody":"Update the UG to include Sort command","fileTypesAndContributionMap":{}}]},{"date":"2025-03-27","commitResults":[{"hash":"f263b0afcd281b307acdfd8c9e21b28b1dbef51d","isMergeCommit":true,"messageTitle":"Merge pull request #106 from JunXiang26/branch-LightModeFeature","messageBody":"Add Light Theme Feature","fileTypesAndContributionMap":{}}]},{"date":"2025-04-02","commitResults":[{"hash":"d30cf7bf6ffdeee445beaf0ce6fd0702ccd7ba60","isMergeCommit":false,"messageTitle":"Update Use cases to include sort, clear and untag","messageBody":"","fileTypesAndContributionMap":{"docs":{"insertions":69,"deletions":6}}},{"hash":"704c9304f1df9803872d24a96a04952554a293ae","isMergeCommit":false,"messageTitle":"Fix punctuations","messageBody":"","fileTypesAndContributionMap":{"docs":{"insertions":5,"deletions":5}}},{"hash":"25d45bdb483cdc976888eb5079ec090ab164a809","isMergeCommit":false,"messageTitle":"add PUML for sort command","messageBody":"","fileTypesAndContributionMap":{"docs":{"insertions":64,"deletions":1}}},{"hash":"8705055a3079afc2105c6706c49286d9bb2c9407","isMergeCommit":false,"messageTitle":"Fix SortCommand PUML","messageBody":"","fileTypesAndContributionMap":{"docs":{"insertions":15,"deletions":10}}},{"hash":"4add84665c9509c1eb2bcfde90c5b15a824421a0","isMergeCommit":false,"messageTitle":"Fix SortCommand PUML","messageBody":"","fileTypesAndContributionMap":{"docs":{"insertions":60,"deletions":14}}},{"hash":"512943f4338ba508e3b0c91ca55af75f617b7b7d","isMergeCommit":false,"messageTitle":"Fix PUML diagram for sort","messageBody":"","fileTypesAndContributionMap":{"docs":{"insertions":3,"deletions":6}}}]},{"date":"2025-04-03","commitResults":[{"hash":"8a0a56158fa1f2fea6a3b591546bca50434e62b7","isMergeCommit":false,"messageTitle":"Fix PUML diagram for sort","messageBody":"","fileTypesAndContributionMap":{"docs":{"insertions":7,"deletions":1}}},{"hash":"2a2baed3cb7b77a023ed29b6dc28981378954319","isMergeCommit":false,"messageTitle":"Update Use cases to include sort, clear and untag","messageBody":"","fileTypesAndContributionMap":{"docs":{"insertions":70,"deletions":6}}},{"hash":"38930796fce8e9d58da4a6105a49f4eaa6500637","isMergeCommit":false,"messageTitle":"Fix punctuations","messageBody":"","fileTypesAndContributionMap":{"docs":{"insertions":5,"deletions":5}}},{"hash":"f66aa6c20f0e453b1b3464e398786c6ecd64142d","isMergeCommit":false,"messageTitle":"add PUML for sort command","messageBody":"","fileTypesAndContributionMap":{"docs":{"insertions":64,"deletions":1}}},{"hash":"f41acd474d0c183f28300e393ab9235490663b68","isMergeCommit":false,"messageTitle":"Fix SortCommand PUML","messageBody":"","fileTypesAndContributionMap":{"docs":{"insertions":15,"deletions":10}}},{"hash":"135431c398910f73fcbf956dae51128a10250e42","isMergeCommit":false,"messageTitle":"Fix SortCommand PUML","messageBody":"","fileTypesAndContributionMap":{"docs":{"insertions":60,"deletions":14}}},{"hash":"4e986be7dff4fe7f28329d8abd106219947943ae","isMergeCommit":false,"messageTitle":"Fix PUML diagram for sort","messageBody":"","fileTypesAndContributionMap":{"docs":{"insertions":3,"deletions":6}}},{"hash":"2ae4b37567dbbf76857a2151cb3c9a5375832430","isMergeCommit":false,"messageTitle":"Fix PUML diagram for sort","messageBody":"","fileTypesAndContributionMap":{"docs":{"insertions":7,"deletions":0}}},{"hash":"b6415b5cd966c257490172ee75d5c8adae5a4a02","isMergeCommit":false,"messageTitle":"Add UML Diagram for SortCommand in PNG","messageBody":"","fileTypesAndContributionMap":{"docs":{"insertions":1,"deletions":0}}},{"hash":"2e355e7363706af9c815389bbea6dcee2cda881c","isMergeCommit":false,"messageTitle":"Fix SortCommand Sequence Diagram","messageBody":"","fileTypesAndContributionMap":{"docs":{"insertions":12,"deletions":7}}},{"hash":"e2bc2d0ec92d9641169246144b82adac0bd8ef86","isMergeCommit":true,"messageTitle":"Merge branch \u0027branch-updateUseCase\u0027 of https://github.com/GaaneshT/tp into branch-updateUseCase","messageBody":"","fileTypesAndContributionMap":{}},{"hash":"2965eb456d09084cb153475d05028e82c245463e","isMergeCommit":true,"messageTitle":"Merge pull request #153 from GaaneshT/branch-updateUseCase","messageBody":"Update Use cases to include sort, clear and untag","fileTypesAndContributionMap":{}},{"hash":"104511505f3e8b5a887b3cfc9c388d41757cd40f","isMergeCommit":false,"messageTitle":"Edit use cases in Developer Guide","messageBody":"","fileTypesAndContributionMap":{"docs":{"insertions":20,"deletions":1}}},{"hash":"b6379eb8f712e0fd06d7fce3653ad3675667be7e","isMergeCommit":true,"messageTitle":"Merge pull request #172 from GaaneshT/branch-fixUseCase","messageBody":"Edit use cases in Developer Guide","fileTypesAndContributionMap":{}}]}],"samuelkwik":[{"date":"2025-03-01","commitResults":[{"hash":"ce6c63cdbe6a8b7dd1075132c299ad4e64326a92","isMergeCommit":false,"messageTitle":"Update AboutUs for Samuel","messageBody":"","fileTypesAndContributionMap":{"docs":{"insertions":9,"deletions":47}}},{"hash":"b0c894aa9e17672fc75ed76c89290d28132098cd","isMergeCommit":false,"messageTitle":"Update samuelkwik.md","messageBody":"","fileTypesAndContributionMap":{"docs":{"insertions":1,"deletions":1}}},{"hash":"bb4417fe84db7dfb1234fa1722646a26c477e66c","isMergeCommit":false,"messageTitle":"Update samuelkwik.md","messageBody":"","fileTypesAndContributionMap":{"docs":{"insertions":1,"deletions":0}}},{"hash":"28ba8ec4e3f4577e32b703ef24cf695d9cec3728","isMergeCommit":false,"messageTitle":"Add EOL to AboutUs.md","messageBody":"","fileTypesAndContributionMap":{"docs":{"insertions":1,"deletions":1}}},{"hash":"30dfac2cd5a1bd73cb260d6f9c5991dcfcf155dd","isMergeCommit":true,"messageTitle":"Merge branch \u0027master\u0027 into branch-addSamDetails","messageBody":"","fileTypesAndContributionMap":{}},{"hash":"e12006bb8296fa7dfd683d6ef26aea2c05484319","isMergeCommit":true,"messageTitle":"Merge pull request #22 from samuelkwik/branch-addSamDetails","messageBody":"Update AboutUs for Samuel","fileTypesAndContributionMap":{}}]},{"date":"2025-03-06","commitResults":[{"hash":"05c74a13bda93683d97555660bd930c065b3efb8","isMergeCommit":false,"messageTitle":"Update DG to include use case for \"add person\"","messageBody":"","fileTypesAndContributionMap":{"docs":{"insertions":29,"deletions":1}}},{"hash":"2a8560c422fb0258cc54fd2d05d563ac0b1e4608","isMergeCommit":false,"messageTitle":"Update add user case to follow standardised formatting","messageBody":"","fileTypesAndContributionMap":{"docs":{"insertions":7,"deletions":8}}},{"hash":"6064282647618706a638883db96cfdb7c6bac532","isMergeCommit":false,"messageTitle":"Update DeveloperGuide.md","messageBody":"","fileTypesAndContributionMap":{"docs":{"insertions":1,"deletions":1}}}]},{"date":"2025-03-07","commitResults":[{"hash":"8a2ba4de9cf7ff6876038660a1d005ffa4c3fef3","isMergeCommit":true,"messageTitle":"Merge branch \u0027branch-UseCases-Add\u0027 of https://github.com/samuelkwik/tp into branch-UseCases-Add","messageBody":"","fileTypesAndContributionMap":{}},{"hash":"2b8c3f13ca1c52acfea4d0ab12704af2f44aad60","isMergeCommit":false,"messageTitle":"Remove sample use case to prevent confusion","messageBody":"","fileTypesAndContributionMap":{"docs":{"insertions":0,"deletions":23}}}]},{"date":"2025-03-08","commitResults":[{"hash":"1abee0c54ada4c94248bf89b72d84fdc441621e4","isMergeCommit":false,"messageTitle":"Expand personCard UI element","messageBody":"","fileTypesAndContributionMap":{"functional-code":{"insertions":41,"deletions":3}}},{"hash":"f4c12cb99a828115744d411156ad00c1f8815b6a","isMergeCommit":false,"messageTitle":"Add dynamically flowing details","messageBody":"","fileTypesAndContributionMap":{"functional-code":{"insertions":52,"deletions":57}}}]},{"date":"2025-03-09","commitResults":[{"hash":"d943fffd6f95b247e05ed355d8282f0f4e48e762","isMergeCommit":true,"messageTitle":"Merge pull request #54 from samuelkwik/branch-expandPersonCard","messageBody":"Expand personCard UI element","fileTypesAndContributionMap":{}}]},{"date":"2025-03-12","commitResults":[{"hash":"246133a3192b72e0c82f33ae4f00427f6d0e104d","isMergeCommit":false,"messageTitle":"Fix tags overflowing","messageBody":"","fileTypesAndContributionMap":{"functional-code":{"insertions":37,"deletions":27}}}]},{"date":"2025-03-15","commitResults":[{"hash":"26cdedfe506522808e36303a77f3dd31df652482","isMergeCommit":false,"messageTitle":"Add support to toggle tags between wrapped and short ellipsis form","messageBody":"","fileTypesAndContributionMap":{"functional-code":{"insertions":1,"deletions":0}}},{"hash":"95c379a553a91d27e30865c4c6e5bc024710629f","isMergeCommit":false,"messageTitle":"Add support for removing tags with \u0027t-/\u0027","messageBody":"","fileTypesAndContributionMap":{"functional-code":{"insertions":28,"deletions":3}}}]},{"date":"2025-03-16","commitResults":[{"hash":"38010c4e81faf62e0347388b85d02a2db9db6c10","isMergeCommit":false,"messageTitle":"Fix checkstyle errors","messageBody":"","fileTypesAndContributionMap":{"functional-code":{"insertions":13,"deletions":6}}},{"hash":"930a17a2b7ba163f13f2c508f1f4b618aa1e2387","isMergeCommit":true,"messageTitle":"Merge branch \u0027master\u0027 into branch_ManageTagsRemove","messageBody":"","fileTypesAndContributionMap":{}},{"hash":"2320b4ede2428a5d3278aeea32fd8cf989d2d59d","isMergeCommit":false,"messageTitle":"Remove trailing whitespace","messageBody":"","fileTypesAndContributionMap":{"functional-code":{"insertions":1,"deletions":2}}},{"hash":"d3ea15a3b8d3b2e96fbf9b468c691f863bfbd123","isMergeCommit":false,"messageTitle":"Add newline to EOF","messageBody":"","fileTypesAndContributionMap":{"functional-code":{"insertions":1,"deletions":2}}},{"hash":"b36c47b89c3b70bac018ff59883aa8c65afe37e9","isMergeCommit":false,"messageTitle":"Fix merge conflict error","messageBody":"","fileTypesAndContributionMap":{"functional-code":{"insertions":1,"deletions":1}}},{"hash":"b693408ce9f84062581b1a64ddeefd81d28c2bf0","isMergeCommit":false,"messageTitle":"Fix bug in EditCommandParser","messageBody":"","fileTypesAndContributionMap":{"functional-code":{"insertions":6,"deletions":3},"test-code":{"insertions":26,"deletions":3}}}]},{"date":"2025-03-17","commitResults":[{"hash":"488adda7b9465f0aa38c54b958f39ee6bd50ac4f","isMergeCommit":false,"messageTitle":"Update UG to include \u0027t-/\u0027 prefix in edit command","messageBody":"","fileTypesAndContributionMap":{"docs":{"insertions":21,"deletions":13}}}]},{"date":"2025-03-18","commitResults":[{"hash":"0840c7da90a18073e49067313b722e00a241c7de","isMergeCommit":true,"messageTitle":"Merge branch \u0027master\u0027 into branch_ManageTagsRemove","messageBody":"","fileTypesAndContributionMap":{}},{"hash":"dde6341fb7799dba0820d099ae8b1dd2eb1b912b","isMergeCommit":true,"messageTitle":"Merge branch \u0027master\u0027 into branch-DynamicPersonCardDetails","messageBody":"","fileTypesAndContributionMap":{}},{"hash":"c8f1c96cefd66613f0bc4e7839fb2834a70700f3","isMergeCommit":false,"messageTitle":"Standardise EduLevel parameter naming, resolve merge conflicts in PersonCard","messageBody":"","fileTypesAndContributionMap":{"functional-code":{"insertions":33,"deletions":24},"test-code":{"insertions":1,"deletions":1}}},{"hash":"a9f54e46fcc6c7041684207d0ef3fc392f06e4d9","isMergeCommit":true,"messageTitle":"Merge pull request #76 from boinkkitty/branch-AddExpectedGrade","messageBody":"Add Expected Grade Feature","fileTypesAndContributionMap":{}},{"hash":"17695e17f9a2c9ec6a73b673c298f12bfa0ef9a8","isMergeCommit":true,"messageTitle":"Merge remote-tracking branch \u0027upstream/master\u0027 into branch-DynamicPersonCardDetails","messageBody":"# Conflicts:\n#\tsrc/main/java/seedu/address/ui/PersonCard.java\n","fileTypesAndContributionMap":{}},{"hash":"7d54e33990b0207b2f020db9ee2ff03b9957fbff","isMergeCommit":true,"messageTitle":"Merge remote-tracking branch \u0027upstream/master\u0027 into branch_ManageTagsRemove","messageBody":"","fileTypesAndContributionMap":{}},{"hash":"fb3fef3ca5732aeecf035bdf0ae90cc5251c75c2","isMergeCommit":false,"messageTitle":"Fix missing parameter in editcommand help message","messageBody":"","fileTypesAndContributionMap":{"functional-code":{"insertions":2,"deletions":1}}},{"hash":"41a37c2c69619b3122a9ab2d91ffe994737b4066","isMergeCommit":true,"messageTitle":"Merge pull request #70 from samuelkwik/branch_ManageTagsRemove","messageBody":"Add support for removing tags with \u0027t-/\u0027","fileTypesAndContributionMap":{}}]},{"date":"2025-03-25","commitResults":[{"hash":"7ac9676a9b4c8a911559cdd15fa84ed2af842786","isMergeCommit":false,"messageTitle":"Replace all instances of \u0027clear\u0027 with \u0027purge\u0027","messageBody":"","fileTypesAndContributionMap":{"functional-code":{"insertions":3,"deletions":3},"other":{"insertions":7,"deletions":7},"docs":{"insertions":8,"deletions":8},"test-code":{"insertions":6,"deletions":6}}},{"hash":"a4bdf5684d261257dd5649a5b2365535655ffee3","isMergeCommit":false,"messageTitle":"Add support for clear command","messageBody":"","fileTypesAndContributionMap":{"functional-code":{"insertions":332,"deletions":1},"test-code":{"insertions":325,"deletions":2}}},{"hash":"a6a278021887d8420a7c3d3690dc1674d77b4f2a","isMergeCommit":false,"messageTitle":"Fix ClearCommand usage message","messageBody":"","fileTypesAndContributionMap":{"functional-code":{"insertions":4,"deletions":4}}},{"hash":"6961bf82737678a7e516c06097f00cf7bc9c8852","isMergeCommit":false,"messageTitle":"Add documentation for ClearCommand","messageBody":"","fileTypesAndContributionMap":{"functional-code":{"insertions":2,"deletions":2},"docs":{"insertions":25,"deletions":4}}},{"hash":"db1be2b57eaa895353deabbba6c65290918010fa","isMergeCommit":true,"messageTitle":"Merge branch \u0027master\u0027 into branch_BulkDelete","messageBody":"","fileTypesAndContributionMap":{}}]},{"date":"2025-03-26","commitResults":[{"hash":"47355465a4baba974f3db475240975c9c3f36340","isMergeCommit":true,"messageTitle":"Merge branch \u0027master\u0027 of https://github.com/AY2425S2-CS2103-F15-2/tp into branch_BulkDelete","messageBody":"","fileTypesAndContributionMap":{}},{"hash":"a163b2c1939be01b710bd41fb04f7acee3d05f55","isMergeCommit":true,"messageTitle":"Merge branch \u0027branch_BulkDelete\u0027 of https://github.com/samuelkwik/tp into branch_BulkDelete","messageBody":"","fileTypesAndContributionMap":{}},{"hash":"4183aa8f5739a0ef551079952530b70a905c7b0f","isMergeCommit":false,"messageTitle":"Fix bug that allowed empty set of tags to be passed","messageBody":"","fileTypesAndContributionMap":{"functional-code":{"insertions":7,"deletions":2}}},{"hash":"16a99053db16292f54559cbba3ddeac91b72a707","isMergeCommit":false,"messageTitle":"Fix test case regression","messageBody":"","fileTypesAndContributionMap":{"test-code":{"insertions":2,"deletions":1}}},{"hash":"d632e722c3e8da8fa5aa9f99493eb92a1e4d218d","isMergeCommit":true,"messageTitle":"Merge pull request #103 from samuelkwik/branch_BulkDelete","messageBody":"Add support to bulk delete students","fileTypesAndContributionMap":{}}]},{"date":"2025-03-27","commitResults":[{"hash":"b53290a341206998b7eb04ff021cc0d2daabedc2","isMergeCommit":true,"messageTitle":"Merge pull request #109 from boinkkitty/branch-UpdateUG","messageBody":"Update UserGuide and UML Diagrams","fileTypesAndContributionMap":{}},{"hash":"9e01f0a67ad942e3ab93d65a60b1aaa4441c1c77","isMergeCommit":true,"messageTitle":"Merge pull request #108 from boinkkitty/branch-AddFilter","messageBody":"Implement Filtered View Feature","fileTypesAndContributionMap":{}},{"hash":"05f7267e0bcaaa91f8332ce7d9b139afc7b4a932","isMergeCommit":false,"messageTitle":"Fix running pointer bug in clearCommand","messageBody":"","fileTypesAndContributionMap":{"functional-code":{"insertions":3,"deletions":3},"test-code":{"insertions":8,"deletions":3}}},{"hash":"c810e9e0265f6d0201b874c2dce0195e1a05bddc","isMergeCommit":false,"messageTitle":"Fix checkstyle violation","messageBody":"","fileTypesAndContributionMap":{"functional-code":{"insertions":5,"deletions":1}}},{"hash":"d2c49bdb60aaa663bc3b83c7f5201dd672eea5cd","isMergeCommit":true,"messageTitle":"Merge pull request #119 from samuelkwik/branch_FixClear","messageBody":"Fix running pointer bug in clearCommand","fileTypesAndContributionMap":{}}]},{"date":"2025-04-02","commitResults":[{"hash":"ed8a8c1bae63b8a2640cde20e52e336ab642b167","isMergeCommit":false,"messageTitle":"Fix non-blocking help window","messageBody":"","fileTypesAndContributionMap":{"functional-code":{"insertions":3,"deletions":1},"docs":{"insertions":3,"deletions":4}}}]}],"JunXiang26":[{"date":"2025-03-01","commitResults":[{"hash":"c70386483af99aaaa56a4b288b731f3f7c195e69","isMergeCommit":false,"messageTitle":"Update AboutUs for Jun Xiang","messageBody":"","fileTypesAndContributionMap":{"docs":{"insertions":5,"deletions":45}}},{"hash":"2768b086b2ff8559a3c7edbe719985053d8787c5","isMergeCommit":false,"messageTitle":"Fix newline check error","messageBody":"","fileTypesAndContributionMap":{"docs":{"insertions":5,"deletions":1}}},{"hash":"6f76f0b51c60dd78cb0955f1df89e89bd0cb1d78","isMergeCommit":true,"messageTitle":"Merge branch \u0027master\u0027 into branch-UpdateAboutUsJunXiang","messageBody":"","fileTypesAndContributionMap":{}}]},{"date":"2025-03-03","commitResults":[{"hash":"741667822439ab72ba84f559b660bd8ab58b047b","isMergeCommit":false,"messageTitle":"Update NFR in DG","messageBody":"","fileTypesAndContributionMap":{"docs":{"insertions":4,"deletions":2}}}]},{"date":"2025-03-07","commitResults":[{"hash":"056e01d3fb76b4f794e1d78238bb8fc1b3ec6d45","isMergeCommit":true,"messageTitle":"Merge pull request #39 from samuelkwik/branch-UseCases-Add","messageBody":"Update DG to include use case for \"add person\"","fileTypesAndContributionMap":{}}]},{"date":"2025-03-10","commitResults":[{"hash":"8aa4df3032d4a26f3497afd132c1ce1e6f3fd4bd","isMergeCommit":false,"messageTitle":"Update Tp README.md","messageBody":"","fileTypesAndContributionMap":{"docs":{"insertions":22,"deletions":13}}},{"hash":"c8331b591cd9c45815ab4be4193b09ec7511b4d0","isMergeCommit":true,"messageTitle":"Merge pull request #57 from JunXiang26/branch-UpdateREADME","messageBody":"Update README.md","fileTypesAndContributionMap":{}}]},{"date":"2025-03-13","commitResults":[{"hash":"192fbbf3b478c591692068786ef30c0b73a96d47","isMergeCommit":false,"messageTitle":"Update Current Grade Feature","messageBody":"","fileTypesAndContributionMap":{"functional-code":{"insertions":151,"deletions":22},"docs":{"insertions":15,"deletions":13},"test-code":{"insertions":119,"deletions":17}}},{"hash":"1781b4082d2b8a197612f7f2b800f3b6cf0a6012","isMergeCommit":false,"messageTitle":"Fix Style Errors","messageBody":"","fileTypesAndContributionMap":{"functional-code":{"insertions":12,"deletions":6}}},{"hash":"51f0acc97f57d35ebefdd6462deb45b6557abb4e","isMergeCommit":false,"messageTitle":"Fix Stylecheck Errors","messageBody":"","fileTypesAndContributionMap":{"test-code":{"insertions":20,"deletions":10}}}]},{"date":"2025-03-14","commitResults":[{"hash":"78364275300b5647931ef768df6b645e1c7261bb","isMergeCommit":false,"messageTitle":"Fix Test Bugs","messageBody":"","fileTypesAndContributionMap":{"functional-code":{"insertions":8,"deletions":2},"docs":{"insertions":17,"deletions":1},"test-code":{"insertions":47,"deletions":23}}},{"hash":"20c6ae1201896a972d894fe83a1df9dd52cecfde","isMergeCommit":true,"messageTitle":"Merge branch \u0027master\u0027 into branch-CurrentGradeFeature","messageBody":"","fileTypesAndContributionMap":{}},{"hash":"0786b8b669ae3b2e300af76cdba8c0ca216c5720","isMergeCommit":false,"messageTitle":"Fix Merge Conflict","messageBody":"","fileTypesAndContributionMap":{"functional-code":{"insertions":10,"deletions":8},"test-code":{"insertions":5,"deletions":5}}}]},{"date":"2025-03-15","commitResults":[{"hash":"363bb94dd0adb4b295cc0ec872c64aed9e33fcf5","isMergeCommit":false,"messageTitle":"Resolve commit conflicts and comments","messageBody":"","fileTypesAndContributionMap":{"functional-code":{"insertions":15,"deletions":9},"docs":{"insertions":11,"deletions":13},"test-code":{"insertions":41,"deletions":16}}},{"hash":"0626c23e82f7466236f5538d978f0434c4d45b95","isMergeCommit":false,"messageTitle":"Fix output and minor bugs","messageBody":"","fileTypesAndContributionMap":{"functional-code":{"insertions":3,"deletions":1}}}]},{"date":"2025-03-16","commitResults":[{"hash":"58dd08438285fb6bd333dc5be85ac6a8218e3640","isMergeCommit":false,"messageTitle":"Fix valid regex and update message constraints","messageBody":"","fileTypesAndContributionMap":{"functional-code":{"insertions":3,"deletions":3}}}]},{"date":"2025-03-18","commitResults":[{"hash":"cd724eab39aa925b21528fe3b9d883e94dc626d2","isMergeCommit":false,"messageTitle":"Add colors to current grade feature","messageBody":"","fileTypesAndContributionMap":{"functional-code":{"insertions":93,"deletions":42},"test-code":{"insertions":25,"deletions":1}}},{"hash":"c9b24310d126438aa4e34b405f4e146a08bd6793","isMergeCommit":false,"messageTitle":"Update DarkTheme.css","messageBody":"","fileTypesAndContributionMap":{"functional-code":{"insertions":1,"deletions":9}}},{"hash":"870a152b6e69c5ef0f8b2257c3882cf3eb7e93b5","isMergeCommit":false,"messageTitle":"Resolve checkstyle","messageBody":"","fileTypesAndContributionMap":{"functional-code":{"insertions":1,"deletions":1}}}]},{"date":"2025-03-19","commitResults":[{"hash":"39a8bed9bf126822ea96cf56d85fe93ad2d1a4f0","isMergeCommit":true,"messageTitle":"Merge pull request #77 from JunXiang26/branch-CurrentGradesColor","messageBody":"Add colors to current grade feature","fileTypesAndContributionMap":{}}]},{"date":"2025-03-20","commitResults":[{"hash":"2a04afd4b783b12a6a5733f6333276725ecf41ba","isMergeCommit":true,"messageTitle":"Merge pull request #83 from boinkkitty/branch-ExpectedGradeBug","messageBody":"Fix Expected Grade Bug","fileTypesAndContributionMap":{}}]},{"date":"2025-03-26","commitResults":[{"hash":"860532cb716951bafca2de56bc090e3672533f94","isMergeCommit":false,"messageTitle":"Add Light Theme Feature","messageBody":"","fileTypesAndContributionMap":{"functional-code":{"insertions":330,"deletions":3},"other":{"insertions":0,"deletions":23},"test-code":{"insertions":4,"deletions":0}}},{"hash":"235674108fff14fcd7072bbbd1a91daa22b81adc","isMergeCommit":false,"messageTitle":"Resolve commit issues","messageBody":"","fileTypesAndContributionMap":{"functional-code":{"insertions":154,"deletions":157},"docs":{"insertions":9,"deletions":1},"test-code":{"insertions":50,"deletions":21}}},{"hash":"341f598988e38361d326e4c1862fe3e1566b0b66","isMergeCommit":false,"messageTitle":"Update User Guide","messageBody":"","fileTypesAndContributionMap":{"docs":{"insertions":32,"deletions":13}}},{"hash":"bcd4c84ecb96bb20637fb65280cfc7e1f3f1b596","isMergeCommit":true,"messageTitle":"Merge branch \u0027master\u0027 into branch-LightModeUG","messageBody":"","fileTypesAndContributionMap":{}},{"hash":"48c7eb1e170a141f0ac3ded6a6cf1fdaad582573","isMergeCommit":true,"messageTitle":"Merge branch \u0027master\u0027 into branch-LightModeFeature","messageBody":"","fileTypesAndContributionMap":{}},{"hash":"f47deb0c94e127a0572c0877d31483b0fa5245c9","isMergeCommit":false,"messageTitle":"Resolve merge conficts","messageBody":"","fileTypesAndContributionMap":{"functional-code":{"insertions":3,"deletions":3},"test-code":{"insertions":1,"deletions":1}}},{"hash":"3de065415793001a62174788b88bcd1d98e03824","isMergeCommit":false,"messageTitle":"Update for CodeCov","messageBody":"","fileTypesAndContributionMap":{"test-code":{"insertions":10,"deletions":0}}}]},{"date":"2025-03-27","commitResults":[{"hash":"c40c289cd6f354761983510ea288fd2004b51dfa","isMergeCommit":true,"messageTitle":"Merge branch \u0027master\u0027 into branch-LightModeUG","messageBody":"","fileTypesAndContributionMap":{}}]},{"date":"2025-03-28","commitResults":[{"hash":"47a46b285e0cc2125cde315aef86644d137b4f4a","isMergeCommit":true,"messageTitle":"Merge pull request #124 from boinkkitty/branch-UpdateCommand","messageBody":"Add test cases and resolve expectedGrade bug","fileTypesAndContributionMap":{}}]},{"date":"2025-04-01","commitResults":[{"hash":"6f16c242f57bbf36b8c6efa8094344786ae1569a","isMergeCommit":true,"messageTitle":"Merge pull request #128 from Shamanbenny/branch-TagLimit","messageBody":"Update minimum Window size and Tag Limitations","fileTypesAndContributionMap":{}}]},{"date":"2025-04-03","commitResults":[{"hash":"1bb94514f58ed6f7e08382aad29d24c586b2fac9","isMergeCommit":false,"messageTitle":"Update Use cases to include find, filter, help, toggletheme and exit commands","messageBody":"","fileTypesAndContributionMap":{"other":{"insertions":4,"deletions":0},"docs":{"insertions":157,"deletions":31}}},{"hash":"f1e72142feb2fed569f45e45362a3ac1b90f1d00","isMergeCommit":true,"messageTitle":"Merge branch \u0027master\u0027 into branch-UpdateDG","messageBody":"","fileTypesAndContributionMap":{}}]}],"boinkkitty":[{"date":"2025-03-01","commitResults":[{"hash":"60e76cf01bb089ad9557c017b4aae86aa34b55ad","isMergeCommit":false,"messageTitle":"Update About Us page","messageBody":"","fileTypesAndContributionMap":{"docs":{"insertions":10,"deletions":45}}},{"hash":"3c469c4e2b0b1beb63bc4878264727bd48392fe6","isMergeCommit":false,"messageTitle":"Add end of line to markdown files","messageBody":"","fileTypesAndContributionMap":{"docs":{"insertions":2,"deletions":2}}},{"hash":"fd57adad90f3103afc13614b102c9d94cefb1a79","isMergeCommit":true,"messageTitle":"Merge pull request #21 from boinkkitty/branch-UpdateDarylAboutUs","messageBody":"Update About Us page to include Daryl","fileTypesAndContributionMap":{}}]},{"date":"2025-03-07","commitResults":[{"hash":"8fb35d9a549d7e92156557e50591cfa53ed661f6","isMergeCommit":false,"messageTitle":"Add delete use case and use case labelling","messageBody":"","fileTypesAndContributionMap":{"docs":{"insertions":21,"deletions":1}}}]},{"date":"2025-03-14","commitResults":[{"hash":"e91515f35da87387570bb17ae3fa2cf8e0b3b416","isMergeCommit":false,"messageTitle":"Add ExpectedGrade feature and update testcases","messageBody":"","fileTypesAndContributionMap":{"functional-code":{"insertions":160,"deletions":35},"test-code":{"insertions":221,"deletions":116}}},{"hash":"adda4de1cd9c509c833068d96a2e859469b064c8","isMergeCommit":false,"messageTitle":"Fix tests and resolve some bugs","messageBody":"","fileTypesAndContributionMap":{"functional-code":{"insertions":6,"deletions":2},"test-code":{"insertions":10,"deletions":13}}},{"hash":"c5709f1419e6c8b1e3e9c5cb41f39481785a2728","isMergeCommit":false,"messageTitle":"Edit for tutorial 2","messageBody":"","fileTypesAndContributionMap":{"functional-code":{"insertions":1,"deletions":0}}}]},{"date":"2025-03-16","commitResults":[{"hash":"289e3e0e60189b2acde9762bdc8e68f13fa811d8","isMergeCommit":false,"messageTitle":"Update test cases and resolve test case failures","messageBody":"","fileTypesAndContributionMap":{"functional-code":{"insertions":5,"deletions":4},"test-code":{"insertions":25,"deletions":22}}}]},{"date":"2025-03-17","commitResults":[{"hash":"676569cf09b85a83f865e692c0e6eee152132581","isMergeCommit":false,"messageTitle":"Follow checkstyle requirements","messageBody":"","fileTypesAndContributionMap":{"functional-code":{"insertions":7,"deletions":5}}}]},{"date":"2025-03-18","commitResults":[{"hash":"5a0d4ac7b480078a84659c3d1ab866de53b6a9b4","isMergeCommit":false,"messageTitle":"Fix code to follow checkstyle requirements","messageBody":"","fileTypesAndContributionMap":{"functional-code":{"insertions":5,"deletions":4}}},{"hash":"05e3b544b31bd3826f915dbb0039000dbf6df197","isMergeCommit":true,"messageTitle":"Resolve conflicts and add Expected Grade label","messageBody":"","fileTypesAndContributionMap":{}},{"hash":"c4a79b1a7abd706989be36434fe47b8227f8118b","isMergeCommit":false,"messageTitle":"Update code to follow checkstyle convention","messageBody":"","fileTypesAndContributionMap":{"test-code":{"insertions":45,"deletions":4}}}]},{"date":"2025-03-19","commitResults":[{"hash":"d267b3629668d792763adfdb5980b3946ec34539","isMergeCommit":false,"messageTitle":"Add colors for ExpectedGrade in PersonCard","messageBody":"","fileTypesAndContributionMap":{"functional-code":{"insertions":19,"deletions":6},"test-code":{"insertions":15,"deletions":2}}},{"hash":"cb69302edc8a39a8b52b93634e82b9df26ebd80f","isMergeCommit":false,"messageTitle":"Align ExpectedGrade with CurrentGrade","messageBody":"","fileTypesAndContributionMap":{"functional-code":{"insertions":2,"deletions":1}}},{"hash":"5828113cc438285a798f7bb7ae2881b55e4b25f4","isMergeCommit":true,"messageTitle":"Merge pull request #78 from boinkkitty/branch-AddColorExpectedGrade","messageBody":"Add colors to Expected Grade feature","fileTypesAndContributionMap":{}},{"hash":"b85d3db06e65dfdfdfdfa55755e64f887753fafd","isMergeCommit":false,"messageTitle":"Resolved ExpectedGrade Bug","messageBody":"","fileTypesAndContributionMap":{"functional-code":{"insertions":2,"deletions":18}}},{"hash":"e7ee7b1733612fe0b295eb7042f755ca9394d06b","isMergeCommit":false,"messageTitle":"Fix ExpectedGrade bug and add documentation to UG","messageBody":"","fileTypesAndContributionMap":{"docs":{"insertions":78,"deletions":13},"test-code":{"insertions":1,"deletions":0}}}]},{"date":"2025-03-26","commitResults":[{"hash":"7dd1d28ec8aea709b654a592734e371449b8c424","isMergeCommit":false,"messageTitle":"Add FilterCommand and Parser class","messageBody":"","fileTypesAndContributionMap":{"functional-code":{"insertions":296,"deletions":0},"test-code":{"insertions":47,"deletions":0}}}]},{"date":"2025-03-27","commitResults":[{"hash":"ff2df6f42176183d590e0363b2d27729f5755675","isMergeCommit":false,"messageTitle":"Add test cases for FilterCommand and Parser","messageBody":"","fileTypesAndContributionMap":{"functional-code":{"insertions":8,"deletions":8},"test-code":{"insertions":269,"deletions":20}}},{"hash":"1fafe826fed37190054bc6dfea833bd379112772","isMergeCommit":false,"messageTitle":"Add error prevention for Filter Command","messageBody":"","fileTypesAndContributionMap":{"functional-code":{"insertions":4,"deletions":0},"test-code":{"insertions":15,"deletions":1}}},{"hash":"49b13b9860d887fc146b502af0e6531d5602d33a","isMergeCommit":false,"messageTitle":"Update UserGuide and UML Diagrams","messageBody":"","fileTypesAndContributionMap":{"docs":{"insertions":20,"deletions":1}}},{"hash":"fd704036f972293d517f0b5a6c3e3d63422acfd6","isMergeCommit":false,"messageTitle":"Fix bug in UI for Persons List","messageBody":"","fileTypesAndContributionMap":{"functional-code":{"insertions":8,"deletions":0}}}]},{"date":"2025-03-28","commitResults":[{"hash":"ecc9c615226040dd482ac93902f9121eb7fe5caa","isMergeCommit":false,"messageTitle":"Update CSS Styling for UI","messageBody":"","fileTypesAndContributionMap":{"functional-code":{"insertions":2,"deletions":2}}},{"hash":"fb74c28f8c6504f5905bdfabc8f8124f0a1dc79e","isMergeCommit":false,"messageTitle":"Add Parser classes","messageBody":"","fileTypesAndContributionMap":{"functional-code":{"insertions":155,"deletions":124}}},{"hash":"c0886f896b81cca5de7b890f7c90a03819f540f6","isMergeCommit":false,"messageTitle":"Fix ExpectedGrade bug","messageBody":"","fileTypesAndContributionMap":{"functional-code":{"insertions":122,"deletions":3}}},{"hash":"5b9facee1ad7c5f00c3de5b3d9cd8f6847af2ce7","isMergeCommit":false,"messageTitle":"Add Testing to command","messageBody":"","fileTypesAndContributionMap":{"test-code":{"insertions":46,"deletions":5}}}]},{"date":"2025-03-30","commitResults":[{"hash":"2d90e78e47e549741de6599cb7c24fdda06a9881","isMergeCommit":false,"messageTitle":"Add length limit for String input fields","messageBody":"","fileTypesAndContributionMap":{"functional-code":{"insertions":53,"deletions":8}}}]},{"date":"2025-03-31","commitResults":[{"hash":"44a362aaec42cf982bcc3b8337cc140aaead0309","isMergeCommit":false,"messageTitle":"Add Test Cases","messageBody":"","fileTypesAndContributionMap":{"functional-code":{"insertions":4,"deletions":4},"test-code":{"insertions":76,"deletions":0}}},{"hash":"30020d2c9b1f716bb7747635f37d18dfd55888c9","isMergeCommit":false,"messageTitle":"Update string input limits and test cases","messageBody":"","fileTypesAndContributionMap":{"functional-code":{"insertions":4,"deletions":4},"test-code":{"insertions":31,"deletions":1}}},{"hash":"abb6e61e7c58f5d83f8fac0040ccb9fa6c0e2617","isMergeCommit":false,"messageTitle":"Add test coverage for limited input fields","messageBody":"","fileTypesAndContributionMap":{"test-code":{"insertions":27,"deletions":0}}}]},{"date":"2025-04-03","commitResults":[{"hash":"178def00ece94ef1b3508c2b21d7b09eaf9e1707","isMergeCommit":true,"messageTitle":"Merge pull request #174 from JunXiang26/branch-UpdateDG","messageBody":"Update Use Cases to include find, filter, help, toggletheme and exit commands","fileTypesAndContributionMap":{}}]}],"Shamanbenny":[{"date":"2025-03-01","commitResults":[{"hash":"c1f95a6bd2edec7a703d762cc4b83c79608d04b5","isMergeCommit":false,"messageTitle":"Update About Us page","messageBody":"","fileTypesAndContributionMap":{"docs":{"insertions":10,"deletions":45}}},{"hash":"e91ea3262d4c3407db2000288acf2c9e60549b9a","isMergeCommit":true,"messageTitle":"Merge pull request #23 from JunXiang26/branch-UpdateAboutUsJunXiang","messageBody":"Update AboutUs for Jun Xiang","fileTypesAndContributionMap":{}},{"hash":"884da0311dc4ab17f6a1bfd82f822b256424a496","isMergeCommit":true,"messageTitle":"Merge pull request #24 from TheEnd-alr-taken/branch-UpdateAboutUs","messageBody":"Update the AboutUs page for Danial","fileTypesAndContributionMap":{}},{"hash":"8812f52675fade93236ff0746ebd68bf618aade6","isMergeCommit":true,"messageTitle":"Merge branch \u0027master\u0027 into branch-UpdateBennyAboutUs","messageBody":"","fileTypesAndContributionMap":{}},{"hash":"31f068444e3e7bb170ec6d868c13701ea87c0e22","isMergeCommit":true,"messageTitle":"Merge pull request #19 from Shamanbenny/branch-UpdateBennyAboutUs","messageBody":"Update About Us page for Benny","fileTypesAndContributionMap":{}}]},{"date":"2025-03-06","commitResults":[{"hash":"00a64991ddb8aa95a78a4fbbfd914dfb4435c760","isMergeCommit":false,"messageTitle":"Update Project Docs from AB3","messageBody":"","fileTypesAndContributionMap":{"other":{"insertions":1,"deletions":1},"docs":{"insertions":23,"deletions":21}}}]},{"date":"2025-03-07","commitResults":[{"hash":"a746622da50ae97549452768bcaa6e40cffcdd10","isMergeCommit":true,"messageTitle":"Merge pull request #38 from Shamanbenny/branch-ProjectDescUpdate","messageBody":"Update Project Docs from AB3","fileTypesAndContributionMap":{}},{"hash":"e885b9768ff00b8493a6bed6163952aa1ca7c7f3","isMergeCommit":true,"messageTitle":"Merge pull request #43 from GaaneshT/branch-EditDGList","messageBody":"Add List use case in DG","fileTypesAndContributionMap":{}},{"hash":"7a5cdf94af1aa32fef0ef6f5c923035003cf9471","isMergeCommit":true,"messageTitle":"Merge pull request #42 from boinkkitty/branch-UseCases-Delete","messageBody":"Add \"delete person\" use case to DG and use case labelling","fileTypesAndContributionMap":{}},{"hash":"3ff5f2fef3b5cda3b288d509cc6f02b71259bcc9","isMergeCommit":false,"messageTitle":"Update Project Documentations","messageBody":"","fileTypesAndContributionMap":{"docs":{"insertions":211,"deletions":56}}}]},{"date":"2025-03-08","commitResults":[{"hash":"39fe6b5a96dbf52b819a908147061f0ed91b9745","isMergeCommit":false,"messageTitle":"Update Benny Portfolio Page","messageBody":"","fileTypesAndContributionMap":{"docs":{"insertions":11,"deletions":6}}},{"hash":"497f263956e9d0ab383fdedb2a62da45a559c4f6","isMergeCommit":true,"messageTitle":"Merge pull request #47 from Shamanbenny/branch-UpdateBennyAboutUs","messageBody":"Update Benny Portfolio Page","fileTypesAndContributionMap":{}},{"hash":"a84d7cb13cb44b86a96a3804869289233fb1c0a0","isMergeCommit":true,"messageTitle":"Merge branch \u0027master\u0027 of https://github.com/AY2425S2-CS2103-F15-2/tp into branch-ProjectDescUpdate","messageBody":"","fileTypesAndContributionMap":{}},{"hash":"04eb5714f9e8a50a99b0827f86944e8be5831df8","isMergeCommit":false,"messageTitle":"Fix Use Cases and Glossary","messageBody":"","fileTypesAndContributionMap":{"docs":{"insertions":25,"deletions":70}}},{"hash":"1ec2043e60b4472b0decff6a215655c5f2394d7e","isMergeCommit":false,"messageTitle":"Update minor changes to Use Cases","messageBody":"","fileTypesAndContributionMap":{"docs":{"insertions":4,"deletions":6}}}]},{"date":"2025-03-10","commitResults":[{"hash":"364a1b2710b714aece5c6770911822afd0d46a8a","isMergeCommit":true,"messageTitle":"Merge pull request #46 from Shamanbenny/branch-ProjectDescUpdate","messageBody":"Major Update to Project Documentations","fileTypesAndContributionMap":{}}]},{"date":"2025-03-12","commitResults":[{"hash":"fb6c286460d1ec9f880fbb1f5865b2e21d7d19fa","isMergeCommit":false,"messageTitle":"Add skeleton code for Payment Command","messageBody":"","fileTypesAndContributionMap":{"functional-code":{"insertions":39,"deletions":0},"test-code":{"insertions":26,"deletions":0}}}]},{"date":"2025-03-13","commitResults":[{"hash":"f91969687231a57c5abca33fb1048c237fb21af9","isMergeCommit":false,"messageTitle":"Update Payment Command parsing","messageBody":"","fileTypesAndContributionMap":{"functional-code":{"insertions":176,"deletions":11},"test-code":{"insertions":118,"deletions":3}}},{"hash":"add6a0e6badeba171019413e8cdf9b164cd1e454","isMergeCommit":false,"messageTitle":"Update Person to support PaymentInfo","messageBody":"","fileTypesAndContributionMap":{"functional-code":{"insertions":135,"deletions":12},"test-code":{"insertions":24,"deletions":6}}}]},{"date":"2025-03-14","commitResults":[{"hash":"27f44a79051e623b41e6d7776eb63045865b060e","isMergeCommit":false,"messageTitle":"Update Person for Storage and UI","messageBody":"","fileTypesAndContributionMap":{"functional-code":{"insertions":44,"deletions":15},"test-code":{"insertions":60,"deletions":12}}},{"hash":"7bbd684ec6db1e8eb1dac505cd58600fb24bd9d6","isMergeCommit":false,"messageTitle":"Update with working Payment Command","messageBody":"","fileTypesAndContributionMap":{"functional-code":{"insertions":55,"deletions":15}}},{"hash":"c6ce88b018f92c4d7213ab4771ecdf53405e2b21","isMergeCommit":false,"messageTitle":"Update Project Docs for Payment","messageBody":"","fileTypesAndContributionMap":{"docs":{"insertions":22,"deletions":2}}},{"hash":"356a4302300ee5ae6f52f44b4b7fcf78533853df","isMergeCommit":false,"messageTitle":"Fix error in PaymentCommandTest.java","messageBody":"","fileTypesAndContributionMap":{"functional-code":{"insertions":14,"deletions":4},"test-code":{"insertions":121,"deletions":12}}},{"hash":"ed6ef80b0e8496c4c62a4bba60a00aaf7b809ac1","isMergeCommit":true,"messageTitle":"Merge pull request #59 from Shamanbenny/branch-PaymentCommand","messageBody":"Add Payment Command Feature","fileTypesAndContributionMap":{}}]},{"date":"2025-03-15","commitResults":[{"hash":"156674f2056ab20003a9bde2671917124a1760d0","isMergeCommit":false,"messageTitle":"Update User Stories in Developer Guide","messageBody":"","fileTypesAndContributionMap":{"docs":{"insertions":25,"deletions":21}}}]},{"date":"2025-03-16","commitResults":[{"hash":"40857dcc028d743176e44bcd47876843f92c98fd","isMergeCommit":false,"messageTitle":"Add colored tags feature","messageBody":"","fileTypesAndContributionMap":{"functional-code":{"insertions":82,"deletions":26},"test-code":{"insertions":27,"deletions":3}}},{"hash":"600f939d5d1b2108493c3699ca5e9a6e9db23266","isMergeCommit":false,"messageTitle":"Update Project Documentations and Acknowledgement","messageBody":"","fileTypesAndContributionMap":{"functional-code":{"insertions":7,"deletions":0},"docs":{"insertions":3,"deletions":0}}},{"hash":"0e0d96b29ce21e4ae4e20f67c35cd806dfe29e8c","isMergeCommit":false,"messageTitle":"Update Benny\u0027s Portfolio Page","messageBody":"","fileTypesAndContributionMap":{"docs":{"insertions":5,"deletions":0}}}]},{"date":"2025-03-17","commitResults":[{"hash":"3239431cdcb158fa11615d22378de66b47b682c8","isMergeCommit":true,"messageTitle":"Merge pull request #69 from Shamanbenny/branch-ProjectDescUpdate","messageBody":"Update User Stories in Developer Guide","fileTypesAndContributionMap":{}},{"hash":"2774b38793bff11b3f34217736c408a09e0cb089","isMergeCommit":true,"messageTitle":"Merge pull request #73 from Shamanbenny/branch-ColorTags","messageBody":"Add colored tags feature\nNote: CodeCov not required, as main bulk of the changes are of `PersonCard.java`, which cannot be tested for using Java Unit Test.","fileTypesAndContributionMap":{}}]},{"date":"2025-03-18","commitResults":[{"hash":"b304c93f0df458ac8fc5856181eaf679ca8a4692","isMergeCommit":true,"messageTitle":"Merge pull request #75 from samuelkwik/branch-DynamicPersonCardDetails","messageBody":"Fix overflowing tags","fileTypesAndContributionMap":{}}]},{"date":"2025-03-20","commitResults":[{"hash":"ed05e9995c4d30abc59e660667343b0afa6c7282","isMergeCommit":false,"messageTitle":"Update SampleDataUtil to include new features","messageBody":"","fileTypesAndContributionMap":{"functional-code":{"insertions":41,"deletions":25}}},{"hash":"d0c8427f029984387e8e8d433d6ad31c87270f7e","isMergeCommit":false,"messageTitle":"Fix duplicated tags bypass in HashSet","messageBody":"","fileTypesAndContributionMap":{"functional-code":{"insertions":9,"deletions":10}}},{"hash":"5bca4387cdac8f0c174431ac7a610e6b1ded2659","isMergeCommit":false,"messageTitle":"Fix code quality and add more tests","messageBody":"","fileTypesAndContributionMap":{"functional-code":{"insertions":26,"deletions":25},"test-code":{"insertions":21,"deletions":2}}},{"hash":"ad50cec53b5b95ef067a8cab716cfc2cae4dc1d7","isMergeCommit":true,"messageTitle":"Merge pull request #84 from Shamanbenny/branch-ColorTags","messageBody":"Fix Duplicated Tag Bypass via Color Code","fileTypesAndContributionMap":{}},{"hash":"fbf06b6bb6435441ddc94f4171cc341c49cc2049","isMergeCommit":false,"messageTitle":"Fix visual bug for Wrapping of Tags","messageBody":"","fileTypesAndContributionMap":{"functional-code":{"insertions":13,"deletions":4}}},{"hash":"da7f8b354ac01b2c62adbc9dc3cf95ee26a801ce","isMergeCommit":false,"messageTitle":"Update Benny\u0027s Portfolio Page","messageBody":"","fileTypesAndContributionMap":{"docs":{"insertions":8,"deletions":1}}},{"hash":"3d9edd1cf2c6d24c2a6318f644212a52230f501b","isMergeCommit":true,"messageTitle":"Merge pull request #85 from Shamanbenny/branch-TagsWrappingBug","messageBody":"Fix visual bug for Wrapping of Tags","fileTypesAndContributionMap":{}},{"hash":"07e9dbe887152546e5c549e2ae8ad2e600e74322","isMergeCommit":false,"messageTitle":"Update Project User Guide","messageBody":"","fileTypesAndContributionMap":{"docs":{"insertions":18,"deletions":18}}},{"hash":"17665ef2c119fd917f9bccb52a08897815cfaaed","isMergeCommit":true,"messageTitle":"Merge pull request #87 from Shamanbenny/branch-ProjectDescUpdate","messageBody":"Update Project User Guide","tags":["v1.3"],"fileTypesAndContributionMap":{}},{"hash":"41508a06efd28b15bb8532a537ac29b6794f657a","isMergeCommit":false,"messageTitle":"Update Project User Guide","messageBody":"","fileTypesAndContributionMap":{"docs":{"insertions":1,"deletions":1}}},{"hash":"820601e100ed49df2be9bd797739e01e3dcbd86e","isMergeCommit":true,"messageTitle":"Merge pull request #88 from Shamanbenny/branch-ProjectDescUpdate","messageBody":"Update Project User Guide","fileTypesAndContributionMap":{}}]},{"date":"2025-03-25","commitResults":[{"hash":"bd12a0a7e9514d3db3eb120527d27c2376920c2f","isMergeCommit":false,"messageTitle":"Update payment command with status","messageBody":"","fileTypesAndContributionMap":{"functional-code":{"insertions":159,"deletions":60},"test-code":{"insertions":202,"deletions":100}}},{"hash":"7f0d4200c0d58e2f677b1900cf7487e8108e2aca","isMergeCommit":false,"messageTitle":"Update GUI for Payment Info","messageBody":"","fileTypesAndContributionMap":{"functional-code":{"insertions":84,"deletions":29}}},{"hash":"42afb0f01166617dd5f9c36ed3bb4cd0e0459125","isMergeCommit":false,"messageTitle":"Update Project Documentation","messageBody":"","fileTypesAndContributionMap":{"functional-code":{"insertions":1,"deletions":1},"docs":{"insertions":11,"deletions":6}}},{"hash":"8a7f26f79600a2c179b33bbc6d8c37c7c46afc11","isMergeCommit":false,"messageTitle":"Add test cases for ColorUtil.java","messageBody":"","fileTypesAndContributionMap":{"test-code":{"insertions":62,"deletions":0}}}]},{"date":"2025-03-27","commitResults":[{"hash":"0c80349b8b53b49891b5bc24c7d3c4419b2acc60","isMergeCommit":false,"messageTitle":"Update HelpWindow to redirect to our UG","messageBody":"","fileTypesAndContributionMap":{"functional-code":{"insertions":1,"deletions":1}}},{"hash":"01450257ce75ed6df683c28244e2bebb08f4ebd7","isMergeCommit":false,"messageTitle":"Update UG for unsigned integer in payment","messageBody":"","fileTypesAndContributionMap":{"docs":{"insertions":1,"deletions":1}}},{"hash":"99992e3455c8d3d498f33a439b350c8484637d6f","isMergeCommit":false,"messageTitle":"Update UG for invalid prefix usage","messageBody":"","fileTypesAndContributionMap":{"docs":{"insertions":2,"deletions":0}}},{"hash":"006598f3bd8f5dedc4f0a3053a663e876cd3d731","isMergeCommit":true,"messageTitle":"Merge pull request #117 from boinkkitty/branch-BugUIRows","messageBody":"Fix bug in UI for Persons List","fileTypesAndContributionMap":{}},{"hash":"00cef9cb81ea83b74102b1fccdfd0ee9944bb12c","isMergeCommit":true,"messageTitle":"Merge pull request #118 from Shamanbenny/branch-MinorBugFixes","messageBody":"Minor Bug Fixes prior to v1.4 release","fileTypesAndContributionMap":{}},{"hash":"682ee51135156996edec5c069a3a9861b067a33e","isMergeCommit":true,"messageTitle":"Merge pull request #107 from JunXiang26/branch-LightModeUG","messageBody":"Update User Guide for Switch Theme Command","fileTypesAndContributionMap":{}},{"hash":"5bc2ffd8c0bc486d6a784a16de4f467bfe55c6af","isMergeCommit":false,"messageTitle":"Update build.gradle file","messageBody":"","fileTypesAndContributionMap":{"other":{"insertions":1,"deletions":1}}},{"hash":"dfdc013bc6c8996087bed92e46f7f65a799ad9cd","isMergeCommit":true,"messageTitle":"Merge pull request #123 from Shamanbenny/branch-MinorBugFixes","messageBody":"Update build.gradle file","tags":["v1.4"],"fileTypesAndContributionMap":{}}]},{"date":"2025-03-31","commitResults":[{"hash":"c341a4a8d879b5be5088cb0cb7fa70ce1af41171","isMergeCommit":true,"messageTitle":"Merge pull request #127 from boinkkitty/branch-AddLimit","messageBody":"Add input limit to Name, Address, Email and Current Year","fileTypesAndContributionMap":{}}]},{"date":"2025-04-01","commitResults":[{"hash":"b4358befffc841db22bf02218da45cc3ef373ecf","isMergeCommit":false,"messageTitle":"Update minimum size for MainWindow","messageBody":"","fileTypesAndContributionMap":{"functional-code":{"insertions":4,"deletions":4}}},{"hash":"746b7f6e89957aad50d63228602244b7a803e8da","isMergeCommit":false,"messageTitle":"Update maximum limitation on Tags","messageBody":"","fileTypesAndContributionMap":{"functional-code":{"insertions":27,"deletions":11}}},{"hash":"0c05b021bebe1edda090226c15b6e26fd6b2c2a3","isMergeCommit":false,"messageTitle":"Fix test cases","messageBody":"","fileTypesAndContributionMap":{"functional-code":{"insertions":2,"deletions":2},"test-code":{"insertions":17,"deletions":19}}},{"hash":"23376301d484b7f118775a8ff1a783977a9b833e","isMergeCommit":false,"messageTitle":"Remove command usage inaccuracy","messageBody":"","fileTypesAndContributionMap":{"functional-code":{"insertions":1,"deletions":1},"test-code":{"insertions":2,"deletions":2}}},{"hash":"0c6870893a1bd2f6a308ca1ff0a529703741b01a","isMergeCommit":false,"messageTitle":"Update project documentation","messageBody":"","fileTypesAndContributionMap":{"docs":{"insertions":71,"deletions":67}}},{"hash":"e9af1916472228f7c37630f6b48409feb515adf5","isMergeCommit":false,"messageTitle":"Add test cases for Tag Limitations","messageBody":"","fileTypesAndContributionMap":{"test-code":{"insertions":80,"deletions":11}}}]},{"date":"2025-04-02","commitResults":[{"hash":"491cb222861235cf2215197c3fd9a825f62e31bd","isMergeCommit":false,"messageTitle":"Add Payment Sequence Diagram for Developer Guide","messageBody":"","fileTypesAndContributionMap":{"docs":{"insertions":234,"deletions":117}}},{"hash":"7bc33251968d0d70ba687018c9c40f9e613e275f","isMergeCommit":true,"messageTitle":"Merge pull request #149 from samuelkwik/branch-FixHelpWindow","messageBody":"Alpha-Bug #12 Fix non-blocking help window","fileTypesAndContributionMap":{}}]},{"date":"2025-04-03","commitResults":[{"hash":"b6fed94df081ed3cb5125e6a72fda7c35d8582e4","isMergeCommit":false,"messageTitle":"Update Developer Guide for Implementations","messageBody":"","fileTypesAndContributionMap":{"docs":{"insertions":7,"deletions":95}}},{"hash":"fa788b55c5d96116a89b24108c2466eb783976a1","isMergeCommit":true,"messageTitle":"Merge branch \u0027master\u0027 into branch-ProjectDescUpdate","messageBody":"","fileTypesAndContributionMap":{}},{"hash":"9eafa77990ff5a84d8929d12f326ee522836331f","isMergeCommit":true,"messageTitle":"Merge pull request #164 from Shamanbenny/branch-ProjectDescUpdate","messageBody":"Add Payment Sequence Diagram for Developer Guide","fileTypesAndContributionMap":{}},{"hash":"b3854c80d1807f68f3a7d41892550bfbf7550031","isMergeCommit":false,"messageTitle":"Fix missing Payment Sequence Diagram","messageBody":"","fileTypesAndContributionMap":{"docs":{"insertions":1,"deletions":1}}},{"hash":"cd6edf34a1af0807c33bb7ee5b9572e53d496781","isMergeCommit":true,"messageTitle":"Merge pull request #167 from Shamanbenny/branch-ProjectDescUpdate","messageBody":"Fix missing Payment Sequence Diagram","fileTypesAndContributionMap":{}}]}]},"authorFileTypeContributionMap":{"TheEnd-alr-taken":{"docs":191,"functional-code":278,"test-code":249},"GaaneshT":{"docs":194,"functional-code":253,"test-code":295},"samuelkwik":{"docs":47,"functional-code":426,"test-code":333},"JunXiang26":{"docs":208,"functional-code":539,"test-code":195,"other":4},"boinkkitty":{"docs":100,"functional-code":679,"test-code":748},"Shamanbenny":{"docs":304,"functional-code":738,"test-code":647,"other":2}},"authorContributionVariance":{"TheEnd-alr-taken":8693.136,"GaaneshT":9746.583,"samuelkwik":13416.923,"JunXiang26":19647.832,"boinkkitty":16857.318,"Shamanbenny":24538.297},"authorDisplayNameMap":{"TheEnd-alr-taken":"CS2103-F15-2 MUHA..RMAN","GaaneshT":"CS2103-F15-2 GAAN..MANI","samuelkwik":"CS2103-F15-2 JERE..XIAN","JunXiang26":"CS2103-F15-2 NG J..IANG","boinkkitty":"CS2103-F15-2 DARY.. WEN","Shamanbenny":"CS2103-F15-2 LEE ..QUAN"}}
