{"authorDailyContributionsMap":{"souledfigurine":[{"date":"2025-03-05","commitResults":[{"hash":"2103069e51aefe554d4e8e286740bf1dd2bb83ec","isMergeCommit":false,"messageTitle":"Update Freddie\u0027s profile About Us","messageBody":"","fileTypesAndContributionMap":{"docs":{"insertions":5,"deletions":6}}},{"hash":"e1b1c9bbb468c38e01a49394123d623a1ce3e614","isMergeCommit":true,"messageTitle":"Merge pull request #20 from souledfigurine/update-AboutUs","messageBody":"Update the AboutUs page with Freddie\u0027s details\n\nFixes #20 ","fileTypesAndContributionMap":{}}]},{"date":"2025-03-13","commitResults":[{"hash":"3e70a245a02193f9ad608665cd18e3fb6764a4fe","isMergeCommit":false,"messageTitle":"Add RemoveTagCommand.java","messageBody":"","fileTypesAndContributionMap":{"functional-code":{"insertions":45,"deletions":0}}},{"hash":"0d3946d41279beebc72392f2469b06a6f4358d18","isMergeCommit":false,"messageTitle":"Add removeTagPersonDescriptor to RemoveTagCommand","messageBody":"","fileTypesAndContributionMap":{"functional-code":{"insertions":235,"deletions":15}}},{"hash":"4ce7baf3477f3d118cf15094f1ccec51bca668f5","isMergeCommit":false,"messageTitle":"Add RemoveTagCommandParser.java","messageBody":"","fileTypesAndContributionMap":{"functional-code":{"insertions":26,"deletions":32}}},{"hash":"467d2c3139588a21d6bb59489ff88623496f5112","isMergeCommit":false,"messageTitle":"Add RemoveTagCommand to AddressBooParser.java","messageBody":"","fileTypesAndContributionMap":{"functional-code":{"insertions":3,"deletions":10}}},{"hash":"6ba8f93f0fa2f30dd021452d9b6d95ab70aa2e9b","isMergeCommit":true,"messageTitle":"Resolve conflict","messageBody":"","fileTypesAndContributionMap":{}},{"hash":"50ba70bfde0af013fc9f5afefeb991ac2403180f","isMergeCommit":false,"messageTitle":"Resolve checkstyle for RemoveTagCommand.java","messageBody":"","fileTypesAndContributionMap":{"functional-code":{"insertions":11,"deletions":2}}},{"hash":"775c96c16a4cecd7808bc884feca35bbd2855ffa","isMergeCommit":false,"messageTitle":"Add non-functional requirements","messageBody":"","fileTypesAndContributionMap":{"docs":{"insertions":7,"deletions":5}}},{"hash":"248e4a8cd710bc9fc249c71c3f8289f778f7a229","isMergeCommit":true,"messageTitle":"Merge upstream \u0027master\u0027 into add-RemoveTag","messageBody":"","fileTypesAndContributionMap":{}},{"hash":"65e6e7c4adc70c1271e33edf8227c003e1d2b5f7","isMergeCommit":true,"messageTitle":"Merge pull request #49 from souledfigurine/add-RemoveTag","messageBody":"Add \u0027removetag\u0027 command","fileTypesAndContributionMap":{}},{"hash":"d3210cff1312898492cb8425a39d5152f3492cd8","isMergeCommit":true,"messageTitle":"Merge upstream into master","messageBody":"","fileTypesAndContributionMap":{}},{"hash":"a858a9769a89382c5ffbef272bc7f5c19655a710","isMergeCommit":true,"messageTitle":"Merge branch \u0027master\u0027 into GFMD-NFR","messageBody":"","fileTypesAndContributionMap":{}},{"hash":"679349991126a9e328fa65f7e438d6366b974e0e","isMergeCommit":true,"messageTitle":"Merge pull request #51 from souledfigurine/GFMD-NFR","messageBody":"Add non-functional requirements","fileTypesAndContributionMap":{}},{"hash":"df8d75490e8ad1d671870467a7a23b7aad571d74","isMergeCommit":true,"messageTitle":"Merge branch \u0027master\u0027 of https://github.com/AY2425S2-CS2103T-W13-1/tp","messageBody":"","fileTypesAndContributionMap":{}}]},{"date":"2025-03-20","commitResults":[{"hash":"9911739f7c55a9b09e27740d8a1859236c301ab4","isMergeCommit":true,"messageTitle":"Merge branch \u0027master\u0027 of https://github.com/AY2425S2-CS2103T-W13-1/tp","messageBody":"","fileTypesAndContributionMap":{}},{"hash":"485c3c110a1445491a5b2c63e5811aee4a4ccb5f","isMergeCommit":false,"messageTitle":"Add test for RemoveTagCommand.java","messageBody":"","fileTypesAndContributionMap":{"test-code":{"insertions":4,"deletions":0}}},{"hash":"bd0cf669edca5e341af0bb83238e99265cc23bc5","isMergeCommit":false,"messageTitle":"Add test to RemoveTagCommand.java","messageBody":"","fileTypesAndContributionMap":{"functional-code":{"insertions":6,"deletions":1},"test-code":{"insertions":181,"deletions":2}}},{"hash":"ae9c4520e4387c0db11d1c5ae98b0f7126184afc","isMergeCommit":false,"messageTitle":"Fix RemoveTagCommandTest.java","messageBody":"","fileTypesAndContributionMap":{"test-code":{"insertions":7,"deletions":3}}},{"hash":"635bab61dc7232aec5ae934bf2353a9629367cf1","isMergeCommit":false,"messageTitle":"Update RemoveTagCommandParser.java","messageBody":"","fileTypesAndContributionMap":{"functional-code":{"insertions":0,"deletions":3}}},{"hash":"d107fe6020e31eb243d861386b22fbd61906a74c","isMergeCommit":true,"messageTitle":"Merge pull request #72 from souledfigurine/add-RemoveTagTest","messageBody":"Add removeTag tests","tags":["v1.0.0"],"fileTypesAndContributionMap":{}}]},{"date":"2025-03-26","commitResults":[{"hash":"caa67db8ea5aab78f3dea8af16477febb60e8c2a","isMergeCommit":false,"messageTitle":"Create DeleteNoteCommand.java","messageBody":"","fileTypesAndContributionMap":{"functional-code":{"insertions":66,"deletions":0}}},{"hash":"bbf6c44a068e319c78044a8574fa5aeff917eb6d","isMergeCommit":false,"messageTitle":"Add DeleteNoteCommandParser.java","messageBody":"","fileTypesAndContributionMap":{"functional-code":{"insertions":32,"deletions":3}}},{"hash":"379837c3c2d3dfd3c24e42fbd553a1f063bdf9e7","isMergeCommit":false,"messageTitle":"Update AddressBookParser.java with deleteNote","messageBody":"","fileTypesAndContributionMap":{"functional-code":{"insertions":4,"deletions":0}}},{"hash":"9a3a538097d6e9e012b90bd3798d2b64b9335d04","isMergeCommit":false,"messageTitle":"Update User Guide","messageBody":"The verbs used the in guide were not standardisd.\n\nStandardising the tense of the verbs improves the readability of the\nuser guide.\n\nLet\u0027s,\n* standardise all headers to present participle and all descriptions\nsimple present tense.\n* update the user guide with the delete note command.\n","fileTypesAndContributionMap":{"docs":{"insertions":14,"deletions":3}}}]},{"date":"2025-03-27","commitResults":[{"hash":"03fcd915ea620b8a781c332bcb1e74bab7aafbe6","isMergeCommit":true,"messageTitle":"Merge branch \u0027master\u0027 into add-deleteNote","messageBody":"","fileTypesAndContributionMap":{}},{"hash":"3912d5f1402ba3aaa8afabd7fdac013c3c700a23","isMergeCommit":false,"messageTitle":"Implement deleteNote","messageBody":"","fileTypesAndContributionMap":{"functional-code":{"insertions":67,"deletions":14}}},{"hash":"ba7e4c1b39a5fc870a825b12653ecd2c2dd10267","isMergeCommit":true,"messageTitle":"Merge branch \u0027origin\u0027 into add-deleteNote","messageBody":"","fileTypesAndContributionMap":{}},{"hash":"209f82f92f4ab9d95b9a5900c4b717b9b7f69f18","isMergeCommit":true,"messageTitle":"Merge \u0027origin\u0027 into add-deleteNote","messageBody":"","fileTypesAndContributionMap":{}},{"hash":"e381080c837499142c94365395688877ef2a661e","isMergeCommit":true,"messageTitle":"Merge pull request #84 from souledfigurine","messageBody":"Add delete note","fileTypesAndContributionMap":{}}]}],"tim0tay":[{"date":"2025-03-05","commitResults":[{"hash":"8fbbb3cdc11209c2d38b16c1211aff4c929c3736","isMergeCommit":false,"messageTitle":"Add Timothy\u0027s details","messageBody":"","fileTypesAndContributionMap":{"docs":{"insertions":4,"deletions":5}}},{"hash":"d4f7f0caf93c8027310aba463c67d04364af3487","isMergeCommit":true,"messageTitle":"Merge pull request #19 from tim0tay/branch-about-us","messageBody":"Add Timothy\u0027s details to AboutUs page\nFixes #16","fileTypesAndContributionMap":{}}]},{"date":"2025-03-11","commitResults":[{"hash":"4f916cadc3507ee047dd09cfca87b9531f484544","isMergeCommit":false,"messageTitle":"Update DeveloperGuide.md","messageBody":"","fileTypesAndContributionMap":{"docs":{"insertions":27,"deletions":9}}},{"hash":"6972d97c18b8f6750b22e8031f27b1b373a0edb1","isMergeCommit":false,"messageTitle":"Introduce optionality for fields in add command","messageBody":"Users may not have all details of the contact they may want to add.\nIn these cases, they may want to leave some fields optional. Making\nonly one of these fields apart from the name compulsory introduces\nflexibility.\n\nLet\u0027s,\n* make name field and only one other field compulsory\n* add a dummy value for Address, Email and Phone fields\n","fileTypesAndContributionMap":{"functional-code":{"insertions":20,"deletions":5},"test-code":{"insertions":5,"deletions":3}}}]},{"date":"2025-03-12","commitResults":[{"hash":"c2747e38612ce0b43179033b8a8363070e8a518f","isMergeCommit":true,"messageTitle":"Merge pull request #37 from tim0tay/update-developers-guide","messageBody":"Update DG for user stories","fileTypesAndContributionMap":{}}]},{"date":"2025-03-13","commitResults":[{"hash":"603e5cf7ac53e5234a7d0106c65f2a9b7ea7acb2","isMergeCommit":false,"messageTitle":"Update PersonCard to display only non-empty fields","messageBody":"","fileTypesAndContributionMap":{"functional-code":{"insertions":20,"deletions":1},"test-code":{"insertions":0,"deletions":12}}},{"hash":"f291bce036a55a8ee96093e8275fe7a787051934","isMergeCommit":true,"messageTitle":"Merge branch \u0027master\u0027 into make-add-contact-fields-optional","messageBody":"","fileTypesAndContributionMap":{}},{"hash":"35fddd555f5925103507bc20809d8fd17be9dd07","isMergeCommit":true,"messageTitle":"Merge branch \u0027master\u0027 into make-add-contact-fields-optional","messageBody":"","fileTypesAndContributionMap":{}},{"hash":"5bcbdcc728c5912716ff7e7299005d14298f57b0","isMergeCommit":true,"messageTitle":"Merge pull request #50 from tim0tay/make-add-contact-fields-optional","messageBody":"Make add contact fields optional","fileTypesAndContributionMap":{}},{"hash":"6d850182b16dd12ed3d78efbdd2681dc583f5fbf","isMergeCommit":true,"messageTitle":"Merge remote-tracking branch \u0027upstream\u0027","messageBody":"","fileTypesAndContributionMap":{}}]},{"date":"2025-03-17","commitResults":[{"hash":"ee93f980c22cab3606d69f5015768a96d7bb69ae","isMergeCommit":false,"messageTitle":"Abstract PersonDescriptor class","messageBody":"Certain chunks of code are repeated for EditCommand, AddTagCommand, RemoveTagCommand.\nLet\u0027s:\n- abstract them out into a PersonDescriptor class according to the DRY principle\n- add some missing Javadocs\n","fileTypesAndContributionMap":{"functional-code":{"insertions":188,"deletions":393}}},{"hash":"7e854083ac4f48d7e483ca570f1619b91d9fd986","isMergeCommit":false,"messageTitle":"Fix Checkstyle violations for imports and newlines","messageBody":"","fileTypesAndContributionMap":{"functional-code":{"insertions":2,"deletions":2}}},{"hash":"5bff2e85aaa9655d2d3bfdfa2fa70f478a6b6f47","isMergeCommit":false,"messageTitle":"Fix PersonDescriptor-affected tests","messageBody":"","fileTypesAndContributionMap":{"test-code":{"insertions":40,"deletions":42}}},{"hash":"a4db5604938bc74118a040a23e6b4c18164092ab","isMergeCommit":false,"messageTitle":"Fix Checkstyle violations: remove unused imports","messageBody":"","fileTypesAndContributionMap":{"test-code":{"insertions":0,"deletions":1}}}]},{"date":"2025-03-18","commitResults":[{"hash":"b59f362231faf38f5e8fb54f8de25505aea2279c","isMergeCommit":true,"messageTitle":"Merge pull request #53 from tim0tay/52-abstract-person-descriptor","messageBody":"Abstract PersonDescriptor class","fileTypesAndContributionMap":{}},{"hash":"eb20aea286fc9e773656464a76f522256e1c2f86","isMergeCommit":true,"messageTitle":"Merge remote-tracking branch \u0027upstream\u0027","messageBody":"","fileTypesAndContributionMap":{}},{"hash":"bd3cf494f04f7f58e957a3da62cc72169d9ba735","isMergeCommit":false,"messageTitle":"Add tests for AddCommand optionality refactoring","messageBody":"","fileTypesAndContributionMap":{"test-code":{"insertions":42,"deletions":1}}},{"hash":"0a60e340e7f6158691bba71886c22daf9ebd6a73","isMergeCommit":true,"messageTitle":"Merge remote-tracking branch \u0027upstream\u0027","messageBody":"","fileTypesAndContributionMap":{}},{"hash":"6fa6c12056989a18a0373aafe9589943b3d4c6cf","isMergeCommit":true,"messageTitle":"Merge branch \u0027master\u0027 into make-add-contact-fields-optional","messageBody":"","fileTypesAndContributionMap":{}}]},{"date":"2025-03-19","commitResults":[{"hash":"a1b9cf689b724ac11d3028674b49f9b34562b56b","isMergeCommit":true,"messageTitle":"Merge remote-tracking branch \u0027upstream\u0027","messageBody":"","fileTypesAndContributionMap":{}},{"hash":"24f5ec63e2348846518c2747261a15d951528447","isMergeCommit":true,"messageTitle":"Merge branch \u0027master\u0027 into make-add-contact-fields-optional","messageBody":"","fileTypesAndContributionMap":{}},{"hash":"6f8872c4cca623b7e1d03a042c4d959c7ee1e348","isMergeCommit":true,"messageTitle":"Merge remote-tracking branch \u0027upstream\u0027","messageBody":"","fileTypesAndContributionMap":{}},{"hash":"22ee91ab390da01e61f7bc6b54eed8014508551a","isMergeCommit":false,"messageTitle":"Update GUI title and icon","messageBody":"","fileTypesAndContributionMap":{"functional-code":{"insertions":3,"deletions":3},"test-code":{"insertions":1,"deletions":1}}},{"hash":"39d5f149ee9bff12b4a8fc5a7c70191924e00301","isMergeCommit":true,"messageTitle":"Merge remote-tracking branch \u0027upstream\u0027","messageBody":"","fileTypesAndContributionMap":{}},{"hash":"c36a5bbc06bf98c554c9a75b3862845c57730c61","isMergeCommit":true,"messageTitle":"Merge branch \u0027master\u0027 into make-add-contact-fields-optional","messageBody":"","fileTypesAndContributionMap":{}},{"hash":"b3f7f804eca1d2924ac947b4ccfeb4515cb16890","isMergeCommit":true,"messageTitle":"Merge pull request #66 from tim0tay/make-add-contact-fields-optional","messageBody":"Refactor tests related to AddCommand","fileTypesAndContributionMap":{}},{"hash":"ebce07fd650e05f04f90d5912fc0e99504eefc50","isMergeCommit":true,"messageTitle":"Merge remote-tracking branch \u0027upstream\u0027","messageBody":"","fileTypesAndContributionMap":{}},{"hash":"cc0291e9eef1e66448a8c07e0253689740299c00","isMergeCommit":true,"messageTitle":"Merge branch \u0027master\u0027 into 67-update-gui","messageBody":"","fileTypesAndContributionMap":{}},{"hash":"62df92f5c069c31dc2e81fbc5e81032257a175e8","isMergeCommit":true,"messageTitle":"Merge pull request #68 from tim0tay/67-update-gui","messageBody":"Update GUI Title and Icon","fileTypesAndContributionMap":{}},{"hash":"9b7a1f72e03969604b3da37ebee4a4dd8eaea852","isMergeCommit":true,"messageTitle":"Merge remote-tracking branch \u0027upstream\u0027","messageBody":"","fileTypesAndContributionMap":{}}]},{"date":"2025-03-24","commitResults":[{"hash":"66d3597885796318d638bdedea6d477e76d2a182","isMergeCommit":true,"messageTitle":"Merge remote-tracking branch \u0027upstream\u0027","messageBody":"","fileTypesAndContributionMap":{}},{"hash":"a57bddaafca99520393e46c8480ebd15c638e094","isMergeCommit":false,"messageTitle":"Introduce PersonId field to Person class","messageBody":"The Person class does not have a PersonId field. In future iterations, this may prove\ndifficult to implement new features that need a clear way to differentiate each Person.\n\nImplementing the PersonId field provides an easy way to internally differentiate each Person\nwithout users needing to see or access this field.\n\nLet\u0027s:\n- introduce a new PersonId field that is unique for each Person\n- allow for the PersonId to be saved to and read from the json data file\n","fileTypesAndContributionMap":{"functional-code":{"insertions":121,"deletions":6}}},{"hash":"7eed73b91637af0c186ab767f38695546fd58273","isMergeCommit":false,"messageTitle":"Set visibility for counter field in PersonId to private","messageBody":"","fileTypesAndContributionMap":{"functional-code":{"insertions":1,"deletions":1}}},{"hash":"09a7b11d019f98523017df83cfa4311dfaf3b976","isMergeCommit":false,"messageTitle":"Refactor some tests affected by PersonId","messageBody":"","fileTypesAndContributionMap":{"functional-code":{"insertions":24,"deletions":2},"test-code":{"insertions":80,"deletions":27}}},{"hash":"ac46994562a1bc6a210d21e554426e20ecd9bf4e","isMergeCommit":false,"messageTitle":"Refactor tests affected by PersonId","messageBody":"","fileTypesAndContributionMap":{"test-code":{"insertions":3,"deletions":1}}}]},{"date":"2025-03-25","commitResults":[{"hash":"f1b7f9cf64a2f59b2d60bf14499862a0c32ce08c","isMergeCommit":false,"messageTitle":"Edit code in AddTagCommand, RemoveTagCommand, EditCommand to make arguments consistent","messageBody":"","fileTypesAndContributionMap":{"functional-code":{"insertions":9,"deletions":3}}}]},{"date":"2025-03-26","commitResults":[{"hash":"90c145c7f97ed86efe80daff6c02e690c0b475eb","isMergeCommit":true,"messageTitle":"Merge remote-tracking branch \u0027upstream\u0027","messageBody":"","fileTypesAndContributionMap":{}},{"hash":"cf764a43e49b38b612908c7ba61e4ef561db17a2","isMergeCommit":true,"messageTitle":"Merge branch \u0027master\u0027 into 73-id-field","messageBody":"","fileTypesAndContributionMap":{}},{"hash":"ebfc106b8c2c5dac8e030f53c42c88d035928ff9","isMergeCommit":true,"messageTitle":"Merge pull request #75 from tim0tay/73-id-field","messageBody":"Introduce new PersonId field for Person","fileTypesAndContributionMap":{}}]}],"wentingchua":[{"date":"2025-03-05","commitResults":[{"hash":"bb7f760665b000a8312dfd34f7e0f4fa98b78491","isMergeCommit":false,"messageTitle":"Add details about Wen Ting in AboutUs.md","messageBody":"","fileTypesAndContributionMap":{"docs":{"insertions":4,"deletions":4}}},{"hash":"de8c77a5d619cf5626d5a8aa23728a0a006654fe","isMergeCommit":true,"messageTitle":"Merge pull request #22 from wentingchua/branch-about-us","messageBody":"Update About Us page. \n\nFixes #14","fileTypesAndContributionMap":{}}]},{"date":"2025-03-11","commitResults":[{"hash":"74dcbad0429581e14e6bd684a52e3c79c566860d","isMergeCommit":false,"messageTitle":"Add Use Cases for DeveloperGuide.md","messageBody":"","fileTypesAndContributionMap":{"docs":{"insertions":446,"deletions":12}}}]},{"date":"2025-03-12","commitResults":[{"hash":"8d3de46bfdf6c10e01875be872d31815e33a4dad","isMergeCommit":false,"messageTitle":"Edit HelpWindow.java to include updated userguide url and parse local_userguide.txt","messageBody":"","fileTypesAndContributionMap":{"functional-code":{"insertions":43,"deletions":1}}},{"hash":"9c00e41877a291aaea1750aa0994ae1fc12aaa50","isMergeCommit":false,"messageTitle":"Edit HelpWindow.fxml and HelpWindow.css to display text content","messageBody":"","fileTypesAndContributionMap":{"functional-code":{"insertions":28,"deletions":23}}},{"hash":"562f51335027698c91d5c5e334a70558d6a31b72","isMergeCommit":true,"messageTitle":"Merge pull request #41 from wentingchua/dg-usecases","messageBody":"Update DG with Use Cases","fileTypesAndContributionMap":{}}]},{"date":"2025-03-13","commitResults":[{"hash":"d26b44a09394ea02c5f903f4f92ae5e73bc68ab5","isMergeCommit":true,"messageTitle":"Merge branch \u0027master\u0027 of https://github.com/AY2425S2-CS2103T-W13-1/tp into help-command Merge from upstream master to update DG changes","messageBody":"","fileTypesAndContributionMap":{}},{"hash":"540f3aca8828655ec06e42dbf19018a0bfecb7fc","isMergeCommit":false,"messageTitle":"Edit HelpWindow.fxml to comply to checkstyle","messageBody":"","fileTypesAndContributionMap":{"functional-code":{"insertions":2,"deletions":1}}},{"hash":"f6b8d1a15ad6a1c675fb9517a1851114ca36d9b0","isMergeCommit":true,"messageTitle":"Merge branch \u0027master\u0027 of https://github.com/AY2425S2-CS2103T-W13-1/tp into help-command","messageBody":"","fileTypesAndContributionMap":{}},{"hash":"6434f5a9e817c9e7cb87de3fd575e77e20488196","isMergeCommit":true,"messageTitle":"Merge pull request #42 from wentingchua/help-command","messageBody":"Add user instructions to help command","fileTypesAndContributionMap":{}}]},{"date":"2025-03-18","commitResults":[{"hash":"b65142efd6a234fd165aa2811628864ff0c4ecc0","isMergeCommit":true,"messageTitle":"Merge remote-tracking branch \u0027upstream/master\u0027","messageBody":"Merge master branch with remote upstream repo\n","fileTypesAndContributionMap":{}},{"hash":"0b97b095fbe8786ccd2d3dac956df2f20791a284","isMergeCommit":false,"messageTitle":"Add test case for help command","messageBody":"","fileTypesAndContributionMap":{"functional-code":{"insertions":1,"deletions":1},"test-code":{"insertions":33,"deletions":0}}},{"hash":"d9e122886eee07cbe4c6c7d65ba38738bc1cb29e","isMergeCommit":false,"messageTitle":"Add ExportCommand.java for ExportCommand feature","messageBody":"","fileTypesAndContributionMap":{"functional-code":{"insertions":63,"deletions":0}}},{"hash":"9eb91d978fed110658b482fbf0442ca92a983280","isMergeCommit":false,"messageTitle":"Add ExportCommandParser.java to parse ExportCommand","messageBody":"","fileTypesAndContributionMap":{"functional-code":{"insertions":29,"deletions":0}}},{"hash":"c70cf4418447acf5fc78b2e4f8e745d3293b4f06","isMergeCommit":false,"messageTitle":"Add case for ExportCommand in AddressBookParser.java","messageBody":"","fileTypesAndContributionMap":{"functional-code":{"insertions":3,"deletions":0}}},{"hash":"afb87ec362beda9c8511f90efe6ab9f0f9b36e6c","isMergeCommit":false,"messageTitle":"Add method to test for ExportCommand case in AddressBookParserTest.java","messageBody":"","fileTypesAndContributionMap":{"test-code":{"insertions":9,"deletions":0}}},{"hash":"d92bc6851b51c7394f4f8ae00e8e7eeacd8adc36","isMergeCommit":false,"messageTitle":"Add ExportCommandTest.java to test ExportCommand.java","messageBody":"","fileTypesAndContributionMap":{"test-code":{"insertions":45,"deletions":0}}},{"hash":"e236afa139f71039a8c5d8e5b79c165150d9dc2f","isMergeCommit":false,"messageTitle":"Add overriden equals method in ExportCommand.java to allow comparision of file path","messageBody":"","fileTypesAndContributionMap":{"functional-code":{"insertions":11,"deletions":0}}},{"hash":"27a5186bc8ffc7347b49dfa5774616c525d8f8ec","isMergeCommit":false,"messageTitle":"Add ExportCommandParserTest.java to test ExportCommandParserTest.java","messageBody":"","fileTypesAndContributionMap":{"test-code":{"insertions":30,"deletions":0}}},{"hash":"e2634709e0bcd6dc8cac39da8ab017febed5dfad","isMergeCommit":false,"messageTitle":"Specify error statement in ExportCommand.java","messageBody":"","fileTypesAndContributionMap":{"functional-code":{"insertions":2,"deletions":1}}},{"hash":"864b7b9c41267a411f091ba39a658394dbe889e9","isMergeCommit":false,"messageTitle":"Add error handling for test method in ExportCommandTest.java","messageBody":"","fileTypesAndContributionMap":{"test-code":{"insertions":10,"deletions":7}}},{"hash":"20f6019ab3e7954a170bd966915caf983780a830","isMergeCommit":false,"messageTitle":"Debugged test method in ExportCommandTest.java","messageBody":"","fileTypesAndContributionMap":{"test-code":{"insertions":10,"deletions":2}}},{"hash":"4354162e23fa8b7a439e714236bd9e5a59f0b5a4","isMergeCommit":true,"messageTitle":"Merge remote-tracking branch \u0027upstream/master\u0027","messageBody":"Merge upstream repo to master branch\n","fileTypesAndContributionMap":{}},{"hash":"35113d7e00416418a31676ff3400876bbdbdeff7","isMergeCommit":true,"messageTitle":"Merge branch \u0027master\u0027 into 59-export-command","messageBody":"Merge master to current branch\n","fileTypesAndContributionMap":{}},{"hash":"a3d9b5944181bcb4bbd6b67162d609257efb976d","isMergeCommit":true,"messageTitle":"Merge branch \u0027master\u0027 into 57-help-command-tests","messageBody":"","fileTypesAndContributionMap":{}}]},{"date":"2025-03-19","commitResults":[{"hash":"c1e796b3f4c396d34595bf52a9051c6e118f1966","isMergeCommit":false,"messageTitle":"Include more test case to cover ExportCommand.java","messageBody":"","fileTypesAndContributionMap":{"functional-code":{"insertions":28,"deletions":16},"test-code":{"insertions":94,"deletions":4}}},{"hash":"944df0d57831e71f0ab3f46fead4939a375ed15c","isMergeCommit":false,"messageTitle":"Remove unnecessary test case","messageBody":"","fileTypesAndContributionMap":{"test-code":{"insertions":0,"deletions":10}}},{"hash":"fb052473256f5db21e91b8a19621ee953c6dd3b0","isMergeCommit":false,"messageTitle":"Edit file to comply with checkstyle","messageBody":"","fileTypesAndContributionMap":{"test-code":{"insertions":0,"deletions":1}}},{"hash":"9beded02615a441c155966420537ba6519d8ad27","isMergeCommit":false,"messageTitle":"Edit test to ensure better code coverage","messageBody":"","fileTypesAndContributionMap":{"test-code":{"insertions":1,"deletions":1}}},{"hash":"1c065ad83921e365216e82f696d192a7be6306e4","isMergeCommit":true,"messageTitle":"Merge remote-tracking branch \u0027upstream/master\u0027","messageBody":"Merge changes from upstream repo\n","fileTypesAndContributionMap":{}},{"hash":"f1c5e6675cb60a53753ca7ecef2a6330d21362fd","isMergeCommit":true,"messageTitle":"Merge branch \u0027master\u0027 into 57-help-command-tests","messageBody":"Merge changes from master branch\n","fileTypesAndContributionMap":{}},{"hash":"7bc94add6a0f984618a49abfc63c5cc95ce74ff4","isMergeCommit":true,"messageTitle":"Merge pull request #58 from wentingchua/57-help-command-tests","messageBody":"Fix test cases related to help command","fileTypesAndContributionMap":{}},{"hash":"3c195b00dc60c14b94247f7c1f18abfabdc29056","isMergeCommit":true,"messageTitle":"Merge remote-tracking branch \u0027upstream/master\u0027","messageBody":"Merge changes from upstream repo\n","fileTypesAndContributionMap":{}},{"hash":"12f23f8fe28d0e40cd4c195f24a81f9c3c0a8db7","isMergeCommit":true,"messageTitle":"Merge branch \u0027master\u0027 into 59-export-command","messageBody":"Merge changes from master branch\n","fileTypesAndContributionMap":{}}]},{"date":"2025-03-24","commitResults":[{"hash":"e4ce7394196d04e2c51eb16ac45a38db18d05c3d","isMergeCommit":true,"messageTitle":"Merge remote-tracking branch \u0027upstream/master\u0027","messageBody":"","fileTypesAndContributionMap":{}},{"hash":"e70fa243c2ae68488ae0594ecbbfdcde080dd23c","isMergeCommit":true,"messageTitle":"Merge branch \u0027master\u0027 into 59-export-command","messageBody":"","fileTypesAndContributionMap":{}},{"hash":"34d17e4b6fadb4b4667be58a4dace99b0e642fdb","isMergeCommit":false,"messageTitle":"Add NoteCommand.java and NoteCommandParser.java to support NoteCommand, edit AddressBookParser","messageBody":"","fileTypesAndContributionMap":{"functional-code":{"insertions":74,"deletions":0}}},{"hash":"fbe833ac333ea230e5540d0c516d3ebfb7261f19","isMergeCommit":false,"messageTitle":"Add NoteWindow class and fxml file for note window","messageBody":"","fileTypesAndContributionMap":{"functional-code":{"insertions":110,"deletions":1}}}]},{"date":"2025-03-25","commitResults":[{"hash":"99e6f11a5bf7597e55ceb8e64d0797774f63642b","isMergeCommit":false,"messageTitle":"Add fields and method to handle NoteCommand and change contructor in CommandResult.java","messageBody":"","fileTypesAndContributionMap":{"functional-code":{"insertions":16,"deletions":6}}},{"hash":"b2c2952787bc529f4ae55799bc8901071a5a059b","isMergeCommit":false,"messageTitle":"Add fields and methods to handle NoteCommand in MainWindow.java","messageBody":"","fileTypesAndContributionMap":{"functional-code":{"insertions":35,"deletions":21}}},{"hash":"c105d2a03025b60d30f013cb149d10db8daee275","isMergeCommit":false,"messageTitle":"Change UI for note window","messageBody":"","fileTypesAndContributionMap":{"functional-code":{"insertions":51,"deletions":62}}},{"hash":"dedfcd93ceb11bca8fc90be64c465e53a5f5b306","isMergeCommit":false,"messageTitle":"Allow note window to expand","messageBody":"","fileTypesAndContributionMap":{"functional-code":{"insertions":9,"deletions":8}}},{"hash":"49fca61226a1e7c9e2d40221b3b708fd37d43f1d","isMergeCommit":false,"messageTitle":"Edit test cases for existing test files","messageBody":"","fileTypesAndContributionMap":{"test-code":{"insertions":15,"deletions":8}}},{"hash":"4f4aadef9a2408b8a30cac37f9a9c3486ff59dde","isMergeCommit":false,"messageTitle":"Add tests for NoteCommand and NoteCommandParser","messageBody":"","fileTypesAndContributionMap":{"functional-code":{"insertions":24,"deletions":0},"test-code":{"insertions":100,"deletions":9}}},{"hash":"52ec7fa9b57cd1c7b27bed672f907e1964e71919","isMergeCommit":false,"messageTitle":"Edit file to comply to check style","messageBody":"","fileTypesAndContributionMap":{"test-code":{"insertions":10,"deletions":1}}},{"hash":"82661effbe09399219c1f5dfd1d9a38445de6c13","isMergeCommit":false,"messageTitle":"Remove method not required in NoteCommand.java","messageBody":"","fileTypesAndContributionMap":{"functional-code":{"insertions":0,"deletions":7}}},{"hash":"d4ef0083b0ae6164d7977163d0710187f7c05a27","isMergeCommit":false,"messageTitle":"Support opening of multiple note windows","messageBody":"","fileTypesAndContributionMap":{"functional-code":{"insertions":2,"deletions":6}}},{"hash":"f91eb910b834359e96006f47aeb1cbf3d1f5ec2c","isMergeCommit":true,"messageTitle":"Merge pull request #76 from wentingchua/74-note-command","messageBody":"Add note command ","fileTypesAndContributionMap":{}}]},{"date":"2025-03-27","commitResults":[{"hash":"279de21b2c2fe8314a6d5c5cd61aec5d74853c98","isMergeCommit":true,"messageTitle":"Merge remote-tracking branch \u0027upstream/master\u0027","messageBody":"","fileTypesAndContributionMap":{}},{"hash":"e4a23727e2c7050e5f2ecbab8a194f9a6217ea62","isMergeCommit":true,"messageTitle":"Resolve merge conflict","messageBody":"","fileTypesAndContributionMap":{}},{"hash":"54311e2ad7814ba4284af223e52b7302449786ab","isMergeCommit":false,"messageTitle":"Add usage examples for Mac and Linux","messageBody":"","fileTypesAndContributionMap":{"functional-code":{"insertions":3,"deletions":1}}},{"hash":"2335c18ea33090bed19073b9b89f670c63bbcf03","isMergeCommit":true,"messageTitle":"Merge pull request #62 from wentingchua/59-export-command","messageBody":"Add ExportCommand to supporting exporting of json file","fileTypesAndContributionMap":{}}]}],"shawnnygoh":[{"date":"2025-03-05","commitResults":[{"hash":"af51598b2693e98ae11c8a02606f367bcff5cb5d","isMergeCommit":false,"messageTitle":"Update AboutUs page","messageBody":"","fileTypesAndContributionMap":{"docs":{"insertions":6,"deletions":6}}},{"hash":"e6a614aaaf789667f1a1b36c09b0aff5f755b713","isMergeCommit":true,"messageTitle":"Merge pull request #18 from shawnnygoh/update-about-us-page","messageBody":"Update AboutUs page with Shawn\u0027s details.\n\nFixes #17.","fileTypesAndContributionMap":{}}]},{"date":"2025-03-07","commitResults":[{"hash":"8085a18787a87d592665f1976e080391873b9067","isMergeCommit":false,"messageTitle":"Update site-wide settings","messageBody":"","fileTypesAndContributionMap":{"other":{"insertions":2,"deletions":2}}},{"hash":"8e3533e564344f61d72355a5f30960fbf9f69fe4","isMergeCommit":true,"messageTitle":"Merge pull request #26 from shawnnygoh/update-site-wide-settings","messageBody":"Update site-wide settings\n\nFixes #25","fileTypesAndContributionMap":{}}]},{"date":"2025-03-11","commitResults":[{"hash":"f2e83c746d33ebc5095935a3c8d3716d51dd3736","isMergeCommit":false,"messageTitle":"Update Glossary Section for Developer Guide","messageBody":"","fileTypesAndContributionMap":{"docs":{"insertions":13,"deletions":2}}}]},{"date":"2025-03-12","commitResults":[{"hash":"0c8ad06af9dbe9091e20b50b687ddd0c22531763","isMergeCommit":false,"messageTitle":"Add support for the \u0027findtag\u0027 command","messageBody":"","fileTypesAndContributionMap":{"functional-code":{"insertions":152,"deletions":0}}},{"hash":"bd6917ec1c0da8e39bbe4bbeb9c4fe502ce7008f","isMergeCommit":true,"messageTitle":"Merge pull request #39 from shawnnygoh/update-developer-guide","messageBody":"Update Glossary Section for Developer Guide\n\nFixes #38","fileTypesAndContributionMap":{}}]},{"date":"2025-03-13","commitResults":[{"hash":"de19777b9c4cadfe2623f3ae6717750a3b0aa92a","isMergeCommit":true,"messageTitle":"Merge branch \u0027master\u0027 of github.com:AY2425S2-CS2103T-W13-1/tp into add-findtag-command","messageBody":"","fileTypesAndContributionMap":{}},{"hash":"e1423525fae7539c540460555465bbc1c20eaca1","isMergeCommit":true,"messageTitle":"Merge pull request #44 from shawnnygoh/add-findtag-command","messageBody":"Add support for the \u0027findtag\u0027 command\n\nFixes #30","fileTypesAndContributionMap":{}}]},{"date":"2025-03-18","commitResults":[{"hash":"8fe19d48f23eeb024e9b4c7fd5b89eb959651fd0","isMergeCommit":false,"messageTitle":"Refactor FindTagCommandParser","messageBody":"Refactor FindTagCommandParser to use ArgumentMultimap and ArgumentTokenizer\n","fileTypesAndContributionMap":{"functional-code":{"insertions":29,"deletions":18}}},{"hash":"63af218c2870e7663f52656317e65817acafdce8","isMergeCommit":true,"messageTitle":"Merge remote-tracking branch \u0027upstream/master\u0027 into add-findtag-command","messageBody":"","fileTypesAndContributionMap":{}},{"hash":"9191fd17a614e1480681d58e1ce24b44c2627c4a","isMergeCommit":true,"messageTitle":"Merge pull request #56 from shawnnygoh/add-findtag-command","messageBody":"Refactor FindTagCommandParser\n\nFixes #55","fileTypesAndContributionMap":{}},{"hash":"51581ff2ffceaafbb17cd0982be0a117469cdb2b","isMergeCommit":true,"messageTitle":"Merge remote-tracking branch \u0027upstream/master\u0027","messageBody":"","fileTypesAndContributionMap":{}},{"hash":"4a745d1b36f0e778f309e1570a45090238fb603c","isMergeCommit":false,"messageTitle":"Add tests for FindTagCommand","messageBody":"Add tests for FindTagCommand, FindTagCommandParser, and TagNamesContainsTagsPredicate\n","fileTypesAndContributionMap":{"test-code":{"insertions":268,"deletions":0}}},{"hash":"abf5c6bda53de3f7472e2c71eb71eeb0f3062d0a","isMergeCommit":true,"messageTitle":"Merge pull request #61 from shawnnygoh/add-findtag-command","messageBody":"Add tests for FindTagCommand\n\nFixes #60","fileTypesAndContributionMap":{}},{"hash":"759c0d85e57ffbd485f51174108a9e061abd6ecf","isMergeCommit":true,"messageTitle":"Merge remote-tracking branch \u0027upstream/master\u0027","messageBody":"","fileTypesAndContributionMap":{}}]},{"date":"2025-03-19","commitResults":[{"hash":"d5cee7f1a1e0ca106fbb6fb1103336b18692d93e","isMergeCommit":true,"messageTitle":"Merge remote-tracking branch \u0027upstream/master\u0027","messageBody":"","fileTypesAndContributionMap":{}}]},{"date":"2025-03-20","commitResults":[{"hash":"0c77ac542b7ba80ce4d19d5c8cd78d36e9eb39dc","isMergeCommit":true,"messageTitle":"Merge remote-tracking branch \u0027upstream/master\u0027","messageBody":"","fileTypesAndContributionMap":{}}]},{"date":"2025-03-26","commitResults":[{"hash":"a1a9e1640b2520b84b376eec30c212e70b9b1431","isMergeCommit":true,"messageTitle":"Merge remote-tracking branch \u0027upstream/master\u0027","messageBody":"","fileTypesAndContributionMap":{}}]},{"date":"2025-03-27","commitResults":[{"hash":"da78c19cd4e4515ea9efcf81cba8bed6a4e1f678","isMergeCommit":false,"messageTitle":"Add support for the \u0027note\u0027 command to save new notes and edits","messageBody":"","fileTypesAndContributionMap":{"functional-code":{"insertions":325,"deletions":10},"test-code":{"insertions":174,"deletions":0}}},{"hash":"943877fbf6e3609cd198c92b8ec0b5b103e1ebfd","isMergeCommit":true,"messageTitle":"Merge pull request #78 from shawnnygoh/add-note-command","messageBody":"Add support for the \u0027note\u0027 command to save new notes and edits\n\nFixes #77","fileTypesAndContributionMap":{}},{"hash":"7a55a867d878c829cbe6b8745c32c6080a444afc","isMergeCommit":true,"messageTitle":"Merge remote-tracking branch \u0027upstream/master\u0027","messageBody":"","fileTypesAndContributionMap":{}},{"hash":"ec13dc422efef3b21e4935af0f86196df3fa0b47","isMergeCommit":false,"messageTitle":"Update build.gradle","messageBody":"Changed ShadowJar output filename from \u0027addressbook.jar\u0027 to \u0027scoopbook.jar\u0027. Enabled assertions.\n","fileTypesAndContributionMap":{"other":{"insertions":5,"deletions":1}}},{"hash":"7a9cc99f6a6a4622358a7761f1b0d2ee91e4472e","isMergeCommit":true,"messageTitle":"Merge remote-tracking branch \u0027upstream/master\u0027","messageBody":"","fileTypesAndContributionMap":{}},{"hash":"2b376d8720dc8a91b6e4f5993a1977c96c985316","isMergeCommit":true,"messageTitle":"Merge branch \u0027master\u0027 into update-build-gradle","messageBody":"","fileTypesAndContributionMap":{}},{"hash":"db91c57e64a61627df6641d179dde23c581cce53","isMergeCommit":true,"messageTitle":"Merge remote-tracking branch \u0027upstream/master\u0027","messageBody":"","fileTypesAndContributionMap":{}},{"hash":"5de08aa1138a4009f43dbc1f3664a6cd95a5a953","isMergeCommit":true,"messageTitle":"Merge branch \u0027master\u0027 into update-build-gradle","messageBody":"","fileTypesAndContributionMap":{}},{"hash":"731b3ec3ef5fdca6641b7471eaedc20b40b1b1fe","isMergeCommit":true,"messageTitle":"Merge pull request #82 from shawnnygoh/update-build-gradle","messageBody":"Update build.gradle\n\nFixes #81","tags":["v1.1.0"],"fileTypesAndContributionMap":{}}]}],"Meatsushi64":[{"date":"2025-03-05","commitResults":[{"hash":"509639dc9055567bf50e4a5488c676e012c4c299","isMergeCommit":false,"messageTitle":"Add Tze Jen details to about us","messageBody":"","fileTypesAndContributionMap":{"docs":{"insertions":5,"deletions":5}}},{"hash":"8fee26622c82222461eb41ce4474767049201793","isMergeCommit":false,"messageTitle":"Add Tze Jen details to AboutUs page","messageBody":"","fileTypesAndContributionMap":{"docs":{"insertions":1,"deletions":1}}},{"hash":"a72bd82a4336a79a23c66ed6a641871a742ba793","isMergeCommit":true,"messageTitle":"Merge pull request #21 from Meatsushi64/branch-aboutus","messageBody":"Update the AboutUs Page - Tze Jen\n\nfixes #15","fileTypesAndContributionMap":{}}]},{"date":"2025-03-08","commitResults":[{"hash":"db4fc2223cbf56c19f8b67f33f4a6f99709222e5","isMergeCommit":false,"messageTitle":"Update README build status link and Ui image","messageBody":"","fileTypesAndContributionMap":{"docs":{"insertions":1,"deletions":1}}},{"hash":"8d7116feb5097ffa89f6e0489538f60ebf6afda5","isMergeCommit":false,"messageTitle":"Update README.md","messageBody":"","fileTypesAndContributionMap":{"docs":{"insertions":48,"deletions":10}}},{"hash":"3ce086f400e32979274153933f91678975e5683e","isMergeCommit":false,"messageTitle":"Update README.md","messageBody":"","fileTypesAndContributionMap":{"docs":{"insertions":1,"deletions":0}}},{"hash":"f7bc204cf7b0224c294f5378c213ffd2086d8f4f","isMergeCommit":true,"messageTitle":"Merge pull request #28 from Meatsushi64/update-readme","messageBody":"Update readme with ScoopBook details","fileTypesAndContributionMap":{}}]},{"date":"2025-03-11","commitResults":[{"hash":"5f9023018242949569c90840b3a9e7efb08b9bfd","isMergeCommit":false,"messageTitle":"Update DeveloperGuide.md","messageBody":"","fileTypesAndContributionMap":{"docs":{"insertions":11,"deletions":9}}}]},{"date":"2025-03-12","commitResults":[{"hash":"a1c152ba5978619170b8f5d264f4ac602bfbdedb","isMergeCommit":false,"messageTitle":"Add AddTag command and dependencies, and hooked to application","messageBody":"","fileTypesAndContributionMap":{"functional-code":{"insertions":285,"deletions":0}}},{"hash":"34566b131ad60616876d966c2c0c02da43352839","isMergeCommit":true,"messageTitle":"Merge pull request #36 from Meatsushi64/update-dg-targetuser","messageBody":"Update DeveloperGuide.md with Target User Profile\n\nFixes #35","fileTypesAndContributionMap":{}},{"hash":"df57f0efa25a4538b41a092e53e596651fbec294","isMergeCommit":false,"messageTitle":"Add Javadocs and comply with checkstyle","messageBody":"","fileTypesAndContributionMap":{"functional-code":{"insertions":13,"deletions":3}}},{"hash":"4d6f10e885d7977ae5ad7ee90beaceaf4e3512d2","isMergeCommit":true,"messageTitle":"Merge branch \u0027master\u0027 into add-tag","messageBody":"","fileTypesAndContributionMap":{}}]},{"date":"2025-03-13","commitResults":[{"hash":"7601cd126ddcdd5524449ff9a9a9e863c54a83bb","isMergeCommit":false,"messageTitle":"Update tag to throw exception on empty tag, and add some tests","messageBody":"","fileTypesAndContributionMap":{"functional-code":{"insertions":6,"deletions":2},"test-code":{"insertions":78,"deletions":0}}},{"hash":"9e18de31f3c275828ea499aaeec5a3b7cb66592b","isMergeCommit":false,"messageTitle":"Add tests","messageBody":"","fileTypesAndContributionMap":{"test-code":{"insertions":0,"deletions":9}}},{"hash":"55c10459963bf434adc16415d25c3464d80510ae","isMergeCommit":true,"messageTitle":"Merge branch \u0027master\u0027 into add-tag","messageBody":"","fileTypesAndContributionMap":{}},{"hash":"6a927e9662550f0b0efae7c382891ae50142a2f0","isMergeCommit":false,"messageTitle":"Remove unnecessary imports in AddTagCommandTest","messageBody":"","fileTypesAndContributionMap":{"test-code":{"insertions":0,"deletions":2}}},{"hash":"ffc0fa5b93169fc29247d525cff100a385a1f028","isMergeCommit":false,"messageTitle":"Update AddTagCommand.java","messageBody":"Minor bug fix with equals() method","fileTypesAndContributionMap":{"functional-code":{"insertions":1,"deletions":1}}},{"hash":"a47d7a02d8df7b3eccb8b98125b6d7f29be84514","isMergeCommit":true,"messageTitle":"Merge pull request #46 from Meatsushi64/add-tag","messageBody":"Add \u0027addtag\u0027 command","fileTypesAndContributionMap":{}},{"hash":"4c34c7bf3945ec3cb954204acaa02b7cd1e7eeaa","isMergeCommit":false,"messageTitle":"Add more tests for AddTagCommand and descriptor","messageBody":"","fileTypesAndContributionMap":{"functional-code":{"insertions":1,"deletions":1},"test-code":{"insertions":156,"deletions":0}}},{"hash":"53891e072a4c4966f6681bdd0cb1353e46a29860","isMergeCommit":true,"messageTitle":"Merge branch \u0027master\u0027 into add-tag to update","messageBody":"","fileTypesAndContributionMap":{}},{"hash":"cecc22e5f385c3c34013f29c2e62158b964ccec2","isMergeCommit":true,"messageTitle":"Merge branch \u0027master\u0027 of https://github.com/AY2425S2-CS2103T-W13-1/tp","messageBody":"","fileTypesAndContributionMap":{}},{"hash":"b4a65215fbf0ed78bef69c3ea2857febf230d3a6","isMergeCommit":true,"messageTitle":"Merge branch \u0027master\u0027 into add-tag","messageBody":"","fileTypesAndContributionMap":{}}]},{"date":"2025-03-18","commitResults":[{"hash":"8b9b1920c5c1bf2122dfe20bd01aea21d549e9d3","isMergeCommit":true,"messageTitle":"Merge remote-tracking branch \u0027upstream/master\u0027","messageBody":"","fileTypesAndContributionMap":{}},{"hash":"d33131777a3d4946577ea414d0a8d8907a6258f3","isMergeCommit":true,"messageTitle":"Refactor tests and command to fit new PersonDescriptor","messageBody":"","fileTypesAndContributionMap":{}},{"hash":"e631a17d5df91ba9b88b04701ca2b5814ac6afcc","isMergeCommit":false,"messageTitle":"Edit to fit checkstyle requirements","messageBody":"","fileTypesAndContributionMap":{"test-code":{"insertions":2,"deletions":2}}}]},{"date":"2025-03-19","commitResults":[{"hash":"6ae09f2014dab1cbb2bc2cbc9f58c17140af2c1b","isMergeCommit":true,"messageTitle":"Merge pull request #64 from Meatsushi64/add-tag","messageBody":"","fileTypesAndContributionMap":{}},{"hash":"a592f823cbc1003103a223bba0664c00c52610ce","isMergeCommit":false,"messageTitle":"Update UserGuide.md for v1.3","messageBody":"","fileTypesAndContributionMap":{"docs":{"insertions":61,"deletions":12}}},{"hash":"1855fe170f312b907230bd7d77c9d37acd7c8ac6","isMergeCommit":false,"messageTitle":"Update UserGuide.md with new changes","messageBody":"","fileTypesAndContributionMap":{"docs":{"insertions":14,"deletions":11}}},{"hash":"61fc25b14779cb7c24b4e9cbf6b46af8371bc9a6","isMergeCommit":true,"messageTitle":"Merge pull request #70 from Meatsushi64/Update-UG","messageBody":"Update UserGuide.md for v1.3 ","fileTypesAndContributionMap":{}}]},{"date":"2025-03-27","commitResults":[{"hash":"b5280376aa4c908952d6394b0ee9ab9d317beb57","isMergeCommit":false,"messageTitle":"Update UI to split pane with chatbot-like interaction","messageBody":"","fileTypesAndContributionMap":{"functional-code":{"insertions":139,"deletions":31}}},{"hash":"df413867d02c8cd81f8aecd5c026e7d9da1ea9f3","isMergeCommit":false,"messageTitle":"Make messages alternate properly along axis","messageBody":"","fileTypesAndContributionMap":{"functional-code":{"insertions":0,"deletions":6},"other":{"insertions":1,"deletions":1}}},{"hash":"e4945bc9d85aa88f8135f5568ee8cba87fcbd371","isMergeCommit":true,"messageTitle":"Merge branch \u0027master\u0027 into new-ui","messageBody":"","fileTypesAndContributionMap":{}},{"hash":"99b34b76508313b3055a8603253fc8d1ba943ab9","isMergeCommit":false,"messageTitle":"Remove commented code","messageBody":"","fileTypesAndContributionMap":{"functional-code":{"insertions":0,"deletions":3}}},{"hash":"240d6267aeb8053ae22e186fb8925a95d13af724","isMergeCommit":false,"messageTitle":"Edit to adhere to checkstyle","messageBody":"","fileTypesAndContributionMap":{"functional-code":{"insertions":0,"deletions":2}}},{"hash":"da78988a7564bc4bdf3c325b0fb0829fd8984812","isMergeCommit":true,"messageTitle":"Merge pull request #80 from Meatsushi64/new-ui","messageBody":"","fileTypesAndContributionMap":{}}]},{"date":"2025-03-28","commitResults":[{"hash":"20e535ea2189f81c945a690997286fb9df795c64","isMergeCommit":false,"messageTitle":"Edit UI UML diagram to adhere to v1.4","messageBody":"","fileTypesAndContributionMap":{"functional-code":{"insertions":0,"deletions":1},"other":{"insertions":4,"deletions":0},"docs":{"insertions":6,"deletions":0}}},{"hash":"085efac3962b98df7213f3c548e3fc295edd182c","isMergeCommit":false,"messageTitle":"UG images updated to fit current UI","messageBody":"","fileTypesAndContributionMap":{"docs":{"insertions":3,"deletions":1}}},{"hash":"849e670448887c3899c0d60057005aede3d52994","isMergeCommit":true,"messageTitle":"Merge branch \u0027master\u0027 into edit-ug","messageBody":"","fileTypesAndContributionMap":{}},{"hash":"fd73df24172206654dac26a0e586ea1445222fef","isMergeCommit":true,"messageTitle":"Merge branch \u0027master\u0027 into edit-ui-uml","messageBody":"","fileTypesAndContributionMap":{}},{"hash":"47aa6da013f0594196270432d1546751d82e4816","isMergeCommit":false,"messageTitle":" Change multiplicity of NoteWindow on the diagram","messageBody":"","fileTypesAndContributionMap":{"docs":{"insertions":1,"deletions":1}}},{"hash":"2295ef8a5e4b98d14e0dfbbbd6fb72382d56e68c","isMergeCommit":false,"messageTitle":"Change multiplicity of NoteWindow UML","messageBody":"","fileTypesAndContributionMap":{"docs":{"insertions":1,"deletions":1}}},{"hash":"299b554feca5ad64b008961757ef92bb760fa3ca","isMergeCommit":true,"messageTitle":"Merge pull request #87 from Meatsushi64/edit-ui-uml","messageBody":"Edit UI UML diagram to adhere to v1.4","fileTypesAndContributionMap":{}},{"hash":"8d637c9c4f934487ae9051300dca642548ebbccc","isMergeCommit":true,"messageTitle":"Merge pull request #88 from Meatsushi64/edit-ug","messageBody":"Edit UG to comply with new UI","fileTypesAndContributionMap":{}}]}]},"authorFileTypeContributionMap":{"souledfigurine":{"docs":26,"functional-code":311,"test-code":187},"tim0tay":{"docs":28,"functional-code":378,"test-code":151},"wentingchua":{"docs":436,"functional-code":388,"test-code":323},"shawnnygoh":{"docs":19,"functional-code":478,"test-code":442,"other":7},"Meatsushi64":{"docs":137,"functional-code":287,"test-code":118}},"authorContributionVariance":{"souledfigurine":5527.246,"tim0tay":13635.175,"wentingchua":11891.934,"shawnnygoh":9984.286,"Meatsushi64":4973.6377},"authorDisplayNameMap":{"souledfigurine":"CS2103T-W13-1 FRED..YONG","tim0tay":"CS2103T-W13-1 TAY ..OTHY","wentingchua":"CS2103T-W13-1 CHUA..TING","shawnnygoh":"CS2103T-W13-1 GOH ..HAWN","Meatsushi64":"CS2103T-W13-1 SOH .. JEN"}}
