{"authorDailyContributionsMap":{"souledfigurine":[],"tim0tay":[],"wentingchua":[],"shawnnygoh":[],"Meatsushi64":[]},"authorFileTypeContributionMap":{"souledfigurine":{"docs":0,"functional-code":0,"test-code":0},"tim0tay":{"docs":0,"functional-code":0,"test-code":0},"wentingchua":{"docs":0,"functional-code":0,"test-code":0},"shawnnygoh":{"docs":0,"functional-code":0,"test-code":0},"Meatsushi64":{"docs":0,"functional-code":0,"test-code":0}},"authorContributionVariance":{"souledfigurine":0.0,"tim0tay":0.0,"wentingchua":0.0,"shawnnygoh":0.0,"Meatsushi64":0.0},"authorDisplayNameMap":{"souledfigurine":"CS2103T-W13-1 FRED..YONG","tim0tay":"CS2103T-W13-1 TAY ..OTHY","wentingchua":"CS2103T-W13-1 CHUA..TING","shawnnygoh":"CS2103T-W13-1 GOH ..HAWN","Meatsushi64":"CS2103T-W13-1 SOH .. JEN"}}
