{"authorDailyContributionsMap":{"nictjh":[{"date":"2025-02-27","commitResults":[{"hash":"afb397232a492772ee062a064b06eeecaa2ab8ed","isMergeCommit":false,"messageTitle":"Add info in markdown","messageBody":"","fileTypesAndContributionMap":{"docs":{"insertions":56,"deletions":0}}},{"hash":"34b1223173138681361199ee389484d9c8156ff4","isMergeCommit":true,"messageTitle":"Merge pull request #24 from YashvanGH/branch-aboutus","messageBody":"Add Yashvan to AboutUs","fileTypesAndContributionMap":{}},{"hash":"9284c971a8b11b94efee69ad3b16e9d7824073b9","isMergeCommit":true,"messageTitle":"Merge pull request #20 from Benjam11n/branch-Update-AboutUs","messageBody":"Add Benjamin to AboutUs page","fileTypesAndContributionMap":{}},{"hash":"da97c45621069712b07be0e4ea1cf37e5100c077","isMergeCommit":true,"messageTitle":"Merge pull request #25 from qilstiano/branch-Workflow-Session","messageBody":"Add A\u0027qil to AboutUs page","fileTypesAndContributionMap":{}},{"hash":"858f5256cc3fc0c0a2c5850ba23a7efdd6fd850b","isMergeCommit":true,"messageTitle":"Merge pull request #18 from adoubleb/branch-aboutus","messageBody":"Update about us","fileTypesAndContributionMap":{}},{"hash":"cb9bf828aacaf37e5bb6b4609b3bd7f88de35fd2","isMergeCommit":true,"messageTitle":"Merge pull request #27 from nictjh/branch-AboutUs","messageBody":"Add Nicholas to AboutUs Page","fileTypesAndContributionMap":{}},{"hash":"d2a8800dceae6709933227ec1746ea1fa767c88a","isMergeCommit":false,"messageTitle":"Add minor changes in markdown for readability","messageBody":"","fileTypesAndContributionMap":{"docs":{"insertions":7,"deletions":25}}},{"hash":"3c1e36cedc934f5d73efb96b44609bef03c32293","isMergeCommit":true,"messageTitle":"Merge pull request #28 from nictjh/branch-SlightEditsMD","messageBody":"Add minor changes in markdown for readability","fileTypesAndContributionMap":{}}]},{"date":"2025-03-05","commitResults":[{"hash":"96c18424f0f81ea729b4324463aca84fdd8a30b5","isMergeCommit":false,"messageTitle":"Update website with Week7 TP progress","messageBody":"","fileTypesAndContributionMap":{"docs":{"insertions":38,"deletions":33}}}]},{"date":"2025-03-06","commitResults":[{"hash":"a5cf8ae4639b18ff6e33f5d7c56c5f9fd5e3db90","isMergeCommit":false,"messageTitle":"Add acknowledgements to index","messageBody":"","fileTypesAndContributionMap":{"docs":{"insertions":1,"deletions":0}}},{"hash":"7e3daa9827bd2a7126ea2ecbd353f3395b8a2761","isMergeCommit":false,"messageTitle":"Resolve checkstyle","messageBody":"","fileTypesAndContributionMap":{"docs":{"insertions":2,"deletions":2}}}]},{"date":"2025-03-11","commitResults":[{"hash":"68fd45518a825dd3dc06b1cee9726e64dd03d060","isMergeCommit":false,"messageTitle":"Enable keyword based name matching in findCommand","messageBody":"","fileTypesAndContributionMap":{"functional-code":{"insertions":4,"deletions":2}}}]},{"date":"2025-03-12","commitResults":[{"hash":"ceea89f7f8361a1dd7fbecc673c1b18f5cdb1b77","isMergeCommit":false,"messageTitle":"Improve name formatting to prevent duplicate","messageBody":"","fileTypesAndContributionMap":{"functional-code":{"insertions":26,"deletions":2}}},{"hash":"fd0cdc2bdcceb4fa820700ef8bd8963f7562be29","isMergeCommit":false,"messageTitle":"Update regex for validation","messageBody":"","fileTypesAndContributionMap":{"functional-code":{"insertions":1,"deletions":1}}},{"hash":"4864c56c1a37edcf3190606b6bd34362c5030a4d","isMergeCommit":false,"messageTitle":"Update find Command to reduce FP","messageBody":"","fileTypesAndContributionMap":{"functional-code":{"insertions":3,"deletions":2}}},{"hash":"d89f7d05cfdf40894faec7ba2680b49c2dab4dde","isMergeCommit":false,"messageTitle":"Update regex and check tests","messageBody":"","fileTypesAndContributionMap":{"functional-code":{"insertions":2,"deletions":2}}}]},{"date":"2025-03-17","commitResults":[{"hash":"25c056d2a7ca3cdfe23849f0b6b48071a88f197c","isMergeCommit":false,"messageTitle":"Fix duplicate index handling and add test cases","messageBody":"Currently, DeleteCommandParser does not properly reject duplicate indices,\nleading to unexpected behavior when parsing user input.\n\nThis commit:\n- Detects duplicate indices early and rejects them with an error.\n- Adds test cases for empty input, duplicate indices, and\nnegative indices.\n- Adds test case for empty list delete.\n\nThis improves parser robustness and prevents unintended command\nexecution.\n","fileTypesAndContributionMap":{"functional-code":{"insertions":42,"deletions":7},"test-code":{"insertions":46,"deletions":2}}},{"hash":"a2a6c1dd9087b2bc98f795a3c3eb37cbb1a2873e","isMergeCommit":false,"messageTitle":"Align import statements with best practices","messageBody":"","fileTypesAndContributionMap":{"test-code":{"insertions":3,"deletions":1}}},{"hash":"ffb45d911e35f13ac243950ace2cc57b72e47aca","isMergeCommit":false,"messageTitle":"Fix checkstyle error in DeleteCommandParserTest","messageBody":"","fileTypesAndContributionMap":{"test-code":{"insertions":6,"deletions":3}}},{"hash":"fe26da46a3971c9ab69917b7a497b41fcc6f5c27","isMergeCommit":true,"messageTitle":"Merge pull request #75 from nictjh/branch-testCasesForDeleteCommand","messageBody":"Fix duplicate index handling and add test cases","fileTypesAndContributionMap":{}}]},{"date":"2025-03-19","commitResults":[{"hash":"5c440f0e4b315d5998c4ed2c85c63d71e3e2e94c","isMergeCommit":false,"messageTitle":"Update name regex to be less restrictive","messageBody":"","fileTypesAndContributionMap":{"functional-code":{"insertions":8,"deletions":6},"test-code":{"insertions":4,"deletions":3}}}]},{"date":"2025-03-20","commitResults":[{"hash":"ce7bb726b32d0636ac03b19b76e7171a74f45ec3","isMergeCommit":false,"messageTitle":"Modify regex to prevent bugs and UG","messageBody":"","fileTypesAndContributionMap":{"functional-code":{"insertions":1,"deletions":1},"docs":{"insertions":9,"deletions":0},"test-code":{"insertions":14,"deletions":0}}},{"hash":"d0b23ef47947f0eab1544f5e2d5ef4e32818892c","isMergeCommit":false,"messageTitle":"Add more test cases to ensure codecov","messageBody":"","fileTypesAndContributionMap":{"test-code":{"insertions":21,"deletions":0}}},{"hash":"ecf803c95884adf7fd9ba7e9b60ad32fa2cb7df7","isMergeCommit":false,"messageTitle":"Fix UI: Placeholder for missing relationship, trim whitespace","messageBody":"Currently, when a relationship is missing, the UI displays an empty\nstring box. Additionally, optional fields like birthday and notes\ncreate unnecessry whitespace when empty. Lastly, nicknames\nshould also be displayed inline with the name for clarity.\n\nLet\u0027s\n- Update the UI to show a placeholder text (\"No relationship\nspecified\") when no relationship is provided.\n- We also hide label for empty optional fields to ensure\na cleaner and more structured layout.\n- Place the nickname inlign with the name.\n","fileTypesAndContributionMap":{"functional-code":{"insertions":35,"deletions":7}}},{"hash":"09c061d461f3b29b3b9a410cca327c254e2ffab0","isMergeCommit":false,"messageTitle":"Modify regex again and UG","messageBody":"","fileTypesAndContributionMap":{"functional-code":{"insertions":20,"deletions":6},"docs":{"insertions":2,"deletions":2},"test-code":{"insertions":2,"deletions":2}}},{"hash":"f0aaebbb9a13f475422c221fbbc79208cf3d87e0","isMergeCommit":false,"messageTitle":"Abstract out view method","messageBody":"","fileTypesAndContributionMap":{"functional-code":{"insertions":16,"deletions":16}}},{"hash":"07f018325b4725db721496ba40bbe0b7fdef08fe","isMergeCommit":false,"messageTitle":"Fix Checkstyle error","messageBody":"","fileTypesAndContributionMap":{"functional-code":{"insertions":0,"deletions":1}}},{"hash":"35cb2c3a906052f969e4912834e764e2f09d9b0c","isMergeCommit":true,"messageTitle":"Merge pull request #94 from qilstiano/branch-Test-Relationship","messageBody":"Add RelationshipTest for Relationship testing","tags":["v1.3"],"fileTypesAndContributionMap":{}}]},{"date":"2025-03-24","commitResults":[{"hash":"5134d27bcc188fa0646fb3d682a2d06248d7419e","isMergeCommit":false,"messageTitle":"Add sorting by upcoming birthday with fallback order","messageBody":"The list command currently only supports displaying persons in\ntheir original insertion order. Users have no way of viewing persons\nbased on how soon their birthdays are approaching.\n\nThis limits the utility of the list command for tracking closest\nrelative birthday, especially when the address book contains many\nentries.\n\nAdd support for sorting persons by the number of days to their\nnext birthday. Accept \u0027s/asc\u0027 and \u0027s/desc\u0027 as optional\narguments to list command which will sort persons in ascending\nor descending order of days until their upcoming birthday.\n\nUse MonthDay comparison with today\u0027s date to determine.\nIf birthday has already passed this year, treat as occuring in\nthe next year. If user does not provide a sort order, fallback\nto original insertion order.\n\nThis approach ensures that birthdays are treated as recurring\nyearly events, while preserving the original view when no\nsorting is specified.\n","fileTypesAndContributionMap":{"functional-code":{"insertions":140,"deletions":7}}},{"hash":"1c57ccdb4b8610ed4ae01417db638d78d7743e16","isMergeCommit":false,"messageTitle":"Fix Checkstyle error","messageBody":"","fileTypesAndContributionMap":{"functional-code":{"insertions":0,"deletions":1}}}]},{"date":"2025-03-25","commitResults":[{"hash":"2074237bdf239fba7a86ca7e5b6e6abe0b796282","isMergeCommit":false,"messageTitle":"Fix default List Tests","messageBody":"","fileTypesAndContributionMap":{"functional-code":{"insertions":3,"deletions":0},"test-code":{"insertions":13,"deletions":2}}},{"hash":"6fa39188ac6d4fd6218bdfa94f6480f988f4fb50","isMergeCommit":false,"messageTitle":"Add test cases for ListCommand improv codecov","messageBody":"","fileTypesAndContributionMap":{"functional-code":{"insertions":57,"deletions":30},"test-code":{"insertions":168,"deletions":8}}},{"hash":"66169a17a7b268fa2fb16ca55148cc408796639e","isMergeCommit":false,"messageTitle":"Refactor to follow checkstyle","messageBody":"","fileTypesAndContributionMap":{"test-code":{"insertions":15,"deletions":13}}},{"hash":"2d1f341cda634c6f6617a3a71e798fb5d8bd8113","isMergeCommit":true,"messageTitle":"Merge pull request #81 from YashvanGH/branch-add-undo-redo","messageBody":"Add Undo / Redo Feature ","fileTypesAndContributionMap":{}},{"hash":"bef39c505b1759d33dcdf4ba6b517c423fc8ddea","isMergeCommit":false,"messageTitle":"Make EditCommand support undo/redo operation","messageBody":"EditCommand currently does not support undo/redo operation.\nThis prevents users from reverting or reapplying changes made\nduring edits, unlike other commands such as \u0027add\u0027 and \u0027delete\u0027\nwhich supports this.\n\nThis inconsistency weakens the undo/redo experience and create\ngaps in reversible operations, especially when multiple\ncommands are chained together.\n\nLet\u0027s\n- Extend EditCommand to inherit from UndoableCommand\n- Track the original and edited Person\n- Push the command to CommandTracker\n- Implement undo() and redo() operations\n- Add necessary test cases to ensure robustness\n\nThis resolves #108\n","fileTypesAndContributionMap":{"functional-code":{"insertions":29,"deletions":4},"test-code":{"insertions":92,"deletions":2}}}]},{"date":"2025-03-26","commitResults":[{"hash":"28ed2c44cc6d17665eb6aaf11af4e8b407f36809","isMergeCommit":true,"messageTitle":"Merge pull request #111 from Benjam11n/branch-enable-assertions","messageBody":"Enable assertions in build.gradle","fileTypesAndContributionMap":{}},{"hash":"00de2ae5e0bffb87931888ba8c02431fae70c6fa","isMergeCommit":true,"messageTitle":"Merge pull request #112 from qilstiano/branch-Help-Page","messageBody":"Implement Help page natively","fileTypesAndContributionMap":{}},{"hash":"515a5134b0b40009e284d73a1a804ce43c88c513","isMergeCommit":false,"messageTitle":"Fix text wraping and layout alignment","messageBody":"The ResultDisplay and notes display do not wrap\nas expected, causing long text to truncate, overflow.\nAdditionally, the person card layout appears misaligned\nwith spacing issues, between index, name and rest of\ncontent.\n\nThis affects the visual clarity and consistency of\neach card, especially when there is long text. Also\naffects the friendliness of CLI interface as users,\nneed to scroll horizontally to see the full response.\n\nLet\u0027s enable proper text wrapping for both ResultDisplay\nand the notes field to preserve readability. Also, add\nindex badges, to ensure content alignment in person\ninformation.\n\nThese changes improve the aesthetic quality and usability\nof the UI. Resolving #97\n","fileTypesAndContributionMap":{"functional-code":{"insertions":53,"deletions":19}}},{"hash":"70b083585dc6fdcedd4294d6245907db9f621738","isMergeCommit":false,"messageTitle":"Clean up UI","messageBody":"","fileTypesAndContributionMap":{"functional-code":{"insertions":12,"deletions":3}}},{"hash":"3e4cf78bdc9bdcc23dae24db4e3c9618113525eb","isMergeCommit":false,"messageTitle":"Adjust result-display-pane height","messageBody":"","fileTypesAndContributionMap":{"functional-code":{"insertions":2,"deletions":2}}}]},{"date":"2025-03-27","commitResults":[{"hash":"f5fe0c9bbb639246845e54f58c92745e2c6bf2bb","isMergeCommit":false,"messageTitle":"Add UML for ListCommand","messageBody":"","fileTypesAndContributionMap":{"functional-code":{"insertions":4,"deletions":4},"docs":{"insertions":76,"deletions":0}}},{"hash":"856d396de5764e723d802a82c8a949962f5ad411","isMergeCommit":false,"messageTitle":"Fix CheckStyle errors","messageBody":"","fileTypesAndContributionMap":{"docs":{"insertions":1,"deletions":1}}}]},{"date":"2025-03-31","commitResults":[{"hash":"597b230a9b11ff9a4d6fb4f1da9ce9a89e4c7e6c","isMergeCommit":false,"messageTitle":"Add CLI and GUI support for attaching profile images","messageBody":"Person entries do not support profile image display.\nUsers cannot personalise entries or visually identify people\nusing photos, which limits the app\u0027s usability and UX.\n\nLet\u0027s allow profile images to be added via CLI and GUI, with\nimage validation restricted to readable `.png` files.\nDisplay the associated image in the person detail card.\n\nUsing PNG ensures consistency and reduces rendering issues.\nSupporting both CLI and GUI maintains feature parity and\nuser flexibility.\n\nResolves #154\n","fileTypesAndContributionMap":{"functional-code":{"insertions":245,"deletions":22},"test-code":{"insertions":257,"deletions":23}}},{"hash":"55951ea94d94ada1011e9de1d3b07ceb0e88f6c5","isMergeCommit":false,"messageTitle":"Fix failing test cases","messageBody":"","fileTypesAndContributionMap":{"test-code":{"insertions":4,"deletions":0}}},{"hash":"6e6b1ef2e96703371836e074f8827c05b17799d0","isMergeCommit":false,"messageTitle":"Fix file references for JAR export","messageBody":"","fileTypesAndContributionMap":{"functional-code":{"insertions":60,"deletions":17},"test-code":{"insertions":16,"deletions":6}}},{"hash":"645b02b80933d28be42169814f1b4b92337daebc","isMergeCommit":true,"messageTitle":"Merge branch \u0027branch-AddPicture\u0027 of https://github.com/nictjh/tp into branch-AddPicture","messageBody":"Update local branch to continue making changes\n","fileTypesAndContributionMap":{}},{"hash":"8cbf25a555d44b0fa428564c42bafa7a807200bd","isMergeCommit":false,"messageTitle":"Fix checkstyle errors and add assert","messageBody":"","fileTypesAndContributionMap":{"functional-code":{"insertions":4,"deletions":13},"test-code":{"insertions":44,"deletions":1}}},{"hash":"758270cd79a275710ead30b76050f7bd63886b3b","isMergeCommit":false,"messageTitle":"Fix PersonTest imagePath_default","messageBody":"","fileTypesAndContributionMap":{"functional-code":{"insertions":0,"deletions":3},"test-code":{"insertions":5,"deletions":4}}},{"hash":"4dc1b6ccd79623af582e955f1c4a718e8289f5b4","isMergeCommit":false,"messageTitle":"Fix checkstyle errors","messageBody":"","fileTypesAndContributionMap":{"test-code":{"insertions":0,"deletions":3}}},{"hash":"c5add97a43ff7493d41dba720e2988fd6a4e126c","isMergeCommit":false,"messageTitle":"Update console messages","messageBody":"","fileTypesAndContributionMap":{"functional-code":{"insertions":3,"deletions":2},"test-code":{"insertions":2,"deletions":1}}}]}],"Benjam11n":[{"date":"2025-02-27","commitResults":[{"hash":"3f0d71594b8632f2418791919a4ef4bd543d684c","isMergeCommit":false,"messageTitle":"Add Benjamin to AboutUs page","messageBody":"","fileTypesAndContributionMap":{"docs":{"insertions":50,"deletions":4}}}]},{"date":"2025-03-06","commitResults":[{"hash":"e813cc609631bcf19119978b28e0beb422bfb2ad","isMergeCommit":false,"messageTitle":"Add NFRs to developer guide","messageBody":"","fileTypesAndContributionMap":{"docs":{"insertions":9,"deletions":28}}}]},{"date":"2025-03-12","commitResults":[{"hash":"d7b00961b0b1ff913936d06b912bec87401a65aa","isMergeCommit":false,"messageTitle":"Add notes and nickname to add command","messageBody":"","fileTypesAndContributionMap":{"functional-code":{"insertions":329,"deletions":27},"test-code":{"insertions":84,"deletions":22}}},{"hash":"45bb295293e2f3053909968d49a3329ca7f36bfc","isMergeCommit":false,"messageTitle":"Fix error message bug","messageBody":"","fileTypesAndContributionMap":{"functional-code":{"insertions":35,"deletions":25},"test-code":{"insertions":2,"deletions":2}}},{"hash":"ea769e7d383ae7018845b83b29a5591b4a0925ab","isMergeCommit":false,"messageTitle":"Add additional test for notes and nickname","messageBody":"","fileTypesAndContributionMap":{"functional-code":{"insertions":6,"deletions":16},"test-code":{"insertions":79,"deletions":0}}}]},{"date":"2025-03-13","commitResults":[{"hash":"0a876592a37cadad34e70c7238a1c0436543a599","isMergeCommit":true,"messageTitle":"Merge pull request #47 from YashvanGH/branch-modify-delete","messageBody":"Modify Delete Command","fileTypesAndContributionMap":{}},{"hash":"1e6e122531e8657e85100c1fd3fc28c1c7c93179","isMergeCommit":true,"messageTitle":"Merge pull request #52 from nictjh/branch-FindCommandExp","messageBody":"Enable keyword based name matching in findCommand","fileTypesAndContributionMap":{}},{"hash":"db894ad39032d6b521b9e79a3f9cb1eefb36c761","isMergeCommit":true,"messageTitle":"Merge pull request #56 from nictjh/branch-fixAddDuplicate","messageBody":"Improve name formatting to prevent duplicate","fileTypesAndContributionMap":{}},{"hash":"a229e878ff16f8ddb133040e7c8c5fa8a613b911","isMergeCommit":true,"messageTitle":"Merge pull request #58 from qilstiano/branch-Relationship","messageBody":"Update Add command to support Relationship","fileTypesAndContributionMap":{}}]},{"date":"2025-03-16","commitResults":[{"hash":"a736d578313103020e4ba210be868a1ad2f16238","isMergeCommit":false,"messageTitle":"Update Messages class with new Person fields","messageBody":"","fileTypesAndContributionMap":{"functional-code":{"insertions":45,"deletions":5}}}]},{"date":"2025-03-17","commitResults":[{"hash":"1bc671fc65877ef20326cb3a80eef5bb4032ab83","isMergeCommit":false,"messageTitle":"Update add and edit command format","messageBody":"","fileTypesAndContributionMap":{"docs":{"insertions":6,"deletions":6}}},{"hash":"58561c30ad45230f2fb076f98ba1255a596b0c98","isMergeCommit":false,"messageTitle":"Fix typo in user guide","messageBody":"","fileTypesAndContributionMap":{"docs":{"insertions":1,"deletions":1}}},{"hash":"7ec101c0dfab1b96277b35620b69278cdedbf2e5","isMergeCommit":false,"messageTitle":"Implement commandhistory.json","messageBody":"","fileTypesAndContributionMap":{"functional-code":{"insertions":392,"deletions":19}}},{"hash":"ac7b8ce6363d080f76bba28aa93b9575ab53de42","isMergeCommit":false,"messageTitle":"Connect CommandHistory to UI","messageBody":"","fileTypesAndContributionMap":{"functional-code":{"insertions":119,"deletions":5},"test-code":{"insertions":8,"deletions":3}}},{"hash":"3b863e207dab911def42136fbb40ca8611e14109","isMergeCommit":false,"messageTitle":"Update tests for Command History","messageBody":"","fileTypesAndContributionMap":{"functional-code":{"insertions":10,"deletions":2},"test-code":{"insertions":180,"deletions":24}}}]},{"date":"2025-03-18","commitResults":[{"hash":"28bca5b00ed6ecfb4498944d2e1616665941d477","isMergeCommit":true,"messageTitle":"Merge branch \u0027master\u0027 into branch-command-history","messageBody":"","fileTypesAndContributionMap":{}},{"hash":"7a9ab4cd70096d3540323bdf175b9582aeb8b3e0","isMergeCommit":false,"messageTitle":"Add JsonStorage generic class","messageBody":"","fileTypesAndContributionMap":{"functional-code":{"insertions":136,"deletions":95}}}]},{"date":"2025-03-19","commitResults":[{"hash":"0e5a72c3c3918bb5ccb06456e9ff9e26230eba79","isMergeCommit":false,"messageTitle":"Change logging message for better clarity","messageBody":"","fileTypesAndContributionMap":{"functional-code":{"insertions":21,"deletions":18}}},{"hash":"cd2c82484cd8ca1097d81945f83b41fd933833ab","isMergeCommit":false,"messageTitle":"Refactor Messages.format to use appendIfNotEmpty method","messageBody":"","fileTypesAndContributionMap":{"functional-code":{"insertions":14,"deletions":24}}},{"hash":"fdbbc44cd04be24344f8627734e21ced5effec13","isMergeCommit":true,"messageTitle":"Merge branch \u0027master\u0027 into fix-Message","messageBody":"","fileTypesAndContributionMap":{}},{"hash":"d339f86aa56b44c6f651cee64b835e6aa1dcfe7b","isMergeCommit":true,"messageTitle":"Merge pull request #68 from Benjam11n/branch-Update-UG","messageBody":"Update add and edit command format in user guide","fileTypesAndContributionMap":{}},{"hash":"9bc4157f8f6ce1623ed73d139f4fddcf87368e01","isMergeCommit":true,"messageTitle":"Merge pull request #66 from Benjam11n/fix-Message","messageBody":"Update Messages class with new Person fields","fileTypesAndContributionMap":{}},{"hash":"49f2bc9e7538e8de26af6ac83e5a5f12fa6cc4c6","isMergeCommit":true,"messageTitle":"Merge branch \u0027master\u0027 into branch-command-history","messageBody":"","fileTypesAndContributionMap":{}},{"hash":"92fa8dd83ee327229754e1284a74d47720c514af","isMergeCommit":false,"messageTitle":"Fix checkstyle error","messageBody":"","fileTypesAndContributionMap":{"test-code":{"insertions":1,"deletions":1}}}]},{"date":"2025-03-20","commitResults":[{"hash":"a485a8330578e44513920d971565f396fc41e80d","isMergeCommit":true,"messageTitle":"Merge pull request #67 from YashvanGH/branch-add-find-tests","messageBody":"Add Test Cases for Find Command","fileTypesAndContributionMap":{}},{"hash":"713a23c2666d3f35b0bf1691b7c75cae77188d26","isMergeCommit":true,"messageTitle":"Merge pull request #88 from qilstiano/branch-Bug-Data-Seeding","messageBody":"Fix Validation fails when seeding sample data ","fileTypesAndContributionMap":{}},{"hash":"7396ac7e412382d30903b26a500979c4c28d06a3","isMergeCommit":true,"messageTitle":"Merge branch \u0027master\u0027 into branch-command-history","messageBody":"","fileTypesAndContributionMap":{}},{"hash":"8ce37e221cefadfc748516213944aa488aca3512","isMergeCommit":true,"messageTitle":"Merge branch \u0027master\u0027 into branch-command-history","messageBody":"","fileTypesAndContributionMap":{}},{"hash":"024de8246787945585060083428f4c7631898c9c","isMergeCommit":true,"messageTitle":"Merge pull request #86 from nictjh/branch-nameValidation","messageBody":"Update name regex to be less restrictive","fileTypesAndContributionMap":{}},{"hash":"6123f400cef456d8ca76b0f40218b523aea97ab0","isMergeCommit":false,"messageTitle":"Refactor nickname to use setTextOrHide method","messageBody":"","fileTypesAndContributionMap":{"functional-code":{"insertions":2,"deletions":6}}},{"hash":"74b6b0779b9176d828b5230d9e1ec88c8fde336d","isMergeCommit":true,"messageTitle":"Merge pull request #91 from nictjh/branch-EditPersonCard","messageBody":"Fix UI: Placeholder for missing relationship, trim whitespace","fileTypesAndContributionMap":{}}]},{"date":"2025-03-21","commitResults":[{"hash":"f6b62b1f0434e014cb289de1f4a6cdbb681da8e4","isMergeCommit":true,"messageTitle":"Merge branch \u0027master\u0027 into branch-command-history","messageBody":"","fileTypesAndContributionMap":{}}]},{"date":"2025-03-22","commitResults":[{"hash":"071eb823d58fd7cb83f011bd6ddbc1d01d348d95","isMergeCommit":false,"messageTitle":"Add logging for CommandHistory","messageBody":"","fileTypesAndContributionMap":{"functional-code":{"insertions":19,"deletions":3}}},{"hash":"4f6748c5608ae9984906924af1e25f0575750994","isMergeCommit":true,"messageTitle":"Merge pull request #80 from Benjam11n/branch-command-history","messageBody":"Add command history","fileTypesAndContributionMap":{}}]},{"date":"2025-03-24","commitResults":[{"hash":"e57ce05fe5bb1c7f699d1d909dadf19fa89d75e2","isMergeCommit":false,"messageTitle":"Add tests for CommandHistory","messageBody":"","fileTypesAndContributionMap":{"test-code":{"insertions":271,"deletions":4}}},{"hash":"3a42b949cf81608587b73230bc2207ff04de6a1a","isMergeCommit":false,"messageTitle":"Fix checkstyle errors","messageBody":"","fileTypesAndContributionMap":{"test-code":{"insertions":12,"deletions":11}}}]},{"date":"2025-03-26","commitResults":[{"hash":"07ab50672831712c9eb19a9b99b0c34d5f6730e0","isMergeCommit":true,"messageTitle":"Merge pull request #110 from adoubleb/update-diagrams","messageBody":"Update diagram","fileTypesAndContributionMap":{}},{"hash":"0c6f9ff98d924c3c739ae2a2b1b81e5d5b247cc9","isMergeCommit":false,"messageTitle":"Enable assertions in build.gradle","messageBody":"","fileTypesAndContributionMap":{"other":{"insertions":4,"deletions":0}}},{"hash":"b51cdeebfba095f6496e356944dd05f818d8c8df","isMergeCommit":true,"messageTitle":"Merge pull request #105 from nictjh/branch-ListCommandImprov","messageBody":"Add sorting by upcoming birthday with fallback order","fileTypesAndContributionMap":{}},{"hash":"d6828debed3ceb45f3b07d6cec9301086c399883","isMergeCommit":true,"messageTitle":"Merge branch \u0027master\u0027 into add-CommandHistory-tests","messageBody":"","fileTypesAndContributionMap":{}},{"hash":"f3e0c96733444000c6e0dce07f25265ccbc12aba","isMergeCommit":true,"messageTitle":"Merge pull request #104 from Benjam11n/add-CommandHistory-tests","messageBody":"Add tests for CommandHistory","fileTypesAndContributionMap":{}}]},{"date":"2025-03-27","commitResults":[{"hash":"6da91d070a9a4f1f4f72450f0d31bed2e13b0bc1","isMergeCommit":true,"messageTitle":"Merge pull request #126 from adoubleb/bug-fix-confirmable-save-state","messageBody":"Fix bug related to confirmable and state","fileTypesAndContributionMap":{}},{"hash":"66186607e1f5352e232b12ea5ccf5680ff25f20c","isMergeCommit":false,"messageTitle":"Update BetterModel UML diagram","messageBody":"","fileTypesAndContributionMap":{"docs":{"insertions":4,"deletions":0}}},{"hash":"6285a9793b0ff7720a49d546e26f3433d7307677","isMergeCommit":false,"messageTitle":"Increase width of diagram","messageBody":"","fileTypesAndContributionMap":{"docs":{"insertions":2,"deletions":2}}},{"hash":"b48eaed11843e645eb4ef1d58318001f4ee552cb","isMergeCommit":true,"messageTitle":"Merge pull request #130 from YashvanGH/branch-refactor-JsonAdaptedPerson","messageBody":"Refactor JsonAdaptedPerson","tags":["v1.4"],"fileTypesAndContributionMap":{}},{"hash":"4fe73f5b5d552967f94f744cc5e3e9da64a3e1b0","isMergeCommit":true,"messageTitle":"Merge branch \u0027master\u0027 into branch-add-logging","messageBody":"","fileTypesAndContributionMap":{}},{"hash":"299c996081143d394458ec55e3f4cbdaba05b6f0","isMergeCommit":false,"messageTitle":"Add one logging statement","messageBody":"","fileTypesAndContributionMap":{"functional-code":{"insertions":1,"deletions":0}}},{"hash":"5b6fb320919a4bda791077943e54afad5f92925d","isMergeCommit":true,"messageTitle":"Merge pull request #117 from YashvanGH/branch-add-logging","messageBody":"Lack of Defensive Logging ","fileTypesAndContributionMap":{}}]},{"date":"2025-03-30","commitResults":[{"hash":"95a530294d48f1724c122f08393e4ec0ff7cb6b4","isMergeCommit":false,"messageTitle":"Add escape character for notes and nickname","messageBody":"","fileTypesAndContributionMap":{"functional-code":{"insertions":29,"deletions":15},"test-code":{"insertions":79,"deletions":0}}},{"hash":"7e36b13e9aaf96b32ca035cd49652149505e53eb","isMergeCommit":false,"messageTitle":"Make person fields optional","messageBody":"","fileTypesAndContributionMap":{"functional-code":{"insertions":254,"deletions":146},"test-code":{"insertions":95,"deletions":85}}}]},{"date":"2025-03-31","commitResults":[{"hash":"18f52e487d692cbac9d5c4f1cb75198984703eeb","isMergeCommit":false,"messageTitle":"Add restriction for tag","messageBody":"","fileTypesAndContributionMap":{"functional-code":{"insertions":57,"deletions":29},"test-code":{"insertions":6,"deletions":6}}},{"hash":"f427bceb2e221d2aa2a1b72d06cf7babf97c17f6","isMergeCommit":false,"messageTitle":"Fix checkstyle errors","messageBody":"","fileTypesAndContributionMap":{"test-code":{"insertions":6,"deletions":5}}},{"hash":"430f432a82bf4990e9e225272f01c4f4741b5811","isMergeCommit":false,"messageTitle":"Revise limits and update UI","messageBody":"","fileTypesAndContributionMap":{"functional-code":{"insertions":13,"deletions":9}}},{"hash":"67d25c5dce87ccaadb8af69c56272ff8855da42d","isMergeCommit":false,"messageTitle":"Fix tests","messageBody":"","fileTypesAndContributionMap":{"functional-code":{"insertions":19,"deletions":19},"test-code":{"insertions":61,"deletions":91}}},{"hash":"c679672523d0aaceb8958844c69eb48eb2d9d5e3","isMergeCommit":false,"messageTitle":"Fix bugs","messageBody":"","fileTypesAndContributionMap":{"functional-code":{"insertions":13,"deletions":9}}},{"hash":"f75aabf03f94ff9f5efa56455b7d7a7ad99ff8a7","isMergeCommit":true,"messageTitle":"Merge pull request #152 from Benjam11n/add-escape-character","messageBody":"Add escape character for notes and nickname","fileTypesAndContributionMap":{}},{"hash":"291f58df1a2c5b407e9fec09b5b5d1c605828942","isMergeCommit":true,"messageTitle":"Merge branch \u0027master\u0027 into branch-AddPicture","messageBody":"","fileTypesAndContributionMap":{}},{"hash":"0a15c687f8fd0e0cfa029bcd3ab40b5e6b4f3bfd","isMergeCommit":false,"messageTitle":"Fix checkstyle","messageBody":"","fileTypesAndContributionMap":{"test-code":{"insertions":1,"deletions":1}}},{"hash":"08de4107c8a82ab4782d0a0897ef9629eb7b67ef","isMergeCommit":true,"messageTitle":"Merge branch \u0027master\u0027 into update-field-requirements","messageBody":"","fileTypesAndContributionMap":{}},{"hash":"fc15e1e396fbca956c82e61f3adf75685b1d2978","isMergeCommit":true,"messageTitle":"Merge pull request #155 from nictjh/branch-AddPicture","messageBody":"Add CLI and GUI support for attaching profile images","fileTypesAndContributionMap":{}},{"hash":"69a2a3decd3d70405d87e721dfa4100c76f5cf9a","isMergeCommit":true,"messageTitle":"Merge branch \u0027master\u0027 into update-field-requirements","messageBody":"","fileTypesAndContributionMap":{}},{"hash":"91c7b69544e0c6b116d66bc9a8ba741333dc9371","isMergeCommit":false,"messageTitle":"Fix checkstyle","messageBody":"","fileTypesAndContributionMap":{"test-code":{"insertions":0,"deletions":1}}}]},{"date":"2025-04-01","commitResults":[{"hash":"31d763f6398ed39851e748f1685a33d92e3b5efd","isMergeCommit":false,"messageTitle":"Clean up code","messageBody":"","fileTypesAndContributionMap":{"functional-code":{"insertions":10,"deletions":5}}},{"hash":"bce40c4372f079faf34cbd59f695f10faefd0878","isMergeCommit":false,"messageTitle":"Standardise order of validation","messageBody":"","fileTypesAndContributionMap":{"functional-code":{"insertions":6,"deletions":5}}},{"hash":"e26e68dc70e5a2662e96194a1833ff0f2cac26bf","isMergeCommit":false,"messageTitle":"Clean up code","messageBody":"","fileTypesAndContributionMap":{"functional-code":{"insertions":17,"deletions":14},"test-code":{"insertions":4,"deletions":2}}},{"hash":"8770802c8cc3400d6d78f764e3bd295eeac44deb","isMergeCommit":true,"messageTitle":"Merge pull request #153 from Benjam11n/update-field-requirements","messageBody":"Make person fields optional","fileTypesAndContributionMap":{}}]},{"date":"2025-04-02","commitResults":[{"hash":"32bd2152202014b00c28302242cca85a877dd8c5","isMergeCommit":true,"messageTitle":"Merge pull request #175 from adoubleb/remove-auto-capitalization","messageBody":"Remove auto-capitalization for words with /","fileTypesAndContributionMap":{}}]}],"adoubleb":[{"date":"2025-02-27","commitResults":[{"hash":"46e8deddd1005cf3c73250d8099dbc8def28f6c8","isMergeCommit":false,"messageTitle":"Update about us","messageBody":"","fileTypesAndContributionMap":{"docs":{"insertions":55,"deletions":1}}},{"hash":"22f700e603154c083b18e02d40f6294ceeb45d7c","isMergeCommit":true,"messageTitle":"Merge branch \u0027master\u0027 into branch-AboutUs","messageBody":"","fileTypesAndContributionMap":{}}]},{"date":"2025-03-04","commitResults":[{"hash":"fd8bbb39cb06b210f022b63f7a6e1618b184d245","isMergeCommit":false,"messageTitle":"Update and add build status badges","messageBody":"","fileTypesAndContributionMap":{"docs":{"insertions":3,"deletions":1}}},{"hash":"e90335a8a1c51f194cb75738d2a9c605011b6e58","isMergeCommit":false,"messageTitle":"Update readme content","messageBody":"","fileTypesAndContributionMap":{"docs":{"insertions":12,"deletions":13}}}]},{"date":"2025-03-06","commitResults":[{"hash":"f964624b7b561cc1a876d0987c7fe8edc2b4dcc4","isMergeCommit":true,"messageTitle":"Merge pull request #42 from qilstiano/branch-DG-UseCases","messageBody":"Update DG - Use Cases","fileTypesAndContributionMap":{}}]},{"date":"2025-03-11","commitResults":[{"hash":"c5aab0eebe5d4c895a85d44f35a9aa40f5a90272","isMergeCommit":false,"messageTitle":"Add support for birthday field","messageBody":"","fileTypesAndContributionMap":{"functional-code":{"insertions":188,"deletions":25},"test-code":{"insertions":69,"deletions":15}}},{"hash":"09f9c7fdbd016410c6d80e8c99badfdfd5484dd0","isMergeCommit":false,"messageTitle":"Make birthday field optional","messageBody":"","fileTypesAndContributionMap":{"functional-code":{"insertions":56,"deletions":44},"test-code":{"insertions":18,"deletions":20}}},{"hash":"c50966233b8300711f8ff807586205cafa725b8a","isMergeCommit":false,"messageTitle":"Update to more specific error messages for birthday","messageBody":"","fileTypesAndContributionMap":{"functional-code":{"insertions":24,"deletions":13},"test-code":{"insertions":1,"deletions":1}}},{"hash":"1cf2d2924544b1aab400c60e5db4a53531f41673","isMergeCommit":false,"messageTitle":"Add LocalDate field in Birthday","messageBody":"","fileTypesAndContributionMap":{"functional-code":{"insertions":23,"deletions":3}}},{"hash":"a17e337514e58c63c9398c2fb8f34f220b428664","isMergeCommit":true,"messageTitle":"Merge pull request #49 from adoubleb/branch-Add-Feature","messageBody":"Add birthday field support","fileTypesAndContributionMap":{}}]},{"date":"2025-03-12","commitResults":[{"hash":"8e441b76b28096bb63c12dd3ef65cb1ac6e77996","isMergeCommit":true,"messageTitle":"Merge pull request #54 from Benjam11n/branch-Add-Command","messageBody":"Add notes and nickname to add command","fileTypesAndContributionMap":{}}]},{"date":"2025-03-17","commitResults":[{"hash":"3b6f4fea20cc8db5f2aa9ee881914b0f43949193","isMergeCommit":false,"messageTitle":"Add confirmation feature for delete","messageBody":"","fileTypesAndContributionMap":{"functional-code":{"insertions":125,"deletions":10}}},{"hash":"b22b6ebae98348ce38c1922bcc6314c02aefa026","isMergeCommit":false,"messageTitle":"Fix bug incorrect confirmation message","messageBody":"","fileTypesAndContributionMap":{"functional-code":{"insertions":9,"deletions":6}}},{"hash":"f2a76d51dddbb28ca66e8d63d00a374f35ddd9bd","isMergeCommit":false,"messageTitle":"Change tests for delete and commandResult","messageBody":"","fileTypesAndContributionMap":{"functional-code":{"insertions":1,"deletions":0},"test-code":{"insertions":14,"deletions":12}}},{"hash":"90baee1c294d187724b3eb0856eb1d8e67c1f121","isMergeCommit":false,"messageTitle":"Fix checkstyle errors","messageBody":"","fileTypesAndContributionMap":{"test-code":{"insertions":0,"deletions":1}}},{"hash":"a1d81a4145a2a652c0a5d15364bc5d82b6cb8fa7","isMergeCommit":false,"messageTitle":"Add tests for parseConfirmation","messageBody":"","fileTypesAndContributionMap":{"test-code":{"insertions":15,"deletions":0}}},{"hash":"92789ffcc8b8b858e94e2d53ad9952b96c6701df","isMergeCommit":false,"messageTitle":"Add tests for confirmable feature in LogicManager","messageBody":"","fileTypesAndContributionMap":{"functional-code":{"insertions":0,"deletions":1},"test-code":{"insertions":15,"deletions":1}}},{"hash":"c42fb3729a05e52c7a1474c083710a3b97c5605d","isMergeCommit":false,"messageTitle":"Add tests for pendingConfirmation path in LogicManager","messageBody":"","fileTypesAndContributionMap":{"test-code":{"insertions":8,"deletions":1}}},{"hash":"a4a5503a4ebdee0749bc1e3b8d117dfb19f62180","isMergeCommit":false,"messageTitle":"Add tests for deleteCommand","messageBody":"","fileTypesAndContributionMap":{"test-code":{"insertions":26,"deletions":0}}}]},{"date":"2025-03-19","commitResults":[{"hash":"468ce77fdaef660235582691bbb1ffb0a1894afb","isMergeCommit":true,"messageTitle":"Merge with duplicate detection for delete","messageBody":"","fileTypesAndContributionMap":{}},{"hash":"ae87c5a969e74091448586b1dd93d06b74379d9b","isMergeCommit":true,"messageTitle":"Merge pull request #77 from adoubleb/feature-confirmation","messageBody":"Add confirmation feature for delete","fileTypesAndContributionMap":{}},{"hash":"981d76f78fe776ff56bdb8b506f9733069297bb2","isMergeCommit":false,"messageTitle":"Update badges in product website","messageBody":"","fileTypesAndContributionMap":{"docs":{"insertions":4,"deletions":2}}},{"hash":"1317e0d1435f3b6b7a065f3d64acadcec6ecc61e","isMergeCommit":false,"messageTitle":"Add codecov badge to README","messageBody":"","fileTypesAndContributionMap":{"docs":{"insertions":1,"deletions":1}}},{"hash":"085945e180a8e4a815e3bd6fff33f8025c64e2f3","isMergeCommit":false,"messageTitle":"Update help url","messageBody":"","fileTypesAndContributionMap":{"functional-code":{"insertions":1,"deletions":1}}},{"hash":"f5e83ad180364da96fb9ab6a813fd8f903559f2e","isMergeCommit":true,"messageTitle":"Merge pull request #82 from adoubleb/update-badges","messageBody":"Update badges in product website","fileTypesAndContributionMap":{}}]},{"date":"2025-03-23","commitResults":[{"hash":"ce521f4fb728d2a0a2752401dca34f68f49f3f47","isMergeCommit":false,"messageTitle":"Allow user to remove relationship field from entry","messageBody":"","fileTypesAndContributionMap":{"functional-code":{"insertions":6,"deletions":3}}},{"hash":"b0b3959db348fd4f132e12f02799165bef970a8a","isMergeCommit":false,"messageTitle":"Setup clearcommand to implement confirmable","messageBody":"","fileTypesAndContributionMap":{"functional-code":{"insertions":15,"deletions":2}}},{"hash":"5b300e9fab2357a17f5586b898cba935d66c2d49","isMergeCommit":false,"messageTitle":"Support removal of optional field in entry through edit","messageBody":"","fileTypesAndContributionMap":{"functional-code":{"insertions":58,"deletions":11}}},{"hash":"1172ff6d3fef69e3da8af192c129a2c2147e0da2","isMergeCommit":false,"messageTitle":"Fix regex for relationship","messageBody":"","fileTypesAndContributionMap":{"functional-code":{"insertions":1,"deletions":1}}}]},{"date":"2025-03-24","commitResults":[{"hash":"e2e8d3873a54c36018d915b57a762e149fb6ea10","isMergeCommit":false,"messageTitle":"Fix tests for editcommand","messageBody":"","fileTypesAndContributionMap":{"functional-code":{"insertions":0,"deletions":12},"test-code":{"insertions":74,"deletions":31}}}]},{"date":"2025-03-25","commitResults":[{"hash":"4144b4b6d43515b1c0c183b23d64cf35b6449516","isMergeCommit":false,"messageTitle":"Fix tests for edit command","messageBody":"","fileTypesAndContributionMap":{"test-code":{"insertions":6,"deletions":3}}},{"hash":"955cfd3eaa64acdfbd0177a8db6cb875bb85ecfe","isMergeCommit":false,"messageTitle":"Fix tests for edit command","messageBody":"","fileTypesAndContributionMap":{"functional-code":{"insertions":5,"deletions":0},"test-code":{"insertions":19,"deletions":1}}},{"hash":"554141448785f1aac3a2fdfe1bf45a64b53d9b51","isMergeCommit":false,"messageTitle":"Fix tests for edit command for optional fields","messageBody":"","fileTypesAndContributionMap":{"test-code":{"insertions":5,"deletions":2}}},{"hash":"ce09a55842048c963d7708ddad8e967421fa993a","isMergeCommit":false,"messageTitle":"Fix checkstyle errors","messageBody":"","fileTypesAndContributionMap":{"test-code":{"insertions":1,"deletions":2}}},{"hash":"69a6214b66a2615ca8bb6c5d6b445faa8c71eff5","isMergeCommit":false,"messageTitle":"Add test for EditCommandParser","messageBody":"","fileTypesAndContributionMap":{"test-code":{"insertions":14,"deletions":0}}},{"hash":"411e9cb9756840c75ca54303d9531e1689f0afdb","isMergeCommit":false,"messageTitle":"Add confirmable to clear command","messageBody":"","fileTypesAndContributionMap":{"functional-code":{"insertions":8,"deletions":6}}},{"hash":"ad9d11d32537d454143126a8b6ca1dd5fc85644a","isMergeCommit":false,"messageTitle":"Fix checkstyle errors","messageBody":"","fileTypesAndContributionMap":{"functional-code":{"insertions":6,"deletions":0}}},{"hash":"0e042d44dbbc2c94840511991c0f8d60cf6dff99","isMergeCommit":false,"messageTitle":"Add new field classes to Person class","messageBody":"","fileTypesAndContributionMap":{"docs":{"insertions":10,"deletions":0}}}]},{"date":"2025-03-26","commitResults":[{"hash":"a24a9d0274904e2a2ee83282f93f8c931eea37df","isMergeCommit":true,"messageTitle":"Merge pull request #102 from adoubleb/feature-confirmable-clear","messageBody":"Setup clearcommand to implement confirmable","fileTypesAndContributionMap":{}},{"hash":"c212c6e14903a476a3361543a91f22d7b4482a0d","isMergeCommit":true,"messageTitle":"Merge remote-tracking branch \u0027upstream/master\u0027 into feature-delete-optional-feature","messageBody":"# Conflicts:\n#\tsrc/main/java/seedu/address/logic/commands/EditCommand.java\n#\tsrc/test/java/seedu/address/logic/commands/EditCommandTest.java\n","fileTypesAndContributionMap":{}},{"hash":"6c9b769e1469660b7acddde54d62488bff1e4027","isMergeCommit":false,"messageTitle":"Integrate with master","messageBody":"","fileTypesAndContributionMap":{"functional-code":{"insertions":19,"deletions":17},"test-code":{"insertions":32,"deletions":24}}},{"hash":"998bb03e22075ec84280470e069e53f54e167d4a","isMergeCommit":true,"messageTitle":"Merge pull request #101 from adoubleb/feature-delete-optional-feature","messageBody":"Allow user to remove optional field from entry","fileTypesAndContributionMap":{}},{"hash":"c6c3ea07d9831e6e57552aa139418319859a2f1c","isMergeCommit":false,"messageTitle":"Add assertions","messageBody":"","fileTypesAndContributionMap":{"functional-code":{"insertions":8,"deletions":12}}},{"hash":"c829247e1736ce9485aecf0ee35074d3280f2216","isMergeCommit":false,"messageTitle":"Add assertions","messageBody":"","fileTypesAndContributionMap":{"functional-code":{"insertions":11,"deletions":1}}},{"hash":"59347c0275e41cfb51d361896da28a923b33767f","isMergeCommit":false,"messageTitle":"Add assertions in edit command","messageBody":"","fileTypesAndContributionMap":{"functional-code":{"insertions":8,"deletions":2}}},{"hash":"1e25d37f33717ed77ed94d2a0ad370e11b4730a5","isMergeCommit":false,"messageTitle":"Fix bug related to confirmable and state","messageBody":"","fileTypesAndContributionMap":{"functional-code":{"insertions":31,"deletions":16}}}]},{"date":"2025-03-27","commitResults":[{"hash":"8efbbf0b36640c12b2aaac5fac1c0e03a8528804","isMergeCommit":true,"messageTitle":"Merge remote-tracking branch \u0027upstream/master\u0027 into patch-assertions","messageBody":"","fileTypesAndContributionMap":{}},{"hash":"9d1a0e16dff6ec1fe67692566ad9f20b6c20bd21","isMergeCommit":false,"messageTitle":"Add logging","messageBody":"","fileTypesAndContributionMap":{"functional-code":{"insertions":1,"deletions":0}}},{"hash":"16ac3e0b6ba44c600adb84ff2efc05d7931cd68b","isMergeCommit":true,"messageTitle":"Merge remote-tracking branch \u0027upstream/master\u0027 into patch-assertions","messageBody":"","fileTypesAndContributionMap":{}},{"hash":"3143ce69b639177aff056aab4dcc5d25f724bce5","isMergeCommit":true,"messageTitle":"Merge pull request #133 from adoubleb/patch-assertions","messageBody":"Add more assertions and loggings","fileTypesAndContributionMap":{}}]},{"date":"2025-03-28","commitResults":[{"hash":"18b9ef85667c8b9567a190273c810ac9b6ac93ec","isMergeCommit":false,"messageTitle":"Add similar findings","messageBody":"","fileTypesAndContributionMap":{"functional-code":{"insertions":132,"deletions":2},"other":{"insertions":9,"deletions":1},"test-code":{"insertions":6,"deletions":5}}},{"hash":"711a42f12a0bc604ca5d6efee16ad2d292389c6a","isMergeCommit":false,"messageTitle":"Refine similarity calculation","messageBody":"","fileTypesAndContributionMap":{"functional-code":{"insertions":69,"deletions":35}}},{"hash":"60bc3b86a32d9a487d8cfd4f58b558202e1a967d","isMergeCommit":false,"messageTitle":"Fix code quality problems","messageBody":"","fileTypesAndContributionMap":{"functional-code":{"insertions":8,"deletions":4},"test-code":{"insertions":2,"deletions":2}}}]},{"date":"2025-03-29","commitResults":[{"hash":"f01662705376ff9d6b49af468be28c6389badc09","isMergeCommit":false,"messageTitle":"Add tests and fix checkstyle","messageBody":"","fileTypesAndContributionMap":{"functional-code":{"insertions":5,"deletions":1},"test-code":{"insertions":114,"deletions":15}}},{"hash":"f87406b715b323aee7685c0634c5b0618af5eb7b","isMergeCommit":false,"messageTitle":"Fix documentation","messageBody":"","fileTypesAndContributionMap":{"functional-code":{"insertions":1,"deletions":5}}}]},{"date":"2025-03-31","commitResults":[{"hash":"6f0565ae8926248d7218eb227e619495b8deb4c8","isMergeCommit":true,"messageTitle":"Merge pull request #143 from adoubleb/enhance-find","messageBody":"Enhance find to use fuzzy search when initial find fails","fileTypesAndContributionMap":{}},{"hash":"335c78dccc4b0ab715c040dea5544f20a265ea06","isMergeCommit":false,"messageTitle":"Relax constraints for phone field","messageBody":"","fileTypesAndContributionMap":{"functional-code":{"insertions":2,"deletions":2}}}]},{"date":"2025-04-02","commitResults":[{"hash":"975076b039c72c4cfb2d3044ad65d7a9357cadaf","isMergeCommit":false,"messageTitle":"Fix tests","messageBody":"","fileTypesAndContributionMap":{"functional-code":{"insertions":2,"deletions":2},"test-code":{"insertions":10,"deletions":14}}},{"hash":"0b248bf61130c93d6c3f2b60de30583df40b7cbc","isMergeCommit":false,"messageTitle":"Fix checkstyle","messageBody":"","fileTypesAndContributionMap":{"test-code":{"insertions":0,"deletions":7}}},{"hash":"3769393ecf89e01d22fe7ed0f91058d7e5d4e3db","isMergeCommit":true,"messageTitle":"Merge remote-tracking branch \u0027upstream/master\u0027 into bugs-alpha","messageBody":"# Conflicts:\n#\tsrc/main/java/seedu/address/model/person/Phone.java\n#\tsrc/test/java/seedu/address/logic/parser/AddCommandParserTest.java\n#\tsrc/test/java/seedu/address/logic/parser/EditCommandParserTest.java\n#\tsrc/test/java/seedu/address/logic/parser/ParserUtilTest.java\n#\tsrc/test/java/seedu/address/model/person/PhoneTest.java\n#\tsrc/test/java/seedu/address/storage/JsonAdaptedPersonTest.java\n","fileTypesAndContributionMap":{}},{"hash":"69a915b74a4c84e7f9c579c5321e233301b43232","isMergeCommit":false,"messageTitle":"Fix tests","messageBody":"","fileTypesAndContributionMap":{"test-code":{"insertions":5,"deletions":4}}},{"hash":"13b77310aeb40afc4544a9bde7e98caa54070063","isMergeCommit":true,"messageTitle":"Merge pull request #156 from adoubleb/bugs-alpha","messageBody":"Relax constraints for phone field","fileTypesAndContributionMap":{}},{"hash":"d233216ee4c2d626b21cb141892b2b095b2a7694","isMergeCommit":false,"messageTitle":"Remove auto-capitalization for words with /","messageBody":"","fileTypesAndContributionMap":{"functional-code":{"insertions":1,"deletions":1},"test-code":{"insertions":1,"deletions":1}}}]}],"YashvanGH":[{"date":"2025-02-27","commitResults":[{"hash":"9964e9015ab281604dc448402d9ec82db3d705ff","isMergeCommit":false,"messageTitle":"Add aboutus","messageBody":"","fileTypesAndContributionMap":{"docs":{"insertions":52,"deletions":5}}}]},{"date":"2025-03-03","commitResults":[{"hash":"98afb84a775dd1693458efcac0a8dc81cd174aae","isMergeCommit":false,"messageTitle":"Add profile, value proposition and user stories","messageBody":"","fileTypesAndContributionMap":{"docs":{"insertions":41,"deletions":33}}}]},{"date":"2025-03-08","commitResults":[{"hash":"ece32b4d2758b33422f4a7a75a64522a48e94498","isMergeCommit":true,"messageTitle":"Merge pull request #44 from Benjam11n/branch-DG-NFR","messageBody":"Add NFRs to developer guide","fileTypesAndContributionMap":{}}]},{"date":"2025-03-10","commitResults":[{"hash":"2e37f783ae249be8534380a5bd988cff22b20a3c","isMergeCommit":false,"messageTitle":"Allow Delete to accept multiple inputs","messageBody":"","fileTypesAndContributionMap":{"functional-code":{"insertions":33,"deletions":12}}},{"hash":"1e3f14bee11a5b53c54951187fb21e32382e612c","isMergeCommit":false,"messageTitle":"Fix checkstyle errors","messageBody":"","fileTypesAndContributionMap":{"functional-code":{"insertions":3,"deletions":3}}},{"hash":"d5b85c404c9f9836a329aa0043bfd8d64ce3ad5e","isMergeCommit":false,"messageTitle":"Add tests for affected classes - Changes to DeleteCommandTest to accept multiple inputs - Changes to DeleteCommandParserTest to accept multiple inputs - Change to AddressBookParserTest to accept multiple inputs","messageBody":"","fileTypesAndContributionMap":{"test-code":{"insertions":48,"deletions":25}}},{"hash":"b729abfb4201a761c968e6c938de50a2cc09d933","isMergeCommit":false,"messageTitle":"Modify message_usage string","messageBody":"","fileTypesAndContributionMap":{"functional-code":{"insertions":4,"deletions":3}}},{"hash":"989f9cc2762a76642ef53c23a8acff10a59a0b08","isMergeCommit":false,"messageTitle":"Make commands case-insensitive","messageBody":"","fileTypesAndContributionMap":{"functional-code":{"insertions":1,"deletions":1}}}]},{"date":"2025-03-11","commitResults":[{"hash":"1341afcd17028a82ca4bccd59e9a55f14a18cf57","isMergeCommit":false,"messageTitle":"Update Delete - Allowed Delete to take in multiple whitespaces e.g. delete 1      2 - Updated DeleteCommandParserTest class to include these changes","messageBody":"","fileTypesAndContributionMap":{"functional-code":{"insertions":1,"deletions":1},"test-code":{"insertions":10,"deletions":0}}}]},{"date":"2025-03-16","commitResults":[{"hash":"74fe9669bf0f05225cadda7bdb5697b2afbe478c","isMergeCommit":false,"messageTitle":"Add shorthand keywords tests to Find - Added to check if shorthands are registered for one person - Added to check if shorthands are registered for multiple persons","messageBody":"","fileTypesAndContributionMap":{"test-code":{"insertions":20,"deletions":0}}},{"hash":"2814c3d8f64f69e5141d3f9daf1941cf47c297f6","isMergeCommit":false,"messageTitle":"Add tests for no persons found with shorthand","messageBody":"","fileTypesAndContributionMap":{"test-code":{"insertions":20,"deletions":0}}},{"hash":"8f3c706d37240829312b7d6d71812a8c559ae77a","isMergeCommit":false,"messageTitle":"Fix small typo in test predicate","messageBody":"","fileTypesAndContributionMap":{"test-code":{"insertions":20,"deletions":0}}}]},{"date":"2025-03-17","commitResults":[{"hash":"6c0ed29a914943f5a4e927c15914aed153fc63c1","isMergeCommit":false,"messageTitle":"Add test cases for single shorthand","messageBody":"","fileTypesAndContributionMap":{"test-code":{"insertions":25,"deletions":1}}}]},{"date":"2025-03-18","commitResults":[{"hash":"67ee04cf41d8a1dc7a65c9ac2aacd4207bd7f958","isMergeCommit":false,"messageTitle":"Add Undo/Redo for Add and Delete","messageBody":"","fileTypesAndContributionMap":{"functional-code":{"insertions":258,"deletions":4}}},{"hash":"5d6100e829d205f07e10a3df0ab94986ac02ab2f","isMergeCommit":false,"messageTitle":"Override equals method in Redo and Undo","messageBody":"","fileTypesAndContributionMap":{"functional-code":{"insertions":10,"deletions":0},"test-code":{"insertions":4,"deletions":0}}},{"hash":"e1182fceb11b9a0c73bfc4a7e3612103ce694efa","isMergeCommit":false,"messageTitle":"Add toString() methods to both Redo/Undo","messageBody":"","fileTypesAndContributionMap":{"functional-code":{"insertions":17,"deletions":4},"test-code":{"insertions":4,"deletions":0}}},{"hash":"a1a5d58ed77832d99bb6f8632311d3e232dac5ba","isMergeCommit":false,"messageTitle":"Add minor changes to fit architecture - Changed exception thrown by undo and redo methods in Command","messageBody":"","fileTypesAndContributionMap":{"functional-code":{"insertions":4,"deletions":5}}},{"hash":"9aa0fb414b58d68685a1dc8c238e4bc2404eb77a","isMergeCommit":false,"messageTitle":"Add tests for Undo/Redo","messageBody":"","fileTypesAndContributionMap":{"test-code":{"insertions":217,"deletions":4}}},{"hash":"882583b39769e97db7b22df9b03e05b09ccbf7a9","isMergeCommit":true,"messageTitle":"Merge branch \u0027master\u0027 into branch-add-undo-redo","messageBody":"","fileTypesAndContributionMap":{}},{"hash":"870c1cee427e74cad5e9fe942b1c3cedfa6e0496","isMergeCommit":false,"messageTitle":"Fix test and checkstyle","messageBody":"","fileTypesAndContributionMap":{"functional-code":{"insertions":5,"deletions":4},"test-code":{"insertions":2,"deletions":9}}},{"hash":"68c0ff781773a0f45589e7e955da2700c2e65b96","isMergeCommit":true,"messageTitle":"Resolve merge conflict","messageBody":"","fileTypesAndContributionMap":{}},{"hash":"b25fbd3bafce4f7cab361084c0f753655a9f2ecd","isMergeCommit":true,"messageTitle":"Merge remote-tracking branch \u0027origin/branch-add-undo-redo\u0027 into branch-add-undo-redo Resolve merging issues","messageBody":"","fileTypesAndContributionMap":{}}]},{"date":"2025-03-19","commitResults":[{"hash":"b35c524894e6f760a468bcec2d798e8c1a593a9e","isMergeCommit":false,"messageTitle":"Create UndoableCommand Class Created for maintainability and scalability","messageBody":"","fileTypesAndContributionMap":{"functional-code":{"insertions":61,"deletions":28}}},{"hash":"945cb30072663d591b3d02be3cddd9b02dfc7612","isMergeCommit":false,"messageTitle":"Change test to match new UndoableCommand","messageBody":"","fileTypesAndContributionMap":{"test-code":{"insertions":11,"deletions":6}}},{"hash":"86550eed6dd5850309a8703fbeac3779c040d52b","isMergeCommit":false,"messageTitle":"Fix DG to display sections properly","messageBody":"","fileTypesAndContributionMap":{"docs":{"insertions":0,"deletions":2}}},{"hash":"ffe9a05896ec675dad65b0586bc06adf44962eba","isMergeCommit":true,"messageTitle":"Merge pull request #84 from YashvanGH/branch-fix-DG","messageBody":"Typo in DG","fileTypesAndContributionMap":{}}]},{"date":"2025-03-20","commitResults":[{"hash":"6e4d3acaa21b3577134cc0bece913dbd7c78757c","isMergeCommit":true,"messageTitle":"Resolve merge conflict with incoming changes","messageBody":"","fileTypesAndContributionMap":{}},{"hash":"ebeeb19268202a0ae6c5117f78c86771cf99954f","isMergeCommit":false,"messageTitle":"Allow Delete Confirmation with Undo/Redo - Changed LogicManager to explicity check for instances of UndoableCommand","messageBody":"","fileTypesAndContributionMap":{"functional-code":{"insertions":11,"deletions":13}}},{"hash":"d7f070cb437de103a604316acc91f6c126510368","isMergeCommit":false,"messageTitle":"Fix checkstyle errors","messageBody":"","fileTypesAndContributionMap":{"functional-code":{"insertions":0,"deletions":1}}}]},{"date":"2025-03-24","commitResults":[{"hash":"cc11dfd87ebb0e8b26e232926226ae69cc47abb6","isMergeCommit":false,"messageTitle":"Add test cases for Undo / Redo","messageBody":"","fileTypesAndContributionMap":{"test-code":{"insertions":51,"deletions":0}}},{"hash":"e1172a95bd9e0623445c64631fe9190d2a260269","isMergeCommit":false,"messageTitle":"Add minor test to check against CI","messageBody":"","fileTypesAndContributionMap":{"test-code":{"insertions":1,"deletions":0}}},{"hash":"3cbe303fc07896cd1bee668ddfde30db3f0cbfc1","isMergeCommit":true,"messageTitle":"Merge latest updates into Undo Redo","messageBody":"","fileTypesAndContributionMap":{}},{"hash":"ac48d66b302aaa001191c824142522b339a36539","isMergeCommit":false,"messageTitle":"Add tests to Undo/Redo - Added tests for undo and redo in Delete - Added tests for undo and redo in Add","messageBody":"","fileTypesAndContributionMap":{"test-code":{"insertions":5,"deletions":3}}}]},{"date":"2025-03-26","commitResults":[{"hash":"e2df632a7cc1994689f95858e82393a7ef8f2202","isMergeCommit":true,"messageTitle":"Merge pull request #109 from nictjh/branch-AddEdit2Undoable","messageBody":"Make EditCommand support undo/redo operation","fileTypesAndContributionMap":{}},{"hash":"3f3062944f16bfcae429fa9e417150b8a5b99755","isMergeCommit":false,"messageTitle":"Add logging - Added logging for LogicManager - Added logging for MainApp","messageBody":"","fileTypesAndContributionMap":{"functional-code":{"insertions":18,"deletions":1}}},{"hash":"68a6a29f481dd310201295206a6d1dd08e0a3d08","isMergeCommit":true,"messageTitle":"Merge branch \u0027master\u0027 into branch-add-logging Merge new upstream commits to logging branch","messageBody":"","fileTypesAndContributionMap":{}},{"hash":"856c4083000c2c2176256db164f87a918c4ed99e","isMergeCommit":false,"messageTitle":"Add sequence diagrams - Added for single DeleteCommand - Added for multiple DeleteCommand - Added for UndoCommand","messageBody":"","fileTypesAndContributionMap":{"docs":{"insertions":125,"deletions":12}}},{"hash":"9edb317287c32ebadf14abe366f50fe4db9e984f","isMergeCommit":false,"messageTitle":"Add redo sequence diagram","messageBody":"","fileTypesAndContributionMap":{"docs":{"insertions":84,"deletions":0}}}]},{"date":"2025-03-27","commitResults":[{"hash":"4d4c46b20be0acbd8606ce008b7357e20c3b99e3","isMergeCommit":false,"messageTitle":"Refactor JsonAdaptedPerson","messageBody":"","fileTypesAndContributionMap":{"functional-code":{"insertions":59,"deletions":70}}},{"hash":"dbb8db6523100e070edc975094c25d8687de9934","isMergeCommit":false,"messageTitle":"Update DeleteCommand sequence diagrams - Updated for multiple DeleteCommand - Updated for single DeleteCommand","messageBody":"","fileTypesAndContributionMap":{"docs":{"insertions":119,"deletions":37}}}]}],"qilstiano":[{"date":"2025-02-27","commitResults":[{"hash":"2379007136e856f640c1b7827b77ffca770d3569","isMergeCommit":false,"messageTitle":"Update AboutUs.md and create qilstiano.md","messageBody":"","fileTypesAndContributionMap":{"docs":{"insertions":51,"deletions":5}}}]},{"date":"2025-03-06","commitResults":[{"hash":"869a7a1a72f2f846f2492a069519a8d1270f80d7","isMergeCommit":false,"messageTitle":"Add Use Cases to DeveloperGuide.md","messageBody":"","fileTypesAndContributionMap":{"docs":{"insertions":158,"deletions":5}}},{"hash":"01cc118d3c0abcb88371f29a0033254236e5b01b","isMergeCommit":false,"messageTitle":"Update language in Developer Guide for readability","messageBody":"","fileTypesAndContributionMap":{"docs":{"insertions":1,"deletions":1}}},{"hash":"dd4c265cb0f04ee09c4012df1e82e915edf26446","isMergeCommit":true,"messageTitle":"Merge pull request #34 from YashvanGH/branch-update-dg","messageBody":"Update DG - Target User Profile, Value Proposition \u0026 User Stories","fileTypesAndContributionMap":{}},{"hash":"eb644bd39e5db55813354f3968e1e207770be92a","isMergeCommit":true,"messageTitle":"Merge pull request #38 from adoubleb/branch-update-readme","messageBody":"Branch update readme","fileTypesAndContributionMap":{}},{"hash":"0489923334dce8a65f99404e35daf53f2958a837","isMergeCommit":true,"messageTitle":"Merge branch \u0027master\u0027 into branch-W72A","messageBody":"","fileTypesAndContributionMap":{}},{"hash":"ff0765389d06426c6a2b7fa8fd3cdca9037296c8","isMergeCommit":true,"messageTitle":"Merge pull request #40 from nictjh/branch-W72A","messageBody":"Update website with Week7 TP progress","fileTypesAndContributionMap":{}}]},{"date":"2025-03-12","commitResults":[{"hash":"8114836e7dcf7a975519734425d7fc974bfb8279","isMergeCommit":false,"messageTitle":"Add Relationship class to represent family connections","messageBody":"Key changes of this commit:\n\n- Create Relationship class in model.person package\n- Implement validation for Relationship names\n- Add equality and hash code methods\n- Include toString method for text representation\n- Adapt code structure from existing Tag class\n","fileTypesAndContributionMap":{"functional-code":{"insertions":65,"deletions":0}}},{"hash":"7785906990c57e91dbb0b9b2a3e67c983e397e22","isMergeCommit":false,"messageTitle":"Update Person.java to support Relationship field","messageBody":"Key changes for this commit are as follows:\n- Add Optional\u003cRelationship\u003e field to Person class\n- Update constructor to accept Relationship parameter\n- Include Relationship in equals, hashCode, and toString methods\n- Add getter method for Relationship field\n- Ensure null-safety with Optional for Relationship and Birthday\n","fileTypesAndContributionMap":{"functional-code":{"insertions":13,"deletions":5}}},{"hash":"5218009ca9bda1962b4c208aa5e851d78afeffa4","isMergeCommit":false,"messageTitle":"Update CliSyntax, PersonBuilder, AddCommand, EditCommand","messageBody":"Key changes in this commit:\n- Update CliSyntax to support Relationship field\n- Update AddCommand and EditCommand to support Relationship\n- Minor Javadoc edit to Relationship.java\n- Update PersonBuilder.java\n\nTo-do: Update PersonBuilder.java and other relevant tests to test Relationship\n","fileTypesAndContributionMap":{"functional-code":{"insertions":23,"deletions":8},"test-code":{"insertions":20,"deletions":0}}},{"hash":"5df114c530f35d4ca51e6d7e65abb4ee7ca11035","isMergeCommit":false,"messageTitle":"Update PersonCard to support Relationship field","messageBody":"Key changes:\n- Update PersonCard UI to display Relationship field\n- Amend checkArgument in Relationship\n\nTo-do:\nUpdate AddCommandParser, EditCommandParser,\nJsonAdaptedPerson, SampleDataUtil to accomodate\nRelationship\n","fileTypesAndContributionMap":{"functional-code":{"insertions":14,"deletions":2}}}]},{"date":"2025-03-13","commitResults":[{"hash":"9edf8f4a065f02ed5b8625afa6c800567a7e9152","isMergeCommit":false,"messageTitle":"Add support for Relationship field and update UI","messageBody":"Key changes of this commit:\n- Amend tests in order to accommodate new Relationship field\n- Update UI to display Relationship above Tags\n- Amend Parser, AddCommand and EditCommand to support parsing of Relationship\n","fileTypesAndContributionMap":{"functional-code":{"insertions":66,"deletions":19}}},{"hash":"231dc047901e87eacc8919b6bd3bed6b15ef4782","isMergeCommit":true,"messageTitle":"Merge branch \u0027master\u0027 into branch-Relationship","messageBody":"","fileTypesAndContributionMap":{}},{"hash":"1395eed4f77b7bec8c9d3f549637350101bbc7be","isMergeCommit":false,"messageTitle":"Update EditCommand.java","messageBody":"","fileTypesAndContributionMap":{"functional-code":{"insertions":1,"deletions":2}}},{"hash":"2140634b5ecc99997248b580d05f99c64058eb0e","isMergeCommit":false,"messageTitle":"Update EditCommand.java","messageBody":"","fileTypesAndContributionMap":{"functional-code":{"insertions":0,"deletions":4}}},{"hash":"9fc0e8d5587859cb30d1887b5dc8ccee4474e443","isMergeCommit":true,"messageTitle":"Merge branch \u0027master\u0027 of https://github.com/AY2425S2-CS2103T-T14-1/tp into branch-Relationship","messageBody":"","fileTypesAndContributionMap":{}},{"hash":"5368ec86baa6f7b8c2e407eee3866bb914392f91","isMergeCommit":true,"messageTitle":"Merge branch \u0027branch-Relationship\u0027 of https://github.com/qilstiano/tp into branch-Relationship","messageBody":"","fileTypesAndContributionMap":{}},{"hash":"d22f0cbdecd3e8fbc67d924cf2e5ca3621c7e374","isMergeCommit":false,"messageTitle":"Amend checkStyle and resolve merge conflicts","messageBody":"","fileTypesAndContributionMap":{"functional-code":{"insertions":15,"deletions":17}}},{"hash":"5727aa2f8a6326d69213eb835fdaae374bab9397","isMergeCommit":false,"messageTitle":"Update PersonBuilder due to checkStyle","messageBody":"","fileTypesAndContributionMap":{"test-code":{"insertions":1,"deletions":2}}},{"hash":"3414f7b93378d6c45708f6563fcf5652dd4f428f","isMergeCommit":false,"messageTitle":"Update JsonAdaptedPersonTest, PersonBuilder, TypicalPersons","messageBody":"Key changes:\n- Update JsonAdaptedPersonTest to match checkStyl\n- Update PersonBuilder and TypicalPerson to match new Relationship field\n","fileTypesAndContributionMap":{"functional-code":{"insertions":1,"deletions":1},"test-code":{"insertions":28,"deletions":15}}},{"hash":"181c9af948534f431725ab464568200939004b82","isMergeCommit":false,"messageTitle":"Update Tests to support Relationship field","messageBody":"","fileTypesAndContributionMap":{"test-code":{"insertions":6,"deletions":4}}},{"hash":"a140ea087c6febea2c62f786837768a472f5cba8","isMergeCommit":false,"messageTitle":"Amend bug fix with Relationship","messageBody":"2 test cases are still failing - will look at it more when I\u0027m home\n","fileTypesAndContributionMap":{"functional-code":{"insertions":2,"deletions":2},"test-code":{"insertions":2,"deletions":2}}},{"hash":"3e6d3cd1530b7c8dcf06a526632a4dba5de4b0cc","isMergeCommit":false,"messageTitle":"Fix bug in JsonAdaptedPerson","messageBody":"Bug occured when an empty Relationship is passed into JsonAdaptedPerson, causing two tests for AddressBook reading to fail\n\nWith this commit, the bug has now been rectified successfully. Props to Ben and Hakam for the massive help in this.\n","fileTypesAndContributionMap":{"functional-code":{"insertions":1,"deletions":1}}}]},{"date":"2025-03-14","commitResults":[{"hash":"eeaec4e2aa347f32b6fcfe0d446feffeec5bfc4c","isMergeCommit":false,"messageTitle":"Update EditCommandParser","messageBody":"Update EditCommandParser to allow for editing of Relationship field of contact\n","fileTypesAndContributionMap":{"functional-code":{"insertions":5,"deletions":1}}}]},{"date":"2025-03-17","commitResults":[{"hash":"b4834ef6ebb0a81b5ff7e409c7e14a24a22d1a7e","isMergeCommit":false,"messageTitle":"Fix EditCommandParser bug","messageBody":"Fix bug where EditCommand would not work if only the r/ flag was present\nin the command.\n\nKey edits in this commit:\n- Modify EditCommandParser#verifyNoDuplicatePrefixesFor to include\nRelationship\n- Modify EditCommand#isAnyFieldEdited to include Relationship\n\nWith this commit, the bug is now resolved.\n","fileTypesAndContributionMap":{"functional-code":{"insertions":8,"deletions":9}}},{"hash":"72e03f1d60348a3dfecfb0cac89fe2cc908e8890","isMergeCommit":true,"messageTitle":"Merge pull request #69 from qilstiano/branch-Relationship","messageBody":"","fileTypesAndContributionMap":{}}]},{"date":"2025-03-20","commitResults":[{"hash":"092ab468c4e581d4df4a1f736215f8f4ebdb5262","isMergeCommit":false,"messageTitle":"Update for Relationship parsing and regex rules","messageBody":"The Relationship class\u0027s VALIDATION_REGEX only\nallows alphanumeric characters, which restricts\nthe types of relationships that can be represented\nin a natural format (e.g. \"Best Friend Forever\"\nonly being able to be represented as\n\"BestFriendForever\").\n\nThis limitation prevents users from defining\nrelationships with more descriptive and common\nways that include spaces.\n\nLet\u0027s update VALIDATION_REGEX in Relationship to\nallow alphanumeric characters and spaces. This\nchange allows users to define more natural and\ndescriptive relationships. Let\u0027s also update\nParserUtil as there was a bug there which caused\nRelationship to use the Tag.VALIDATION_REGEX.\n\nModifying the regex directly ensures that validation\nlogic remains consistent and that only valid characters\nare accepted.\n","fileTypesAndContributionMap":{"functional-code":{"insertions":2,"deletions":3}}},{"hash":"feee1ec9524cc5e6f4396d0866acd485eb43576e","isMergeCommit":false,"messageTitle":"Update Relationship VALIDATION_REGEX","messageBody":"Update Relationship VALIDATION_REGEX to allow for the - character in\nRelationship\n","fileTypesAndContributionMap":{"functional-code":{"insertions":1,"deletions":1}}},{"hash":"29e63b8957dfaf0ef187da310ddde33dfc7c0a2b","isMergeCommit":false,"messageTitle":"Update LogicManagerTest.java","messageBody":"Update LogicManagerTest in order to resolve a bug relating to \r\ntypicalPersons","fileTypesAndContributionMap":{"test-code":{"insertions":1,"deletions":1}}},{"hash":"fc975a49bf3ab0fc3b77a69ad5790d45d0feb105","isMergeCommit":false,"messageTitle":"Update LogicManagerTest","messageBody":"Update LogicManagerTest due to a related bug in typicalPersons\n","fileTypesAndContributionMap":{"test-code":{"insertions":1,"deletions":1}}},{"hash":"0226c6d766b3209440987c382beda3d545da27c2","isMergeCommit":false,"messageTitle":"Add RelationshipTest for Relationship testing","messageBody":"Currently, the Relationship class lacks comprehensive\nunit tests to ensure its functionality and validation\nlogic works as intended.\n\nWithout proper test coverage, we risk introducing bugs\nor regressions when modifying Relationship in the future.\nComprehensive tests help maintain code quality and catch\npotential issues early.\n\nLet\u0027s add a RelationshipTest class to test the Relationship\nclass. In particular, we test for:\n- Constructor behaviour with null and invalid inputs\n- Validation of various relationship strings to ensure\nthat VALIDATION_REGEX works as intended\n- Equality comparisons using the `equals` method\n\nThe test class follows the conventions previously laid out\nby other Test classes and covers various basic scenarios to\nensure robust validation of Relationship. It includes various\npositive and negative test cases, helping to verify the\ncorrectness of the implementation of the Relationship class.\n\nFor future commits: Let\u0027s continue to add more edge cases in order\nto truly gauge the functionality of Relationship! (e.g. non ASCII\ncharacters, symbol only checks etc.)\n","fileTypesAndContributionMap":{"test-code":{"insertions":59,"deletions":0}}}]},{"date":"2025-03-24","commitResults":[{"hash":"9a0dbd72567bc96ace327fecac3f173f4bba3a5b","isMergeCommit":false,"messageTitle":"Add HelpWindow within WhoAreYouAgain?","messageBody":"Successfully add HelpWindow natively\n\nTo do:\n- Implement scaling such that HelpWindow is not too big\n- Implement stylistic changes such that HelpWindow is formatted properly\n- Implement search functionality properly\n","fileTypesAndContributionMap":{"functional-code":{"insertions":143,"deletions":42}}},{"hash":"7b2ae665cef832b514395b2965539626225321ed","isMergeCommit":false,"messageTitle":"Add setWindowDefaultSize to HelpWindow","messageBody":"This ensures that HelpWindow does not extend to accomodate width of text.\nHowever, now we have to ensure that HelpWindow is formatted correctly and\nalso is able to enter Windowed mode properly\n","fileTypesAndContributionMap":{"functional-code":{"insertions":22,"deletions":4}}},{"hash":"a0c2fd9737fad58279d7772975e962ba25845bfd","isMergeCommit":false,"messageTitle":"Update HelpWindow.fxml","messageBody":"Update HelpWindow such that it can now be resized. Let\u0027s goooo","fileTypesAndContributionMap":{"functional-code":{"insertions":1,"deletions":1}}},{"hash":"31c1fb1ac3c5800f1fb36f6e34c2608c20bc08ac","isMergeCommit":false,"messageTitle":"Amend DarkTheme and add Sidebar","messageBody":"Add Sidebar and amend DarkTheme for aesthetics\n","fileTypesAndContributionMap":{"functional-code":{"insertions":118,"deletions":112}}},{"hash":"4573e8a7fb18061b9845d6c1c6ec11ad0edd137b","isMergeCommit":false,"messageTitle":"Update CSS and add Title Masthead","messageBody":"","fileTypesAndContributionMap":{"functional-code":{"insertions":42,"deletions":6}}},{"hash":"a694b3a4ddf26320ff91b18cd731e3d459b099b9","isMergeCommit":false,"messageTitle":"Fix bug with regards to half-empty PersonListPanel","messageBody":"Fix bug which caused a grey box to appear when PersonListPanel is not\nfully filled - i.e. had 1/2 contacts inside\n","fileTypesAndContributionMap":{"functional-code":{"insertions":1,"deletions":0}}}]},{"date":"2025-03-25","commitResults":[{"hash":"886e9bac9ea675a6c5d9a6fc63f544582d2dddb3","isMergeCommit":false,"messageTitle":"Update Sidebar and HelpWindow","messageBody":"Introduce UI updates to Sidebar by integrating icons in order to\nease UX by allowing for visual navigation of WhoAreYouAgain?\n\nAdditionally, styled and formatted HelpWindow in a more readable\nand consistent theme to that of MainWindow. This should help\nusers obtain easy to read, digestible documentation which not only\nmakes sense but looks good!\n\nTo do tomorrow:\n- Fill in content according to UG\n","fileTypesAndContributionMap":{"functional-code":{"insertions":304,"deletions":146}}},{"hash":"daa048c43bc587d10e90dd4a220ae6c1e97e4e38","isMergeCommit":false,"messageTitle":"Create modular card for Command in Help page","messageBody":"","fileTypesAndContributionMap":{"functional-code":{"insertions":74,"deletions":20}}},{"hash":"5893de8143e032606d55856a2f56569c1ae447b8","isMergeCommit":false,"messageTitle":"Fix CheckStyle for HelpWindow","messageBody":"","fileTypesAndContributionMap":{"functional-code":{"insertions":1,"deletions":3}}}]},{"date":"2025-03-26","commitResults":[{"hash":"f0a66e1d1cd78e993d6c8b5e64a441bb3652194f","isMergeCommit":false,"messageTitle":"Add all commands to HelpWindow","messageBody":"Add all currently available commands in UserGuide.md to\nHelpWindow. This ensures users do not have to leave to\nan external web page to look up commands and syntax.\n\nTo-do:\n- Update with most updated commands and syntax\n- Add FAQ and links if possible\n","fileTypesAndContributionMap":{"functional-code":{"insertions":469,"deletions":18}}},{"hash":"bfa8bcea5d2ab486a944b48739778f632b19eccf","isMergeCommit":false,"messageTitle":"Amend checkStyle errors","messageBody":"","fileTypesAndContributionMap":{"functional-code":{"insertions":3,"deletions":3}}},{"hash":"803eedda04ab1a8da73e4dfa1c9cbfd898af0c87","isMergeCommit":false,"messageTitle":"Rectify copy-writing in HelpWindow","messageBody":"","fileTypesAndContributionMap":{"functional-code":{"insertions":1,"deletions":3}}},{"hash":"cc5a95437c959f26664af29c8457dffebdcb2c5c","isMergeCommit":false,"messageTitle":"Amend icons for TitleBar for MainWindow and HelpWindow","messageBody":"Amend icons and amend .jar file title for future releases\n","fileTypesAndContributionMap":{"functional-code":{"insertions":11,"deletions":20},"other":{"insertions":1,"deletions":1}}},{"hash":"a88df170b96d0ddd75ac5f0e43bbbcf4aba73a6a","isMergeCommit":true,"messageTitle":"Merge pull request #118 from qilstiano/branch-Help-Page","messageBody":"Amend icons for TitleBar for MainWindow and HelpWindow","fileTypesAndContributionMap":{}},{"hash":"76bd59656581ce89079145ea838594074802cdcd","isMergeCommit":true,"messageTitle":"Merge pull request #119 from qilstiano/branch-Help-Page","messageBody":"Amend Ui.png for docs","fileTypesAndContributionMap":{}}]},{"date":"2025-03-27","commitResults":[{"hash":"7abb4c85ddc78bf88166dfd4e4220177c05ea4d5","isMergeCommit":false,"messageTitle":"Update RedoSequenceDiagram.puml","messageBody":"Amend minor typo in line 19: changed `execute(\"undo\")` to `execute(\"redo\")`","fileTypesAndContributionMap":{"docs":{"insertions":1,"deletions":1}}},{"hash":"11ef9d853ba597682453954928595faebb168838","isMergeCommit":false,"messageTitle":"Update MultipleDeleteSequenceDiagram.puml","messageBody":"Update typo in line 17: changed `execute(\"delete 1\")` to \r\n`execute(\"delete 1 2 3\")`","fileTypesAndContributionMap":{"docs":{"insertions":1,"deletions":1}}},{"hash":"d5d86a2391bf96a7ee84074b5f4e62d33bd0ecd8","isMergeCommit":false,"messageTitle":"Add comments for better code readability","messageBody":"Add comments for enhanced code readability of JavaFX structure.\nThis helps maintainability of code.\n\nTo-do: refactor Ui code into components and stylistic\nmodules where possible.\n","fileTypesAndContributionMap":{"functional-code":{"insertions":29,"deletions":12}}},{"hash":"d0ad856ac6e3ecfa2ff5f10750aa832e7c23d63c","isMergeCommit":false,"messageTitle":"Remove Exit button from GUI","messageBody":"Due to redundancy, remove Exit button from GUI.\n","fileTypesAndContributionMap":{"functional-code":{"insertions":1,"deletions":15}}},{"hash":"8e348792aa951538bd63a96ef1113f20a9251620","isMergeCommit":false,"messageTitle":"Re-order Help blocks","messageBody":"Re-order commands in Help Page in order to better accommodate\nthe order in which new users will refer to commands.\n\nOrder now prioritises frequently used commands like add, edit, delete.\nThese commands are shown higher up in the VBox.\n","fileTypesAndContributionMap":{"functional-code":{"insertions":66,"deletions":58}}},{"hash":"ed80c50792b2c69645388108fbf655c823fae880","isMergeCommit":true,"messageTitle":"Merge pull request #128 from qilstiano/branch-Help-Page","messageBody":"Enhance readability of HelpWindow","fileTypesAndContributionMap":{}},{"hash":"dcd0cb23012f0ed0886098a9aa89c1f74b15d2e1","isMergeCommit":false,"messageTitle":"Update HelpWindow","messageBody":"Update HelpWindow to include tips for arrow key usage,\nbirthday sorting and undo/redo command\n","fileTypesAndContributionMap":{"functional-code":{"insertions":261,"deletions":19}}},{"hash":"65ecfb6eb3a98ce375109f5653872d43d089b91d","isMergeCommit":true,"messageTitle":"Merge pull request #120 from nictjh/branch-SetTexttoWrap","messageBody":"Fix text wraping and layout alignment","fileTypesAndContributionMap":{}},{"hash":"037058cd6de5fdfbe2782e0a0cbed2dc450b8aff","isMergeCommit":false,"messageTitle":"Create Sequence Diagram for Add Command","messageBody":"Create Sequence Diagram in PlantUML for Add Command.\n","fileTypesAndContributionMap":{"docs":{"insertions":91,"deletions":0}}},{"hash":"b84e071033bd768b7fd3e9bfd68a891073d381f8","isMergeCommit":false,"messageTitle":"Add newline at EOF for checkStyle","messageBody":"As described in title\n","fileTypesAndContributionMap":{"docs":{"insertions":1,"deletions":1}}},{"hash":"2896078dcbfae943b43367b3a708a7e18dc17151","isMergeCommit":true,"messageTitle":"Merge pull request #132 from Benjam11n/Update-Model-UML","messageBody":"Update BetterModel UML diagram","fileTypesAndContributionMap":{}},{"hash":"de71fd697875579417d00b22529d4c2cc2a7e26a","isMergeCommit":true,"messageTitle":"Merge pull request #124 from YashvanGH/branch-add-uml","messageBody":"Add UML Diagrams","fileTypesAndContributionMap":{}},{"hash":"1bf5442372c5fdb865680f961b1636198ed5ec8e","isMergeCommit":true,"messageTitle":"Merge pull request #136 from qilstiano/branch-UML-AddCommand","messageBody":"Create Sequence Diagram for Add Command","fileTypesAndContributionMap":{}},{"hash":"746cddc04fa0cd90555829b9ed142b360f2ae8c5","isMergeCommit":true,"messageTitle":"Merge pull request #129 from qilstiano/branch-Update-HelpWIndow","messageBody":"Update HelpWindow","fileTypesAndContributionMap":{}},{"hash":"1c3a1caaaa8cc7cebca4e58752b405eaffb9f2f9","isMergeCommit":true,"messageTitle":"Merge pull request #137 from nictjh/branch-UMLUpdate","messageBody":"Add UML for ListCommand","fileTypesAndContributionMap":{}}]}]},"authorFileTypeContributionMap":{"nictjh":{"docs":173,"functional-code":620,"test-code":655},"Benjam11n":{"docs":68,"functional-code":1262,"test-code":804,"other":4},"adoubleb":{"docs":78,"functional-code":577,"test-code":344},"YashvanGH":{"docs":357,"functional-code":392,"test-code":398},"qilstiano":{"docs":286,"functional-code":1335,"test-code":84,"other":1}},"authorContributionVariance":{"nictjh":17613.42,"Benjam11n":36641.395,"adoubleb":9688.015,"YashvanGH":10347.98,"qilstiano":25379.066},"authorDisplayNameMap":{"nictjh":"CS2103T-T14-1 TOK ..OLAS","Benjam11n":"CS2103T-T14-1 BENJ..YUAN","adoubleb":"CS2103T-T14-1 ABDU..AZAK","YashvanGH":"CS2103T-T14-1 YASH..SAMY","qilstiano":"CS2103T-T14-1 MUHA..ALID"}}
