{"authorDailyContributionsMap":{"davidchongg":[{"date":"2025-02-23","commitResults":[{"hash":"8d8facaf2eb0667190673602f62a182fb1824945","isMergeCommit":false,"messageTitle":"Make comment clearer","messageBody":"","fileTypesAndContributionMap":{"functional-code":{"insertions":1,"deletions":1}}}]},{"date":"2025-03-07","commitResults":[{"hash":"728ee980046eaa27a286bdbe71d6824b3e4669e3","isMergeCommit":false,"messageTitle":"Add my info","messageBody":"","fileTypesAndContributionMap":{"docs":{"insertions":3,"deletions":13}}},{"hash":"8d046e8af18992c2eab83ce2689dd39421154c74","isMergeCommit":true,"messageTitle":"Merge pull request #12 from huangtian666/update-aboutUs","messageBody":"Update about us page","fileTypesAndContributionMap":{}}]},{"date":"2025-03-10","commitResults":[{"hash":"881f3506137330024f486043d5e2b47b8f1059f4","isMergeCommit":true,"messageTitle":"Merge pull request #21 from huangtian666/update-readme","messageBody":"Update README.md","fileTypesAndContributionMap":{}}]},{"date":"2025-03-20","commitResults":[{"hash":"580af5c46243df4bd4d5931b7c6b51ab15cc4c72","isMergeCommit":false,"messageTitle":"Add functionality to list all persons containing the tag","messageBody":"","fileTypesAndContributionMap":{"functional-code":{"insertions":98,"deletions":3}}}]},{"date":"2025-03-21","commitResults":[{"hash":"3a8958f6d8130914a38bc0ef70b02bd0ed5df451","isMergeCommit":false,"messageTitle":"Fix checkstyle","messageBody":"","fileTypesAndContributionMap":{"functional-code":{"insertions":14,"deletions":11}}},{"hash":"b957ee87fd8f12d21fd14d3d01c91763cd18e032","isMergeCommit":true,"messageTitle":"Merge remote-tracking branch \u0027upstream/master\u0027 into branch-list-subject","messageBody":"","fileTypesAndContributionMap":{}},{"hash":"304f4bf5f6bfeb4cdbc3b69cd610dadb1dff6dcd","isMergeCommit":false,"messageTitle":"Improve test coverage","messageBody":"","fileTypesAndContributionMap":{"test-code":{"insertions":96,"deletions":0}}},{"hash":"b0ae06c00b9f322b08162fa88c0e186875065fab","isMergeCommit":false,"messageTitle":"Fix missing test","messageBody":"","fileTypesAndContributionMap":{"test-code":{"insertions":1,"deletions":0}}}]},{"date":"2025-03-23","commitResults":[{"hash":"71e627d6a9e5b27439fae4fef3c2b12b215c8a48","isMergeCommit":false,"messageTitle":"Update user guide","messageBody":"","fileTypesAndContributionMap":{"docs":{"insertions":24,"deletions":7}}}]},{"date":"2025-03-25","commitResults":[{"hash":"bb05aec862c8dd3e086558e9dc7d9b264ad10599","isMergeCommit":true,"messageTitle":"Merge pull request #45 from brvndonkoh/brvndonkoh-branch-5","messageBody":"Add SortSequenceDiagram.puml to illustrate execution flow of SortCommand","fileTypesAndContributionMap":{}},{"hash":"e5d34ab5b4a4ec6f382ce29a5918eaa02a1573b4","isMergeCommit":false,"messageTitle":"Fix list command to include prefix and improve test coverage","messageBody":"","fileTypesAndContributionMap":{"functional-code":{"insertions":42,"deletions":12},"test-code":{"insertions":38,"deletions":3}}},{"hash":"30675bf0267eff62b8f1eda71f53a13aad1bb563","isMergeCommit":true,"messageTitle":"Merge branch \u0027master\u0027 into branch-fix-list","messageBody":"","fileTypesAndContributionMap":{}}]},{"date":"2025-03-27","commitResults":[{"hash":"57ebe56a4a8e8bf045dfc63021520faa7b2a1ee4","isMergeCommit":true,"messageTitle":"Merge pull request #64 from brvndonkoh/brvndonkoh-branch-7","messageBody":"Add logging to improve debugging and traceability","tags":["v1.4"],"fileTypesAndContributionMap":{}}]},{"date":"2025-04-03","commitResults":[{"hash":"d1fad08109fbea23a3bdc3b27c60dce6a6b46ef7","isMergeCommit":false,"messageTitle":"Fix invalid tuition time parsed successfully","messageBody":"","fileTypesAndContributionMap":{"functional-code":{"insertions":21,"deletions":6}}},{"hash":"ac4fcfe5bf5af4062998df25c106b765ea7d4211","isMergeCommit":true,"messageTitle":"Merge remote-tracking branch \u0027upstream/master\u0027 into fix-tt","messageBody":"","fileTypesAndContributionMap":{}},{"hash":"df29405042f1de6095ca7aa84f6262825218f245","isMergeCommit":false,"messageTitle":"Make help message clearer","messageBody":"","fileTypesAndContributionMap":{"functional-code":{"insertions":2,"deletions":2}}},{"hash":"fbd84cac205b4984a83944ee5164c7a54da0a7f7","isMergeCommit":false,"messageTitle":"Improve test coverage","messageBody":"","fileTypesAndContributionMap":{"test-code":{"insertions":58,"deletions":0}}},{"hash":"6b5bc76994c8d056fb0e97f23df38e5233493320","isMergeCommit":true,"messageTitle":"Merge pull request #95 from jeronkk/fix-alpha-bugs","messageBody":"Fix alpha bugs","tags":["v1.5"],"fileTypesAndContributionMap":{}}]},{"date":"2025-04-04","commitResults":[{"hash":"350398c006a91496a2bed70554e97c94d39d2fe4","isMergeCommit":false,"messageTitle":"Fix errors in add command example in user guide","messageBody":"","fileTypesAndContributionMap":{"docs":{"insertions":3,"deletions":3}}}]},{"date":"2025-04-06","commitResults":[{"hash":"5572c263f318727ceb178d8454b1d7957ecb61ab","isMergeCommit":false,"messageTitle":"Check whether name field keyword is passed into find","messageBody":"","fileTypesAndContributionMap":{"functional-code":{"insertions":9,"deletions":0},"test-code":{"insertions":6,"deletions":0}}}]},{"date":"2025-04-07","commitResults":[{"hash":"4067ee5e207f442da7b1859d36e55df7b22668b7","isMergeCommit":false,"messageTitle":"Fix some issues","messageBody":"","fileTypesAndContributionMap":{"functional-code":{"insertions":37,"deletions":17}}},{"hash":"bd13856f928c6cb4ac8f2fa520dd98e5bf96ac03","isMergeCommit":true,"messageTitle":"Merge pull request #151 from brvndonkoh/brvndonkoh-branch-fix","messageBody":"Resolve various minor bugs","fileTypesAndContributionMap":{}},{"hash":"f5bb550b39514dd3944c201f4754242c640ca47e","isMergeCommit":true,"messageTitle":"Merge pull request #153 from huangtian666/fix-bugs-v1.6","messageBody":"Fix bugs v1.6","fileTypesAndContributionMap":{}},{"hash":"f420b8b414083d087549a65125e304a9c90491e6","isMergeCommit":true,"messageTitle":"Merge pull request #154 from huangtian666/improve-ui","messageBody":"Improve UI","fileTypesAndContributionMap":{}},{"hash":"f9370af56af2dce849a32674a1fc24ebe4d3a90b","isMergeCommit":false,"messageTitle":"Fix more issues","messageBody":"","fileTypesAndContributionMap":{"functional-code":{"insertions":2,"deletions":2},"docs":{"insertions":7,"deletions":4}}},{"hash":"5081ab23b171c21f12913b928ceac29db363d9c5","isMergeCommit":true,"messageTitle":"Merge branch \u0027master\u0027 into fix-ped-issues","messageBody":"","fileTypesAndContributionMap":{}},{"hash":"b72398d17c33fa1f790b581e485d7bc33866140d","isMergeCommit":false,"messageTitle":"Add use cases in DG","messageBody":"","fileTypesAndContributionMap":{"docs":{"insertions":81,"deletions":2}}},{"hash":"fcbeb0981ef3553a519dea54ce34991b52bae240","isMergeCommit":false,"messageTitle":"Fix uncaught error in list","messageBody":"","fileTypesAndContributionMap":{"functional-code":{"insertions":4,"deletions":1},"docs":{"insertions":1,"deletions":1}}},{"hash":"ce3c778568735986c1045be189bcd3451f75576f","isMergeCommit":false,"messageTitle":"Allow underscore, dash and space for tags","messageBody":"","fileTypesAndContributionMap":{"functional-code":{"insertions":1,"deletions":1}}},{"hash":"6749b74fe897a70565e01543da9483b9e18a52cf","isMergeCommit":false,"messageTitle":"Improve test coverage","messageBody":"","fileTypesAndContributionMap":{"test-code":{"insertions":17,"deletions":0}}},{"hash":"0796df9fd7230bd28aa404ef767618e45ef427a0","isMergeCommit":false,"messageTitle":"Fix checkstyle","messageBody":"","fileTypesAndContributionMap":{"test-code":{"insertions":0,"deletions":1}}}]},{"date":"2025-04-08","commitResults":[{"hash":"015a9d3f977e98615118b348a839be1748a8bf37","isMergeCommit":false,"messageTitle":"Use assert","messageBody":"","fileTypesAndContributionMap":{"functional-code":{"insertions":1,"deletions":0}}}]}],"huangtian666":[{"date":"2025-02-23","commitResults":[{"hash":"f4406944a80e8788449f5d5c546147a21559e1ef","isMergeCommit":true,"messageTitle":"Merge pull request #1 from AY2425S2-CS2103-F10-4/switch-docs-to-markbind","messageBody":"Switch docs to markbind","fileTypesAndContributionMap":{}},{"hash":"94d318a106d9035d3212a2b5cde5f890559f005b","isMergeCommit":false,"messageTitle":"Add codecov badge","messageBody":"","fileTypesAndContributionMap":{"docs":{"insertions":2,"deletions":1}}},{"hash":"e86049eda10a53299887fc0e4263480d0e78e2c0","isMergeCommit":false,"messageTitle":"Set up website for the project","messageBody":"","fileTypesAndContributionMap":{"docs":{"insertions":1,"deletions":1}}},{"hash":"51e606bff16f8d08a68fac47fd40346db6ba67d0","isMergeCommit":true,"messageTitle":"Merge pull request #2 from AY2425S2-CS2103-F10-4/create-website","messageBody":"Set up website for the project","fileTypesAndContributionMap":{}},{"hash":"dedca210b6239f7b49fb1ad75c53f21c0dfe1f1e","isMergeCommit":true,"messageTitle":"Merge branch \u0027master\u0027 of https://github.com/AY2425S2-CS2103-F10-4/tp","messageBody":"","fileTypesAndContributionMap":{}}]},{"date":"2025-03-07","commitResults":[{"hash":"f8eb9f1e0c2da89970022155964f9f916bece0ec","isMergeCommit":false,"messageTitle":"Update about us page","messageBody":"","fileTypesAndContributionMap":{"docs":{"insertions":3,"deletions":13}}}]},{"date":"2025-03-09","commitResults":[{"hash":"84e06a6455ef3a052184976d43b7e7ce726b4c25","isMergeCommit":false,"messageTitle":"Update readme page","messageBody":"","fileTypesAndContributionMap":{"docs":{"insertions":3,"deletions":6}}},{"hash":"628a6dc426d9df6d6bf47bd50a8e93ac5d9b42ff","isMergeCommit":false,"messageTitle":"Update readme","messageBody":"","fileTypesAndContributionMap":{"docs":{"insertions":1,"deletions":1}}},{"hash":"092d3cb7bc7e9b60459bf41d7af66a1b0fa672b2","isMergeCommit":false,"messageTitle":"Update readme","messageBody":"","fileTypesAndContributionMap":{"docs":{"insertions":1,"deletions":0}}}]},{"date":"2025-03-10","commitResults":[{"hash":"f9fd44014fc5898506dd8d89aba2c2b871f56a17","isMergeCommit":false,"messageTitle":"Update project website","messageBody":"","fileTypesAndContributionMap":{"docs":{"insertions":52,"deletions":13}}},{"hash":"052ea2fe16d20e2afbabbffaf14524b9c1d86abd","isMergeCommit":false,"messageTitle":"Update project website","messageBody":"","fileTypesAndContributionMap":{"docs":{"insertions":1,"deletions":1}}}]},{"date":"2025-03-21","commitResults":[{"hash":"eda255f28c14ed1cd7c1cc0b0b2b0bf6346b1480","isMergeCommit":true,"messageTitle":"Merge pull request #38 from jeronkk/update-AddCommand","messageBody":"Update Add command by adding Tuition Time feature","fileTypesAndContributionMap":{}}]},{"date":"2025-03-22","commitResults":[{"hash":"55c2a4e724b6c8e7a2c3d1bb793970efa9c88dd6","isMergeCommit":true,"messageTitle":"Merge pull request #37 from davidchongg/branch-list-subject","messageBody":"Add functionality to list all persons containing the tag (subject)","fileTypesAndContributionMap":{}},{"hash":"45bc3aeadf63af0a44e8d6a6fd752759122ef7f4","isMergeCommit":false,"messageTitle":"Update list tuition time and checks","messageBody":"","fileTypesAndContributionMap":{"functional-code":{"insertions":207,"deletions":20},"test-code":{"insertions":115,"deletions":15}}},{"hash":"6abfc3ec26885b73eea092eb851e5bedf40df3a8","isMergeCommit":false,"messageTitle":"Add ListCommandParserTest","messageBody":"","fileTypesAndContributionMap":{"test-code":{"insertions":38,"deletions":0}}}]},{"date":"2025-03-23","commitResults":[{"hash":"c77fbfc5b73c24beea40c23bc7d27e30e6eed56d","isMergeCommit":true,"messageTitle":"Merge pull request #44 from davidchongg/branch-update-ug","messageBody":"Update user guide","fileTypesAndContributionMap":{}}]},{"date":"2025-03-24","commitResults":[{"hash":"9ab0e09e606a7961b8ec511984e4d90b335cde56","isMergeCommit":true,"messageTitle":"Merge pull request #48 from jeronkk/bug-fix-AddCommand","messageBody":"Fix TuitionTime Format Handling and Update Output JAR Name","fileTypesAndContributionMap":{}},{"hash":"016e6d9f74259726a0af06a0f0517965dd376add","isMergeCommit":true,"messageTitle":"Merge pull request #39 from brvndonkoh/brvndonkoh-branch-4","messageBody":"Add new sorting feature in TutorProMax ","fileTypesAndContributionMap":{}}]},{"date":"2025-03-26","commitResults":[{"hash":"d18fae5701b76a24f3a9c420ba993b74b76c8a95","isMergeCommit":false,"messageTitle":"Add codecov.yml to exclude ui files in codecov","messageBody":"","fileTypesAndContributionMap":{"other":{"insertions":2,"deletions":0}}}]},{"date":"2025-03-27","commitResults":[{"hash":"2276cb165d7c9ee90fb597a06d3e0af9dd099dc7","isMergeCommit":false,"messageTitle":"Update help command and add assertions","messageBody":"","fileTypesAndContributionMap":{"functional-code":{"insertions":313,"deletions":7}}},{"hash":"ed40e7cb14a223ff1af80f660fd9cefb2646cbed","isMergeCommit":false,"messageTitle":"Update help feature","messageBody":"","fileTypesAndContributionMap":{"functional-code":{"insertions":1,"deletions":1}}},{"hash":"0e1d3b419c7d6e94569f67623b511bb73c162325","isMergeCommit":false,"messageTitle":"Add test for help command","messageBody":"","fileTypesAndContributionMap":{"functional-code":{"insertions":1,"deletions":1},"test-code":{"insertions":44,"deletions":0}}},{"hash":"6738b6b4dbf78dd2916254a6fed0a9df163b3b9e","isMergeCommit":false,"messageTitle":"Update test","messageBody":"","fileTypesAndContributionMap":{"functional-code":{"insertions":1,"deletions":1},"test-code":{"insertions":36,"deletions":0}}},{"hash":"f44e1d52a4c6448fbfc0fc6a23a5cc2c1ba7ae77","isMergeCommit":false,"messageTitle":"Update help window test","messageBody":"","fileTypesAndContributionMap":{"test-code":{"insertions":186,"deletions":0}}},{"hash":"4fc1ca238eb5f78d8273184da9fbeea0c5d7525f","isMergeCommit":false,"messageTitle":"Update tests","messageBody":"","fileTypesAndContributionMap":{"test-code":{"insertions":2,"deletions":2}}},{"hash":"4b262784ff6670df6e470758eacc4d8cfe2cdbad","isMergeCommit":false,"messageTitle":"Update tests","messageBody":"","fileTypesAndContributionMap":{"test-code":{"insertions":37,"deletions":23}}},{"hash":"3f7236a9ea5e7f4b0be658a22d8fa3fb5682c9ef","isMergeCommit":false,"messageTitle":"Update tests","messageBody":"","fileTypesAndContributionMap":{"test-code":{"insertions":1,"deletions":0}}},{"hash":"2a5746c11dabcced75bf8ba019f5edc6f98392c9","isMergeCommit":false,"messageTitle":"Update test","messageBody":"","fileTypesAndContributionMap":{"test-code":{"insertions":3,"deletions":2}}},{"hash":"76ddf7965c40dfe75943f0b43f8502a38fdcbf85","isMergeCommit":false,"messageTitle":"Update test","messageBody":"","fileTypesAndContributionMap":{"test-code":{"insertions":10,"deletions":2}}},{"hash":"ffb0c22d5741c51600b08824f067e1240e1e7c98","isMergeCommit":false,"messageTitle":"Update test","messageBody":"","fileTypesAndContributionMap":{"test-code":{"insertions":35,"deletions":37}}},{"hash":"79682acbcd9a371a3a96376a6f2c011f63ae0ac3","isMergeCommit":false,"messageTitle":"Update test","messageBody":"","fileTypesAndContributionMap":{"functional-code":{"insertions":4,"deletions":1},"other":{"insertions":3,"deletions":0},"test-code":{"insertions":0,"deletions":80}}},{"hash":"ecb439459f0b302f9aa66709eea75fc493624858","isMergeCommit":false,"messageTitle":"Update test","messageBody":"","fileTypesAndContributionMap":{"other":{"insertions":0,"deletions":3},"test-code":{"insertions":38,"deletions":88}}},{"hash":"4e105bbf3ce702405e1ea229fb6b99aff3ed159c","isMergeCommit":false,"messageTitle":"Update test","messageBody":"","fileTypesAndContributionMap":{"functional-code":{"insertions":1,"deletions":1},"test-code":{"insertions":62,"deletions":54}}},{"hash":"dc1344ca671326f48337c1e01e36a29517111cfc","isMergeCommit":false,"messageTitle":"Update test","messageBody":"","fileTypesAndContributionMap":{"other":{"insertions":5,"deletions":1},"test-code":{"insertions":0,"deletions":87}}},{"hash":"8480a66893f6031b4042019a65aa87fbb9680f02","isMergeCommit":false,"messageTitle":"Update uml diagram and project website","messageBody":"","fileTypesAndContributionMap":{"docs":{"insertions":121,"deletions":12}}},{"hash":"f7558f89f46635bac85b0dadbc874664370956fa","isMergeCommit":false,"messageTitle":"Fix checkstyle","messageBody":"","fileTypesAndContributionMap":{"docs":{"insertions":3,"deletions":3}}},{"hash":"e6c5c73e1cf15e64e5668629689d20ea995a6420","isMergeCommit":false,"messageTitle":"Update test to include assertions","messageBody":"","fileTypesAndContributionMap":{"test-code":{"insertions":24,"deletions":0}}},{"hash":"f4ad61646d959e1c71476021fea0904e7198b041","isMergeCommit":false,"messageTitle":"Change ListCommandTest.java","messageBody":"","fileTypesAndContributionMap":{"test-code":{"insertions":5,"deletions":20}}},{"hash":"c0590c01f55e661d86698ddc950e58b29bded538","isMergeCommit":true,"messageTitle":"Merge pull request #58 from jeronkk/update-puml-files","messageBody":"Update UML Diagrams to Reflect SortCommand, CommandHistoryManager, and HelpWindow Enhancements","fileTypesAndContributionMap":{}}]},{"date":"2025-03-28","commitResults":[{"hash":"e1b2a59dbbc2bfd2ca2ef281881271310bc497da","isMergeCommit":false,"messageTitle":"Enable assertion","messageBody":"","fileTypesAndContributionMap":{"other":{"insertions":4,"deletions":0}}}]},{"date":"2025-04-01","commitResults":[{"hash":"7db9e80a843a067822a485e2471b5f914b6adc5a","isMergeCommit":false,"messageTitle":"Update add instruction","messageBody":"","fileTypesAndContributionMap":{"functional-code":{"insertions":1,"deletions":0}}},{"hash":"40906d9bfb0c4bcdd0201e98c5142ea8b81231e3","isMergeCommit":false,"messageTitle":"Update isSamePerson() in Person.java","messageBody":"","fileTypesAndContributionMap":{"functional-code":{"insertions":3,"deletions":2},"test-code":{"insertions":3,"deletions":2}}}]},{"date":"2025-04-02","commitResults":[{"hash":"b6eac135e2c6836ecbb1089755b749f9864071fe","isMergeCommit":false,"messageTitle":"Update clear command","messageBody":"","fileTypesAndContributionMap":{"functional-code":{"insertions":5,"deletions":0},"test-code":{"insertions":1,"deletions":1}}}]},{"date":"2025-04-03","commitResults":[{"hash":"3d4e8424e570db09c420e3f387368670d79ae44e","isMergeCommit":true,"messageTitle":"Merge branch \u0027master\u0027 into fix-tt","messageBody":"","fileTypesAndContributionMap":{}},{"hash":"e40872e2247461bb8eefafbc328027cf292f577d","isMergeCommit":true,"messageTitle":"Merge pull request #80 from davidchongg/fix-tt","messageBody":"Fix invalid tuition time parsed successfully","fileTypesAndContributionMap":{}},{"hash":"1f08b15b0435c365577dbd5cb2b2fe2fb9e85e4b","isMergeCommit":true,"messageTitle":"Merge pull request #81 from davidchongg/fix-help","messageBody":"Make help message clearer","fileTypesAndContributionMap":{}}]},{"date":"2025-04-04","commitResults":[{"hash":"7adc4667dc237192980eee9ce61a6bb2fc38708d","isMergeCommit":true,"messageTitle":"Merge pull request #96 from davidchongg/fix-add-UG","messageBody":"Fix errors in add command example in user guide","fileTypesAndContributionMap":{}}]},{"date":"2025-04-06","commitResults":[{"hash":"0812c9111bb1a7a1024fbc6613edfb59550af01b","isMergeCommit":true,"messageTitle":"Merge pull request #150 from davidchongg/fix-find-tags","messageBody":"Check whether name field keyword is passed into find","fileTypesAndContributionMap":{}},{"hash":"7b86ee0f02f6845bfaf36de1a569731d6960419c","isMergeCommit":false,"messageTitle":"Fix issue #148","messageBody":"","fileTypesAndContributionMap":{"functional-code":{"insertions":4,"deletions":3}}},{"hash":"5949ecf4fe794a3e2e642e3000085c0c2f730401","isMergeCommit":false,"messageTitle":"Fix issue #147 - add why use tutorpromax section - update quick start to guide users how to start (including how to cd to directory)","messageBody":"","fileTypesAndContributionMap":{"docs":{"insertions":26,"deletions":2}}},{"hash":"efa006d2cdf6b266b3ac6bdfa16a9585af46f2eb","isMergeCommit":false,"messageTitle":"Fix #145 - update value proposition to be more precise","messageBody":"","fileTypesAndContributionMap":{"docs":{"insertions":7,"deletions":2}}},{"hash":"20db9055a3edd78c36d2ed326549c616ff98428f","isMergeCommit":false,"messageTitle":"Update DG - Fix issues #140, #141, #142, #143 - Update manual testing - Update glossary terms - Update instructions to launch the jar file","messageBody":"","fileTypesAndContributionMap":{"functional-code":{"insertions":5,"deletions":3},"docs":{"insertions":161,"deletions":31}}},{"hash":"d2ed2d51db8d259898410c1e7cf9ac0aaba5f80a","isMergeCommit":false,"messageTitle":"Update check constraint for email, fixes issue #148 Update DG","messageBody":"","fileTypesAndContributionMap":{"functional-code":{"insertions":1,"deletions":1},"docs":{"insertions":20,"deletions":63},"test-code":{"insertions":6,"deletions":6}}}]},{"date":"2025-04-07","commitResults":[{"hash":"3653e38acb25cf1be508a6d72fc9511ebe564da7","isMergeCommit":false,"messageTitle":"Allow text wrapping at person card and output box","messageBody":"","fileTypesAndContributionMap":{"functional-code":{"insertions":6,"deletions":7}}},{"hash":"51f42780a509eee2dafe654a55d5122311d6d509","isMergeCommit":false,"messageTitle":"Adjust maxwidth for label","messageBody":"","fileTypesAndContributionMap":{"functional-code":{"insertions":1,"deletions":1}}}]}],"brvndonkoh":[{"date":"2025-03-07","commitResults":[{"hash":"86bd03b7860478a7b2952305682d6b9264c2c63a","isMergeCommit":false,"messageTitle":"Update AboutUs.md and created brvndonkoh.md","messageBody":"","fileTypesAndContributionMap":{"docs":{"insertions":5,"deletions":15}}},{"hash":"213fcf1b662f9b754e539bbaa4ef50d0d397baca","isMergeCommit":true,"messageTitle":"Merge pull request #17 from jeronkk/update-Aboutus","messageBody":"Update aboutus","fileTypesAndContributionMap":{}}]},{"date":"2025-03-16","commitResults":[{"hash":"44a564366747d7980d176b8ad10096c3a26aadd0","isMergeCommit":false,"messageTitle":"Update DeleteCommand.java to make error message to clearer and update MainWindow.java to display TutorProMax when running.","messageBody":"","fileTypesAndContributionMap":{"functional-code":{"insertions":4,"deletions":1}}},{"hash":"1ed4393655553417dc3f762527b3a32c963a3c2b","isMergeCommit":false,"messageTitle":"Edit error in \"+\" operator wrap,","messageBody":"","fileTypesAndContributionMap":{"functional-code":{"insertions":2,"deletions":2}}},{"hash":"2b5a54f247c2b933098c347776342b55188c48e9","isMergeCommit":false,"messageTitle":"Update Tests with respect to new DeleteCommand logic.","messageBody":"","fileTypesAndContributionMap":{"test-code":{"insertions":13,"deletions":3}}},{"hash":"138b5987221c48187d56a59eedb76acb4913b04e","isMergeCommit":false,"messageTitle":"Remove unused imports.","messageBody":"","fileTypesAndContributionMap":{"test-code":{"insertions":0,"deletions":1}}},{"hash":"3b8297edc29bbf340ed58dd0ba42475df95e72cd","isMergeCommit":false,"messageTitle":"Remove unnecessary code.","messageBody":"","fileTypesAndContributionMap":{"functional-code":{"insertions":0,"deletions":2}}}]},{"date":"2025-03-22","commitResults":[{"hash":"0649a2e5bcf0d779ee538d3c5691927a72dcade7","isMergeCommit":false,"messageTitle":"Add JavaDocs for execute() method in DeleteCommand.java","messageBody":"","fileTypesAndContributionMap":{"functional-code":{"insertions":7,"deletions":0},"docs":{"insertions":36,"deletions":0}}},{"hash":"2f159dfa5cacac28d9cbbe10e8a777ba7f9f94e5","isMergeCommit":false,"messageTitle":"Add sorting logic to TutorProMax","messageBody":"","fileTypesAndContributionMap":{"functional-code":{"insertions":23,"deletions":9}}},{"hash":"20c239fa1aca013967a08d92b8fa7991c4489ab2","isMergeCommit":false,"messageTitle":"Add sorting logic of all fields in Person to TutorProMax","messageBody":"","fileTypesAndContributionMap":{"functional-code":{"insertions":121,"deletions":2}}},{"hash":"6fadab7569f3535bb85cb10487997e9a8583073d","isMergeCommit":false,"messageTitle":"Improve sorting logic for sort by tuitiontime","messageBody":"","fileTypesAndContributionMap":{"functional-code":{"insertions":43,"deletions":1}}},{"hash":"0c8979838d0710ed8afabab36c4ec1d20cf810d4","isMergeCommit":false,"messageTitle":"Add JavaDocs for SortCommand.java","messageBody":"","fileTypesAndContributionMap":{"functional-code":{"insertions":24,"deletions":1}}},{"hash":"a986a3cd06614b52dbb59f6e7c6ea175d4fa540e","isMergeCommit":false,"messageTitle":"Add @Override method sortFilteredPersonList() in ModelStub","messageBody":"","fileTypesAndContributionMap":{"test-code":{"insertions":7,"deletions":0}}},{"hash":"763fc03e56ca04d3c9fc356fae94d5a3ccbc095e","isMergeCommit":false,"messageTitle":"Change indentation to pass CheckStyle","messageBody":"","fileTypesAndContributionMap":{"functional-code":{"insertions":149,"deletions":145},"test-code":{"insertions":1,"deletions":1}}},{"hash":"84b0d5138a2ac13b6d677f29e422069fd0f1d63b","isMergeCommit":false,"messageTitle":"Add Tests in SortCommandParserTest.java","messageBody":"","fileTypesAndContributionMap":{"test-code":{"insertions":50,"deletions":0}}},{"hash":"25d719022b338404240337fda8bcadce7b8918e0","isMergeCommit":false,"messageTitle":"Change ordering of imports to pass checkStyle","messageBody":"","fileTypesAndContributionMap":{"test-code":{"insertions":3,"deletions":2}}},{"hash":"e16e385ae7351af8c268785437f058dfa6d26c29","isMergeCommit":false,"messageTitle":"Add SortCommandTest.java","messageBody":"","fileTypesAndContributionMap":{"test-code":{"insertions":69,"deletions":0}}},{"hash":"a4e65bf0353a0327dbf9125a56e227a7512b9cf2","isMergeCommit":false,"messageTitle":"Add TuitionTimeUtilTest.java","messageBody":"","fileTypesAndContributionMap":{"test-code":{"insertions":29,"deletions":0}}},{"hash":"84d3043ff77bf6f01695bd5ebac212b0f949cb73","isMergeCommit":false,"messageTitle":"Add more tests for CodeCoverage","messageBody":"","fileTypesAndContributionMap":{"test-code":{"insertions":65,"deletions":4}}},{"hash":"a924df99950318279da482cd163084a331b3dff0","isMergeCommit":false,"messageTitle":"Add more tests for CodeCoverage","messageBody":"","fileTypesAndContributionMap":{"test-code":{"insertions":49,"deletions":0}}},{"hash":"34a5ba7eafe82bca958e2b448ffad7592f2c572b","isMergeCommit":false,"messageTitle":"Add more tests for CodeCoverage","messageBody":"","fileTypesAndContributionMap":{"test-code":{"insertions":21,"deletions":2}}}]},{"date":"2025-03-23","commitResults":[{"hash":"c3c250be5a22d1401ae16f988e304b08f9139667","isMergeCommit":true,"messageTitle":"Merge pull request #41 from huangtian666/add-listTuitionTime-feature","messageBody":"Update list tuition time and checks","tags":["v1.3"],"fileTypesAndContributionMap":{}},{"hash":"4faa9d00378b20205d8a58a5918bba9f1d4df1a1","isMergeCommit":false,"messageTitle":"Add SortSequenceDiagram.puml","messageBody":"","fileTypesAndContributionMap":{"functional-code":{"insertions":6,"deletions":1},"docs":{"insertions":74,"deletions":0}}},{"hash":"96762739389d27358cfa3786f050b46600a467d1","isMergeCommit":false,"messageTitle":"Fix errors in tests.","messageBody":"","fileTypesAndContributionMap":{"test-code":{"insertions":2,"deletions":3}}}]},{"date":"2025-03-24","commitResults":[{"hash":"4b0c7fc81f85c76fd3b5bb3d80cbc860b3f1c025","isMergeCommit":false,"messageTitle":"Fix errors in tests.","messageBody":"","fileTypesAndContributionMap":{"test-code":{"insertions":2,"deletions":3}}},{"hash":"dffa0a30df251afc13546c00da30196aad35f3ed","isMergeCommit":false,"messageTitle":"Fix errors in tests.","messageBody":"","fileTypesAndContributionMap":{"test-code":{"insertions":6,"deletions":5}}},{"hash":"7c90b38b55ce7df7e3290f77f88e639dd2c2ce24","isMergeCommit":false,"messageTitle":"Fix errors in SortCommandTest.java","messageBody":"","fileTypesAndContributionMap":{"test-code":{"insertions":3,"deletions":2}}},{"hash":"704fdf3597fa9da8501e8aa5e2f54fda6145e06e","isMergeCommit":false,"messageTitle":"Add more tests in SortCommandTest.java to have more Code Coverage","messageBody":"","fileTypesAndContributionMap":{"test-code":{"insertions":16,"deletions":0}}}]},{"date":"2025-03-27","commitResults":[{"hash":"96f2bd42a874bbdec9fff722507e8557a9322b71","isMergeCommit":false,"messageTitle":"Add sorting by tags for SortCommand.java.","messageBody":"","fileTypesAndContributionMap":{"functional-code":{"insertions":17,"deletions":7},"test-code":{"insertions":41,"deletions":9}}},{"hash":"50b232edb4a56dab575328f5a98b9451027f091d","isMergeCommit":false,"messageTitle":"Add more tests in SortCommandTest.java to increase code coverage","messageBody":"","fileTypesAndContributionMap":{"test-code":{"insertions":15,"deletions":0}}},{"hash":"369ed73ed7085e17bc33a5526d8c6a8173bd7033","isMergeCommit":false,"messageTitle":"Add more tests in SortCommandTest.java to increase code coverage","messageBody":"","fileTypesAndContributionMap":{"test-code":{"insertions":30,"deletions":0}}},{"hash":"8220f2179f7ebc355bf6206913bc02985b5f396c","isMergeCommit":false,"messageTitle":"Add more tests in SortCommandTest.java to increase code coverage","messageBody":"","fileTypesAndContributionMap":{"test-code":{"insertions":13,"deletions":0}}},{"hash":"b63419df4a47a10c6cefffe32ce0653a30d86b56","isMergeCommit":false,"messageTitle":"Add more tests in SortCommandTest.java to increase code coverage","messageBody":"","fileTypesAndContributionMap":{"test-code":{"insertions":12,"deletions":9}}},{"hash":"22226c1d4c1210476a908efa3625359cf56fe7a9","isMergeCommit":false,"messageTitle":"Add basic logging functionality","messageBody":"","fileTypesAndContributionMap":{"functional-code":{"insertions":18,"deletions":0},"test-code":{"insertions":2,"deletions":2}}},{"hash":"0a4e5f9cc6b9fb7da1746a5460704cd27485492b","isMergeCommit":true,"messageTitle":"Merge pull request #51 from davidchongg/branch-fix-list","messageBody":"Fix list command","fileTypesAndContributionMap":{}},{"hash":"defbdaad54c817c7a7db06d186d27bc708eae94e","isMergeCommit":true,"messageTitle":"Merge pull request #55 from jeronkk/add-CommandHistory","messageBody":"Implement command history navigation with up/down arrow key support","fileTypesAndContributionMap":{}},{"hash":"72832d61880c1545c6010e11c7b020fbe605bf04","isMergeCommit":true,"messageTitle":"Merge pull request #56 from huangtian666/update-help-feature","messageBody":"Update help feature","fileTypesAndContributionMap":{}},{"hash":"b30b423eae88e77c7c87e242aa9dc068426e0369","isMergeCommit":true,"messageTitle":"Merge pull request #61 from huangtian666/update-uml-diagram","messageBody":"Update uml diagram and project website","fileTypesAndContributionMap":{}}]},{"date":"2025-03-28","commitResults":[{"hash":"a62ee2e93cab8f8f7f4053105057c2ba03443dd6","isMergeCommit":false,"messageTitle":"Edit MESSAGE_INVALID_FIELD in SortCommand.java","messageBody":"","fileTypesAndContributionMap":{"functional-code":{"insertions":1,"deletions":1}}}]},{"date":"2025-04-03","commitResults":[{"hash":"2717f0b1f1f318b79ec3c61143c1caa26f92dc96","isMergeCommit":true,"messageTitle":"Merge pull request #73 from huangtian666/fix-bug-clear","messageBody":"Update clear command","fileTypesAndContributionMap":{}},{"hash":"f6417f4f6ab8715916a2f7d1c8b3d0f3f82139b1","isMergeCommit":true,"messageTitle":"Merge pull request #74 from huangtian666/fix-bug-add","messageBody":"Fix bug add","fileTypesAndContributionMap":{}},{"hash":"f2189a4d90aa9577dfac38ed3aeeff4e72674954","isMergeCommit":false,"messageTitle":"Add error handling info for sort command in UserGuide.md","messageBody":"","fileTypesAndContributionMap":{"docs":{"insertions":9,"deletions":1}}},{"hash":"c1a0bf162314554c45221fcadd4b2e7c8eff0bdc","isMergeCommit":false,"messageTitle":"Make command parsing case-insensitive","messageBody":"","fileTypesAndContributionMap":{"functional-code":{"insertions":1,"deletions":1}}},{"hash":"e670917f9c0233b16203c144504a842eb3dcb3a8","isMergeCommit":false,"messageTitle":"Correct sort by name desc logic for name field","messageBody":"","fileTypesAndContributionMap":{"functional-code":{"insertions":0,"deletions":4},"test-code":{"insertions":2,"deletions":2}}},{"hash":"a4d1a5ad67a5c66fd746af65fd07c84c8aff62df","isMergeCommit":false,"messageTitle":"Update help page","messageBody":"","fileTypesAndContributionMap":{"functional-code":{"insertions":2,"deletions":2}}},{"hash":"e6ab53b87c7679a811641aa3168d55ca4f5d3581","isMergeCommit":false,"messageTitle":"Fix DeleteCommand to ensure proper spacing in invalid index error for delete command","messageBody":"","fileTypesAndContributionMap":{"functional-code":{"insertions":1,"deletions":1}}}]},{"date":"2025-04-06","commitResults":[{"hash":"ffebf2c4d8771cb0b6a88edbd0b93a409cb647e5","isMergeCommit":false,"messageTitle":"Resolve various minor bugs","messageBody":"","fileTypesAndContributionMap":{"functional-code":{"insertions":5,"deletions":4},"docs":{"insertions":34,"deletions":8},"test-code":{"insertions":2,"deletions":1}}}]},{"date":"2025-04-08","commitResults":[{"hash":"b9ce904b74d2a3c635ef361c3038e72cdaeef505","isMergeCommit":true,"messageTitle":"Merge pull request #155 from davidchongg/fix-ped-issues","messageBody":"","fileTypesAndContributionMap":{}}]}],"jeronkk":[{"date":"2025-02-23","commitResults":[{"hash":"629a243449a33a412e0510d2c611a260212f6eb5","isMergeCommit":false,"messageTitle":"Add test comment to Main.java to verify commit permissions","messageBody":"","fileTypesAndContributionMap":{"functional-code":{"insertions":1,"deletions":1}}}]},{"date":"2025-03-07","commitResults":[{"hash":"23ef0b0c38a22e5dea4a99aff129f96a4cfc4875","isMergeCommit":false,"messageTitle":"Update AboutUs.md to include Jeron\u0027s info","messageBody":"","fileTypesAndContributionMap":{"docs":{"insertions":4,"deletions":4}}},{"hash":"7cb2e9d03a1e9938e08cafebd9a8e82bff18322b","isMergeCommit":false,"messageTitle":"Add jeronkk.md","messageBody":"","fileTypesAndContributionMap":{"docs":{"insertions":46,"deletions":0}}},{"hash":"11a5a2438c416eeed172e1e7468ccd821b686527","isMergeCommit":true,"messageTitle":"Merge branch \u0027master\u0027 into brvndonkoh-branch-1","messageBody":"","fileTypesAndContributionMap":{}},{"hash":"313e0d6547bffa1f9808b22b6023661d11679cac","isMergeCommit":true,"messageTitle":"Merge pull request #13 from brvndonkoh/brvndonkoh-branch-1","messageBody":"Update AboutUs.md and created brvndonkoh.md","fileTypesAndContributionMap":{}},{"hash":"14b69b703dc1350ec4a20a4c21a34eb00df42987","isMergeCommit":true,"messageTitle":"Merge branch \u0027master\u0027 into add-aboutUs-info","messageBody":"","fileTypesAndContributionMap":{}},{"hash":"68753f4c225d9f35f85179d217143ddc8f4e68cb","isMergeCommit":true,"messageTitle":"Merge pull request #15 from davidchongg/add-aboutUs-info","messageBody":"Add David\u0027s info in about us page","fileTypesAndContributionMap":{}}]},{"date":"2025-03-13","commitResults":[{"hash":"9617f8be6032041bf26408612508dd3e5b017676","isMergeCommit":true,"messageTitle":"Merge pull request #23 from huangtian666/update-project-website","messageBody":"Update project website","fileTypesAndContributionMap":{}}]},{"date":"2025-03-19","commitResults":[{"hash":"f34174501a586d578778fc9869f1021e27c0769a","isMergeCommit":true,"messageTitle":"Merge pull request #32 from brvndonkoh/brvndonkoh-branch-3","messageBody":"Update DeleteCommand.java","fileTypesAndContributionMap":{}}]},{"date":"2025-03-20","commitResults":[{"hash":"7b115c455b2f18d1206a37167bb21f25bf32c4b1","isMergeCommit":false,"messageTitle":"Add tuition time prefix and update AddCommand.java to use the new prefix","messageBody":"","fileTypesAndContributionMap":{"functional-code":{"insertions":8,"deletions":4}}},{"hash":"ab92cc2fc97d27b6d39c79280c2b072720da0ab5","isMergeCommit":false,"messageTitle":"Add TuitionTime class to represent a tutor’s tuition schedule","messageBody":"","fileTypesAndContributionMap":{"functional-code":{"insertions":64,"deletions":0}}},{"hash":"8c60456253b96462fce904b7d2b0ab1c41a15dd6","isMergeCommit":false,"messageTitle":"Integrate TuitionTime into Person class","messageBody":"","fileTypesAndContributionMap":{"functional-code":{"insertions":10,"deletions":2}}},{"hash":"7f41f715201dc69838f07d00b6490e7c433c9b62","isMergeCommit":false,"messageTitle":"Integrate TuitionTime into AddCommand and EditCommand class","messageBody":"","fileTypesAndContributionMap":{"functional-code":{"insertions":15,"deletions":3}}},{"hash":"d6d6b442aadfd7a76abba43bed68e2c87f44bf54","isMergeCommit":false,"messageTitle":"Integrate TuitionTime into ParserUtil, AddCommandParser and EditCommandParser class","messageBody":"","fileTypesAndContributionMap":{"functional-code":{"insertions":46,"deletions":11}}},{"hash":"5ad07cf71ceceba3c35641c75e1101ac9010201f","isMergeCommit":false,"messageTitle":"Integrate TuitionTime into JsonAdaptedPerson and JsonAdaptedPersonTest class","messageBody":"","fileTypesAndContributionMap":{"functional-code":{"insertions":14,"deletions":2},"test-code":{"insertions":37,"deletions":15}}},{"hash":"c1f91e84e6d58051426921f448b4ef25db49213b","isMergeCommit":false,"messageTitle":"Integrate TuitionTime into PersonBuilder and TypicalPersons class","messageBody":"","fileTypesAndContributionMap":{"test-code":{"insertions":42,"deletions":18}}},{"hash":"58ed7b122c096109f6cabd68847f6c45ce901b09","isMergeCommit":false,"messageTitle":"Integrate TuitionTime into SampleDataUtil class","messageBody":"","fileTypesAndContributionMap":{"functional-code":{"insertions":25,"deletions":18}}},{"hash":"bec7c754efb76b65171b9cd1597a77916bd731e6","isMergeCommit":false,"messageTitle":"Display TuitionTime in JavaFX UI","messageBody":"","fileTypesAndContributionMap":{"functional-code":{"insertions":4,"deletions":0}}},{"hash":"fa7bfc76bbab2c2d892da575a425d927a47b4e2a","isMergeCommit":false,"messageTitle":"Fix bug in EditCommand: Allow editing of TuitionTime","messageBody":"","fileTypesAndContributionMap":{"functional-code":{"insertions":1,"deletions":1}}},{"hash":"2704c74f03309c9b2fa864be1cc93a255920ac0d","isMergeCommit":false,"messageTitle":"Fix bug: Display updated TuitionTime after successful add and edit","messageBody":"","fileTypesAndContributionMap":{"functional-code":{"insertions":5,"deletions":4}}},{"hash":"3171b780b90a2b104933d784dd5fecc11ae3773f","isMergeCommit":false,"messageTitle":"Fix Checkstyle errors for code consistency","messageBody":"","fileTypesAndContributionMap":{"functional-code":{"insertions":46,"deletions":17},"test-code":{"insertions":0,"deletions":1}}}]},{"date":"2025-03-21","commitResults":[{"hash":"5a2d1c2358d032468e4511161cbdb7730867ffdb","isMergeCommit":false,"messageTitle":"Integrate TuitionTime into PersonUtil class and update EditCommand class to use TuitionTime correctly","messageBody":"","fileTypesAndContributionMap":{"functional-code":{"insertions":1,"deletions":0},"test-code":{"insertions":4,"deletions":0}}},{"hash":"b6935fd5e771f8d6b96a489720a7cb426c83b02d","isMergeCommit":false,"messageTitle":"Update CommandTestUtil class to use tuition time and subjects as tags","messageBody":"","fileTypesAndContributionMap":{"test-code":{"insertions":12,"deletions":6}}},{"hash":"ed82526b82b8f5ef1e6c3f175975362e09491913","isMergeCommit":false,"messageTitle":"Update test cases to check for tuition time","messageBody":"","fileTypesAndContributionMap":{"functional-code":{"insertions":4,"deletions":1},"test-code":{"insertions":115,"deletions":78}}},{"hash":"9bedf83c8b4ff2e877fcd94fd99cd99840cd8373","isMergeCommit":false,"messageTitle":"Fix no trailing newline and extra whitespaces","messageBody":"","fileTypesAndContributionMap":{"docs":{"insertions":1,"deletions":1}}}]},{"date":"2025-03-24","commitResults":[{"hash":"643b8c52dd832a2f72223bf9a6971d4f4a72cb16","isMergeCommit":true,"messageTitle":"Merge branch \u0027update-Aboutus\u0027","messageBody":"","fileTypesAndContributionMap":{}},{"hash":"e0842bff79279f25c4168212890d238d1e4c44aa","isMergeCommit":false,"messageTitle":"Fix TuitionTime format in AddCommand class","messageBody":"","fileTypesAndContributionMap":{"functional-code":{"insertions":1,"deletions":1}}},{"hash":"6f7ed2587ec970e16582a890342a3e50f163a974","isMergeCommit":false,"messageTitle":"Update build.gradle shadowJar to create tutorpromax.jar","messageBody":"","fileTypesAndContributionMap":{"other":{"insertions":1,"deletions":1},"docs":{"insertions":3,"deletions":3}}},{"hash":"252e756b231c39ac2bac8dd8fbd6999c646fa730","isMergeCommit":true,"messageTitle":"Merge branch \u0027update-Aboutus\u0027","messageBody":"","fileTypesAndContributionMap":{}}]},{"date":"2025-03-27","commitResults":[{"hash":"db537cd3e44e38534d619c79c6c8cbacb8d5dda1","isMergeCommit":true,"messageTitle":"Merge pull request #54 from huangtian666/create-codecov.yml","messageBody":"Add codecov.yml to exclude ui files in codecov","fileTypesAndContributionMap":{}},{"hash":"c505ef3a1fc62ecc43ae8cc8e457c51355a6e8a2","isMergeCommit":false,"messageTitle":"Implement command history tracking with CommandHistoryManager","messageBody":"","fileTypesAndContributionMap":{"functional-code":{"insertions":38,"deletions":0}}},{"hash":"39589076375f1c31b3ec1b497df33ec6f435e56c","isMergeCommit":false,"messageTitle":"Integrate CommandHistoryManager with CommandBox for input navigation","messageBody":"","fileTypesAndContributionMap":{"functional-code":{"insertions":25,"deletions":1}}},{"hash":"230f5a1b14c83b195b925ff2d9235d49c3db8c2c","isMergeCommit":false,"messageTitle":"Update CommandHistoryManager to fix arrow keys deleting original command","messageBody":"","fileTypesAndContributionMap":{"functional-code":{"insertions":48,"deletions":8}}},{"hash":"b6cba82b27c052939d86ca770ebf44c7fb8ac744","isMergeCommit":false,"messageTitle":"Add unit tests for CommandHistoryManager","messageBody":"","fileTypesAndContributionMap":{"test-code":{"insertions":75,"deletions":0}}},{"hash":"b1e44e3e15b455422fa6ed646aa12a254673044c","isMergeCommit":false,"messageTitle":"Update UML diagrams to reflect SortCommand and TuitionTimeUtil integration","messageBody":"","fileTypesAndContributionMap":{"docs":{"insertions":16,"deletions":11}}},{"hash":"0c8397cc3562b1131666453ca91f7484d29ad765","isMergeCommit":false,"messageTitle":"Update UI class diagram to include CommandHistoryManager and structural adjustments","messageBody":"","fileTypesAndContributionMap":{"docs":{"insertions":13,"deletions":3}}},{"hash":"504648004e8f6ad34179a6cdb40c29b64980c66e","isMergeCommit":false,"messageTitle":"Update Logic class diagram to reflect TuitionTimeUtil usage","messageBody":"","fileTypesAndContributionMap":{"docs":{"insertions":19,"deletions":8}}}]},{"date":"2025-03-28","commitResults":[{"hash":"164f4c3daf0efd551379ece61edb6632c86de246","isMergeCommit":true,"messageTitle":"Merge pull request #66 from brvndonkoh/brvndonkoh-branch-8","messageBody":"Edit MESSAGE_INVALID_FIELD in SortCommand.java","fileTypesAndContributionMap":{}},{"hash":"78162606be414b0ade5d451dbdd4fb588469c6d8","isMergeCommit":true,"messageTitle":"Merge branch \u0027update-Aboutus\u0027","messageBody":"","fileTypesAndContributionMap":{}}]},{"date":"2025-04-01","commitResults":[{"hash":"dd8226f3e345a04e4184e9dbf00c3c26dd762fe7","isMergeCommit":true,"messageTitle":"Merge pull request #67 from huangtian666/enable-assertions","messageBody":"Enable assertion","fileTypesAndContributionMap":{}}]},{"date":"2025-04-03","commitResults":[{"hash":"2fa07599d530eb6d2f335e4f4cebde1cc04aff7e","isMergeCommit":true,"messageTitle":"Merge pull request #82 from brvndonkoh/brvndonkoh-branch-9","messageBody":"Add error handling info for sort command in UserGuide.md","fileTypesAndContributionMap":{}},{"hash":"2fa0211448bba8e6a89824b97bedf55194707f3f","isMergeCommit":true,"messageTitle":"Merge pull request #84 from brvndonkoh/brvndonkoh-branch-10","messageBody":"Make command parsing case-insensitive","fileTypesAndContributionMap":{}},{"hash":"55db25ee24577e8e209fec28e83795f9401c0e81","isMergeCommit":true,"messageTitle":"Merge branch \u0027master\u0027 into brvndonkoh-branch-11","messageBody":"","fileTypesAndContributionMap":{}},{"hash":"20c6ec210f7bf2cc8eab7e3ccdffca3717f69707","isMergeCommit":true,"messageTitle":"Merge pull request #86 from brvndonkoh/brvndonkoh-branch-11","messageBody":"Correct sort by name desc logic for name field","fileTypesAndContributionMap":{}},{"hash":"7bc916286adc7f2eaa42ea34e3836430ce4a236a","isMergeCommit":true,"messageTitle":"Merge branch \u0027update-Aboutus\u0027","messageBody":"","fileTypesAndContributionMap":{}},{"hash":"f6ca0b8389f6d580797732f321a2791731f87d80","isMergeCommit":false,"messageTitle":"Document command history navigation in UserGuide.md","messageBody":"","fileTypesAndContributionMap":{"docs":{"insertions":10,"deletions":0}}},{"hash":"7030fd78cbdcc9f71caa9960d31dbc7d536f30e6","isMergeCommit":false,"messageTitle":"Update name validation regex to support Unicode and common name characters","messageBody":"","fileTypesAndContributionMap":{"functional-code":{"insertions":1,"deletions":1}}},{"hash":"66613b7c1b38468ff439b6a2378296b99684f250","isMergeCommit":false,"messageTitle":"Refine Name Test to support culturally diverse and symbol-inclusive names","messageBody":"","fileTypesAndContributionMap":{"functional-code":{"insertions":1,"deletions":1},"test-code":{"insertions":17,"deletions":7}}},{"hash":"7919e9f0bb769a5291db915b864b6857fd69062a","isMergeCommit":false,"messageTitle":"Implement use of google libphonenumber to verify valid phone number","messageBody":"- Update Phone.java to reflect correct use of libphonenumber to verify valid numbers with country code\n- Update sample data, typical persons, etc. to use proper number format\n- Update tests to reflect the above changes\n","fileTypesAndContributionMap":{"functional-code":{"insertions":29,"deletions":22},"other":{"insertions":1,"deletions":0},"test-code":{"insertions":26,"deletions":23}}},{"hash":"aa7bdcb957b35d0e82b03963ddc6f68dc3ffb553","isMergeCommit":false,"messageTitle":"Set a max character limit of 80 for name length","messageBody":"","fileTypesAndContributionMap":{"functional-code":{"insertions":27,"deletions":14}}},{"hash":"f0efe11fbae41e46a234818a7c590ec924509cba","isMergeCommit":false,"messageTitle":"Update test to test for name length that is more than 80","messageBody":"","fileTypesAndContributionMap":{"test-code":{"insertions":7,"deletions":0}}},{"hash":"e4036bee31445ca2b55373aaa874bdb5e9f15e11","isMergeCommit":false,"messageTitle":"Set a max character limit of 255 for domain part of email and 64 for local part of email","messageBody":"","fileTypesAndContributionMap":{"functional-code":{"insertions":63,"deletions":22}}},{"hash":"ddd4fed428c4b27d1c203dd5b2a77d52673793a3","isMergeCommit":false,"messageTitle":"Update test to test whether email is valid to the proper character limit","messageBody":"","fileTypesAndContributionMap":{"test-code":{"insertions":16,"deletions":1}}},{"hash":"ea0ba58825f21b164fde7d12eed5e4181915d5bc","isMergeCommit":false,"messageTitle":"Fix commandhistory","messageBody":"","fileTypesAndContributionMap":{"functional-code":{"insertions":46,"deletions":29}}}]}]},"authorFileTypeContributionMap":{"davidchongg":{"docs":110,"functional-code":193,"test-code":212},"huangtian666":{"docs":373,"functional-code":520,"test-code":249,"other":9},"brvndonkoh":{"docs":145,"functional-code":248,"test-code":405},"jeronkk":{"docs":107,"functional-code":433,"test-code":329,"other":2}},"authorContributionVariance":{"davidchongg":1412.1484,"huangtian666":43110.805,"brvndonkoh":16067.019,"jeronkk":8262.684},"authorDisplayNameMap":{"davidchongg":"CS2103-F10-4 DAVI.. WEI","huangtian666":"CS2103-F10-4 HUAN..TIAN","brvndonkoh":"CS2103-F10-4 KOH ..NDON","jeronkk":"CS2103-F10-4 KOR ..ERON"}}
