{"authorDailyContributionsMap":{"davidchongg":[{"date":"2025-02-23","commitResults":[{"hash":"8d8facaf2eb0667190673602f62a182fb1824945","isMergeCommit":false,"messageTitle":"Make comment clearer","messageBody":"","fileTypesAndContributionMap":{"functional-code":{"insertions":1,"deletions":1}}}]},{"date":"2025-03-07","commitResults":[{"hash":"728ee980046eaa27a286bdbe71d6824b3e4669e3","isMergeCommit":false,"messageTitle":"Add my info","messageBody":"","fileTypesAndContributionMap":{"docs":{"insertions":3,"deletions":13}}},{"hash":"8d046e8af18992c2eab83ce2689dd39421154c74","isMergeCommit":true,"messageTitle":"Merge pull request #12 from huangtian666/update-aboutUs","messageBody":"Update about us page","fileTypesAndContributionMap":{}}]}],"huangtian666":[{"date":"2025-02-23","commitResults":[{"hash":"f4406944a80e8788449f5d5c546147a21559e1ef","isMergeCommit":true,"messageTitle":"Merge pull request #1 from AY2425S2-CS2103-F10-4/switch-docs-to-markbind","messageBody":"Switch docs to markbind","fileTypesAndContributionMap":{}},{"hash":"94d318a106d9035d3212a2b5cde5f890559f005b","isMergeCommit":false,"messageTitle":"Add codecov badge","messageBody":"","fileTypesAndContributionMap":{"docs":{"insertions":2,"deletions":1}}},{"hash":"e86049eda10a53299887fc0e4263480d0e78e2c0","isMergeCommit":false,"messageTitle":"Set up website for the project","messageBody":"","fileTypesAndContributionMap":{"docs":{"insertions":1,"deletions":1}}},{"hash":"51e606bff16f8d08a68fac47fd40346db6ba67d0","isMergeCommit":true,"messageTitle":"Merge pull request #2 from AY2425S2-CS2103-F10-4/create-website","messageBody":"Set up website for the project","fileTypesAndContributionMap":{}},{"hash":"dedca210b6239f7b49fb1ad75c53f21c0dfe1f1e","isMergeCommit":true,"messageTitle":"Merge branch \u0027master\u0027 of https://github.com/AY2425S2-CS2103-F10-4/tp","messageBody":"","fileTypesAndContributionMap":{}}]},{"date":"2025-03-07","commitResults":[{"hash":"f8eb9f1e0c2da89970022155964f9f916bece0ec","isMergeCommit":false,"messageTitle":"Update about us page","messageBody":"","fileTypesAndContributionMap":{"docs":{"insertions":3,"deletions":13}}}]}],"brvndonkoh":[{"date":"2025-03-07","commitResults":[{"hash":"86bd03b7860478a7b2952305682d6b9264c2c63a","isMergeCommit":false,"messageTitle":"Update AboutUs.md and created brvndonkoh.md","messageBody":"","fileTypesAndContributionMap":{"docs":{"insertions":5,"deletions":15}}},{"hash":"213fcf1b662f9b754e539bbaa4ef50d0d397baca","isMergeCommit":true,"messageTitle":"Merge pull request #17 from jeronkk/update-Aboutus","messageBody":"Update aboutus","fileTypesAndContributionMap":{}}]}],"jeronkk":[{"date":"2025-02-23","commitResults":[{"hash":"629a243449a33a412e0510d2c611a260212f6eb5","isMergeCommit":false,"messageTitle":"Add test comment to Main.java to verify commit permissions","messageBody":"","fileTypesAndContributionMap":{"functional-code":{"insertions":1,"deletions":1}}}]},{"date":"2025-03-07","commitResults":[{"hash":"23ef0b0c38a22e5dea4a99aff129f96a4cfc4875","isMergeCommit":false,"messageTitle":"Update AboutUs.md to include Jeron\u0027s info","messageBody":"","fileTypesAndContributionMap":{"docs":{"insertions":4,"deletions":4}}},{"hash":"7cb2e9d03a1e9938e08cafebd9a8e82bff18322b","isMergeCommit":false,"messageTitle":"Add jeronkk.md","messageBody":"","fileTypesAndContributionMap":{"docs":{"insertions":46,"deletions":0}}},{"hash":"11a5a2438c416eeed172e1e7468ccd821b686527","isMergeCommit":true,"messageTitle":"Merge branch \u0027master\u0027 into brvndonkoh-branch-1","messageBody":"","fileTypesAndContributionMap":{}},{"hash":"313e0d6547bffa1f9808b22b6023661d11679cac","isMergeCommit":true,"messageTitle":"Merge pull request #13 from brvndonkoh/brvndonkoh-branch-1","messageBody":"Update AboutUs.md and created brvndonkoh.md","fileTypesAndContributionMap":{}},{"hash":"14b69b703dc1350ec4a20a4c21a34eb00df42987","isMergeCommit":true,"messageTitle":"Merge branch \u0027master\u0027 into add-aboutUs-info","messageBody":"","fileTypesAndContributionMap":{}},{"hash":"68753f4c225d9f35f85179d217143ddc8f4e68cb","isMergeCommit":true,"messageTitle":"Merge pull request #15 from davidchongg/add-aboutUs-info","messageBody":"Add David\u0027s info in about us page","fileTypesAndContributionMap":{}}]}]},"authorFileTypeContributionMap":{"davidchongg":{"docs":3,"functional-code":1,"test-code":0},"huangtian666":{"docs":6,"functional-code":0,"test-code":0},"brvndonkoh":{"docs":5,"functional-code":0,"test-code":0},"jeronkk":{"docs":50,"functional-code":1,"test-code":0}},"authorContributionVariance":{"davidchongg":15.893334,"huangtian666":16.773335,"brvndonkoh":24.888887,"jeronkk":180.7289},"authorDisplayNameMap":{"davidchongg":"CS2103-F10-4 DAVI.. WEI","huangtian666":"CS2103-F10-4 HUAN..TIAN","brvndonkoh":"CS2103-F10-4 KOH ..NDON","jeronkk":"CS2103-F10-4 KOR ..ERON"}}
