{"authorDailyContributionsMap":{"davidchongg":[{"date":"2025-02-23","commitResults":[{"hash":"8d8facaf2eb0667190673602f62a182fb1824945","isMergeCommit":false,"messageTitle":"Make comment clearer","messageBody":"","fileTypesAndContributionMap":{"functional-code":{"insertions":1,"deletions":1}}}]},{"date":"2025-03-07","commitResults":[{"hash":"728ee980046eaa27a286bdbe71d6824b3e4669e3","isMergeCommit":false,"messageTitle":"Add my info","messageBody":"","fileTypesAndContributionMap":{"docs":{"insertions":3,"deletions":13}}},{"hash":"8d046e8af18992c2eab83ce2689dd39421154c74","isMergeCommit":true,"messageTitle":"Merge pull request #12 from huangtian666/update-aboutUs","messageBody":"Update about us page","fileTypesAndContributionMap":{}}]},{"date":"2025-03-10","commitResults":[{"hash":"881f3506137330024f486043d5e2b47b8f1059f4","isMergeCommit":true,"messageTitle":"Merge pull request #21 from huangtian666/update-readme","messageBody":"Update README.md","fileTypesAndContributionMap":{}}]},{"date":"2025-03-20","commitResults":[{"hash":"580af5c46243df4bd4d5931b7c6b51ab15cc4c72","isMergeCommit":false,"messageTitle":"Add functionality to list all persons containing the tag","messageBody":"","fileTypesAndContributionMap":{"functional-code":{"insertions":98,"deletions":3}}}]},{"date":"2025-03-21","commitResults":[{"hash":"3a8958f6d8130914a38bc0ef70b02bd0ed5df451","isMergeCommit":false,"messageTitle":"Fix checkstyle","messageBody":"","fileTypesAndContributionMap":{"functional-code":{"insertions":14,"deletions":11}}},{"hash":"b957ee87fd8f12d21fd14d3d01c91763cd18e032","isMergeCommit":true,"messageTitle":"Merge remote-tracking branch \u0027upstream/master\u0027 into branch-list-subject","messageBody":"","fileTypesAndContributionMap":{}},{"hash":"304f4bf5f6bfeb4cdbc3b69cd610dadb1dff6dcd","isMergeCommit":false,"messageTitle":"Improve test coverage","messageBody":"","fileTypesAndContributionMap":{"test-code":{"insertions":96,"deletions":0}}},{"hash":"b0ae06c00b9f322b08162fa88c0e186875065fab","isMergeCommit":false,"messageTitle":"Fix missing test","messageBody":"","fileTypesAndContributionMap":{"test-code":{"insertions":1,"deletions":0}}}]},{"date":"2025-03-23","commitResults":[{"hash":"71e627d6a9e5b27439fae4fef3c2b12b215c8a48","isMergeCommit":false,"messageTitle":"Update user guide","messageBody":"","fileTypesAndContributionMap":{"docs":{"insertions":24,"deletions":7}}}]},{"date":"2025-03-25","commitResults":[{"hash":"bb05aec862c8dd3e086558e9dc7d9b264ad10599","isMergeCommit":true,"messageTitle":"Merge pull request #45 from brvndonkoh/brvndonkoh-branch-5","messageBody":"Add SortSequenceDiagram.puml to illustrate execution flow of SortCommand","fileTypesAndContributionMap":{}}]}],"huangtian666":[{"date":"2025-02-23","commitResults":[{"hash":"f4406944a80e8788449f5d5c546147a21559e1ef","isMergeCommit":true,"messageTitle":"Merge pull request #1 from AY2425S2-CS2103-F10-4/switch-docs-to-markbind","messageBody":"Switch docs to markbind","fileTypesAndContributionMap":{}},{"hash":"94d318a106d9035d3212a2b5cde5f890559f005b","isMergeCommit":false,"messageTitle":"Add codecov badge","messageBody":"","fileTypesAndContributionMap":{"docs":{"insertions":2,"deletions":1}}},{"hash":"e86049eda10a53299887fc0e4263480d0e78e2c0","isMergeCommit":false,"messageTitle":"Set up website for the project","messageBody":"","fileTypesAndContributionMap":{"docs":{"insertions":1,"deletions":1}}},{"hash":"51e606bff16f8d08a68fac47fd40346db6ba67d0","isMergeCommit":true,"messageTitle":"Merge pull request #2 from AY2425S2-CS2103-F10-4/create-website","messageBody":"Set up website for the project","fileTypesAndContributionMap":{}},{"hash":"dedca210b6239f7b49fb1ad75c53f21c0dfe1f1e","isMergeCommit":true,"messageTitle":"Merge branch \u0027master\u0027 of https://github.com/AY2425S2-CS2103-F10-4/tp","messageBody":"","fileTypesAndContributionMap":{}}]},{"date":"2025-03-07","commitResults":[{"hash":"f8eb9f1e0c2da89970022155964f9f916bece0ec","isMergeCommit":false,"messageTitle":"Update about us page","messageBody":"","fileTypesAndContributionMap":{"docs":{"insertions":3,"deletions":13}}}]},{"date":"2025-03-09","commitResults":[{"hash":"84e06a6455ef3a052184976d43b7e7ce726b4c25","isMergeCommit":false,"messageTitle":"Update readme page","messageBody":"","fileTypesAndContributionMap":{"docs":{"insertions":3,"deletions":6}}},{"hash":"628a6dc426d9df6d6bf47bd50a8e93ac5d9b42ff","isMergeCommit":false,"messageTitle":"Update readme","messageBody":"","fileTypesAndContributionMap":{"docs":{"insertions":1,"deletions":1}}},{"hash":"092d3cb7bc7e9b60459bf41d7af66a1b0fa672b2","isMergeCommit":false,"messageTitle":"Update readme","messageBody":"","fileTypesAndContributionMap":{"docs":{"insertions":1,"deletions":0}}}]},{"date":"2025-03-10","commitResults":[{"hash":"f9fd44014fc5898506dd8d89aba2c2b871f56a17","isMergeCommit":false,"messageTitle":"Update project website","messageBody":"","fileTypesAndContributionMap":{"docs":{"insertions":52,"deletions":13}}},{"hash":"052ea2fe16d20e2afbabbffaf14524b9c1d86abd","isMergeCommit":false,"messageTitle":"Update project website","messageBody":"","fileTypesAndContributionMap":{"docs":{"insertions":1,"deletions":1}}}]},{"date":"2025-03-21","commitResults":[{"hash":"eda255f28c14ed1cd7c1cc0b0b2b0bf6346b1480","isMergeCommit":true,"messageTitle":"Merge pull request #38 from jeronkk/update-AddCommand","messageBody":"Update Add command by adding Tuition Time feature","fileTypesAndContributionMap":{}}]},{"date":"2025-03-22","commitResults":[{"hash":"55c2a4e724b6c8e7a2c3d1bb793970efa9c88dd6","isMergeCommit":true,"messageTitle":"Merge pull request #37 from davidchongg/branch-list-subject","messageBody":"Add functionality to list all persons containing the tag (subject)","fileTypesAndContributionMap":{}},{"hash":"45bc3aeadf63af0a44e8d6a6fd752759122ef7f4","isMergeCommit":false,"messageTitle":"Update list tuition time and checks","messageBody":"","fileTypesAndContributionMap":{"functional-code":{"insertions":207,"deletions":20},"test-code":{"insertions":115,"deletions":15}}},{"hash":"6abfc3ec26885b73eea092eb851e5bedf40df3a8","isMergeCommit":false,"messageTitle":"Add ListCommandParserTest","messageBody":"","fileTypesAndContributionMap":{"test-code":{"insertions":38,"deletions":0}}}]},{"date":"2025-03-23","commitResults":[{"hash":"c77fbfc5b73c24beea40c23bc7d27e30e6eed56d","isMergeCommit":true,"messageTitle":"Merge pull request #44 from davidchongg/branch-update-ug","messageBody":"Update user guide","fileTypesAndContributionMap":{}}]},{"date":"2025-03-24","commitResults":[{"hash":"9ab0e09e606a7961b8ec511984e4d90b335cde56","isMergeCommit":true,"messageTitle":"Merge pull request #48 from jeronkk/bug-fix-AddCommand","messageBody":"Fix TuitionTime Format Handling and Update Output JAR Name","fileTypesAndContributionMap":{}},{"hash":"016e6d9f74259726a0af06a0f0517965dd376add","isMergeCommit":true,"messageTitle":"Merge pull request #39 from brvndonkoh/brvndonkoh-branch-4","messageBody":"Add new sorting feature in TutorProMax ","fileTypesAndContributionMap":{}}]}],"brvndonkoh":[{"date":"2025-03-07","commitResults":[{"hash":"86bd03b7860478a7b2952305682d6b9264c2c63a","isMergeCommit":false,"messageTitle":"Update AboutUs.md and created brvndonkoh.md","messageBody":"","fileTypesAndContributionMap":{"docs":{"insertions":5,"deletions":15}}},{"hash":"213fcf1b662f9b754e539bbaa4ef50d0d397baca","isMergeCommit":true,"messageTitle":"Merge pull request #17 from jeronkk/update-Aboutus","messageBody":"Update aboutus","fileTypesAndContributionMap":{}}]},{"date":"2025-03-16","commitResults":[{"hash":"44a564366747d7980d176b8ad10096c3a26aadd0","isMergeCommit":false,"messageTitle":"Update DeleteCommand.java to make error message to clearer and update MainWindow.java to display TutorProMax when running.","messageBody":"","fileTypesAndContributionMap":{"functional-code":{"insertions":4,"deletions":1}}},{"hash":"1ed4393655553417dc3f762527b3a32c963a3c2b","isMergeCommit":false,"messageTitle":"Edit error in \"+\" operator wrap,","messageBody":"","fileTypesAndContributionMap":{"functional-code":{"insertions":2,"deletions":2}}},{"hash":"2b5a54f247c2b933098c347776342b55188c48e9","isMergeCommit":false,"messageTitle":"Update Tests with respect to new DeleteCommand logic.","messageBody":"","fileTypesAndContributionMap":{"test-code":{"insertions":13,"deletions":3}}},{"hash":"138b5987221c48187d56a59eedb76acb4913b04e","isMergeCommit":false,"messageTitle":"Remove unused imports.","messageBody":"","fileTypesAndContributionMap":{"test-code":{"insertions":0,"deletions":1}}},{"hash":"3b8297edc29bbf340ed58dd0ba42475df95e72cd","isMergeCommit":false,"messageTitle":"Remove unnecessary code.","messageBody":"","fileTypesAndContributionMap":{"functional-code":{"insertions":0,"deletions":2}}}]},{"date":"2025-03-22","commitResults":[{"hash":"0649a2e5bcf0d779ee538d3c5691927a72dcade7","isMergeCommit":false,"messageTitle":"Add JavaDocs for execute() method in DeleteCommand.java","messageBody":"","fileTypesAndContributionMap":{"functional-code":{"insertions":7,"deletions":0},"docs":{"insertions":36,"deletions":0}}},{"hash":"2f159dfa5cacac28d9cbbe10e8a777ba7f9f94e5","isMergeCommit":false,"messageTitle":"Add sorting logic to TutorProMax","messageBody":"","fileTypesAndContributionMap":{"functional-code":{"insertions":23,"deletions":9}}},{"hash":"20c239fa1aca013967a08d92b8fa7991c4489ab2","isMergeCommit":false,"messageTitle":"Add sorting logic of all fields in Person to TutorProMax","messageBody":"","fileTypesAndContributionMap":{"functional-code":{"insertions":121,"deletions":2}}},{"hash":"6fadab7569f3535bb85cb10487997e9a8583073d","isMergeCommit":false,"messageTitle":"Improve sorting logic for sort by tuitiontime","messageBody":"","fileTypesAndContributionMap":{"functional-code":{"insertions":43,"deletions":1}}},{"hash":"0c8979838d0710ed8afabab36c4ec1d20cf810d4","isMergeCommit":false,"messageTitle":"Add JavaDocs for SortCommand.java","messageBody":"","fileTypesAndContributionMap":{"functional-code":{"insertions":24,"deletions":1}}},{"hash":"a986a3cd06614b52dbb59f6e7c6ea175d4fa540e","isMergeCommit":false,"messageTitle":"Add @Override method sortFilteredPersonList() in ModelStub","messageBody":"","fileTypesAndContributionMap":{"test-code":{"insertions":7,"deletions":0}}},{"hash":"763fc03e56ca04d3c9fc356fae94d5a3ccbc095e","isMergeCommit":false,"messageTitle":"Change indentation to pass CheckStyle","messageBody":"","fileTypesAndContributionMap":{"functional-code":{"insertions":149,"deletions":145},"test-code":{"insertions":1,"deletions":1}}},{"hash":"84b0d5138a2ac13b6d677f29e422069fd0f1d63b","isMergeCommit":false,"messageTitle":"Add Tests in SortCommandParserTest.java","messageBody":"","fileTypesAndContributionMap":{"test-code":{"insertions":50,"deletions":0}}},{"hash":"25d719022b338404240337fda8bcadce7b8918e0","isMergeCommit":false,"messageTitle":"Change ordering of imports to pass checkStyle","messageBody":"","fileTypesAndContributionMap":{"test-code":{"insertions":3,"deletions":2}}},{"hash":"e16e385ae7351af8c268785437f058dfa6d26c29","isMergeCommit":false,"messageTitle":"Add SortCommandTest.java","messageBody":"","fileTypesAndContributionMap":{"test-code":{"insertions":69,"deletions":0}}},{"hash":"a4e65bf0353a0327dbf9125a56e227a7512b9cf2","isMergeCommit":false,"messageTitle":"Add TuitionTimeUtilTest.java","messageBody":"","fileTypesAndContributionMap":{"test-code":{"insertions":29,"deletions":0}}},{"hash":"84d3043ff77bf6f01695bd5ebac212b0f949cb73","isMergeCommit":false,"messageTitle":"Add more tests for CodeCoverage","messageBody":"","fileTypesAndContributionMap":{"test-code":{"insertions":65,"deletions":4}}},{"hash":"a924df99950318279da482cd163084a331b3dff0","isMergeCommit":false,"messageTitle":"Add more tests for CodeCoverage","messageBody":"","fileTypesAndContributionMap":{"test-code":{"insertions":49,"deletions":0}}},{"hash":"34a5ba7eafe82bca958e2b448ffad7592f2c572b","isMergeCommit":false,"messageTitle":"Add more tests for CodeCoverage","messageBody":"","fileTypesAndContributionMap":{"test-code":{"insertions":21,"deletions":2}}}]},{"date":"2025-03-23","commitResults":[{"hash":"c3c250be5a22d1401ae16f988e304b08f9139667","isMergeCommit":true,"messageTitle":"Merge pull request #41 from huangtian666/add-listTuitionTime-feature","messageBody":"Update list tuition time and checks","tags":["v1.3"],"fileTypesAndContributionMap":{}},{"hash":"4faa9d00378b20205d8a58a5918bba9f1d4df1a1","isMergeCommit":false,"messageTitle":"Add SortSequenceDiagram.puml","messageBody":"","fileTypesAndContributionMap":{"functional-code":{"insertions":6,"deletions":1},"docs":{"insertions":74,"deletions":0}}},{"hash":"96762739389d27358cfa3786f050b46600a467d1","isMergeCommit":false,"messageTitle":"Fix errors in tests.","messageBody":"","fileTypesAndContributionMap":{"test-code":{"insertions":2,"deletions":3}}}]},{"date":"2025-03-24","commitResults":[{"hash":"4b0c7fc81f85c76fd3b5bb3d80cbc860b3f1c025","isMergeCommit":false,"messageTitle":"Fix errors in tests.","messageBody":"","fileTypesAndContributionMap":{"test-code":{"insertions":2,"deletions":3}}},{"hash":"dffa0a30df251afc13546c00da30196aad35f3ed","isMergeCommit":false,"messageTitle":"Fix errors in tests.","messageBody":"","fileTypesAndContributionMap":{"test-code":{"insertions":6,"deletions":5}}},{"hash":"7c90b38b55ce7df7e3290f77f88e639dd2c2ce24","isMergeCommit":false,"messageTitle":"Fix errors in SortCommandTest.java","messageBody":"","fileTypesAndContributionMap":{"test-code":{"insertions":3,"deletions":2}}},{"hash":"704fdf3597fa9da8501e8aa5e2f54fda6145e06e","isMergeCommit":false,"messageTitle":"Add more tests in SortCommandTest.java to have more Code Coverage","messageBody":"","fileTypesAndContributionMap":{"test-code":{"insertions":16,"deletions":0}}}]}],"jeronkk":[{"date":"2025-02-23","commitResults":[{"hash":"629a243449a33a412e0510d2c611a260212f6eb5","isMergeCommit":false,"messageTitle":"Add test comment to Main.java to verify commit permissions","messageBody":"","fileTypesAndContributionMap":{"functional-code":{"insertions":1,"deletions":1}}}]},{"date":"2025-03-07","commitResults":[{"hash":"23ef0b0c38a22e5dea4a99aff129f96a4cfc4875","isMergeCommit":false,"messageTitle":"Update AboutUs.md to include Jeron\u0027s info","messageBody":"","fileTypesAndContributionMap":{"docs":{"insertions":4,"deletions":4}}},{"hash":"7cb2e9d03a1e9938e08cafebd9a8e82bff18322b","isMergeCommit":false,"messageTitle":"Add jeronkk.md","messageBody":"","fileTypesAndContributionMap":{"docs":{"insertions":46,"deletions":0}}},{"hash":"11a5a2438c416eeed172e1e7468ccd821b686527","isMergeCommit":true,"messageTitle":"Merge branch \u0027master\u0027 into brvndonkoh-branch-1","messageBody":"","fileTypesAndContributionMap":{}},{"hash":"313e0d6547bffa1f9808b22b6023661d11679cac","isMergeCommit":true,"messageTitle":"Merge pull request #13 from brvndonkoh/brvndonkoh-branch-1","messageBody":"Update AboutUs.md and created brvndonkoh.md","fileTypesAndContributionMap":{}},{"hash":"14b69b703dc1350ec4a20a4c21a34eb00df42987","isMergeCommit":true,"messageTitle":"Merge branch \u0027master\u0027 into add-aboutUs-info","messageBody":"","fileTypesAndContributionMap":{}},{"hash":"68753f4c225d9f35f85179d217143ddc8f4e68cb","isMergeCommit":true,"messageTitle":"Merge pull request #15 from davidchongg/add-aboutUs-info","messageBody":"Add David\u0027s info in about us page","fileTypesAndContributionMap":{}}]},{"date":"2025-03-13","commitResults":[{"hash":"9617f8be6032041bf26408612508dd3e5b017676","isMergeCommit":true,"messageTitle":"Merge pull request #23 from huangtian666/update-project-website","messageBody":"Update project website","fileTypesAndContributionMap":{}}]},{"date":"2025-03-19","commitResults":[{"hash":"f34174501a586d578778fc9869f1021e27c0769a","isMergeCommit":true,"messageTitle":"Merge pull request #32 from brvndonkoh/brvndonkoh-branch-3","messageBody":"Update DeleteCommand.java","fileTypesAndContributionMap":{}}]},{"date":"2025-03-20","commitResults":[{"hash":"7b115c455b2f18d1206a37167bb21f25bf32c4b1","isMergeCommit":false,"messageTitle":"Add tuition time prefix and update AddCommand.java to use the new prefix","messageBody":"","fileTypesAndContributionMap":{"functional-code":{"insertions":8,"deletions":4}}},{"hash":"ab92cc2fc97d27b6d39c79280c2b072720da0ab5","isMergeCommit":false,"messageTitle":"Add TuitionTime class to represent a tutor’s tuition schedule","messageBody":"","fileTypesAndContributionMap":{"functional-code":{"insertions":64,"deletions":0}}},{"hash":"8c60456253b96462fce904b7d2b0ab1c41a15dd6","isMergeCommit":false,"messageTitle":"Integrate TuitionTime into Person class","messageBody":"","fileTypesAndContributionMap":{"functional-code":{"insertions":10,"deletions":2}}},{"hash":"7f41f715201dc69838f07d00b6490e7c433c9b62","isMergeCommit":false,"messageTitle":"Integrate TuitionTime into AddCommand and EditCommand class","messageBody":"","fileTypesAndContributionMap":{"functional-code":{"insertions":15,"deletions":3}}},{"hash":"d6d6b442aadfd7a76abba43bed68e2c87f44bf54","isMergeCommit":false,"messageTitle":"Integrate TuitionTime into ParserUtil, AddCommandParser and EditCommandParser class","messageBody":"","fileTypesAndContributionMap":{"functional-code":{"insertions":46,"deletions":11}}},{"hash":"5ad07cf71ceceba3c35641c75e1101ac9010201f","isMergeCommit":false,"messageTitle":"Integrate TuitionTime into JsonAdaptedPerson and JsonAdaptedPersonTest class","messageBody":"","fileTypesAndContributionMap":{"functional-code":{"insertions":14,"deletions":2},"test-code":{"insertions":37,"deletions":15}}},{"hash":"c1f91e84e6d58051426921f448b4ef25db49213b","isMergeCommit":false,"messageTitle":"Integrate TuitionTime into PersonBuilder and TypicalPersons class","messageBody":"","fileTypesAndContributionMap":{"test-code":{"insertions":42,"deletions":18}}},{"hash":"58ed7b122c096109f6cabd68847f6c45ce901b09","isMergeCommit":false,"messageTitle":"Integrate TuitionTime into SampleDataUtil class","messageBody":"","fileTypesAndContributionMap":{"functional-code":{"insertions":25,"deletions":18}}},{"hash":"bec7c754efb76b65171b9cd1597a77916bd731e6","isMergeCommit":false,"messageTitle":"Display TuitionTime in JavaFX UI","messageBody":"","fileTypesAndContributionMap":{"functional-code":{"insertions":4,"deletions":0}}},{"hash":"fa7bfc76bbab2c2d892da575a425d927a47b4e2a","isMergeCommit":false,"messageTitle":"Fix bug in EditCommand: Allow editing of TuitionTime","messageBody":"","fileTypesAndContributionMap":{"functional-code":{"insertions":1,"deletions":1}}},{"hash":"2704c74f03309c9b2fa864be1cc93a255920ac0d","isMergeCommit":false,"messageTitle":"Fix bug: Display updated TuitionTime after successful add and edit","messageBody":"","fileTypesAndContributionMap":{"functional-code":{"insertions":5,"deletions":4}}},{"hash":"3171b780b90a2b104933d784dd5fecc11ae3773f","isMergeCommit":false,"messageTitle":"Fix Checkstyle errors for code consistency","messageBody":"","fileTypesAndContributionMap":{"functional-code":{"insertions":46,"deletions":17},"test-code":{"insertions":0,"deletions":1}}}]},{"date":"2025-03-21","commitResults":[{"hash":"5a2d1c2358d032468e4511161cbdb7730867ffdb","isMergeCommit":false,"messageTitle":"Integrate TuitionTime into PersonUtil class and update EditCommand class to use TuitionTime correctly","messageBody":"","fileTypesAndContributionMap":{"functional-code":{"insertions":1,"deletions":0},"test-code":{"insertions":4,"deletions":0}}},{"hash":"b6935fd5e771f8d6b96a489720a7cb426c83b02d","isMergeCommit":false,"messageTitle":"Update CommandTestUtil class to use tuition time and subjects as tags","messageBody":"","fileTypesAndContributionMap":{"test-code":{"insertions":12,"deletions":6}}},{"hash":"ed82526b82b8f5ef1e6c3f175975362e09491913","isMergeCommit":false,"messageTitle":"Update test cases to check for tuition time","messageBody":"","fileTypesAndContributionMap":{"functional-code":{"insertions":4,"deletions":1},"test-code":{"insertions":115,"deletions":78}}},{"hash":"9bedf83c8b4ff2e877fcd94fd99cd99840cd8373","isMergeCommit":false,"messageTitle":"Fix no trailing newline and extra whitespaces","messageBody":"","fileTypesAndContributionMap":{"docs":{"insertions":1,"deletions":1}}}]},{"date":"2025-03-24","commitResults":[{"hash":"643b8c52dd832a2f72223bf9a6971d4f4a72cb16","isMergeCommit":true,"messageTitle":"Merge branch \u0027update-Aboutus\u0027","messageBody":"","fileTypesAndContributionMap":{}},{"hash":"e0842bff79279f25c4168212890d238d1e4c44aa","isMergeCommit":false,"messageTitle":"Fix TuitionTime format in AddCommand class","messageBody":"","fileTypesAndContributionMap":{"functional-code":{"insertions":1,"deletions":1}}},{"hash":"6f7ed2587ec970e16582a890342a3e50f163a974","isMergeCommit":false,"messageTitle":"Update build.gradle shadowJar to create tutorpromax.jar","messageBody":"","fileTypesAndContributionMap":{"other":{"insertions":1,"deletions":1},"docs":{"insertions":3,"deletions":3}}}]}]},"authorFileTypeContributionMap":{"davidchongg":{"docs":27,"functional-code":95,"test-code":97},"huangtian666":{"docs":61,"functional-code":204,"test-code":153},"brvndonkoh":{"docs":115,"functional-code":219,"test-code":314},"jeronkk":{"docs":53,"functional-code":207,"test-code":191,"other":1}},"authorContributionVariance":{"davidchongg":729.2139,"huangtian666":4651.9395,"brvndonkoh":21938.898,"jeronkk":6314.683},"authorDisplayNameMap":{"davidchongg":"CS2103-F10-4 DAVI.. WEI","huangtian666":"CS2103-F10-4 HUAN..TIAN","brvndonkoh":"CS2103-F10-4 KOH ..NDON","jeronkk":"CS2103-F10-4 KOR ..ERON"}}
