{"authorDailyContributionsMap":{"xinnnyeee":[{"date":"2025-03-06","commitResults":[{"hash":"106a2486e00f0c6f0e9119c8d3226362faede744","isMergeCommit":false,"messageTitle":"Edit AboutUs.md and add xinyi\u0027s information","messageBody":"","fileTypesAndContributionMap":{"docs":{"insertions":5,"deletions":4}}}]},{"date":"2025-03-09","commitResults":[{"hash":"741f945aa38e9dd6eb7f7e31dcdddcdd9cd90a6a","isMergeCommit":true,"messageTitle":"Merge pull request #15 from laishuya/branch-edit-aboutus","messageBody":"Edit Joshua\u0027s AboutUs details","fileTypesAndContributionMap":{}}]},{"date":"2025-03-10","commitResults":[{"hash":"643e04543606a98d64221850d0ea291066acd83f","isMergeCommit":true,"messageTitle":"Merge pull request #21 from laishuya/branch-edit-project-website","messageBody":"Update project website","fileTypesAndContributionMap":{}}]},{"date":"2025-03-12","commitResults":[{"hash":"bb2c66e38f992b9f9413af7a64a5ad902175eaa7","isMergeCommit":true,"messageTitle":"Merge pull request #28 from laishuya/branch-developer-guide","messageBody":"Make initial edits to the Developer Guide","fileTypesAndContributionMap":{}}]},{"date":"2025-03-16","commitResults":[{"hash":"3f24f1594ea5c7a048898c5419a9eb5e4be910e3","isMergeCommit":true,"messageTitle":"Merge branch \u0027master\u0027 into edit_delete_feature","messageBody":"","fileTypesAndContributionMap":{}},{"hash":"a65f2812bb63e39599cee8ed73a4607e5e41a4d1","isMergeCommit":true,"messageTitle":"Merge pull request #32 from simenggg/edit_delete_feature","messageBody":"Update delete feature","fileTypesAndContributionMap":{}}]},{"date":"2025-03-19","commitResults":[{"hash":"f18ab2a6e0c342e04194921379900dc66e17f572","isMergeCommit":false,"messageTitle":"Change regex and prefix for name","messageBody":"","fileTypesAndContributionMap":{"functional-code":{"insertions":16,"deletions":7}}},{"hash":"9cb00010e7970d666039588a132be3fae26456df","isMergeCommit":false,"messageTitle":"Fix bug in regex and update all command prefix","messageBody":"","fileTypesAndContributionMap":{"functional-code":{"insertions":20,"deletions":10}}},{"hash":"0a3d6f18d5863c5de014c4db26dbdb1e965cab56","isMergeCommit":false,"messageTitle":"Adapt the testcases to new version","messageBody":"","fileTypesAndContributionMap":{"functional-code":{"insertions":4,"deletions":4},"test-code":{"insertions":7,"deletions":7}}}]},{"date":"2025-03-21","commitResults":[{"hash":"e0cd6aadb062124b1b8261fa8a2d809568762d04","isMergeCommit":true,"messageTitle":"Merge pull request #55 from laishuya/branch-fix-ui-issue","messageBody":"Fix typos and wrong texts in the GUI interface","tags":["v1.3"],"fileTypesAndContributionMap":{}}]},{"date":"2025-03-23","commitResults":[{"hash":"c2c855a0f7c565a3b68249160188d7e993c5ebd5","isMergeCommit":false,"messageTitle":"Change UserGuide.md to suit new application","messageBody":"","fileTypesAndContributionMap":{"docs":{"insertions":134,"deletions":174}}},{"hash":"369d79babd8684fabd0ed616d1fb8c2d32a18658","isMergeCommit":false,"messageTitle":"Fix minor typo","messageBody":"","fileTypesAndContributionMap":{"docs":{"insertions":1,"deletions":1}}}]},{"date":"2025-03-27","commitResults":[{"hash":"d54cfbe1f79a774807a17015e8f337b86b3babf7","isMergeCommit":false,"messageTitle":"Adapt Tag content for WhoDat","messageBody":"","fileTypesAndContributionMap":{"functional-code":{"insertions":6,"deletions":6},"test-code":{"insertions":3,"deletions":3}}},{"hash":"8da61e3c02428c927d1e8aec30fcb6b836c8c821","isMergeCommit":true,"messageTitle":"Merge pull request #73 from HAITAO2003/edit-command","messageBody":"Update ClassId regex format","fileTypesAndContributionMap":{}},{"hash":"5a571e25dffda50c3103750d140a344879d82caf","isMergeCommit":false,"messageTitle":"Rename files with AB3","messageBody":"","fileTypesAndContributionMap":{"functional-code":{"insertions":110,"deletions":113},"other":{"insertions":19,"deletions":19},"docs":{"insertions":1,"deletions":1},"test-code":{"insertions":85,"deletions":85}}},{"hash":"2dfba5cb125a6b46038dd5a11ed903359eea8cf6","isMergeCommit":false,"messageTitle":"Fix checkstyle issue","messageBody":"","fileTypesAndContributionMap":{"functional-code":{"insertions":1,"deletions":0}}}]},{"date":"2025-03-28","commitResults":[{"hash":"37d25502edffdcd72dda52bf5424db2922ae218c","isMergeCommit":true,"messageTitle":"Merge changes from repo and resolve conflicts","messageBody":"","fileTypesAndContributionMap":{}},{"hash":"617380f4ae13c31403c00e26d278149f00725271","isMergeCommit":true,"messageTitle":"Resolve conflicts from updated code","messageBody":"","fileTypesAndContributionMap":{}},{"hash":"e9c4cdef1877b2c8f06e7ab3148511d9e714a53d","isMergeCommit":false,"messageTitle":"Remove traces of AB3 from class names and method names","messageBody":"","fileTypesAndContributionMap":{"functional-code":{"insertions":129,"deletions":130},"other":{"insertions":10,"deletions":10},"docs":{"insertions":77,"deletions":77},"test-code":{"insertions":155,"deletions":154}}},{"hash":"60aa507793414f7a020f58c965de66e8d25b1f12","isMergeCommit":true,"messageTitle":"Resolve conflicts with remote repo","messageBody":"","fileTypesAndContributionMap":{}}]},{"date":"2025-03-30","commitResults":[{"hash":"2ca10f2ef2188d388d357bbc463c02562c8314df","isMergeCommit":false,"messageTitle":"Fix checkstyle issues","messageBody":"","fileTypesAndContributionMap":{"functional-code":{"insertions":13,"deletions":3}}},{"hash":"c9f5548304b819985af92beab793a41edb96b905","isMergeCommit":false,"messageTitle":"Fix further checkstyle issues","messageBody":"","fileTypesAndContributionMap":{"functional-code":{"insertions":5,"deletions":3},"docs":{"insertions":1,"deletions":1}}},{"hash":"b1035fcf7abb0fe0816ba95d62198ec0fbac8041","isMergeCommit":false,"messageTitle":"Fix further checkstyle issues","messageBody":"","fileTypesAndContributionMap":{"functional-code":{"insertions":5,"deletions":9}}},{"hash":"5319b8892990846f00234c177b35690bc56cb5b6","isMergeCommit":false,"messageTitle":"Fix further checkstyle issues","messageBody":"","fileTypesAndContributionMap":{"functional-code":{"insertions":2,"deletions":1},"test-code":{"insertions":8,"deletions":8}}},{"hash":"6245720c2200063a964631ead8c8677f119e7834","isMergeCommit":true,"messageTitle":"Merge pull request #79 from TasmiaH0508/branch-modify-user-guide","messageBody":"Update UserGuide for mass-delete command","fileTypesAndContributionMap":{}}]},{"date":"2025-03-31","commitResults":[{"hash":"65b3b2151bccc1d2eb46908f91c739e9a2762de9","isMergeCommit":true,"messageTitle":"Merge pull request #85 from laishuya/branch-w11-polish-changes","messageBody":"Edit UML diagrams and User Guide","fileTypesAndContributionMap":{}}]}],"TasmiaH0508":[{"date":"2025-03-10","commitResults":[{"hash":"8d4ea836fdf48dc4ca8842a0b5b8106f69f7bde4","isMergeCommit":false,"messageTitle":"Update AboutUs","messageBody":"","fileTypesAndContributionMap":{"docs":{"insertions":4,"deletions":3}}},{"hash":"574aba7d58830aa56bc1d0350820cdf12e2cf628","isMergeCommit":true,"messageTitle":"Merge pull request #23 from TasmiaH0508/branch-Edit-About-Us","messageBody":"Update Tasmia\u0027s AboutUs","fileTypesAndContributionMap":{}}]},{"date":"2025-03-15","commitResults":[{"hash":"96e32a62607e5ac4bdf5182e76d3bbe06e0d4673","isMergeCommit":false,"messageTitle":"Rename Phone class to StudentId class","messageBody":"","fileTypesAndContributionMap":{"functional-code":{"insertions":46,"deletions":45},"other":{"insertions":10,"deletions":10},"docs":{"insertions":1,"deletions":1},"test-code":{"insertions":90,"deletions":86}}}]},{"date":"2025-03-18","commitResults":[{"hash":"b004c15e7164f0ffe2b95a57672a5266cc53d02b","isMergeCommit":true,"messageTitle":"Merge pull request #39 from AY2425S2-CS2103T-T14-3/revert-32-edit_delete_feature","messageBody":"Revert \"Update delete feature\"","fileTypesAndContributionMap":{}},{"hash":"ee6c07ea2b9e6a892bbb1651ae970d5ac1505ed0","isMergeCommit":true,"messageTitle":"Merge pull request #41 from laishuya/branch-iteration-one","messageBody":"Refactor Email, Address classes into EmailId, ClassId","fileTypesAndContributionMap":{}}]},{"date":"2025-03-19","commitResults":[{"hash":"e19a20dd35469e7dbd21a2cf74baa980c889c539","isMergeCommit":false,"messageTitle":"Change format of add command","messageBody":"","fileTypesAndContributionMap":{"functional-code":{"insertions":26,"deletions":24},"test-code":{"insertions":19,"deletions":18}}},{"hash":"4573746b8024e43567a132867b399e8a831b4bba","isMergeCommit":false,"messageTitle":"Fix test cases","messageBody":"","fileTypesAndContributionMap":{"functional-code":{"insertions":16,"deletions":13},"test-code":{"insertions":78,"deletions":74}}},{"hash":"99bb1d3bd8d3e8463112473413885f0385bf0e44","isMergeCommit":false,"messageTitle":"Complete student id input for add command","messageBody":"","fileTypesAndContributionMap":{"functional-code":{"insertions":2,"deletions":4},"test-code":{"insertions":2,"deletions":2}}},{"hash":"bb1b083de54064bc1e3b87054d89082b4f23720e","isMergeCommit":true,"messageTitle":"Merge pull request #47 from xinnnyeee/branch-add-command-name","messageBody":"Modify Name class to the new add command","fileTypesAndContributionMap":{}}]},{"date":"2025-03-26","commitResults":[{"hash":"043cb200bc16bb680bd6e2d727cf928cc41f967e","isMergeCommit":false,"messageTitle":"Modify add command to accept duplicates in specific cases","messageBody":"","fileTypesAndContributionMap":{"functional-code":{"insertions":14,"deletions":5}}},{"hash":"d0194f13f820a44bafd8e4a43432251d22025855","isMergeCommit":false,"messageTitle":"Fix test cases","messageBody":"","fileTypesAndContributionMap":{"functional-code":{"insertions":13,"deletions":2},"test-code":{"insertions":87,"deletions":87}}},{"hash":"96072881357f0a20ad5721a541bfc2e15c8acb20","isMergeCommit":false,"messageTitle":"Fix bug and test case","messageBody":"","fileTypesAndContributionMap":{"functional-code":{"insertions":17,"deletions":26},"test-code":{"insertions":74,"deletions":27}}},{"hash":"5ab03cdd7e9a7d4b09e0319b6a47832a0fa2b3e2","isMergeCommit":true,"messageTitle":"Merge pull request #59 from laishuya/branch-w10-logger","messageBody":"Log exceptions in LogicManager","fileTypesAndContributionMap":{}},{"hash":"c09923634397cbb7b29ea2cd51e94774569ade9f","isMergeCommit":true,"messageTitle":"Merge pull request #60 from laishuya/branch-w10-emailid","messageBody":"Append email suffix to email id","fileTypesAndContributionMap":{}},{"hash":"5568adb84079b9b53809b47ac83d060afdc0f72d","isMergeCommit":false,"messageTitle":"Rename some functions","messageBody":"","fileTypesAndContributionMap":{"functional-code":{"insertions":6,"deletions":21},"test-code":{"insertions":9,"deletions":9}}}]},{"date":"2025-03-27","commitResults":[{"hash":"5524b74599bdf16cac9137cbdf55af7fde53299f","isMergeCommit":false,"messageTitle":"Complete MultipleDeleteCommand partially","messageBody":"","fileTypesAndContributionMap":{"functional-code":{"insertions":94,"deletions":1}}}]},{"date":"2025-03-28","commitResults":[{"hash":"54841927b93bfea5b706d4c19a245c1701779419","isMergeCommit":false,"messageTitle":"Update UserGuide for mass-delete command","messageBody":"","fileTypesAndContributionMap":{"docs":{"insertions":21,"deletions":0}}}]}],"HAITAO2003":[{"date":"2025-03-20","commitResults":[{"hash":"5b035bef203ab7b8fdfbecc3e279c8353cdfae00","isMergeCommit":false,"messageTitle":"Add ClassID","messageBody":"","fileTypesAndContributionMap":{"functional-code":{"insertions":30,"deletions":29},"test-code":{"insertions":29,"deletions":29}}},{"hash":"5bd8a97f517bf9f28e165112300af181207aa71b","isMergeCommit":false,"messageTitle":"Update sample generation.","messageBody":"","fileTypesAndContributionMap":{"functional-code":{"insertions":18,"deletions":18}}},{"hash":"9ce52e3d5b9a05860a18709cb7db82b8559fe185","isMergeCommit":true,"messageTitle":"Merge pull request #51 from HAITAO2003/classID","messageBody":"1.Edit ClassID field for add command and parser.\n2.Fix bugs in sample student generation code.","fileTypesAndContributionMap":{}}]},{"date":"2025-03-27","commitResults":[{"hash":"48d273829c336f577034ba61b04259feb388e8d1","isMergeCommit":false,"messageTitle":"Update edit command","messageBody":"","fileTypesAndContributionMap":{"functional-code":{"insertions":48,"deletions":32},"test-code":{"insertions":109,"deletions":109}}},{"hash":"60579b76137470fc4555cb109bab6b9fc6d7cd40","isMergeCommit":false,"messageTitle":"Update ClassId regex format","messageBody":"","fileTypesAndContributionMap":{"functional-code":{"insertions":13,"deletions":12},"test-code":{"insertions":45,"deletions":42}}}]}],"laishuya":[{"date":"2025-02-26","commitResults":[{"hash":"7e327cd75ab08d24ed1d727c016dff2d50ddb0de","isMergeCommit":true,"messageTitle":"Merge pull request #1 from AY2425S2-CS2103T-T14-3/switch-docs-to-markbind","messageBody":"Switch docs to markbind","fileTypesAndContributionMap":{}},{"hash":"9a9a0016d37e05873822a2ff76b0b45d477fffd8","isMergeCommit":false,"messageTitle":"Update README.md","messageBody":"","fileTypesAndContributionMap":{"docs":{"insertions":1,"deletions":0}}},{"hash":"882f805e4f7b6216aed25bdc002a42b3926bbef8","isMergeCommit":false,"messageTitle":"Update default.md","messageBody":"","fileTypesAndContributionMap":{"docs":{"insertions":1,"deletions":1}}}]},{"date":"2025-03-06","commitResults":[{"hash":"38b502846364e49c67aceaa414583195c5d3144d","isMergeCommit":false,"messageTitle":"Edit Joshua\u0027s AboutUs details","messageBody":"","fileTypesAndContributionMap":{"docs":{"insertions":6,"deletions":6}}}]},{"date":"2025-03-07","commitResults":[{"hash":"67e8c0c4819155b0a088b36e9eac27133ed362fc","isMergeCommit":true,"messageTitle":"Merge pull request #16 from xinnnyeee/add-xinyi-aboutus","messageBody":"Edit AboutUs.md and add xinyi\u0027s information","fileTypesAndContributionMap":{}},{"hash":"122574638887b909d878fda947770f5f4b203788","isMergeCommit":true,"messageTitle":"Merge branch \u0027master\u0027 of https://github.com/AY2425S2-CS2103T-T14-3/tp into branch-add-photo","messageBody":"","fileTypesAndContributionMap":{}}]},{"date":"2025-03-10","commitResults":[{"hash":"b4d2485c2d8273cb5e56fe952ec218f93eb868ce","isMergeCommit":false,"messageTitle":"Update project website","messageBody":"","fileTypesAndContributionMap":{"docs":{"insertions":5,"deletions":7}}},{"hash":"9536d0b66b883875d6c79859a54244337f464b0a","isMergeCommit":false,"messageTitle":"Add user profile and value proposition","messageBody":"","fileTypesAndContributionMap":{"docs":{"insertions":4,"deletions":3}}}]},{"date":"2025-03-11","commitResults":[{"hash":"d81b866941b1fb0bf743ae85ef7b1f47824c3178","isMergeCommit":false,"messageTitle":"Add user stories","messageBody":"","fileTypesAndContributionMap":{"docs":{"insertions":17,"deletions":10}}},{"hash":"ad1de2894cdd03aa640564a2b12a54b4a796b6bb","isMergeCommit":false,"messageTitle":"Add basic use cases","messageBody":"","fileTypesAndContributionMap":{"docs":{"insertions":45,"deletions":22}}},{"hash":"c113140429af2f60d9afe903f0c1af3f01aac44d","isMergeCommit":false,"messageTitle":"Add NFRs and glossary terms","messageBody":"","fileTypesAndContributionMap":{"docs":{"insertions":10,"deletions":4}}}]},{"date":"2025-03-15","commitResults":[{"hash":"bbd38e515bdf6a767d1493a5965bb9d9e506f80c","isMergeCommit":true,"messageTitle":"Merge pull request #33 from TasmiaH0508/branch-rename","messageBody":"Rename Phone class to StudentId class","fileTypesAndContributionMap":{}}]},{"date":"2025-03-18","commitResults":[{"hash":"0d1c36a8a9e5d4c2a1f83d11832b9ad55c1f52da","isMergeCommit":false,"messageTitle":"Refactor Email, Address classes into EmailId, ClassId","messageBody":"","fileTypesAndContributionMap":{"functional-code":{"insertions":79,"deletions":79},"other":{"insertions":41,"deletions":41},"docs":{"insertions":36,"deletions":36},"test-code":{"insertions":128,"deletions":128}}},{"hash":"26f3101ad6ced9c26d4dc93f27464337f803737d","isMergeCommit":false,"messageTitle":"Revert \"Update delete feature\"","messageBody":"","fileTypesAndContributionMap":{"functional-code":{"insertions":14,"deletions":135}}},{"hash":"4c8adf301e19a0428227b71259e54fb3b21281c6","isMergeCommit":false,"messageTitle":"Update label names for JavaFX","messageBody":"","fileTypesAndContributionMap":{"functional-code":{"insertions":6,"deletions":6}}}]},{"date":"2025-03-19","commitResults":[{"hash":"92ed4122c7d8b98f00c48c5b5f6b3bee02875969","isMergeCommit":true,"messageTitle":"Merge pull request #43 from TasmiaH0508/branch-add-command-student-id","messageBody":"Change the add command format to be able to accept StudentId","fileTypesAndContributionMap":{}},{"hash":"d5243aaeea2e32db483d83b423d056def5e44e47","isMergeCommit":false,"messageTitle":"Edit emailId input for add command","messageBody":"","fileTypesAndContributionMap":{"functional-code":{"insertions":33,"deletions":53},"test-code":{"insertions":117,"deletions":128}}}]},{"date":"2025-03-20","commitResults":[{"hash":"79d9ed5575178590f56312c7ae6fea37a9d899d3","isMergeCommit":true,"messageTitle":"Merge pull request #53 from simenggg/edit_delete_feature_v1.3","messageBody":"Edit delete feature v1.3","fileTypesAndContributionMap":{}}]},{"date":"2025-03-21","commitResults":[{"hash":"ac10488d7fe635708976504a3a602a63479f458b","isMergeCommit":false,"messageTitle":"Fix typos and wrong texts in the GUI interface","messageBody":"","fileTypesAndContributionMap":{"functional-code":{"insertions":7,"deletions":7},"test-code":{"insertions":2,"deletions":2}}}]},{"date":"2025-03-23","commitResults":[{"hash":"60d72e5832642c4e71b2317893742c4fdb5a452d","isMergeCommit":true,"messageTitle":"Merge pull request #56 from xinnnyeee/branch-edit-userguide","messageBody":"Change UserGuide.md to suit new application","fileTypesAndContributionMap":{}}]},{"date":"2025-03-26","commitResults":[{"hash":"ccbaf3fc098090baca2cc63d4e60f9cf8504cbc5","isMergeCommit":false,"messageTitle":"Append email suffix to email id","messageBody":"","fileTypesAndContributionMap":{"functional-code":{"insertions":13,"deletions":2}}},{"hash":"5e0cd1d1cc096c124f7c5a577c4f577fa5b54591","isMergeCommit":false,"messageTitle":"Log exceptions in LogicManager","messageBody":"","fileTypesAndContributionMap":{"functional-code":{"insertions":2,"deletions":0}}},{"hash":"d7987ebe2e49f969ef88cc90c3f37b32e7a34e98","isMergeCommit":false,"messageTitle":"Add filter command","messageBody":"","fileTypesAndContributionMap":{"functional-code":{"insertions":57,"deletions":0}}},{"hash":"6d7ac4d53375a68715a4477aca2103ea6bb6231e","isMergeCommit":false,"messageTitle":"Add a new predicate to check student\u0027s class id","messageBody":"","fileTypesAndContributionMap":{"functional-code":{"insertions":43,"deletions":0}}},{"hash":"801ae2e6c490402c6afafbb23e4a995408455f73","isMergeCommit":false,"messageTitle":"Add FilterCommandParser","messageBody":"","fileTypesAndContributionMap":{"functional-code":{"insertions":36,"deletions":3}}},{"hash":"5c6f1773a812c9dd343c077f336948cf2e4cffd4","isMergeCommit":false,"messageTitle":"Add testing for FilterCommand class","messageBody":"","fileTypesAndContributionMap":{"test-code":{"insertions":91,"deletions":0}}},{"hash":"46d93a4a85f0c76e8598758cc25b74c7e9b31a60","isMergeCommit":false,"messageTitle":"Add testing for FilterCommandParser class","messageBody":"","fileTypesAndContributionMap":{"functional-code":{"insertions":1,"deletions":1},"test-code":{"insertions":36,"deletions":0}}},{"hash":"653880a069d0bf18090c2369a308117d6c265c8a","isMergeCommit":false,"messageTitle":"Add testing for class id predicate class","messageBody":"","fileTypesAndContributionMap":{"test-code":{"insertions":59,"deletions":0}}},{"hash":"f64a3bb16092cd1e324643bf9a8585aba0d39689","isMergeCommit":false,"messageTitle":"Fix bug where EmailId accepts 2 inputs","messageBody":"","fileTypesAndContributionMap":{"functional-code":{"insertions":2,"deletions":10},"test-code":{"insertions":1,"deletions":1}}},{"hash":"8d197e6174bad3750f423532967a191c4b873002","isMergeCommit":true,"messageTitle":"Merge branch \u0027branch-w10-emailid\u0027 into branch-w10-filter","messageBody":"","fileTypesAndContributionMap":{}}]},{"date":"2025-03-27","commitResults":[{"hash":"fffb461afea7c7ff095f16e74cca288943aeb200","isMergeCommit":false,"messageTitle":"Enable assertions","messageBody":"","fileTypesAndContributionMap":{"other":{"insertions":4,"deletions":0}}},{"hash":"4992c3a1e3eae9b0a45631e6c8f3bb354007c826","isMergeCommit":true,"messageTitle":"Merge pull request #61 from TasmiaH0508/branch-handle-duplicates-add-command","messageBody":"Branch handle duplicates add command","fileTypesAndContributionMap":{}},{"hash":"0659670d92798d05a22782963525652b3d6a5804","isMergeCommit":false,"messageTitle":"Fix bug with wrong method name","messageBody":"","fileTypesAndContributionMap":{"test-code":{"insertions":6,"deletions":6}}},{"hash":"71927cd578264404164c8609af9d8f50d674334e","isMergeCommit":true,"messageTitle":"Merge pull request #68 from simenggg/edit_find_feature_v1.4","messageBody":"Edit find feature v1.4","fileTypesAndContributionMap":{}},{"hash":"67dd01c59ee229849e42fb362ee15bc2bf2ac369","isMergeCommit":true,"messageTitle":"Merge pull request #66 from TasmiaH0508/branch-modify-delete","messageBody":"Create new mass_delete command","fileTypesAndContributionMap":{}},{"hash":"9f6db32e1b827f0f60fb19236c2b09fbe2b61f90","isMergeCommit":true,"messageTitle":"Merge pull request #70 from HAITAO2003/edit-command","messageBody":"Update edit command","fileTypesAndContributionMap":{}}]},{"date":"2025-03-28","commitResults":[{"hash":"18947ad7a87fa77087d34c690b04c9886acf1e4c","isMergeCommit":true,"messageTitle":"Merge pull request #76 from xinnnyeee/branch-tag-input","messageBody":"Use tags to indicate students who need help","tags":["v1.4"],"fileTypesAndContributionMap":{}}]},{"date":"2025-03-31","commitResults":[{"hash":"ea095da6a960037c9240d4408b07a1aa1300fbc0","isMergeCommit":true,"messageTitle":"Merge pull request #77 from xinnnyeee/branch-erase-AB3","messageBody":"Replace the class/method names of AB3 to WhoDat","fileTypesAndContributionMap":{}},{"hash":"35f73ad9ec2d60c612e3ff238062471eba17b8fd","isMergeCommit":false,"messageTitle":"Fix checkstyle error","messageBody":"","fileTypesAndContributionMap":{"functional-code":{"insertions":17,"deletions":17}}},{"hash":"17cd07d5698e51d12bee4918a0aa640b416d81e5","isMergeCommit":false,"messageTitle":"Edit uml diagrams","messageBody":"","fileTypesAndContributionMap":{"docs":{"insertions":12,"deletions":12}}},{"hash":"01855e0477c63ddf98a75806ebedabe425d75338","isMergeCommit":false,"messageTitle":"Add command summary to user guide","messageBody":"","fileTypesAndContributionMap":{"docs":{"insertions":18,"deletions":2}}},{"hash":"055b0b4cc1f98c278de79bab4ade0a335dc0723c","isMergeCommit":false,"messageTitle":"Add user overview and edit filter command in user guide","messageBody":"","fileTypesAndContributionMap":{"docs":{"insertions":26,"deletions":12}}},{"hash":"459cfcf8e2b72b6386a06193983da36159dca6cf","isMergeCommit":false,"messageTitle":"Fix minor UI mistakes","messageBody":"","fileTypesAndContributionMap":{"docs":{"insertions":8,"deletions":8}}},{"hash":"67af009ccf5b63df44b6f0bdf0a3a3d5620dff58","isMergeCommit":false,"messageTitle":"Fix more UI errors for user guide","messageBody":"","fileTypesAndContributionMap":{"docs":{"insertions":1,"deletions":1}}},{"hash":"561ba613aed56dfeaed935763dd85aa711a091c2","isMergeCommit":false,"messageTitle":"Fix minor typo for UG","messageBody":"","fileTypesAndContributionMap":{"docs":{"insertions":1,"deletions":1}}},{"hash":"69a2343993c537bfa8abf7580330f7e6653336fd","isMergeCommit":false,"messageTitle":"Fix wrong input name","messageBody":"","fileTypesAndContributionMap":{"docs":{"insertions":1,"deletions":1}}}]}],"simenggg":[{"date":"2025-03-14","commitResults":[{"hash":"b60913d740dcc3729147878a3c3cf6f539c81d59","isMergeCommit":false,"messageTitle":"Update delete feature","messageBody":"Edit DeleteCommand, Person, ParseUtil and JsonAdaptedPerson classes\n\nAdd ID class\n","fileTypesAndContributionMap":{"functional-code":{"insertions":135,"deletions":17}}}]},{"date":"2025-03-19","commitResults":[{"hash":"97f4ed9d5b9076cc607b43bb56b2a3928dae6df8","isMergeCommit":true,"messageTitle":"Merge branch \u0027master\u0027 of https://github.com/simenggg/tp into edit_delete_feature","messageBody":"","fileTypesAndContributionMap":{}},{"hash":"f184d0908237f6f9aceae612f118b56af8d52c67","isMergeCommit":true,"messageTitle":"Merge branch \u0027edit_delete_feature\u0027","messageBody":"","fileTypesAndContributionMap":{}},{"hash":"e8dbe57c891fdec7d005b52588213bc7b559d383","isMergeCommit":true,"messageTitle":"Merge pull request #48 from laishuya/branch-edit-emailid-for-add","messageBody":"Edit emailId input format for add command","fileTypesAndContributionMap":{}},{"hash":"fe7ab6724c4b4e4e923d1556025dd5ec8e4c88ac","isMergeCommit":true,"messageTitle":"Merge branch \u0027master\u0027 of https://github.com/simenggg/tp","messageBody":"","fileTypesAndContributionMap":{}},{"hash":"0a1a197b816a4725d96498f6389ea79bfcda909d","isMergeCommit":false,"messageTitle":"Update DeleteCommand and Message class","messageBody":"","fileTypesAndContributionMap":{"functional-code":{"insertions":18,"deletions":12}}},{"hash":"0c3be4ae885851e2c66e5dd7219a2356423875a1","isMergeCommit":false,"messageTitle":"Update DeleteCommandParser and add parseStudentId method in ParserUtil class","messageBody":"","fileTypesAndContributionMap":{"functional-code":{"insertions":20,"deletions":2}}}]},{"date":"2025-03-20","commitResults":[{"hash":"8397e423617cd057b0bb2a6a2b19b425077ceffc","isMergeCommit":false,"messageTitle":"Update DeleteCommandTest Class and add TypicalStudentIds class for the tests","messageBody":"","fileTypesAndContributionMap":{"test-code":{"insertions":44,"deletions":16}}},{"hash":"4ca48adb452da7b4f7156c5cb1e459d25c136a00","isMergeCommit":false,"messageTitle":"Fix errors in test cases","messageBody":"","fileTypesAndContributionMap":{"functional-code":{"insertions":4,"deletions":3},"test-code":{"insertions":19,"deletions":11}}},{"hash":"32a74cb55909bbcd68d05b3f456d6f0b439a0b9c","isMergeCommit":false,"messageTitle":"Fix checkstyleMain","messageBody":"","fileTypesAndContributionMap":{"functional-code":{"insertions":3,"deletions":5}}},{"hash":"898f342f12570f59a9e903f5d06ffbf54f97b730","isMergeCommit":false,"messageTitle":"Fix more checkstyleMain","messageBody":"","fileTypesAndContributionMap":{"test-code":{"insertions":0,"deletions":7}}}]},{"date":"2025-03-26","commitResults":[{"hash":"fdf038efd1474d8a70ba7862142dcc840f276ee9","isMergeCommit":true,"messageTitle":"Merge branch \u0027master\u0027 of https://github.com/simenggg/tp","messageBody":"","fileTypesAndContributionMap":{}}]},{"date":"2025-03-27","commitResults":[{"hash":"76ca7dfcf96c630a61dde48110a7e560a2e11880","isMergeCommit":false,"messageTitle":"Create StudentIdMatchPredicate and edit FindCommand class to support finding by studentId","messageBody":"","fileTypesAndContributionMap":{"functional-code":{"insertions":85,"deletions":9}}},{"hash":"a96d7f4bea1220fa2d31cdda9e4ef34af46a0a2f","isMergeCommit":false,"messageTitle":"Edit FindCommandParser class","messageBody":"","fileTypesAndContributionMap":{"functional-code":{"insertions":13,"deletions":3}}},{"hash":"61701787eb0a3b1e15a09ba751648da66af15030","isMergeCommit":false,"messageTitle":"Fix test cases","messageBody":"","fileTypesAndContributionMap":{"functional-code":{"insertions":3,"deletions":8},"test-code":{"insertions":1,"deletions":1}}},{"hash":"08026660894baa7d73f6bd48bb5aeceea395fe53","isMergeCommit":false,"messageTitle":"Fix checkstyleMain","messageBody":"","fileTypesAndContributionMap":{"functional-code":{"insertions":7,"deletions":5}}},{"hash":"0280b206533ace18cccc79e5e136fbdafe438c2e","isMergeCommit":false,"messageTitle":"Add test cases to test StudentIdMatchPredicate","messageBody":"","fileTypesAndContributionMap":{"test-code":{"insertions":24,"deletions":0}}},{"hash":"3051de1a005117425aeeb8160c523968616f540c","isMergeCommit":false,"messageTitle":"Fix checkstyle","messageBody":"","fileTypesAndContributionMap":{"test-code":{"insertions":1,"deletions":2}}},{"hash":"e480150c3da5ae843655b8cd91fbb9fdc4cbdfa1","isMergeCommit":true,"messageTitle":"Merge pull request #65 from laishuya/branch-w10-filter","messageBody":"Add filter command","fileTypesAndContributionMap":{}},{"hash":"44b085c58131248cd5beec3f41d467d3e8c75f80","isMergeCommit":true,"messageTitle":"Merge pull request #69 from laishuya/branch-w10-bugfix","messageBody":"Fix bug with wrong method name","fileTypesAndContributionMap":{}}]}]},"authorFileTypeContributionMap":{"xinnnyeee":{"docs":200,"functional-code":269,"test-code":215,"other":1},"TasmiaH0508":{"docs":19,"functional-code":179,"test-code":265},"HAITAO2003":{"docs":0,"functional-code":89,"test-code":172},"laishuya":{"docs":161,"functional-code":261,"test-code":342,"other":4},"simenggg":{"docs":0,"functional-code":107,"test-code":76}},"authorContributionVariance":{"xinnnyeee":20271.816,"TasmiaH0508":7631.6,"HAITAO2003":4702.0913,"laishuya":18565.365,"simenggg":1506.0879},"authorDisplayNameMap":{"xinnnyeee":"CS2103T-T14-3 LIN ..INYI","TasmiaH0508":"CS2103T-T14-3 TASM..AQUE","HAITAO2003":"CS2103T-T14-3 WANG..ITAO","laishuya":"CS2103T-T14-3 JOSH..O YA","simenggg":"CS2103T-T14-3 LI S..MENG"}}
