{"authorDailyContributionsMap":{"kennethsoh":[{"date":"2025-02-26","commitResults":[{"hash":"0488fa4d1e5bc4ce1e574b4af5d2ac42938fbd81","isMergeCommit":false,"messageTitle":"Update AboutUs and add portfolio","messageBody":"","fileTypesAndContributionMap":{"docs":{"insertions":29,"deletions":90}}}]},{"date":"2025-02-28","commitResults":[{"hash":"6a9afbe71bfb907b60bcd02b88798ce46a6afefa","isMergeCommit":true,"messageTitle":"Merge pull request #46 from 0x4F776C/Add-AboutUs","messageBody":"Modify AboutUs\n","fileTypesAndContributionMap":{}},{"hash":"6de9eb6b44ffce22547b7351b511d079614fc586","isMergeCommit":true,"messageTitle":"Merge pull request #47 from CJ-783/update_aboutUs.MD","messageBody":"Update about us.md","fileTypesAndContributionMap":{}},{"hash":"bfa29e2eeba57ff13029feebda88122d230814ea","isMergeCommit":true,"messageTitle":"Merge branch \u0027master\u0027 into about-us","messageBody":"","fileTypesAndContributionMap":{}},{"hash":"9e40e17bdbe4164b95af3c38451631dddf4eff61","isMergeCommit":true,"messageTitle":"Merge pull request #48 from kennethsoh/about-us","messageBody":"Update AboutUs and add portfolio","fileTypesAndContributionMap":{}}]},{"date":"2025-03-02","commitResults":[{"hash":"45b90542500e30986a0c994af8e6ce1e02a063c6","isMergeCommit":false,"messageTitle":"Update navbar \u0026 index","messageBody":"","fileTypesAndContributionMap":{"docs":{"insertions":1,"deletions":1}}},{"hash":"73dcedff3f0da9e95e3a3ad7d3a1f22e09720011","isMergeCommit":false,"messageTitle":"Fix visual issues","messageBody":"","fileTypesAndContributionMap":{"docs":{"insertions":7,"deletions":25}}}]},{"date":"2025-03-03","commitResults":[{"hash":"d81789f42da8363be9e8426661e113a62cdd3286","isMergeCommit":true,"messageTitle":"Merge pull request #63 from kennethsoh/update-navbar","messageBody":"Update top navbar \u0026 index","fileTypesAndContributionMap":{}},{"hash":"daf7af0189fbcf28e455eeb07f46e42ecc451686","isMergeCommit":true,"messageTitle":"Merge pull request #64 from kennethsoh/fix-about-us","messageBody":"Fix about us","fileTypesAndContributionMap":{}},{"hash":"7a78a25cc57688b0970e6c58aff5ab018771b457","isMergeCommit":true,"messageTitle":"Merge remote-tracking branch \u0027upstream/master\u0027","messageBody":"","fileTypesAndContributionMap":{}},{"hash":"415a2c693ce9de0304d905666fdb9a7db508a9fe","isMergeCommit":false,"messageTitle":"Add UC02 and UC06","messageBody":"","fileTypesAndContributionMap":{"docs":{"insertions":45,"deletions":12}}},{"hash":"031aee54a3b3fc85821b83f1ebb9399a91463af7","isMergeCommit":false,"messageTitle":"Improve clarity","messageBody":"","fileTypesAndContributionMap":{"docs":{"insertions":8,"deletions":11}}}]},{"date":"2025-03-04","commitResults":[{"hash":"1826fecb3c5418cd5bf106a5d8b74f91db494ca3","isMergeCommit":true,"messageTitle":"Merge pull request #70 from 0x4F776C/Add-Glossary","messageBody":"Add common terms to glossary list","fileTypesAndContributionMap":{}},{"hash":"450c79a62bb45db4abce351d3d10b994838c2478","isMergeCommit":false,"messageTitle":"Improve clarity and resolve typos","messageBody":"","fileTypesAndContributionMap":{"docs":{"insertions":19,"deletions":19}}},{"hash":"cf87af82ec04e85b9a951ffba8fc9921c5c192a0","isMergeCommit":false,"messageTitle":"Update target user and user stories","messageBody":"","fileTypesAndContributionMap":{"docs":{"insertions":9,"deletions":7}}},{"hash":"f40aa6d49a4634d4c12b8719463943b9cfacd8f6","isMergeCommit":true,"messageTitle":"Merge branch \u0027master\u0027 into Add-UseCase","messageBody":"","fileTypesAndContributionMap":{}}]}],"0x4F776C":[{"date":"2025-02-21","commitResults":[{"hash":"7e00610be2ac74159a79bbd99978736c53dc1783","isMergeCommit":false,"messageTitle":"Add comprehensive CI config","messageBody":"","fileTypesAndContributionMap":{"other":{"insertions":33,"deletions":31}}}]},{"date":"2025-02-26","commitResults":[{"hash":"49dd63a8252669fbb5df9916139b1aaff0d157df","isMergeCommit":false,"messageTitle":"Modify AboutUs","messageBody":"","fileTypesAndContributionMap":{"docs":{"insertions":9,"deletions":7}}}]},{"date":"2025-02-28","commitResults":[{"hash":"00330a5c97c360347c7d53bfa554133a6b8e2a8a","isMergeCommit":true,"messageTitle":"Merge pull request #52 from FadhilPM/Update-AboutUs","messageBody":"Update AboutUs.md","fileTypesAndContributionMap":{}},{"hash":"8a3abc43c267c0db783e7ae4ad059ca8dbcdf036","isMergeCommit":true,"messageTitle":"Merge branch \u0027master\u0027 into branch-update-aboutus","messageBody":"","fileTypesAndContributionMap":{}},{"hash":"d1ac169620a0d2c7201834afe1c3d8a5219a0858","isMergeCommit":true,"messageTitle":"Merge pull request #56 from broccoli-hater/branch-update-aboutus","messageBody":"Update AboutUs.md","fileTypesAndContributionMap":{}}]},{"date":"2025-03-02","commitResults":[{"hash":"c07a9fd253794c2a47aeec47f914692d74797fd1","isMergeCommit":false,"messageTitle":"Add 4 use cases","messageBody":"","fileTypesAndContributionMap":{"docs":{"insertions":95,"deletions":10}}}]},{"date":"2025-03-03","commitResults":[{"hash":"a3e139961ec51a7dc8d3345580f26cb24e7ead44","isMergeCommit":false,"messageTitle":"Add common terms to glossary list","messageBody":"","fileTypesAndContributionMap":{"docs":{"insertions":16,"deletions":0}}},{"hash":"88ecbd5324589d3b72c6e27c230bab39697632ad","isMergeCommit":false,"messageTitle":"Remove \u0027Address Book\u0027 from DG","messageBody":"","fileTypesAndContributionMap":{"docs":{"insertions":0,"deletions":1}}},{"hash":"386afd0c664d32ac15b8f2c67034d4aedca5f675","isMergeCommit":false,"messageTitle":"Amend use cases to match feature specs","messageBody":"","fileTypesAndContributionMap":{"docs":{"insertions":2,"deletions":21}}}]},{"date":"2025-03-04","commitResults":[{"hash":"103dea1a5f12058bf9cb399cfef55bd1bc274ee2","isMergeCommit":true,"messageTitle":"Merge pull request #73 from CJ-783/update_developerGuide.MD","messageBody":"","fileTypesAndContributionMap":{}},{"hash":"c494b24fd4d6f3efc55c6427c24bc8d1545743bb","isMergeCommit":false,"messageTitle":"Add more extensions to UC04","messageBody":"","fileTypesAndContributionMap":{"docs":{"insertions":21,"deletions":6}}}]}],"broccoli-hater":[{"date":"2025-02-28","commitResults":[{"hash":"b0cb2099300154b6a6ca695e102cc1ee5a6cce6f","isMergeCommit":false,"messageTitle":"Update AboutUs.md","messageBody":"","fileTypesAndContributionMap":{"docs":{"insertions":4,"deletions":45}}},{"hash":"3d52b87568cb952381b523c8286ca69d9c7e4324","isMergeCommit":false,"messageTitle":"Update team.md","messageBody":"","fileTypesAndContributionMap":{"docs":{"insertions":1,"deletions":1}}}]}],"CJ-783":[{"date":"2025-02-21","commitResults":[{"hash":"74c1c430c731d143c2a5ae9296639d2416caa4f7","isMergeCommit":true,"messageTitle":"Merge pull request #36 from 0x4F776C/master","messageBody":"Add comprehensive CI config","fileTypesAndContributionMap":{}}]},{"date":"2025-02-26","commitResults":[{"hash":"c2a7e16035afd677dd19783e1ae21da09fbed775","isMergeCommit":false,"messageTitle":"Update AboutUS.MD","messageBody":"","fileTypesAndContributionMap":{"docs":{"insertions":5,"deletions":4}}},{"hash":"419508ae5c48f56b22ace4f07c60ea6af688782f","isMergeCommit":false,"messageTitle":"Update Title for AboutUs.MD","messageBody":"","fileTypesAndContributionMap":{"docs":{"insertions":1,"deletions":1}}}]},{"date":"2025-02-28","commitResults":[{"hash":"3f35b1f830ab78362b1fede9948c0a30295dceb5","isMergeCommit":false,"messageTitle":"Update AboutUs.md","messageBody":"","fileTypesAndContributionMap":{"docs":{"insertions":26,"deletions":1}}}]},{"date":"2025-03-01","commitResults":[{"hash":"937858572b4040414f727a6e5b39d58332eb4447","isMergeCommit":true,"messageTitle":"Merge branch \u0027update_aboutUs.MD\u0027","messageBody":"","fileTypesAndContributionMap":{}},{"hash":"7f53135952abe67271abc70ecf7188af1efb945f","isMergeCommit":true,"messageTitle":"Merge branch \u0027master\u0027 of https://github.com/CJ-783/tp","messageBody":"","fileTypesAndContributionMap":{}}]},{"date":"2025-03-03","commitResults":[{"hash":"818bfa5fb4f5fe2fa56e025c2628bd5cd1cc776d","isMergeCommit":false,"messageTitle":"Update DeveloperGuide.MD to include non-functional requirements","messageBody":"","fileTypesAndContributionMap":{"docs":{"insertions":5,"deletions":2}}},{"hash":"e4aeecb6ad6d537e436f5f4824ca2be65c734ebf","isMergeCommit":true,"messageTitle":"Merge branch \u0027master\u0027 of https://github.com/AY2425S2-CS2103-F10-1/tp into update_developerGuide.MD","messageBody":"","fileTypesAndContributionMap":{}}]},{"date":"2025-03-04","commitResults":[{"hash":"78db0b7a25f1cd82634fcc28d9f3bd00ea8fa2f8","isMergeCommit":true,"messageTitle":"Merge pull request #72 from kennethsoh/use-cases","messageBody":"Add UC02 and UC06","fileTypesAndContributionMap":{}},{"hash":"b1417838d5d9d91da3bd603741ee33ff099c5238","isMergeCommit":true,"messageTitle":"Merge pull request #79 from kennethsoh/dev-guide","messageBody":"Target User, Value Proposition and MVP User Stories","fileTypesAndContributionMap":{}},{"hash":"b3cf7e492cd9f1915273f4e1918af085f5d0d104","isMergeCommit":true,"messageTitle":"Merge pull request #71 from 0x4F776C/Add-UseCase","messageBody":"Add UC01, UC03, UC04, UC05","fileTypesAndContributionMap":{}}]}],"FadhilPM":[{"date":"2025-02-27","commitResults":[{"hash":"edc3e2512bd9f1ec014ebb29bd2f05fdc839c85f","isMergeCommit":false,"messageTitle":"Update AboutUs.md","messageBody":"","fileTypesAndContributionMap":{"docs":{"insertions":13,"deletions":3}}}]}]},"authorFileTypeContributionMap":{"kennethsoh":{"docs":85,"functional-code":0,"test-code":0},"0x4F776C":{"docs":102,"functional-code":0,"test-code":0,"other":33},"broccoli-hater":{"docs":1,"functional-code":0,"test-code":0},"CJ-783":{"docs":37,"functional-code":0,"test-code":0},"FadhilPM":{"docs":10,"functional-code":0,"test-code":0}},"authorContributionVariance":{"kennethsoh":1444.5763,"0x4F776C":1034.5,"broccoli-hater":198.6875,"CJ-783":60.854168,"FadhilPM":19.555553},"authorDisplayNameMap":{"kennethsoh":"CS2103-F10-1 SOH ..NETH","0x4F776C":"CS2103-F10-1 LEE .. HAO","broccoli-hater":"CS2103-F10-1 INGY.. SAN","CJ-783":"CS2103-F10-1 KWA ..JING","FadhilPM":"CS2103-F10-1 FADH..AMED"}}
