{"authorDailyContributionsMap":{"nathtiekk":[{"date":"2025-03-10","commitResults":[{"hash":"f99d5b3c53ebf275990692cd6ef88a08d2445763","isMergeCommit":false,"messageTitle":"Update AboutUs.md","messageBody":"","fileTypesAndContributionMap":{"docs":{"insertions":4,"deletions":5}}},{"hash":"8364e49291b7ad5fdcce13a8a5c6f2863e898dc3","isMergeCommit":true,"messageTitle":"Merge pull request #38 from nathtiekk/about-us","messageBody":"Update AboutUs.md","fileTypesAndContributionMap":{}}]}],"yuyang011":[{"date":"2025-03-07","commitResults":[{"hash":"8fc35a3e23d1683c2919771b08ba4633a0f5d911","isMergeCommit":false,"messageTitle":"Update AboutUs.md","messageBody":"","fileTypesAndContributionMap":{"docs":{"insertions":5,"deletions":4}}},{"hash":"f497251206ca3452d298fc7a8cd0631a468120e7","isMergeCommit":true,"messageTitle":"Merge pull request #19 from yuyang011/branch-update-about-us","messageBody":"Update About Us Page","fileTypesAndContributionMap":{}},{"hash":"96ab971d7d85f494adab2b7009a2e5b58fc10b98","isMergeCommit":true,"messageTitle":"Merge pull request #24 from yuyang011/branch-photo","messageBody":"Update Yu Yang\u0027s Photo","fileTypesAndContributionMap":{}},{"hash":"f54213214551ef3b62c8b3161c3b41c85a5ff285","isMergeCommit":false,"messageTitle":"Update AboutUs.md","messageBody":"","fileTypesAndContributionMap":{"docs":{"insertions":2,"deletions":2}}}]},{"date":"2025-03-08","commitResults":[{"hash":"dca0ddd038b6dc69421ee723b75bf736c02ac21f","isMergeCommit":false,"messageTitle":"Update README.md","messageBody":"","fileTypesAndContributionMap":{"docs":{"insertions":52,"deletions":11}}}]},{"date":"2025-03-13","commitResults":[{"hash":"bf01826a924a46e61ab60a6565eb85126c762f16","isMergeCommit":true,"messageTitle":"Merge pull request #68 from Jovin-Ang/add-find-phone","messageBody":"Refactor find command to support multiple field search","fileTypesAndContributionMap":{}},{"hash":"7a1524e877f0e4165a8acd49b5c2a46ac1db6fb0","isMergeCommit":false,"messageTitle":"Add policy number field in find command","messageBody":"","fileTypesAndContributionMap":{"functional-code":{"insertions":96,"deletions":6}}},{"hash":"6f3a28e118e52aa1d375ed2e6042e43c3d487695","isMergeCommit":false,"messageTitle":"Update test cases","messageBody":"","fileTypesAndContributionMap":{"functional-code":{"insertions":1,"deletions":1},"test-code":{"insertions":145,"deletions":3}}},{"hash":"ecd0cac72d124fb6db305d3a3c38aff9699a5186","isMergeCommit":false,"messageTitle":"Update test cases","messageBody":"","fileTypesAndContributionMap":{"test-code":{"insertions":4,"deletions":2}}},{"hash":"52f2ede36b74b46fc7eb05f14892e974517079ab","isMergeCommit":false,"messageTitle":"Update typos in code","messageBody":"","fileTypesAndContributionMap":{"functional-code":{"insertions":1,"deletions":1},"test-code":{"insertions":1,"deletions":1}}},{"hash":"ca8baebfc6179464b46ae9ade02edbddac617a73","isMergeCommit":false,"messageTitle":"Update typos in code","messageBody":"","fileTypesAndContributionMap":{"test-code":{"insertions":2,"deletions":2}}},{"hash":"0d2447ccee03df9e02fc4116622887f2da09d156","isMergeCommit":true,"messageTitle":"Merge pull request #73 from yuyang011/branch-find-policy-number","messageBody":"Expand find command to include policy number search","fileTypesAndContributionMap":{}}]},{"date":"2025-03-19","commitResults":[{"hash":"aa3e9e581160c54baa5f2a3f5b0c43c5e79ef68c","isMergeCommit":false,"messageTitle":"Update find email into find command","messageBody":"","fileTypesAndContributionMap":{"functional-code":{"insertions":97,"deletions":3},"docs":{"insertions":5,"deletions":3},"test-code":{"insertions":179,"deletions":8}}},{"hash":"d59b2bf81976df9c16cbaee3d54567327eaccaaa","isMergeCommit":true,"messageTitle":"Merge branch \u0027master\u0027 into branch-find-email","messageBody":"# Conflicts:\n#\tdocs/UserGuide.md\n","fileTypesAndContributionMap":{}},{"hash":"13eff361a65b5f3ffa2ed4c4360156e53658bb01","isMergeCommit":true,"messageTitle":"Merge branch \u0027master\u0027 into branch-find-email","messageBody":"","fileTypesAndContributionMap":{}}]},{"date":"2025-03-20","commitResults":[{"hash":"089497ce430e4055d8dc15d917d2715315ef5335","isMergeCommit":true,"messageTitle":"Merge pull request #92 from yuyang011/branch-find-email","messageBody":"Expand find command to include email search","fileTypesAndContributionMap":{}}]}],"Jovin-Ang":[{"date":"2025-02-26","commitResults":[{"hash":"9f87728c2f1601f8640d31ec56f390bd1213ae78","isMergeCommit":false,"messageTitle":"chore: modernize Gradle build configuration","messageBody":"Update the Gradle build system to use modern plugins and dependencies.\nThis includes upgrading the Gradle wrapper to 8.13 and replacing the\ndeprecated shadow plugin with com.gradleup.shadow:9.0.0-beta9. The\nJavaFX plugin has been added with org.openjfx.javafxplugin:0.1.0 to\nsupport modern JavaFX integration, along with a JavaFX runtime upgrade\nto 21.0.6. Testing dependencies are also updated with JUnit Jupiter\n5.11.4.\n","fileTypesAndContributionMap":{"other":{"insertions":23,"deletions":19}}},{"hash":"eea9df504a51d7f03c8477a5c6c16bf5bdfb49ad","isMergeCommit":false,"messageTitle":"chore: ensure test task runs before coverage report generation","messageBody":"","fileTypesAndContributionMap":{"other":{"insertions":2,"deletions":0}}}]},{"date":"2025-03-06","commitResults":[{"hash":"f204209058d0e2ea0448410901cc38c135ecf001","isMergeCommit":false,"messageTitle":"feat(docs): update AboutUs.md with Jovin\u0027s profile details","messageBody":"","fileTypesAndContributionMap":{"docs":{"insertions":3,"deletions":4}}},{"hash":"2d12c79814ed1cf1ee451ff3c165c748cf5a9470","isMergeCommit":true,"messageTitle":"Merge pull request #17 from Jovin-Ang/update-about-us","messageBody":"Update AboutUs.md with Jovin\u0027s profile details","fileTypesAndContributionMap":{}}]},{"date":"2025-03-07","commitResults":[{"hash":"865290fc45c1661989c3dbf01bb8627f3ffc0f69","isMergeCommit":false,"messageTitle":"Revert \"Branch update about us\"","messageBody":"","fileTypesAndContributionMap":{"docs":{"insertions":7,"deletions":7}}}]},{"date":"2025-03-09","commitResults":[{"hash":"49a7d10eba57451409f6daba836ca8a5fe8deb65","isMergeCommit":true,"messageTitle":"Merge pull request #3 from Jovin-Ang/update-gradle-dependencies","messageBody":"Update Gradle and project dependencies","fileTypesAndContributionMap":{}},{"hash":"0578ed7b03d7f433504a17076c85d739bca597bf","isMergeCommit":false,"messageTitle":"Add policy number field to person model and commands","messageBody":"","fileTypesAndContributionMap":{"functional-code":{"insertions":156,"deletions":18}}},{"hash":"40416df961bc71cc28ca60cb7cecf3ecc48ba97a","isMergeCommit":false,"messageTitle":"Rename policyNumber field to policy","messageBody":"","fileTypesAndContributionMap":{"functional-code":{"insertions":71,"deletions":71},"other":{"insertions":16,"deletions":16}}},{"hash":"ed354a12675e428fd8307e08b5006f77c55c46eb","isMergeCommit":false,"messageTitle":"Add policy field tests","messageBody":"","fileTypesAndContributionMap":{"functional-code":{"insertions":1,"deletions":1},"test-code":{"insertions":269,"deletions":62}}},{"hash":"bb03fc4f20b6c8d06bfb783a467c678f4db39193","isMergeCommit":false,"messageTitle":"Update UserGuide to include policy number in add and edit commands","messageBody":"","fileTypesAndContributionMap":{"docs":{"insertions":6,"deletions":6}}},{"hash":"347150c35f69504c7046dd806e5b1f02d2f0cdcf","isMergeCommit":true,"messageTitle":"Merge pull request #35 from Jovin-Ang/add-profile-photo","messageBody":"Update profile picture","fileTypesAndContributionMap":{}}]},{"date":"2025-03-12","commitResults":[{"hash":"26b969c2b3bb75c93e5534d8215f09fd30ae2a90","isMergeCommit":false,"messageTitle":"Update policy validation to allow minimum 1 digit instead of 3","messageBody":"","fileTypesAndContributionMap":{"functional-code":{"insertions":2,"deletions":2},"test-code":{"insertions":1,"deletions":2}}},{"hash":"dea54fcfebcb1231830c7a00188eda1358acdba8","isMergeCommit":false,"messageTitle":"Enhance find command to support searching by phone numbers","messageBody":"* Create new predicate class for phone numbers\n* Refactor predicate classes to use Set instead of List to remove duplicates\n* Added methods to parse multiple names and phones into a Set in ParserUtil\n* Refactor FindCommandParser to use ArgumentMultiMap to support multiple prefixes for find command\n","fileTypesAndContributionMap":{"functional-code":{"insertions":195,"deletions":19}}},{"hash":"5f806a8dadd1d9e1c0c537f896c7c92936bed6da","isMergeCommit":true,"messageTitle":"Merge pull request #33 from Jovin-Ang/add-policy-number-field","messageBody":"Add policy number field","fileTypesAndContributionMap":{}},{"hash":"a8458fde1a63a25c44c8606e43c75dcadbea0244","isMergeCommit":false,"messageTitle":"Refactor find command unit tests","messageBody":"* Add unit tests for PhoneContainsNumbersPredicate\n* Add unit tests for parseNames and parsePhones method in ParserUtil\n* Add FindPersonsPredicateBuilder utility class\n* Change usages of NameContainsKeywordsPredicate to use FindPersonsPredicateBuilder\n* Add getFindPersonDetails utility method in PersonUtil\n* Add containsPartialWordIgnoreCase method to StringUtil to enable support for partial matching\n* Change name and phone predicate classes to use containsPartialWordIgnoreCase instead of containsWordIgnoreCase\n","fileTypesAndContributionMap":{"functional-code":{"insertions":52,"deletions":2},"test-code":{"insertions":504,"deletions":87}}},{"hash":"153984e684ac1400c46cfdc8b6c5dcdabfc2a197","isMergeCommit":false,"messageTitle":"Add unit tests for FindPersonsPredicate","messageBody":"","fileTypesAndContributionMap":{"test-code":{"insertions":184,"deletions":0}}},{"hash":"9ca0d5b92fa2c1649e2efbb2813fad4a4de3931b","isMergeCommit":false,"messageTitle":"Update UserGuide to reflect changes in find command syntax and examples","messageBody":"","fileTypesAndContributionMap":{"docs":{"insertions":13,"deletions":10}}}]},{"date":"2025-03-13","commitResults":[{"hash":"5884deeb656332a103caad081fbb8293ff7d07c3","isMergeCommit":false,"messageTitle":"Enhance find command to support searching by phone numbers","messageBody":"* Create new predicate class for phone numbers\n* Refactor predicate classes to use Set instead of List to remove duplicates\n* Added methods to parse multiple names and phones into a Set in ParserUtil\n* Refactor FindCommandParser to use ArgumentMultiMap to support multiple prefixes for find command\n","fileTypesAndContributionMap":{"functional-code":{"insertions":195,"deletions":19}}},{"hash":"e53980f9c49725e2bc410e7e67c3a710dfb07276","isMergeCommit":false,"messageTitle":"Refactor find command unit tests","messageBody":"* Add unit tests for PhoneContainsNumbersPredicate\n* Add unit tests for parseNames and parsePhones method in ParserUtil\n* Add FindPersonsPredicateBuilder utility class\n* Change usages of NameContainsKeywordsPredicate to use FindPersonsPredicateBuilder\n* Add getFindPersonDetails utility method in PersonUtil\n* Add containsPartialWordIgnoreCase method to StringUtil to enable support for partial matching\n* Change name and phone predicate classes to use containsPartialWordIgnoreCase instead of containsWordIgnoreCase\n","fileTypesAndContributionMap":{"functional-code":{"insertions":52,"deletions":2},"test-code":{"insertions":508,"deletions":84}}},{"hash":"9b36a19f18f69d0d5bd1e362e27ce8baaf8a6cab","isMergeCommit":false,"messageTitle":"Add unit tests for FindPersonsPredicate","messageBody":"","fileTypesAndContributionMap":{"test-code":{"insertions":184,"deletions":0}}},{"hash":"cc4a852b32d38cc4a07def94b56a619939f4c80a","isMergeCommit":false,"messageTitle":"Update UserGuide to reflect changes in find command syntax and examples","messageBody":"","fileTypesAndContributionMap":{"docs":{"insertions":16,"deletions":7}}}]},{"date":"2025-03-19","commitResults":[{"hash":"44ec02812285801f124f8444225fd7b58f101001","isMergeCommit":false,"messageTitle":"Update FindCommand to support address search","messageBody":"","fileTypesAndContributionMap":{"functional-code":{"insertions":96,"deletions":4},"docs":{"insertions":3,"deletions":3},"test-code":{"insertions":199,"deletions":13}}},{"hash":"aa90d7c73ddb9992e0e32cf323b43e0181039239","isMergeCommit":true,"messageTitle":"Merge pull request #87 from Jovin-Ang/add-find-address","messageBody":"Add support for address searching in find command","fileTypesAndContributionMap":{}},{"hash":"ecff0a130767bef0b298ebae7e2b0efd09d683a3","isMergeCommit":false,"messageTitle":"Update codecov configuration to adjust coverage targets and ignore patterns","messageBody":"","fileTypesAndContributionMap":{"other":{"insertions":6,"deletions":4}}},{"hash":"17ab19d490229581ba58203be119fe4ca096c463","isMergeCommit":false,"messageTitle":"Update codecov configuration to increase coverage threshold to 10%","messageBody":"","fileTypesAndContributionMap":{"other":{"insertions":1,"deletions":1}}},{"hash":"8b790cb64d8d5ebdf7211405d53733971a81c145","isMergeCommit":true,"messageTitle":"Merge pull request #91 from Jovin-Ang/update-codecov-config","messageBody":"Update codecov configuration","fileTypesAndContributionMap":{}},{"hash":"a4957767208850c264b51557e8d631611e2ce610","isMergeCommit":false,"messageTitle":"Update FindCommand to support address search","messageBody":"","fileTypesAndContributionMap":{"functional-code":{"insertions":96,"deletions":4},"docs":{"insertions":3,"deletions":3},"test-code":{"insertions":199,"deletions":13}}},{"hash":"e8e88f80a9354d4627825b2bcad152efa4ac8929","isMergeCommit":false,"messageTitle":"Update codecov configuration to adjust coverage targets and ignore patterns","messageBody":"","fileTypesAndContributionMap":{"other":{"insertions":6,"deletions":4}}},{"hash":"5784f8f103d07e7f15933600366356bc36ee3252","isMergeCommit":false,"messageTitle":"Update codecov configuration to increase coverage threshold to 10%","messageBody":"","fileTypesAndContributionMap":{"other":{"insertions":1,"deletions":1}}}]}],"MakiseKurisuX":[{"date":"2025-03-06","commitResults":[{"hash":"8d36f4777bc685751265de0564f69530d05bca77","isMergeCommit":false,"messageTitle":"Update AboutUs.md","messageBody":"","fileTypesAndContributionMap":{"docs":{"insertions":5,"deletions":5}}},{"hash":"a0a4d8b6f0ede331ed85957a897fd62225e79242","isMergeCommit":true,"messageTitle":"Merge pull request #15 from MakiseKurisuX/branch-aboutus","messageBody":"Update AboutUs.md","fileTypesAndContributionMap":{}}]},{"date":"2025-03-07","commitResults":[{"hash":"8ae182b7ecf487727619db96588c38da84046446","isMergeCommit":true,"messageTitle":"Merge pull request #21 from AY2425S2-CS2103-F08-2/revert-20-branch-Update-AboutUs","messageBody":"Revert \"Branch update about us\"","fileTypesAndContributionMap":{}},{"hash":"fd132372301d6f1e7c51847998e0b7da6871ac01","isMergeCommit":false,"messageTitle":"Update DeveloperGuide.md","messageBody":"","fileTypesAndContributionMap":{"docs":{"insertions":188,"deletions":26}}}]},{"date":"2025-03-12","commitResults":[{"hash":"4b14128b1d7572eb37814cf45762aa69cd82f968","isMergeCommit":false,"messageTitle":"Create TagContainsKeywordsPredicate.java","messageBody":"","fileTypesAndContributionMap":{"functional-code":{"insertions":33,"deletions":0}}},{"hash":"805d795e4541792e2189f48b7d901ed40de24796","isMergeCommit":false,"messageTitle":"Update TagContainsKeywordsPredicate.java","messageBody":"","fileTypesAndContributionMap":{"functional-code":{"insertions":5,"deletions":1}}},{"hash":"6e436b63723011a2a7296d79f8afe5fbbef739ea","isMergeCommit":false,"messageTitle":"Update TagContainsKeywordsPredicate.java","messageBody":"","fileTypesAndContributionMap":{"functional-code":{"insertions":1,"deletions":1}}},{"hash":"7d6129b55c24b1fb206ee730afa99f6434eefa3c","isMergeCommit":false,"messageTitle":"Create TagContainsKeywordsPredicateTest.java","messageBody":"","fileTypesAndContributionMap":{"test-code":{"insertions":90,"deletions":0}}},{"hash":"0b637a396a4b652f3c1d73e299ed978fccc9f02c","isMergeCommit":false,"messageTitle":"Update TagContainsKeywordsPredicateTest.java","messageBody":"","fileTypesAndContributionMap":{"test-code":{"insertions":1,"deletions":1}}},{"hash":"eb6dcec6f8594830411bf972e63b9353ab04eccd","isMergeCommit":true,"messageTitle":"Merge pull request #65 from MakiseKurisuX/branch-implementFilterByTag","messageBody":"Create TagContainsKeywordsPredicate.java","fileTypesAndContributionMap":{}}]},{"date":"2025-03-13","commitResults":[{"hash":"c422c85406948db31f9ed4a50cefb3ccb9a3e9c0","isMergeCommit":false,"messageTitle":"Update Files to Read and Write Timestamp","messageBody":"","fileTypesAndContributionMap":{"functional-code":{"insertions":94,"deletions":9}}},{"hash":"e5027113a5052b56e6c4a3928ef5aa58007f1db1","isMergeCommit":false,"messageTitle":"Add JUnit Tests","messageBody":"","fileTypesAndContributionMap":{"test-code":{"insertions":111,"deletions":0}}},{"hash":"19af5d8c65ef6d803955444f5f5a10e2cee2ef93","isMergeCommit":false,"messageTitle":"Create TagContainsKeywordsPredicate.java","messageBody":"","fileTypesAndContributionMap":{"functional-code":{"insertions":33,"deletions":0}}},{"hash":"fbac44f696136dc76976aab36ee22fe861af1292","isMergeCommit":false,"messageTitle":"Update TagContainsKeywordsPredicate.java","messageBody":"","fileTypesAndContributionMap":{"functional-code":{"insertions":5,"deletions":1}}},{"hash":"c44969057b40e535e69ae0103bda3b0c14db6356","isMergeCommit":false,"messageTitle":"Update TagContainsKeywordsPredicate.java","messageBody":"","fileTypesAndContributionMap":{"functional-code":{"insertions":1,"deletions":1}}},{"hash":"1362f9cf0e96d92fddf7dff6904492eb9b5bc1ca","isMergeCommit":false,"messageTitle":"Create TagContainsKeywordsPredicateTest.java","messageBody":"","fileTypesAndContributionMap":{"test-code":{"insertions":90,"deletions":0}}},{"hash":"85a5608d9a09fe4b5643c0b4de24c9315bb5ad13","isMergeCommit":false,"messageTitle":"Update TagContainsKeywordsPredicateTest.java","messageBody":"","fileTypesAndContributionMap":{"test-code":{"insertions":1,"deletions":1}}},{"hash":"a110bd5230d614136409473d8a3c4001b5d0a1d1","isMergeCommit":false,"messageTitle":"Fix Errors caused by Date-Time Format","messageBody":"","fileTypesAndContributionMap":{"functional-code":{"insertions":16,"deletions":9},"test-code":{"insertions":24,"deletions":29}}},{"hash":"c98f05d7ca54ee718d6d9701123ba96b7cece81b","isMergeCommit":false,"messageTitle":"Fix CheckStyle Issues","messageBody":"","fileTypesAndContributionMap":{"test-code":{"insertions":9,"deletions":11}}}]},{"date":"2025-03-14","commitResults":[{"hash":"a36afc4e6fc2d8a8c2bafc0868d1226f810f6d14","isMergeCommit":false,"messageTitle":"Fix Merge Conflict Issues","messageBody":"","fileTypesAndContributionMap":{"test-code":{"insertions":3,"deletions":2}}},{"hash":"654fb3ad2c3fcfc0c5640b56a1f5e5b55152bc4e","isMergeCommit":true,"messageTitle":"Merge pull request #71 from MakiseKurisuX/branch-modify-read-write","messageBody":"Modify Read and Write to File ","fileTypesAndContributionMap":{}}]},{"date":"2025-03-18","commitResults":[{"hash":"a4a1c3851d1b4e442db61340039ef861f7948453","isMergeCommit":false,"messageTitle":"Create .codecov.yml","messageBody":"","fileTypesAndContributionMap":{"other":{"insertions":7,"deletions":0}}},{"hash":"738b882730b7efa677acab3df88005d0db63d3e0","isMergeCommit":false,"messageTitle":"Update .codecov.yml","messageBody":"","fileTypesAndContributionMap":{"other":{"insertions":1,"deletions":1}}},{"hash":"3ec92687956b9cf0a938189b05314185d66f4c85","isMergeCommit":true,"messageTitle":"Merge pull request #82 from MakiseKurisuX/branch-update-yml","messageBody":"Create .codecov.yml","fileTypesAndContributionMap":{}},{"hash":"a57a4b580a0e795742deb0cc846d8fc6da028cc2","isMergeCommit":false,"messageTitle":"Update .codecov.yml","messageBody":"","fileTypesAndContributionMap":{"other":{"insertions":1,"deletions":1}}}]},{"date":"2025-03-19","commitResults":[{"hash":"bca0627d368a596b7ee9f8103d54894a22cd24fd","isMergeCommit":true,"messageTitle":"Merge pull request #85 from MakiseKurisuX/branch-update-yml","messageBody":"Update .codecov.yml","fileTypesAndContributionMap":{}},{"hash":"76b6ecb1ca9a3737fa638e7b4a027503b4f87cd4","isMergeCommit":true,"messageTitle":"Merge pull request #90 from johngao122/fix-codecov","messageBody":"Fix codecov","fileTypesAndContributionMap":{}},{"hash":"8590f3ce5ccccf3d56cf890861e57aed212f8681","isMergeCommit":false,"messageTitle":"Create .codecov.yml","messageBody":"","fileTypesAndContributionMap":{"other":{"insertions":7,"deletions":0}}},{"hash":"f968be4711298594e1fc657f60522c481138cc84","isMergeCommit":false,"messageTitle":"Update .codecov.yml","messageBody":"","fileTypesAndContributionMap":{"other":{"insertions":1,"deletions":1}}},{"hash":"67e49e727cf6cf1cd3eb3351c61c58e0520916bc","isMergeCommit":false,"messageTitle":"Update .codecov.yml","messageBody":"","fileTypesAndContributionMap":{"other":{"insertions":1,"deletions":1}}}]}],"johngao122":[{"date":"2025-03-06","commitResults":[{"hash":"e728e007585be593843232d76e5911aa8c353f09","isMergeCommit":false,"messageTitle":"Update AboutUs.md","messageBody":"","fileTypesAndContributionMap":{"docs":{"insertions":5,"deletions":5}}},{"hash":"55f6c5b0496661c698c0dba137c0b395d3d66d2e","isMergeCommit":false,"messageTitle":"Update AboutUs.md","messageBody":"","fileTypesAndContributionMap":{"docs":{"insertions":3,"deletions":3}}}]},{"date":"2025-03-07","commitResults":[{"hash":"bc911ac9a6a2a927ca261e32e235a82c51d9bf76","isMergeCommit":true,"messageTitle":"Merge pull request #20 from johngao122/branch-Update-AboutUs","messageBody":"Branch update about us","fileTypesAndContributionMap":{}},{"hash":"15d5529bfb2b0a50a9eeb7e33b087bfd7ec97792","isMergeCommit":false,"messageTitle":"Update AboutUs.md","messageBody":"","fileTypesAndContributionMap":{"docs":{"insertions":3,"deletions":3}}},{"hash":"f27b7c0cf15f729b59f0ab6eadbe115f0cdc237d","isMergeCommit":true,"messageTitle":"Merge pull request #22 from johngao122/branch-Update-AboutUs","messageBody":"Update AboutUs.md","fileTypesAndContributionMap":{}},{"hash":"b4e14fe810fbd42699d85fef55de46256c8b7e53","isMergeCommit":true,"messageTitle":"Merge pull request #25 from yuyang011/branch-photo","messageBody":"Update Yu Yang\u0027s Photo","fileTypesAndContributionMap":{}},{"hash":"547ede48cbf7716f201658aec9bee9a53a672047","isMergeCommit":true,"messageTitle":"Merge pull request #26 from yuyang011/branch-update-about-us","messageBody":"Update AboutUs.md","fileTypesAndContributionMap":{}}]},{"date":"2025-03-08","commitResults":[{"hash":"679a67556cc9d2637168ca15164dce2b8bde2347","isMergeCommit":true,"messageTitle":"Merge pull request #31 from yuyang011/branch-readme","messageBody":"Update README page to match the project","fileTypesAndContributionMap":{}},{"hash":"ad1501c7a9479d82f6560826d0ed2b0a0bb1dc7f","isMergeCommit":true,"messageTitle":"Merge pull request #23 from MakiseKurisuX/branch-updatedg","messageBody":"Update DeveloperGuide.md","fileTypesAndContributionMap":{}}]},{"date":"2025-03-09","commitResults":[{"hash":"c6d33a0fc2eed37f50aebc8f8408a7a78ab664fc","isMergeCommit":false,"messageTitle":"Update website","messageBody":"","fileTypesAndContributionMap":{"docs":{"insertions":35,"deletions":7}}},{"hash":"026cdf72e4f0882ad1f417759e1c2975eb3a8317","isMergeCommit":false,"messageTitle":"Update codecov badge on website","messageBody":"","fileTypesAndContributionMap":{"docs":{"insertions":2,"deletions":2}}},{"hash":"ec17734dde035de0458d6b03f334a9c2cb43ec65","isMergeCommit":true,"messageTitle":"Merge pull request #30 from johngao122/branch-website-update","messageBody":"Branch website update","fileTypesAndContributionMap":{}}]},{"date":"2025-03-12","commitResults":[{"hash":"4f6e4aa01e26e09c8a99e49b2bd9bedf74390b20","isMergeCommit":false,"messageTitle":"Add Renewal date command and UI and integrated renewaldate into policy","messageBody":"","fileTypesAndContributionMap":{"functional-code":{"insertions":493,"deletions":29},"docs":{"insertions":181,"deletions":174},"test-code":{"insertions":390,"deletions":15}}},{"hash":"5a9e3c5636f26c89167278cb01cbc29e3ad4638f","isMergeCommit":false,"messageTitle":"Fix checkstyle error in renewaltable.fxml","messageBody":"","fileTypesAndContributionMap":{"functional-code":{"insertions":1,"deletions":1}}},{"hash":"d6792dae501bb0405cdd07662a7edae0458bb1e2","isMergeCommit":false,"messageTitle":"Remove JavaFX tests","messageBody":"","fileTypesAndContributionMap":{"functional-code":{"insertions":8,"deletions":8},"test-code":{"insertions":1,"deletions":116}}},{"hash":"0e3219caa1992ecd75dc043e6b4f7ba60c974e4d","isMergeCommit":false,"messageTitle":"Update user and developer guide","messageBody":"","fileTypesAndContributionMap":{"docs":{"insertions":150,"deletions":87}}}]},{"date":"2025-03-13","commitResults":[{"hash":"72e0d59fd521c3abe8cf2b9663956e33651f31a3","isMergeCommit":false,"messageTitle":"Add coverage for Renewalcommand and javafx tests","messageBody":"","fileTypesAndContributionMap":{"functional-code":{"insertions":80,"deletions":34},"other":{"insertions":25,"deletions":1},"test-code":{"insertions":511,"deletions":0}}},{"hash":"7fa56b7ea89f499085913d52c7300b6b2e6a2902","isMergeCommit":false,"messageTitle":"Fix developer doc and optimize javafx tests for headless","messageBody":"","fileTypesAndContributionMap":{"docs":{"insertions":1,"deletions":0},"test-code":{"insertions":12,"deletions":7}}},{"hash":"94d973b858b640dd8206462ba58e7b1d345157cc","isMergeCommit":false,"messageTitle":"Fix Renewalstabletest to run in parallel with other tests","messageBody":"","fileTypesAndContributionMap":{"test-code":{"insertions":17,"deletions":30}}},{"hash":"7cb8731cd77d4564925ac61faeb4278a094eb86a","isMergeCommit":false,"messageTitle":"Fix Renewalstabletest to run in parallel with other tests","messageBody":"","fileTypesAndContributionMap":{"other":{"insertions":5,"deletions":0},"test-code":{"insertions":1,"deletions":1}}},{"hash":"d39a2359134992dac36aba2fca8eedb087c28fcb","isMergeCommit":false,"messageTitle":"Disabled ui testing for CI (not possible)","messageBody":"","fileTypesAndContributionMap":{"other":{"insertions":3,"deletions":31},"test-code":{"insertions":21,"deletions":11}}},{"hash":"5edb150f52ae686f804d6196c8aaafc3eecda8a7","isMergeCommit":false,"messageTitle":"Disabled ui testing for CI (not possible)","messageBody":"","fileTypesAndContributionMap":{"other":{"insertions":1,"deletions":1}}},{"hash":"a73b6ccabce54bca705fcdb9e85bc9ed91ddc175","isMergeCommit":true,"messageTitle":"Merge branch \u0027master\u0027 into branch-view-renewals","messageBody":"","fileTypesAndContributionMap":{}},{"hash":"e8de26f2c168047649d67d8a62bca469ab17b076","isMergeCommit":false,"messageTitle":"Fix Coverage for tests","messageBody":"","fileTypesAndContributionMap":{"functional-code":{"insertions":21,"deletions":0},"test-code":{"insertions":390,"deletions":84}}},{"hash":"162a359e51365f53ceab8c2630e2703d51e9bcfb","isMergeCommit":false,"messageTitle":"Fix tests for ui section","messageBody":"","fileTypesAndContributionMap":{"functional-code":{"insertions":8,"deletions":1},"other":{"insertions":1,"deletions":2},"test-code":{"insertions":578,"deletions":575}}},{"hash":"1a3e74ebf8532671e6d54531ff9a65697e19fe61","isMergeCommit":false,"messageTitle":"Fix tests for ui section","messageBody":"","fileTypesAndContributionMap":{"other":{"insertions":1,"deletions":1}}},{"hash":"ea35cd666294f4b2b24520246f686c17493602e2","isMergeCommit":false,"messageTitle":"Add Renewal date command and UI and integrated renewaldate into policy","messageBody":"","fileTypesAndContributionMap":{"functional-code":{"insertions":37,"deletions":76},"docs":{"insertions":103,"deletions":177},"test-code":{"insertions":154,"deletions":265}}},{"hash":"9bbecc4483019aaf00403b324be176d82348c884","isMergeCommit":false,"messageTitle":"Update user and developer guide","messageBody":"","fileTypesAndContributionMap":{"docs":{"insertions":78,"deletions":19}}},{"hash":"7626c783acab0a1ea29de67002492584157ab1cd","isMergeCommit":false,"messageTitle":"Fix Coverage for tests","messageBody":"","fileTypesAndContributionMap":{"functional-code":{"insertions":14,"deletions":0},"test-code":{"insertions":624,"deletions":516}}},{"hash":"f0f77770f1f24d05ab20dfc2317477d3bed5991e","isMergeCommit":false,"messageTitle":"Rewrite UI component structure","messageBody":"","fileTypesAndContributionMap":{"functional-code":{"insertions":288,"deletions":129},"other":{"insertions":1,"deletions":1},"docs":{"insertions":107,"deletions":0},"test-code":{"insertions":201,"deletions":713}}},{"hash":"93cd3d3e5d3a19dba6e778d02220b264395ed894","isMergeCommit":false,"messageTitle":"Rewrite UI component structure","messageBody":"","fileTypesAndContributionMap":{"test-code":{"insertions":0,"deletions":6}}},{"hash":"f32d62940954a2825837f163271ad9651a884e1e","isMergeCommit":false,"messageTitle":"Rewrite UI component structure","messageBody":"","fileTypesAndContributionMap":{"functional-code":{"insertions":14,"deletions":4},"test-code":{"insertions":110,"deletions":34}}},{"hash":"6c7450935d94c8fd58d26d2ae2ddd46cf6c9a115","isMergeCommit":false,"messageTitle":"Rewrite UI component structure","messageBody":"","fileTypesAndContributionMap":{"functional-code":{"insertions":1,"deletions":1},"other":{"insertions":1,"deletions":1}}},{"hash":"42121fdb09d6cfa2d7d0438f39d17d0f7dd98f55","isMergeCommit":true,"messageTitle":"Merge branch \u0027master\u0027 into branch-view-renewals","messageBody":"","fileTypesAndContributionMap":{}},{"hash":"9126c4013fd6d7957936eb195ac079edd2af1de8","isMergeCommit":false,"messageTitle":"Add more tests for model manageR","messageBody":"","fileTypesAndContributionMap":{"functional-code":{"insertions":21,"deletions":23},"test-code":{"insertions":109,"deletions":9}}},{"hash":"472d5217b405dc0a98ff200df65e8ea4dd6034bf","isMergeCommit":false,"messageTitle":"Add more tests for jsonadaptedperson","messageBody":"","fileTypesAndContributionMap":{"functional-code":{"insertions":31,"deletions":10},"test-code":{"insertions":117,"deletions":4}}},{"hash":"c3db6d5efe9053842e3b2fec04a44d221e08a4f9","isMergeCommit":false,"messageTitle":"Add more tests for Policy","messageBody":"","fileTypesAndContributionMap":{"test-code":{"insertions":7,"deletions":0}}},{"hash":"851fb8a05b56925e19eeb62b25fa8ae34e967751","isMergeCommit":false,"messageTitle":"Add more tests for Policy","messageBody":"","fileTypesAndContributionMap":{"functional-code":{"insertions":1,"deletions":6}}},{"hash":"80505bce0e90aad9f77e09175d4ee452d5dd1ef9","isMergeCommit":false,"messageTitle":"Add more tests for Policy","messageBody":"","fileTypesAndContributionMap":{"test-code":{"insertions":18,"deletions":0}}},{"hash":"3a0f8148a68c2b3f6dc1b1f0890d3fdd1b617c93","isMergeCommit":false,"messageTitle":"Add more tests for ViewRenewalsCommand","messageBody":"","fileTypesAndContributionMap":{"functional-code":{"insertions":3,"deletions":6},"test-code":{"insertions":58,"deletions":18}}},{"hash":"d16b739d3b23302f658f875b206cc687a2375a87","isMergeCommit":false,"messageTitle":"Remove Testfx.md","messageBody":"","fileTypesAndContributionMap":{"docs":{"insertions":0,"deletions":107}}},{"hash":"a3539646e58f866b39d839c57f76a38211422f06","isMergeCommit":false,"messageTitle":"Update docs","messageBody":"","fileTypesAndContributionMap":{"docs":{"insertions":177,"deletions":147}}},{"hash":"d59809922fdb8a6b407efe0b37bec2a942c31211","isMergeCommit":false,"messageTitle":"Update docs","messageBody":"","fileTypesAndContributionMap":{"docs":{"insertions":2,"deletions":2}}},{"hash":"2dcea4e8a6c52b45908cb85500a091cb356f5e56","isMergeCommit":true,"messageTitle":"Merge pull request #70 from johngao122/branch-view-renewals","messageBody":"Add Renewal date command and UI and integrated renewaldate into policy\n\nFixes #41, #42, #43, #44, #45, #56","fileTypesAndContributionMap":{}}]},{"date":"2025-03-14","commitResults":[{"hash":"a7606bb9609c27ad9eacb1414f9d428179558936","isMergeCommit":true,"messageTitle":"Merge branch \u0027master\u0027 into branch-modify-read-write","messageBody":"","fileTypesAndContributionMap":{}}]},{"date":"2025-03-17","commitResults":[{"hash":"f14183ac32ce1395a2f317783f000b17b53d8884","isMergeCommit":false,"messageTitle":"Policy test changes","messageBody":"","fileTypesAndContributionMap":{"test-code":{"insertions":1,"deletions":1}}},{"hash":"92b7733423dea7849ac7797c1af9e3e07e119adf","isMergeCommit":false,"messageTitle":"Add error handling to last updated field and add last updated field to addressbook.json file","messageBody":"","fileTypesAndContributionMap":{"functional-code":{"insertions":3,"deletions":1}}},{"hash":"3b9e8d2c5326b8aba632d3523379a73345c1c3a7","isMergeCommit":false,"messageTitle":"Add test for new line of code","messageBody":"","fileTypesAndContributionMap":{"functional-code":{"insertions":1,"deletions":1},"test-code":{"insertions":19,"deletions":2}}},{"hash":"9f6d5417bf305efc44ee9e32de55f7178e6c7681","isMergeCommit":false,"messageTitle":"Add Renewal date class and integrate into add and edit","messageBody":"","fileTypesAndContributionMap":{"functional-code":{"insertions":230,"deletions":59},"test-code":{"insertions":245,"deletions":125}}},{"hash":"df81b5b5632148f9be2978f7990855332708bbf6","isMergeCommit":false,"messageTitle":"Add additional tests for renewal date and edit command parser","messageBody":"","fileTypesAndContributionMap":{"functional-code":{"insertions":23,"deletions":23},"test-code":{"insertions":93,"deletions":15}}}]},{"date":"2025-03-18","commitResults":[{"hash":"0c2914b488d40e4d1355d08ad138ed890c4fc9d0","isMergeCommit":true,"messageTitle":"Merge pull request #79 from johngao122/lastupdated-bug","messageBody":"Lastupdated bug","fileTypesAndContributionMap":{}}]},{"date":"2025-03-19","commitResults":[{"hash":"09c804b24692976b24ca66bd47a31528e2a15519","isMergeCommit":true,"messageTitle":"Merge pull request #80 from johngao122/renewal-date-class","messageBody":"Renewal date class","fileTypesAndContributionMap":{}},{"hash":"e97460cba8c2c682150e5fac4b01b9f9f3c6983c","isMergeCommit":false,"messageTitle":"Add renewal date display to person card","messageBody":"","fileTypesAndContributionMap":{"functional-code":{"insertions":4,"deletions":0},"docs":{"insertions":168,"deletions":140}}},{"hash":"b09ce2a91608da721ccc5ea4886fe871c25a7e53","isMergeCommit":false,"messageTitle":"Add renewal date display to person card","messageBody":"","fileTypesAndContributionMap":{"functional-code":{"insertions":4,"deletions":0},"docs":{"insertions":168,"deletions":140}}},{"hash":"aff8218e462a8e3d8b28793fca08d18abfafeb44","isMergeCommit":false,"messageTitle":"Add renewal date display to person card","messageBody":"","fileTypesAndContributionMap":{"docs":{"insertions":1,"deletions":1}}},{"hash":"2bc8490436adfa7a67b6c113d3396e839dca210c","isMergeCommit":false,"messageTitle":"Add Edit codecov coverage","messageBody":"","fileTypesAndContributionMap":{"other":{"insertions":9,"deletions":6}}},{"hash":"cf2cf3a1927d8e86bc95fe6530623b58b5e42974","isMergeCommit":false,"messageTitle":"Add Edit codecov coverage","messageBody":"","fileTypesAndContributionMap":{"docs":{"insertions":1,"deletions":1}}},{"hash":"7b308ab5b44b7519612f1e68bcef756434519a72","isMergeCommit":false,"messageTitle":"Add error handling to last updated field and add last updated field to addressbook.json file","messageBody":"","fileTypesAndContributionMap":{"functional-code":{"insertions":3,"deletions":1}}},{"hash":"ae9584b1d75761fef47696fc51069654de66f77d","isMergeCommit":false,"messageTitle":"Add test for new line of code","messageBody":"","fileTypesAndContributionMap":{"functional-code":{"insertions":1,"deletions":1},"test-code":{"insertions":19,"deletions":2}}},{"hash":"ef26c61a4700d1ea929491d4b538a81b17f70021","isMergeCommit":false,"messageTitle":"Add Edit codecov coverage","messageBody":"","fileTypesAndContributionMap":{"other":{"insertions":9,"deletions":6}}},{"hash":"05f35895c5bf31e70d205d3fe6a5cf7de16386d5","isMergeCommit":false,"messageTitle":"Add Edit codecov coverage","messageBody":"","fileTypesAndContributionMap":{"functional-code":{"insertions":1,"deletions":1}}},{"hash":"007cb4b1ee5dc737267427a06a535dbbdd723d04","isMergeCommit":true,"messageTitle":"Merge branch \u0027master\u0027 into renewal-date-ui","messageBody":"","fileTypesAndContributionMap":{}},{"hash":"8633e998ebdcb16fefc351c80c5fcafc19524759","isMergeCommit":false,"messageTitle":"Add Edit codecov coverage","messageBody":"","fileTypesAndContributionMap":{"other":{"insertions":1,"deletions":1}}},{"hash":"bda9f8e25708fde01e25857531dc85010b0fb500","isMergeCommit":false,"messageTitle":"Revert \"Add Edit codecov coverage\"","messageBody":"This reverts commit 05f35895c5bf31e70d205d3fe6a5cf7de16386d5.\n","fileTypesAndContributionMap":{"functional-code":{"insertions":1,"deletions":1}}},{"hash":"7963343d91faa62d959b0a83835b3fce9a7a380b","isMergeCommit":false,"messageTitle":"Add Edit codecov coverage","messageBody":"","fileTypesAndContributionMap":{"other":{"insertions":1,"deletions":1}}},{"hash":"1bb2655c7da2a352a4241e9d9495882a37008428","isMergeCommit":false,"messageTitle":"Change display text","messageBody":"","fileTypesAndContributionMap":{"functional-code":{"insertions":1,"deletions":1}}},{"hash":"3683fa23073953905304888817baf1ec8f06788e","isMergeCommit":false,"messageTitle":"Update developer and user guide","messageBody":"","fileTypesAndContributionMap":{"docs":{"insertions":7,"deletions":5}}},{"hash":"aa228edf9a8e878720b7bbc8ed3b7e5ad47e3506","isMergeCommit":true,"messageTitle":"Merge pull request #89 from johngao122/renewal-date-ui","messageBody":"Add renewal date display to person card","fileTypesAndContributionMap":{}}]}]},"authorFileTypeContributionMap":{"nathtiekk":{"docs":4,"functional-code":0,"test-code":0},"yuyang011":{"docs":62,"functional-code":189,"test-code":322},"Jovin-Ang":{"docs":18,"functional-code":470,"test-code":1093,"other":31},"MakiseKurisuX":{"docs":145,"functional-code":141,"test-code":199,"other":4},"johngao122":{"docs":305,"functional-code":924,"test-code":1201,"other":2}},"authorContributionVariance":{"nathtiekk":2.7895412,"yuyang011":5265.259,"Jovin-Ang":98418.88,"MakiseKurisuX":8476.166,"johngao122":1759248.2},"authorDisplayNameMap":{"nathtiekk":"CS2103-F08-2 KEIT.. TAN","yuyang011":"CS2103-F08-2 TAN ..YANG","Jovin-Ang":"CS2103-F08-2 JOVI..HENG","MakiseKurisuX":"CS2103-F08-2 TAN ..RVIN","johngao122":"CS2103-F08-2 JOHN..AHAO"}}
