{"authorDailyContributionsMap":{"coffeemocha":[{"date":"2025-02-21","commitResults":[{"hash":"ffaee86def0e33f7ad7190721617cc05468bac24","isMergeCommit":false,"messageTitle":"Update UserGuide.md","messageBody":"","fileTypesAndContributionMap":{"docs":{"insertions":2,"deletions":2}}},{"hash":"e37dd5581e423a4b76a56de179be8c245dd5d2f3","isMergeCommit":true,"messageTitle":"Merge pull request #1 from coffeemocha/master","messageBody":"Update UserGuide.md","fileTypesAndContributionMap":{}}]},{"date":"2025-03-06","commitResults":[{"hash":"447e198ef83f226ef11cb852d18655b158c651b3","isMergeCommit":true,"messageTitle":"Merge pull request #17 from nja99/add-photo","messageBody":"Add Jian An\u0027s Photo","fileTypesAndContributionMap":{}},{"hash":"67cf43a7cbdcfee908fcd77143482cd6774f74e3","isMergeCommit":false,"messageTitle":"Update aboutus","messageBody":"","fileTypesAndContributionMap":{"docs":{"insertions":2,"deletions":2}}},{"hash":"c30c468f33cd30e7663fa4cfd564a35060882957","isMergeCommit":true,"messageTitle":"Merge pull request #27 from jniaorx/update-aboutus","messageBody":"Update Janelle\u0027s AboutUs Page","fileTypesAndContributionMap":{}}]},{"date":"2025-03-10","commitResults":[{"hash":"cac9c46467e5948d4e45c1164facc1f2e0c2eb57","isMergeCommit":false,"messageTitle":"Update README","messageBody":"","fileTypesAndContributionMap":{"docs":{"insertions":9,"deletions":11}}}]},{"date":"2025-03-14","commitResults":[{"hash":"8de19f4d0f4bf2b0f667812461f751ad8977fbb7","isMergeCommit":false,"messageTitle":"Update ReadMe for more clarity","messageBody":"","fileTypesAndContributionMap":{"docs":{"insertions":1,"deletions":1}}},{"hash":"9cd96ab94baa941e99915c06b6e93c63f4197e40","isMergeCommit":true,"messageTitle":"Merge pull request #52 from coffeemocha/Update-ReadMe","messageBody":"Update ReadMe for more clarity","fileTypesAndContributionMap":{}},{"hash":"cdf6c5c9b47a58dc832d1582e8e46e455970a3e4","isMergeCommit":false,"messageTitle":"Update ReadMe again for more clarity","messageBody":"","fileTypesAndContributionMap":{"docs":{"insertions":1,"deletions":1}}},{"hash":"9bd1aa5fbb2a29339d071ec581b8cd0dea74fef2","isMergeCommit":false,"messageTitle":"Update ReadMe again for clarity","messageBody":"","fileTypesAndContributionMap":{"docs":{"insertions":1,"deletions":1}}}]},{"date":"2025-03-18","commitResults":[{"hash":"951448692d8cc374bf84eb295b8c05ef6065c988","isMergeCommit":true,"messageTitle":"Merge pull request #58 from Siyan-G/branch-Add-Patient-Command","messageBody":"Add patient and staff command","fileTypesAndContributionMap":{}}]},{"date":"2025-03-19","commitResults":[{"hash":"927db37cf160ca6415800a8f3dcd19f119466eec","isMergeCommit":false,"messageTitle":"Modify storage and load","messageBody":"","fileTypesAndContributionMap":{"functional-code":{"insertions":16,"deletions":10}}}]}],"jniaorx":[{"date":"2025-03-06","commitResults":[{"hash":"5ad74cc3d8da217d35b9992408a01b490163cc14","isMergeCommit":false,"messageTitle":"Update AboutUs.md","messageBody":"","fileTypesAndContributionMap":{"docs":{"insertions":4,"deletions":4}}},{"hash":"da5caa15e49171da627e89e99e9f7ab63ea656d3","isMergeCommit":true,"messageTitle":"Merge pull request #26 from coffeemocha/about-us","messageBody":"Update Zhen Hao AboutUs","fileTypesAndContributionMap":{}}]},{"date":"2025-03-07","commitResults":[{"hash":"ac8409e49594715c74ca91f62647f2435890985b","isMergeCommit":true,"messageTitle":"Merge pull request #37 from Siyan-G/branch-DG","messageBody":"Update Developer\u0027s Guide","fileTypesAndContributionMap":{}},{"hash":"14e9a5a7517065697929f1cea0da93494d5e15a7","isMergeCommit":true,"messageTitle":"Merge pull request #39 from nja99/update-site-settings","messageBody":"Update _config.yml, _base.scss to reflect Project Title","fileTypesAndContributionMap":{}},{"hash":"4761c5622f32197f6470cbfd357da97110967691","isMergeCommit":true,"messageTitle":"Merge pull request #40 from yuqing-tham/update-developer-guide","messageBody":"Update DG","fileTypesAndContributionMap":{}}]},{"date":"2025-03-10","commitResults":[{"hash":"818885187206d33f3c71da950d807d2edad1645a","isMergeCommit":true,"messageTitle":"Merge pull request #41 from coffeemocha/Update-ReadMe","messageBody":"Update README","fileTypesAndContributionMap":{}}]},{"date":"2025-03-13","commitResults":[{"hash":"c81bea76d0897a6fba504cf0583555a328da0e37","isMergeCommit":true,"messageTitle":"Merge pull request #48 from nja99/feature-add-patient-role","messageBody":"Add Patient class to represent patients in the address book","fileTypesAndContributionMap":{}},{"hash":"4214700302dc96667f8e96d4643f159e4f4bc787","isMergeCommit":false,"messageTitle":"Add list patients command","messageBody":"","fileTypesAndContributionMap":{"functional-code":{"insertions":26,"deletions":0}}},{"hash":"fc71b4e3a7efb6ec6ff58f08ec0ae180214085d2","isMergeCommit":true,"messageTitle":"Merge branch \u0027master\u0027 into add-listpatients-method","messageBody":"","fileTypesAndContributionMap":{}}]},{"date":"2025-03-14","commitResults":[{"hash":"ab36463437591d48c1a3267f45fdd7e454f17ddc","isMergeCommit":false,"messageTitle":"Fix bug","messageBody":"","fileTypesAndContributionMap":{"functional-code":{"insertions":1,"deletions":0}}},{"hash":"3cc35f47c20deb646ef0f91fc6204600badf9e6c","isMergeCommit":false,"messageTitle":"Add Javadoc comments","messageBody":"","fileTypesAndContributionMap":{"functional-code":{"insertions":10,"deletions":2}}},{"hash":"92a0335b292c51f9b616fb015b7c61374ef9c2c2","isMergeCommit":true,"messageTitle":"Merge pull request #47 from Siyan-G/branch-add-command-fix","messageBody":"Fix Add Command to enable role field","fileTypesAndContributionMap":{}},{"hash":"4b80e1ea8f2830e0984bcffd77e0d93af4b24333","isMergeCommit":false,"messageTitle":"Edit listpatients command","messageBody":"","fileTypesAndContributionMap":{"functional-code":{"insertions":1,"deletions":1}}}]},{"date":"2025-03-19","commitResults":[{"hash":"5464a82048a17d11fe0a4d9380a08b1910df5dfd","isMergeCommit":false,"messageTitle":"Add ListDoctors command","messageBody":"","fileTypesAndContributionMap":{"functional-code":{"insertions":36,"deletions":0}}},{"hash":"857231c8eda06b2d577c9ece6b925184b0993d7d","isMergeCommit":true,"messageTitle":"Merge pull request #61 from yuqing-tham/fix-person-class","messageBody":"Fix Person class","fileTypesAndContributionMap":{}},{"hash":"3f0ba9e7a4a523dcdd570e1e379688f6c578f06e","isMergeCommit":false,"messageTitle":"Refractor ListDoctors command to ListStaff command","messageBody":"","fileTypesAndContributionMap":{"functional-code":{"insertions":5,"deletions":5},"other":{"insertions":4,"deletions":4}}},{"hash":"66b9bc18f83099db7670d785dc206e2c16d1f7d7","isMergeCommit":false,"messageTitle":"Delete unnecessary packages","messageBody":"","fileTypesAndContributionMap":{"functional-code":{"insertions":2,"deletions":3}}},{"hash":"96f38d9ea4189b787dfb96fedafda7f08895c53c","isMergeCommit":true,"messageTitle":"Merge pull request #70 from coffeemocha/upgrade-store-and-load","messageBody":"Modify storage and load","fileTypesAndContributionMap":{}},{"hash":"2e5da892ff35aa7a8b615fb6507c68f58559c269","isMergeCommit":false,"messageTitle":"Edit list commands","messageBody":"","fileTypesAndContributionMap":{"functional-code":{"insertions":7,"deletions":8}}}]}],"nja99":[{"date":"2025-02-21","commitResults":[{"hash":"33f874b5efba96267286e9acd57d8e32d7b57f38","isMergeCommit":false,"messageTitle":"Add: Codecov Badge","messageBody":"","fileTypesAndContributionMap":{"docs":{"insertions":1,"deletions":1}}},{"hash":"79023a53a79fda2cc1815d5b8f4b8701d58a3156","isMergeCommit":true,"messageTitle":"Merge pull request #2 from nja99/master","messageBody":"Update: Codecov badge","fileTypesAndContributionMap":{}}]},{"date":"2025-03-06","commitResults":[{"hash":"209666b413d6364551a8ac62bdf5400c082a4ec0","isMergeCommit":true,"messageTitle":"Merge pull request #18 from coffeemocha/add-zhenhao-photo","messageBody":"Add Zhen Hao\u0027s photo","fileTypesAndContributionMap":{}},{"hash":"f6edd59bfc5092425bebe5c78737ffdfa3d95ba2","isMergeCommit":false,"messageTitle":"Update personal details in AboutUs.md","messageBody":"","fileTypesAndContributionMap":{"docs":{"insertions":3,"deletions":3}}},{"hash":"b80c719fd419fa2793dda4d09577bac4576031e8","isMergeCommit":true,"messageTitle":"Merge pull request #28 from Siyan-G/branch-UpdateAboutUs","messageBody":"Update Siyan\u0027s AboutUs Page","fileTypesAndContributionMap":{}},{"hash":"f4d3f2c3caada4deb6f871472d4c8e829dbf2392","isMergeCommit":false,"messageTitle":"Update AboutUs.md, Rename nja99.png.png to nja99.png","messageBody":"","fileTypesAndContributionMap":{"docs":{"insertions":1,"deletions":1}}}]},{"date":"2025-03-07","commitResults":[{"hash":"740445fb0b7bba672d401e0ce8913d11b70c2f4a","isMergeCommit":false,"messageTitle":"Update _config.yml, _base.scss to reflect Project Title","messageBody":"","fileTypesAndContributionMap":{"other":{"insertions":2,"deletions":2}}}]},{"date":"2025-03-13","commitResults":[{"hash":"c90b8d8be5f162e7b6fc0753b03b02a24396bff7","isMergeCommit":false,"messageTitle":"Add Department.java class to represent department names","messageBody":"- Implements validation for department names (alphanumeric and spaces).\n- Ensures immutability and proper equality/hashCode implementations.\n- Provides toString method for string representation.\n","fileTypesAndContributionMap":{"functional-code":{"insertions":65,"deletions":0}}},{"hash":"066114bc5d4aa21bd695850615e2b5c5c64d8e60","isMergeCommit":false,"messageTitle":"Add Patient.java class to represent a patient in the address book","messageBody":"- Defines fields for patient details such as name, phone, email, address, doctor in charge, and guardian.\n- Implements validation for required fields.\n- Ensures immutability and proper equality/hashCode implementations.\n- Provides toString method for string representation.\n- Supports comparison based on patient identity (same name) and full equality.\n","fileTypesAndContributionMap":{"functional-code":{"insertions":98,"deletions":0}}}]},{"date":"2025-03-19","commitResults":[{"hash":"b370d0380f9e6161f92dff92774d770f6e3d56b9","isMergeCommit":false,"messageTitle":"Update PersonCard to replace \"tags\" with \"role\"","messageBody":"","fileTypesAndContributionMap":{"functional-code":{"insertions":19,"deletions":5}}},{"hash":"7c7c39faee2c831b552039433dfe8ad76730dc1d","isMergeCommit":false,"messageTitle":"Update User Interface","messageBody":"Move CommandBox and ResultDisplay to bottom of GUI.\nEnable Wrap Text in ResultDisplay.\n","fileTypesAndContributionMap":{"functional-code":{"insertions":10,"deletions":14}}},{"hash":"f18a4282e0d1ff6551ebb3d128fd6fb96d67f03e","isMergeCommit":false,"messageTitle":"Add and Update App Title, App Icon","messageBody":"","fileTypesAndContributionMap":{"functional-code":{"insertions":3,"deletions":4}}},{"hash":"eb9339915341759e1851f1242171b671319dfd97","isMergeCommit":false,"messageTitle":"Update ResultDisplay Formatting","messageBody":"","fileTypesAndContributionMap":{"functional-code":{"insertions":5,"deletions":8}}},{"hash":"48cfff5b1a0df4ae435988a766a49450a6c8d72d","isMergeCommit":true,"messageTitle":"Merge pull request #66 from Siyan-G/branch-fix-tests","messageBody":"Fix testcases for successful build","fileTypesAndContributionMap":{}},{"hash":"c5f368e90435d1d1eb81b49d7eda7dc68738b874","isMergeCommit":false,"messageTitle":"Update Ui.png and index.md","messageBody":"","fileTypesAndContributionMap":{"docs":{"insertions":4,"deletions":4}}},{"hash":"a06a02d98780534d0d7c983fac6f5b569d7237c3","isMergeCommit":false,"messageTitle":"Update Documentation","messageBody":"","fileTypesAndContributionMap":{"docs":{"insertions":4,"deletions":4}}}]}],"Siyan-G":[{"date":"2025-03-06","commitResults":[{"hash":"c4dce270b3cb920b39f9c07eca88ea65def5c432","isMergeCommit":true,"messageTitle":"Merge pull request #16 from jniaorx/add-photo","messageBody":"Add Janelle\u0027s Photo","fileTypesAndContributionMap":{}},{"hash":"bf954595f4597e5e5dc576b15eef182fc1bcfcf1","isMergeCommit":false,"messageTitle":"Update Siyan\u0027s AboutUs Page","messageBody":"","fileTypesAndContributionMap":{"docs":{"insertions":5,"deletions":5}}},{"hash":"b4f07d388c97020e194ecb8d2f965656f44ada11","isMergeCommit":true,"messageTitle":"Merge pull request #25 from yuqing-tham/update-aboutus-page","messageBody":"Update Yu Qing\u0027s AboutUs Page","fileTypesAndContributionMap":{}},{"hash":"c212660a754f99b7359fa2bb3413584456fff784","isMergeCommit":true,"messageTitle":"Merge branch \u0027master\u0027 into update-aboutus","messageBody":"","fileTypesAndContributionMap":{}},{"hash":"93b9cfdcb74c08e01968db62b025ee525a83ce73","isMergeCommit":true,"messageTitle":"Merge pull request #32 from nja99/update-aboutus","messageBody":"Update Jian An\u0027s AboutUs Page","fileTypesAndContributionMap":{}}]},{"date":"2025-03-07","commitResults":[{"hash":"3c2da9b06795b8552a974b404086778cbec71dc4","isMergeCommit":false,"messageTitle":"Update Developer\u0027s Guide","messageBody":"- Refined target user profile to better align with the needs and preferences of patient care coordinators.\n- Added detailed value proposition outlining the app\u0027s benefits to end-users and stakeholders.\n- Updated user stories to reflect realistic and actionable scenarios for app usage.\n- Expanded use cases with step-by-step details of key functionalities to guide development and testing.\n\nThese updates aim to provide a clearer understanding of the application\u0027s purpose, target audience, and expected features.\n","fileTypesAndContributionMap":{"docs":{"insertions":145,"deletions":27}}}]},{"date":"2025-03-13","commitResults":[{"hash":"fab7c34d249b2062c5a19c00604d0249b5625a8a","isMergeCommit":false,"messageTitle":"Add role field for Person class","messageBody":"","fileTypesAndContributionMap":{"functional-code":{"insertions":84,"deletions":4}}},{"hash":"3f01b0965dc172b91cd56d3b893aa3e819988d1b","isMergeCommit":false,"messageTitle":"Fix AddCommand to enable role field","messageBody":"","fileTypesAndContributionMap":{"functional-code":{"insertions":29,"deletions":5}}},{"hash":"0a585f327cc1f09c87ce275218e58ee07f2fa0ed","isMergeCommit":false,"messageTitle":"Modify tests for related classes due to addition of role field","messageBody":"","fileTypesAndContributionMap":{"functional-code":{"insertions":13,"deletions":12},"test-code":{"insertions":80,"deletions":31}}},{"hash":"74286d0b971bb63f97971124015741ca528edd76","isMergeCommit":false,"messageTitle":"Modify EditCommand class due to addition of role field","messageBody":"","fileTypesAndContributionMap":{"functional-code":{"insertions":3,"deletions":1}}},{"hash":"e44f7ba92632c5b2c5faabbea39fc4346dd72b07","isMergeCommit":false,"messageTitle":"Modify JsonAdaptedPerson class due to addition of role field","messageBody":"","fileTypesAndContributionMap":{"functional-code":{"insertions":17,"deletions":4}}},{"hash":"d68c8b9dda5639bfde4e5f8ccd509b5534137eb9","isMergeCommit":false,"messageTitle":"Add RoleTest class for Role class","messageBody":"","fileTypesAndContributionMap":{"test-code":{"insertions":81,"deletions":0}}},{"hash":"3d81a3750ea6511b268bb4df00e13fc710f8e443","isMergeCommit":false,"messageTitle":"Add RoleTest class for Role class","messageBody":"","fileTypesAndContributionMap":{"test-code":{"insertions":7,"deletions":2}}},{"hash":"b98253c910c0ff9cbb9435f8289c801513b9b777","isMergeCommit":true,"messageTitle":"Merge pull request #45 from yuqing-tham/add-healthcare-staff-support","messageBody":"Add healthcare staff support","fileTypesAndContributionMap":{}}]},{"date":"2025-03-14","commitResults":[{"hash":"591e1e034bb8e06f26aaa0eb2c12febe58f1bd23","isMergeCommit":true,"messageTitle":"Merge pull request #49 from jniaorx/add-listpatients-method","messageBody":"Add listpatients method","fileTypesAndContributionMap":{}},{"hash":"bcc5d813a67aedeb64593799e03ab638755a0f1c","isMergeCommit":true,"messageTitle":"Merge pull request #50 from jniaorx/add-listpatients-method","messageBody":"Edit listpatients command","fileTypesAndContributionMap":{}},{"hash":"38c0c2129c4b6a4ea4b47037216457592e6f242f","isMergeCommit":true,"messageTitle":"Merge pull request #53 from coffeemocha/Update-ReadMe","messageBody":"Update read me again for clarity","fileTypesAndContributionMap":{}}]},{"date":"2025-03-17","commitResults":[{"hash":"fcfd80068561563aecc5e448b6a758c11e145171","isMergeCommit":true,"messageTitle":"Merge pull request #57 from yuqing-tham/implement-person-subclasses","messageBody":"Implement person subclasses","fileTypesAndContributionMap":{}}]},{"date":"2025-03-18","commitResults":[{"hash":"e44f739177e1da692742c890e21cf9f3188aa01a","isMergeCommit":false,"messageTitle":"Replaced AddCommand with AddPatientCommand","messageBody":"","fileTypesAndContributionMap":{"other":{"insertions":42,"deletions":32}}},{"hash":"5922e247abf9f478e902508a3b4c27940acf1f88","isMergeCommit":false,"messageTitle":"Add AddStaffCommand","messageBody":"","fileTypesAndContributionMap":{"functional-code":{"insertions":152,"deletions":0}}},{"hash":"12bfbdb48099585fff4baf5db29b79aad03b173a","isMergeCommit":false,"messageTitle":"Add argument prefix for AddPatientCommand and AddStaffCommand","messageBody":"","fileTypesAndContributionMap":{"functional-code":{"insertions":3,"deletions":1}}},{"hash":"96e4add90a9c62aa1b5e880aaf63a262c25c85cf","isMergeCommit":false,"messageTitle":"Modify EditCommand temporarily due to changes in Person class","messageBody":"","fileTypesAndContributionMap":{"functional-code":{"insertions":32,"deletions":1}}},{"hash":"bb93070fede0fce2c350e41bee1808bf874965e3","isMergeCommit":false,"messageTitle":"Modify ParserUtil to enable AddPatient and AddStaff Commands","messageBody":"","fileTypesAndContributionMap":{"functional-code":{"insertions":63,"deletions":0}}},{"hash":"dd6073eb08b49ea8cee1ff4837e423a77b407171","isMergeCommit":false,"messageTitle":"Modify temporarily due to changes in Person class","messageBody":"","fileTypesAndContributionMap":{"functional-code":{"insertions":4,"deletions":10}}},{"hash":"c3806c3c2140baf41f60a19d0ecd99cc49fb729b","isMergeCommit":false,"messageTitle":"Include AddPatient and AddStaff Command in AddressBookParser","messageBody":"","fileTypesAndContributionMap":{"functional-code":{"insertions":7,"deletions":3}}},{"hash":"822ddf10614444d8a6afeccc273043490966d15d","isMergeCommit":false,"messageTitle":"Removed AddCommand class and parser","messageBody":"","fileTypesAndContributionMap":{"test-code":{"insertions":0,"deletions":417}}},{"hash":"bff78a74c9286141db28506a3c292d8d467ceab8","isMergeCommit":false,"messageTitle":"Fix data due to abstraction of person class","messageBody":"","fileTypesAndContributionMap":{"functional-code":{"insertions":23,"deletions":17}}}]},{"date":"2025-03-19","commitResults":[{"hash":"01296a2415c929d3fd3fa2f556aff9985ec6abf9","isMergeCommit":true,"messageTitle":"Merge pull request #60 from jniaorx/add-listdoctors-command","messageBody":"Add ListDoctors command","fileTypesAndContributionMap":{}},{"hash":"5f72231322737d2cb0813222bbf2cebf33b789d1","isMergeCommit":true,"messageTitle":"Merge pull request #62 from nja99/update-userinterface","messageBody":"Update User Interface","fileTypesAndContributionMap":{}},{"hash":"71c931d0e706f94d9c7191aa99569515f15bd4ce","isMergeCommit":false,"messageTitle":"Revert to include AddCommand and AddCommandParser","messageBody":"","fileTypesAndContributionMap":{"functional-code":{"insertions":160,"deletions":0}}},{"hash":"081e5fe116907b77708f62eddcdbf096a6bfd00d","isMergeCommit":false,"messageTitle":"Fix PersonCard test","messageBody":"","fileTypesAndContributionMap":{"functional-code":{"insertions":13,"deletions":3}}},{"hash":"b9047c435dc45bf8d8a708aa0cfc2cea9cf14e67","isMergeCommit":false,"messageTitle":"Disable tests temporarily for build","messageBody":"","fileTypesAndContributionMap":{"test-code":{"insertions":5,"deletions":0}}},{"hash":"df6171b889e3de3b7b5db2e0567bb2aa7a50326f","isMergeCommit":true,"messageTitle":"Merge pull request #64 from jniaorx/add-liststaff-command","messageBody":"Add liststaff command","fileTypesAndContributionMap":{}},{"hash":"1070902cd051216cc90d2401bf17264f1e49ad76","isMergeCommit":false,"messageTitle":"Fix style issue (line at EOF)","messageBody":"","fileTypesAndContributionMap":{"functional-code":{"insertions":1,"deletions":1}}},{"hash":"571176c5a58241ea4fe60c165f4245f8ab4d5892","isMergeCommit":true,"messageTitle":"Merge pull request #67 from nja99/update-userinterface","messageBody":"Enhance User Interface","fileTypesAndContributionMap":{}},{"hash":"d884db9442ba8ceaeb42d02701a58f7411d29ea4","isMergeCommit":true,"messageTitle":"Merge pull request #72 from jniaorx/edit-list-commands","messageBody":"Edit list commands","fileTypesAndContributionMap":{}},{"hash":"84a521f2fde4a081383124e70bcf7e660f764f7f","isMergeCommit":true,"messageTitle":"Merge pull request #69 from nja99/update-documentation","messageBody":"Update Documentation and UI Images","fileTypesAndContributionMap":{}}]}],"yuqing-tham":[{"date":"2025-03-06","commitResults":[{"hash":"5e8d45b6699b093e4ffdadebfbb328e0fa0b86de","isMergeCommit":true,"messageTitle":"Merge pull request #15 from Siyan-G/branch-AddPhotoSY","messageBody":"Add Siyan\u0027s Photo","fileTypesAndContributionMap":{}},{"hash":"9d73f9f420712b9ae90d59ec60419946cdffd2ce","isMergeCommit":false,"messageTitle":"Update AboutUs Page","messageBody":"","fileTypesAndContributionMap":{"docs":{"insertions":3,"deletions":3}}},{"hash":"d006477c5db47ac72776b6e0542bb7d032829370","isMergeCommit":true,"messageTitle":"Merge branch \u0027master\u0027 into update-aboutus","messageBody":"","fileTypesAndContributionMap":{}},{"hash":"42a8678abdcc6cfd3aff8f8610627bdd1eb85c09","isMergeCommit":true,"messageTitle":"Merge pull request #29 from nja99/update-aboutus","messageBody":"Update Jian An\u0027s AboutUs page","fileTypesAndContributionMap":{}}]},{"date":"2025-03-07","commitResults":[{"hash":"63a9a085822b7a059f33a6733381dd273f1902dc","isMergeCommit":false,"messageTitle":"Update NFR and Glossary for DG","messageBody":"","fileTypesAndContributionMap":{"docs":{"insertions":11,"deletions":3}}}]},{"date":"2025-03-13","commitResults":[{"hash":"07a6854bd70420652ffdca7b3e85c10a4db07f70","isMergeCommit":false,"messageTitle":"Add healthcare staff support","messageBody":"","fileTypesAndContributionMap":{"functional-code":{"insertions":72,"deletions":0}}}]},{"date":"2025-03-17","commitResults":[{"hash":"798c871a6cc29cf36d13dafbd03757948d680e96","isMergeCommit":false,"messageTitle":"Implement person subclasses","messageBody":"","fileTypesAndContributionMap":{"functional-code":{"insertions":120,"deletions":68}}}]},{"date":"2025-03-19","commitResults":[{"hash":"0c08d33b2ed79020c28c4b7bd86ed3e61a6fb677","isMergeCommit":false,"messageTitle":"Fix Person class","messageBody":"","fileTypesAndContributionMap":{"functional-code":{"insertions":9,"deletions":2}}}]}]},"authorFileTypeContributionMap":{"coffeemocha":{"docs":11,"functional-code":14,"test-code":0},"jniaorx":{"docs":4,"functional-code":69,"test-code":0},"nja99":{"docs":11,"functional-code":186,"test-code":0,"other":3},"Siyan-G":{"docs":142,"functional-code":449,"test-code":136},"yuqing-tham":{"docs":20,"functional-code":165,"test-code":0}},"authorContributionVariance":{"coffeemocha":37.4321,"jniaorx":217.80246,"nja99":1155.0372,"Siyan-G":28338.615,"yuqing-tham":1397.9508},"authorDisplayNameMap":{"coffeemocha":"CS2103T-T12-2 QUEK.. HAO","jniaorx":"CS2103T-T12-2 JANE.. XIN","nja99":"CS2103T-T12-2 NG J..N AN","Siyan-G":"CS2103T-T12-2 GUO ..IYAN","yuqing-tham":"CS2103T-T12-2 THAM..QING"}}
