{"authorDailyContributionsMap":{"OvOtter":[{"date":"2025-02-27","commitResults":[{"hash":"6fb294cb98d6051ba0265cba0eeab55d9e18b269","isMergeCommit":false,"messageTitle":"Update AboutUs","messageBody":"","fileTypesAndContributionMap":{"docs":{"insertions":13,"deletions":13}}},{"hash":"74df42ca51fd3b19d080c7e47881465a31a269d2","isMergeCommit":true,"messageTitle":"Merge branch \u0027master\u0027 into branch-photo","messageBody":"","fileTypesAndContributionMap":{}},{"hash":"12fa0df888bb11565eb90fa402b90147777fde93","isMergeCommit":true,"messageTitle":"Merge pull request #28 from OvOtter/branch-photo","messageBody":"Update Zihan into AboutUs","fileTypesAndContributionMap":{}}]},{"date":"2025-03-05","commitResults":[{"hash":"95ce4fee0ca9fde9a68e50620baf104dc49700fb","isMergeCommit":false,"messageTitle":"Update AboutUs.md","messageBody":"","fileTypesAndContributionMap":{"docs":{"insertions":1,"deletions":1}}},{"hash":"6356cea15fbb89bd227915d8d9b20875c3a8f240","isMergeCommit":false,"messageTitle":"Revert \"Update AboutUs.md\"","messageBody":"This reverts commit 95ce4fee0ca9fde9a68e50620baf104dc49700fb.\n","fileTypesAndContributionMap":{"docs":{"insertions":1,"deletions":1}}},{"hash":"b7bedf2ab1ca925b1cca078bdf563cce6170ef1b","isMergeCommit":false,"messageTitle":"Update AboutUs.md","messageBody":"","fileTypesAndContributionMap":{"docs":{"insertions":1,"deletions":1}}},{"hash":"e723515c43ab1dc77c617e8fa118f3b57b0dbbc9","isMergeCommit":true,"messageTitle":"Merge pull request #46 from OvOtter/branch-photo","messageBody":"Rename Zihan\u0027s photo","fileTypesAndContributionMap":{}}]},{"date":"2025-03-07","commitResults":[{"hash":"82983e00ac25c5bfd3c978968e5a2e716d76c2df","isMergeCommit":true,"messageTitle":"Merge branch \u0027master\u0027 of https://github.com/OvOtter/tp","messageBody":"","fileTypesAndContributionMap":{}},{"hash":"24f6cb49c67298b0a9b92d2f31a294417788e2fc","isMergeCommit":false,"messageTitle":"Update link for CI Status","messageBody":"","fileTypesAndContributionMap":{"docs":{"insertions":1,"deletions":1}}},{"hash":"b9013e1651ad4e0509f6ba62f862c38dc91af3cc","isMergeCommit":false,"messageTitle":"Add use case","messageBody":"","fileTypesAndContributionMap":{"docs":{"insertions":108,"deletions":100}}},{"hash":"266df0576b09438f4b00089c74e75a8d4c305e4d","isMergeCommit":false,"messageTitle":"Add use case","messageBody":"","fileTypesAndContributionMap":{"docs":{"insertions":1,"deletions":0}}},{"hash":"7a54806f00ed976b07951e66991c0cb5d5e59482","isMergeCommit":false,"messageTitle":"Reformat pointers","messageBody":"","fileTypesAndContributionMap":{"docs":{"insertions":10,"deletions":11}}},{"hash":"8fc8d6655a571a9d8d59f472f12e39149ec40a58","isMergeCommit":false,"messageTitle":"Fix formatting error","messageBody":"","fileTypesAndContributionMap":{"docs":{"insertions":1,"deletions":1}}},{"hash":"a2edc4bff03ffee2bcc470aad290625a0de57131","isMergeCommit":false,"messageTitle":"Change - to *","messageBody":"","fileTypesAndContributionMap":{"docs":{"insertions":88,"deletions":88}}},{"hash":"ced67178406931e61aa79c76e54a421b4fb5c2c0","isMergeCommit":true,"messageTitle":"Merge pull request #48 from OvOtter/badge","messageBody":"Update GitHub Actions build status badge","fileTypesAndContributionMap":{}},{"hash":"8d8edecef572072dd7f10f8bd1035895220b1a34","isMergeCommit":true,"messageTitle":"Merge pull request #50 from OvOtter/dg","messageBody":"Update use caes in Developer Guide","fileTypesAndContributionMap":{}}]},{"date":"2025-03-09","commitResults":[{"hash":"334b6038af66b4a676377ecf5c29049a8e675516","isMergeCommit":true,"messageTitle":"Merge branch \u0027master\u0027 of https://github.com/OvOtter/tp","messageBody":"","fileTypesAndContributionMap":{}}]},{"date":"2025-03-13","commitResults":[{"hash":"0fd6c3c14b2f6aa498e442d5fb14a6ebb8da6f78","isMergeCommit":false,"messageTitle":"Fix errors with Developer Guide","messageBody":"","fileTypesAndContributionMap":{"docs":{"insertions":3,"deletions":5}}},{"hash":"24ff945fd7b18043cc8297535e6a3d9b13d2a5e5","isMergeCommit":true,"messageTitle":"Merge pull request #72 from OvOtter/edit-developer-guide","messageBody":"Edit developer guide","fileTypesAndContributionMap":{}}]},{"date":"2025-03-18","commitResults":[{"hash":"8b2743d963ee6e49ea382e52746b8ab5ab7cf7dd","isMergeCommit":false,"messageTitle":"Add functionality to sort by an attribute","messageBody":"","fileTypesAndContributionMap":{"functional-code":{"insertions":119,"deletions":0}}}]},{"date":"2025-03-19","commitResults":[{"hash":"0903d7683e6ca6af560ff2bb56cff5764ddcdd5d","isMergeCommit":false,"messageTitle":"Implement parser for sort-attribute","messageBody":"","fileTypesAndContributionMap":{"functional-code":{"insertions":4,"deletions":0}}},{"hash":"ee1dcd512b57ad0dc3585757d254a5ec7fb571ff","isMergeCommit":false,"messageTitle":"Modify code to make sure the sorted list is shown on GUI","messageBody":"","fileTypesAndContributionMap":{"functional-code":{"insertions":1,"deletions":31},"test-code":{"insertions":8,"deletions":0}}},{"hash":"223cac1fd5e9fb23170548913fb5e7f300e9dc79","isMergeCommit":false,"messageTitle":"Add tests","messageBody":"","fileTypesAndContributionMap":{"functional-code":{"insertions":113,"deletions":31},"test-code":{"insertions":85,"deletions":0}}},{"hash":"b726b7307d1b8013426999e3018519b16a317289","isMergeCommit":false,"messageTitle":"Fix typos","messageBody":"","fileTypesAndContributionMap":{"functional-code":{"insertions":10,"deletions":15}}},{"hash":"c8f699d987b0f0fc0503d084f2fff2db800bc37b","isMergeCommit":false,"messageTitle":"Add missing Javadoc","messageBody":"","fileTypesAndContributionMap":{"functional-code":{"insertions":12,"deletions":8}}},{"hash":"e1e43426ac6839ff25d086b019a0b4ac37cec69c","isMergeCommit":false,"messageTitle":"Fix style erros","messageBody":"","fileTypesAndContributionMap":{"test-code":{"insertions":3,"deletions":6}}},{"hash":"dbf6dfd9ef206c2619aad5fe5e2e3330e2bf0f89","isMergeCommit":false,"messageTitle":"Fix method name","messageBody":"","fileTypesAndContributionMap":{"test-code":{"insertions":2,"deletions":2}}},{"hash":"9fe355cb65e186f67d9b340aba9ba4f458582871","isMergeCommit":false,"messageTitle":"Fix issues mentioned in code review","messageBody":"","fileTypesAndContributionMap":{"functional-code":{"insertions":3,"deletions":4}}},{"hash":"5b54fa1df5c9076a58820c6c960010caaf5f2167","isMergeCommit":false,"messageTitle":"Update user guide for sort-attribute","messageBody":"","fileTypesAndContributionMap":{"docs":{"insertions":13,"deletions":0}}},{"hash":"09597b6a0252eba354488689333e4c6d76bc463a","isMergeCommit":false,"messageTitle":"Update parser to match user guide","messageBody":"","fileTypesAndContributionMap":{"functional-code":{"insertions":1,"deletions":1}}},{"hash":"358651e06500bc5125de3b023b4a8f4142ced632","isMergeCommit":false,"messageTitle":"Edit to make sure attribute name is case-insensitive","messageBody":"","fileTypesAndContributionMap":{"functional-code":{"insertions":2,"deletions":2}}},{"hash":"30af63e5d2e41de06d69becca6a5a55fc185e42a","isMergeCommit":false,"messageTitle":"Update test for parser","messageBody":"","fileTypesAndContributionMap":{"test-code":{"insertions":0,"deletions":6}}},{"hash":"fbd905f5dcb9b2008c14d934e9d999704d58f266","isMergeCommit":true,"messageTitle":"Resolve merge conflict","messageBody":"","fileTypesAndContributionMap":{}},{"hash":"94c4ade6d1f41a057fd33d5758d002a6731de7da","isMergeCommit":true,"messageTitle":"Merge pull request #90 from OvOtter/sort-by-attribute","messageBody":"Add sort by attribute command","fileTypesAndContributionMap":{}},{"hash":"eeb847b25c0136f7dd232c47f104e8aed0be5db7","isMergeCommit":true,"messageTitle":"Merge pull request #92 from OvOtter/sort-attribute-ug","messageBody":"Add user guide for sort by attribute command","fileTypesAndContributionMap":{}},{"hash":"76f1e34a5f7401fbd8caca81aed1dcea54b688d9","isMergeCommit":false,"messageTitle":"Fix header for sort command","messageBody":"","fileTypesAndContributionMap":{"docs":{"insertions":1,"deletions":1}}},{"hash":"71d19eaff9ea99ed1a466024ad0ad0e45cf77a5e","isMergeCommit":false,"messageTitle":"Update UserGuide.md","messageBody":"","fileTypesAndContributionMap":{"docs":{"insertions":1,"deletions":1}}},{"hash":"d47e6319795693d8a2b33c825c5a4f83024224f9","isMergeCommit":false,"messageTitle":"Update UserGuide.md","messageBody":"","fileTypesAndContributionMap":{"docs":{"insertions":1,"deletions":1}}},{"hash":"a51f6b80553368433b9973ae01fc72e80bcf3474","isMergeCommit":true,"messageTitle":"Merge pull request #102 from OvOtter/sort-attribute-ug","messageBody":"Modify sort command user guide for consistency","fileTypesAndContributionMap":{}}]},{"date":"2025-03-26","commitResults":[{"hash":"b0a45866693f586138de090635f302b05c7f0567","isMergeCommit":false,"messageTitle":"Modify attribute related code to support sort-numerical","messageBody":"","fileTypesAndContributionMap":{"functional-code":{"insertions":139,"deletions":26},"other":{"insertions":6,"deletions":2}}},{"hash":"9240cd68fa90e299518bcaac38c8925e20b5a346","isMergeCommit":false,"messageTitle":"Make new classes for LexSort and NumSort","messageBody":"","fileTypesAndContributionMap":{"functional-code":{"insertions":84,"deletions":25}}},{"hash":"8266a846a4e8b134a23c8b044a9ef226a9287531","isMergeCommit":false,"messageTitle":"Implement parser for the two sort commands","messageBody":"","fileTypesAndContributionMap":{"functional-code":{"insertions":69,"deletions":4},"other":{"insertions":9,"deletions":9}}},{"hash":"12d4bf58965611393e8c2a8affebb3914b32e874","isMergeCommit":false,"messageTitle":"Fix typo in AddComand usage message","messageBody":"","fileTypesAndContributionMap":{"functional-code":{"insertions":1,"deletions":1}}},{"hash":"452c694632b4060336a05298c57a206d0a93a6bf","isMergeCommit":false,"messageTitle":"Integrade find nearest attribute name","messageBody":"","fileTypesAndContributionMap":{"functional-code":{"insertions":23,"deletions":1}}},{"hash":"8df94bbdb753ae097193c10dc4ddbe297b10283e","isMergeCommit":false,"messageTitle":"Move parser for string -\u003e double into ParserUtil","messageBody":"","fileTypesAndContributionMap":{"functional-code":{"insertions":21,"deletions":18}}},{"hash":"d5c6b90a5becb6901d6a90c9d48d401ba19d1361","isMergeCommit":false,"messageTitle":"Fix typo: parse attribute value not name to double","messageBody":"","fileTypesAndContributionMap":{"functional-code":{"insertions":11,"deletions":8}}},{"hash":"8e3cc0f6a87bc24a1549675a9c9d0b032ccb4302","isMergeCommit":true,"messageTitle":"Fix merge conflicts","messageBody":"","fileTypesAndContributionMap":{}},{"hash":"fbd08adf8891253d617964a328db3f79a9515b16","isMergeCommit":false,"messageTitle":"Fix style erros","messageBody":"","fileTypesAndContributionMap":{"functional-code":{"insertions":8,"deletions":2},"other":{"insertions":16,"deletions":16}}},{"hash":"b1da47dcea317d90e0bb0c61e8873b313b4cc323","isMergeCommit":false,"messageTitle":"Remove ouput lines for testing","messageBody":"","fileTypesAndContributionMap":{"functional-code":{"insertions":0,"deletions":2}}},{"hash":"dd598f7f4b7dbf8ef6a8070649a3a815b9c7b381","isMergeCommit":false,"messageTitle":"Fix more style errors","messageBody":"","fileTypesAndContributionMap":{"functional-code":{"insertions":6,"deletions":1}}},{"hash":"063e717e5a5ed1c6f282051fc42836a108d9bc93","isMergeCommit":false,"messageTitle":"Bring back UndoCommand in main parser","messageBody":"","fileTypesAndContributionMap":{"functional-code":{"insertions":4,"deletions":0}}},{"hash":"719137fbafb354cbbc3357159081e62360502c81","isMergeCommit":false,"messageTitle":"Fix things to pass checks","messageBody":"","fileTypesAndContributionMap":{"functional-code":{"insertions":2,"deletions":1},"other":{"insertions":9,"deletions":8},"test-code":{"insertions":2,"deletions":1}}},{"hash":"ab9e0464275ac9b5f4ac5e6514f3eba1ff2174a1","isMergeCommit":false,"messageTitle":"Change inheritance structure for SortCommand","messageBody":"","fileTypesAndContributionMap":{"functional-code":{"insertions":23,"deletions":35}}},{"hash":"e4ff250089a1c3d74163e6ee19147b6de51da297","isMergeCommit":false,"messageTitle":"Implement the warning message for entries without numValue","messageBody":"","fileTypesAndContributionMap":{"functional-code":{"insertions":41,"deletions":6},"test-code":{"insertions":10,"deletions":0}}},{"hash":"5f41159a6e6d72bd760eea533e53d4e00374e4f4","isMergeCommit":false,"messageTitle":"Add some tests","messageBody":"","fileTypesAndContributionMap":{"functional-code":{"insertions":2,"deletions":4},"test-code":{"insertions":58,"deletions":0}}},{"hash":"5cf0249edcf09483e3673d8c7bddd0f1864ab71e","isMergeCommit":false,"messageTitle":"Fix style errors","messageBody":"","fileTypesAndContributionMap":{"test-code":{"insertions":2,"deletions":2}}},{"hash":"769d3e8fdf48c64708a90ec4a753b22b40f11595","isMergeCommit":false,"messageTitle":"Update User Guide","messageBody":"","fileTypesAndContributionMap":{"docs":{"insertions":19,"deletions":2}}},{"hash":"0e7766d78da461b03c5e0527b553ad2f7deb91bb","isMergeCommit":true,"messageTitle":"Resolve merge conflicts","messageBody":"","fileTypesAndContributionMap":{}},{"hash":"79ed1b8eee735a6d2955bba155f3783f46e153f8","isMergeCommit":false,"messageTitle":"Add back section on link command","messageBody":"","fileTypesAndContributionMap":{"docs":{"insertions":25,"deletions":0}}},{"hash":"1179b55087bf643e7820900bebbf9e53008e2833","isMergeCommit":false,"messageTitle":"Fix spacing","messageBody":"","fileTypesAndContributionMap":{"docs":{"insertions":4,"deletions":4}}},{"hash":"02d55e62bb70a4de1805d219c61b58f690e81cde","isMergeCommit":false,"messageTitle":"Add back lines deleted accidentally","messageBody":"","fileTypesAndContributionMap":{"docs":{"insertions":2,"deletions":0}}},{"hash":"6d1a4663a9d2b3a60970269b487d3476ce792aee","isMergeCommit":false,"messageTitle":"Mention display of warning in sort-num","messageBody":"","fileTypesAndContributionMap":{"docs":{"insertions":3,"deletions":2}}}]},{"date":"2025-03-27","commitResults":[{"hash":"dc9f70cd25e375847104367996d0adc21133874e","isMergeCommit":true,"messageTitle":"Merge pull request #187 from OvOtter/numerical-sort-ug","messageBody":"Update User Guide to include numeric attribute description","fileTypesAndContributionMap":{}},{"hash":"a87265e4baa757ed053e2dc14a708b4353f3ac78","isMergeCommit":false,"messageTitle":"Fix bugs with warning when filter is applied","messageBody":"","fileTypesAndContributionMap":{"functional-code":{"insertions":10,"deletions":17}}},{"hash":"5a2e17175abaa87f8d7b15d127724fb30b98b877","isMergeCommit":false,"messageTitle":"Add parent class to 2 parsers for sort","messageBody":"","fileTypesAndContributionMap":{"functional-code":{"insertions":73,"deletions":104}}},{"hash":"c282f1f762dc869223c3b5d3e984488336673619","isMergeCommit":false,"messageTitle":"Fix logic to display warning","messageBody":"","fileTypesAndContributionMap":{"functional-code":{"insertions":4,"deletions":1}}},{"hash":"c593c9f85e37c39c0288bc21da00750d890dce79","isMergeCommit":false,"messageTitle":"Update user guide to align with latest logic of sort-num","messageBody":"","fileTypesAndContributionMap":{"docs":{"insertions":2,"deletions":2}}},{"hash":"d70e09571699f6df4d9cd0c85f70efc45f6b83cb","isMergeCommit":false,"messageTitle":"Fix codes based on comments","messageBody":"","fileTypesAndContributionMap":{"functional-code":{"insertions":3,"deletions":9}}},{"hash":"ae14d170041a16df9b1ec3de9f15855c28338425","isMergeCommit":false,"messageTitle":"Add Sequence Diagram for the 2 sort commands","messageBody":"","fileTypesAndContributionMap":{"docs":{"insertions":172,"deletions":0}}},{"hash":"8e0d30829f8f719869ae7fbf4afc625dd063a9cd","isMergeCommit":true,"messageTitle":"Merge pull request #178 from OvOtter/numerical-sort","messageBody":"Add support for numeric attribute type","fileTypesAndContributionMap":{}},{"hash":"5dc48cf80daf008e5c66cea5f969cba70427dfbf","isMergeCommit":false,"messageTitle":"Add new diagrams into Developer Guide","messageBody":"","fileTypesAndContributionMap":{"docs":{"insertions":11,"deletions":0}}},{"hash":"6a2281fcc55a194b774f846b53d14ef7c9262581","isMergeCommit":false,"messageTitle":"Edit structure of user guide for sort-num","messageBody":"","fileTypesAndContributionMap":{"docs":{"insertions":1,"deletions":1}}},{"hash":"087925106d327baab7d2cb5c2aff9895eff87b71","isMergeCommit":true,"messageTitle":"Merge branch \u0027master\u0027 of https://github.com/OvOtter/tp into numerical-sort-ug","messageBody":"","fileTypesAndContributionMap":{}},{"hash":"c5dd54f73a757897a8f6d5eb4c3bf9951aaa3517","isMergeCommit":true,"messageTitle":"Merge branch \u0027master\u0027 of https://github.com/OvOtter/tp into numerical-sort-ug","messageBody":"","fileTypesAndContributionMap":{}},{"hash":"587b442e02881a3fbdf2671d60ae7aa544d20f8f","isMergeCommit":false,"messageTitle":"Edit warning message phrasing for sort-num","messageBody":"","fileTypesAndContributionMap":{"functional-code":{"insertions":1,"deletions":1}}},{"hash":"6b9c7708bc70bdef01a6e65c1608b9060020796f","isMergeCommit":true,"messageTitle":"Merge pull request #193 from OvOtter/SortSequenceDiagram","messageBody":"Make SortSequenceDiagram","fileTypesAndContributionMap":{}},{"hash":"6d0e5a92b208186c84a2c01a4d33c3e903bccd3a","isMergeCommit":true,"messageTitle":"Merge pull request #191 from OvOtter/numerical-sort-ug","messageBody":"Update User Guide for sort-num to align with the latest change","fileTypesAndContributionMap":{}}]},{"date":"2025-04-02","commitResults":[{"hash":"a69badf899f9c3b116f4ae83127f78d88ccac6a4","isMergeCommit":false,"messageTitle":"Modify warning messages for sort commands","messageBody":"","fileTypesAndContributionMap":{"functional-code":{"insertions":45,"deletions":10},"test-code":{"insertions":10,"deletions":0}}},{"hash":"6a444fff10ec621fc6889b223538a229e05d513e","isMergeCommit":false,"messageTitle":"Update user guide","messageBody":"","fileTypesAndContributionMap":{"docs":{"insertions":4,"deletions":2}}},{"hash":"eb24819fdbc022ff514f90097ec27bd980fe6505","isMergeCommit":false,"messageTitle":"Update UserGuide.md","messageBody":"","fileTypesAndContributionMap":{"docs":{"insertions":1,"deletions":1}}},{"hash":"8e0162e217e4014f60fd29627709afc907dad099","isMergeCommit":false,"messageTitle":"Fix typo","messageBody":"","fileTypesAndContributionMap":{"functional-code":{"insertions":3,"deletions":3}}},{"hash":"e597c3f225b6716b8e977310739ea5b3cf05ffdb","isMergeCommit":true,"messageTitle":"Merge pull request #270 from OvOtter/sort-warning-ug","messageBody":"Update user guide to reflect the updated warning messages for sort commands","fileTypesAndContributionMap":{}},{"hash":"7a6329aac9b8ffd1134c9da6b4f2dff7bf7cda88","isMergeCommit":true,"messageTitle":"Merge pull request #268 from OvOtter/sort-warning","messageBody":"Modify warning messages for sort commands to improve clarity","fileTypesAndContributionMap":{}}]}],"luna-ortus-cor":[{"date":"2025-02-27","commitResults":[{"hash":"bd57ccb12f96e0a959292b8bf417150877abcbf0","isMergeCommit":false,"messageTitle":"Add russell about us","messageBody":"","fileTypesAndContributionMap":{"docs":{"insertions":6,"deletions":6}}},{"hash":"40ce265350a90bd5e435f78528ba2e3cee4f4721","isMergeCommit":true,"messageTitle":"Merge pull request #26 from AY2425S2-CS2103T-T10-1/branch-update-aboutus-russell","messageBody":"Add russell about us","fileTypesAndContributionMap":{}},{"hash":"d70f720f87861e70a9f130a56b002b4e9ba2a630","isMergeCommit":true,"messageTitle":"Merge pull request #27 from samuelneo/update-aboutus-samuel","messageBody":"Update AboutUs.md to include Samuel","fileTypesAndContributionMap":{}},{"hash":"54a1e62242102045a4d8503d0723849afbb358b0","isMergeCommit":true,"messageTitle":"Merge pull request #23 from kai824/update-description","messageBody":"Update about us to include Yi Kai","fileTypesAndContributionMap":{}}]},{"date":"2025-03-04","commitResults":[{"hash":"ab645423ffaff1306e6ea4fef83eb30f9877d5e4","isMergeCommit":false,"messageTitle":"Update original source code acknowledgement","messageBody":"","fileTypesAndContributionMap":{"docs":{"insertions":2,"deletions":0}}},{"hash":"3a100d85327069a46bdad4291d7e5ab3613e6acd","isMergeCommit":false,"messageTitle":"Update developer guide with target user profile and value proposition","messageBody":"","fileTypesAndContributionMap":{"docs":{"insertions":3,"deletions":3}}}]},{"date":"2025-03-06","commitResults":[{"hash":"a20d19de1554564031b4088e3d2f3593b86bc8cf","isMergeCommit":true,"messageTitle":"Merge pull request #39 from luna-ortus-cor/branch-update-original-source-code-acknowledgement","messageBody":"Update original source code acknowledgement","fileTypesAndContributionMap":{}},{"hash":"020132f12d306414e5f1d767496f92f72915aa1e","isMergeCommit":true,"messageTitle":"Merge pull request #41 from luna-ortus-cor/branch-update-developer-guide-target-user-profile-value-proposition","messageBody":"Branch update developer guide target user profile value proposition","fileTypesAndContributionMap":{}}]},{"date":"2025-03-13","commitResults":[{"hash":"6b83b7027cb10ac4a8d963ab626e2fd605ba9563","isMergeCommit":false,"messageTitle":"Update user guide for add attribute","messageBody":"","fileTypesAndContributionMap":{"docs":{"insertions":14,"deletions":0}}},{"hash":"39c6fea175e49ac3660cbf07002a6c2df6acbc7d","isMergeCommit":true,"messageTitle":"Merge pull request #70 from luna-ortus-cor/branch-update-user-guide-add-attribute","messageBody":"Update user guide for add attribute","fileTypesAndContributionMap":{}}]},{"date":"2025-03-19","commitResults":[{"hash":"7dc27f20698cc279a1321dd8ebfc9b681e3281b6","isMergeCommit":false,"messageTitle":"Update edit command","messageBody":"","fileTypesAndContributionMap":{"functional-code":{"insertions":105,"deletions":6},"test-code":{"insertions":12,"deletions":0}}}]},{"date":"2025-03-20","commitResults":[{"hash":"fd8736b404ed4455d0f1c4b2f669687bb1babb61","isMergeCommit":false,"messageTitle":"Update edit command","messageBody":"","fileTypesAndContributionMap":{"functional-code":{"insertions":73,"deletions":29},"test-code":{"insertions":39,"deletions":3}}},{"hash":"e8c3dcdb29013b69c3e4f673c7143cf97009337b","isMergeCommit":false,"messageTitle":"Update edit command in user guide","messageBody":"","fileTypesAndContributionMap":{"docs":{"insertions":9,"deletions":3}}}]},{"date":"2025-03-25","commitResults":[{"hash":"1caa0fced634a1145503eb1c19d6a8447b60ea8e","isMergeCommit":false,"messageTitle":"Add command navigation via arrow key presses","messageBody":"","fileTypesAndContributionMap":{"functional-code":{"insertions":40,"deletions":0}}},{"hash":"774dfe96c0437b7be220eb9f1d3e6e24229ca18d","isMergeCommit":true,"messageTitle":"Merge pull request #146 from luna-ortus-cor/branch-navigate-commands-using-arrows","messageBody":"Add command navigation via arrow key presses","fileTypesAndContributionMap":{}}]},{"date":"2025-03-26","commitResults":[{"hash":"872c4dd034c511c8e2d2a3f9a931a875a48a2eff","isMergeCommit":false,"messageTitle":"Update user guide for command navigation","messageBody":"","fileTypesAndContributionMap":{"docs":{"insertions":12,"deletions":0}}}]},{"date":"2025-03-27","commitResults":[{"hash":"8e7c2537143d5bb12efdb4528591173c5b91bdc0","isMergeCommit":false,"messageTitle":"Update BetterModelClassDiagram","messageBody":"","fileTypesAndContributionMap":{"docs":{"insertions":1,"deletions":1}}}]},{"date":"2025-03-28","commitResults":[{"hash":"f3a8c40af6e1884f95766bb231a3e58127bcb8da","isMergeCommit":false,"messageTitle":"Update user guide as per CS2101 preliminary feedback","messageBody":"","fileTypesAndContributionMap":{"docs":{"insertions":15,"deletions":9}}},{"hash":"76b1092c02a6c09259292b7cbfae604b921612c7","isMergeCommit":false,"messageTitle":"Update BetterModelClassDiagram.puml","messageBody":"","fileTypesAndContributionMap":{"docs":{"insertions":3,"deletions":3}}},{"hash":"4cecb6b198a93b57e39f881f704223500787e4ba","isMergeCommit":false,"messageTitle":"Update BetterModelClassDiagram.puml","messageBody":"","fileTypesAndContributionMap":{"docs":{"insertions":4,"deletions":0}}},{"hash":"9e4c151fc0c5a80ba4e3fe8d433d8320215e2e7c","isMergeCommit":false,"messageTitle":"Update UserGuide.md","messageBody":"","fileTypesAndContributionMap":{"docs":{"insertions":1,"deletions":1}}},{"hash":"6357c68f7d0b9996a6db908cea3fc67d7568926a","isMergeCommit":true,"messageTitle":"Merge pull request #202 from luna-ortus-cor/branch-update-bettermodelclassdiagram","messageBody":"Update BetterModelClassDiagram","fileTypesAndContributionMap":{}},{"hash":"61f292d16cce898a9a6ea8bcfb6ef6f4ccf6a13e","isMergeCommit":false,"messageTitle":"Update UserGuide.md","messageBody":"","fileTypesAndContributionMap":{"docs":{"insertions":4,"deletions":4}}},{"hash":"49b3a3a07497473c03f7780f12447d0e5086d332","isMergeCommit":true,"messageTitle":"Merge pull request #203 from luna-ortus-cor/branch-update-user-guide-language-improvement","messageBody":"Update user guide as per CS2101 preliminary feedback, update instances of arrow keys to keyboard markup","fileTypesAndContributionMap":{}}]},{"date":"2025-03-31","commitResults":[{"hash":"1f741fc930a142c7a752fcf9a4e4ea34d2321d69","isMergeCommit":false,"messageTitle":"Update edit command to handle remove attributes correctly","messageBody":"","fileTypesAndContributionMap":{"functional-code":{"insertions":24,"deletions":1}}},{"hash":"24a5e18b77936fe69358be171eba4785577f3fe1","isMergeCommit":false,"messageTitle":"Update user guide","messageBody":"","fileTypesAndContributionMap":{"docs":{"insertions":88,"deletions":31}}},{"hash":"10f7c22298bec399b598f3c7e183abf24293aae0","isMergeCommit":false,"messageTitle":"Update user guide","messageBody":"","fileTypesAndContributionMap":{"docs":{"insertions":28,"deletions":26}}},{"hash":"128ec287b959dee30c8377f41d6da03bdb851604","isMergeCommit":false,"messageTitle":"Update user guide","messageBody":"","fileTypesAndContributionMap":{"docs":{"insertions":29,"deletions":29}}},{"hash":"ef2c01ed109123694b6b8737f5ff75a43e5dad28","isMergeCommit":false,"messageTitle":"Update UserGuide.md","messageBody":"","fileTypesAndContributionMap":{"docs":{"insertions":1,"deletions":1}}},{"hash":"60ff03a3f3919ee7df2c356d65d7a2543e47df63","isMergeCommit":true,"messageTitle":"Merge pull request #243 from luna-ortus-cor/branch-update-edit-command-throw-exception-if-remove-attribute-notexists","messageBody":"Update edit command to handle remove attributes correctly","fileTypesAndContributionMap":{}}]},{"date":"2025-04-01","commitResults":[{"hash":"54165a02defda378bd22ca58caae0411bda3e552","isMergeCommit":false,"messageTitle":"Update UserGuide.md","messageBody":"","fileTypesAndContributionMap":{"docs":{"insertions":1,"deletions":1}}},{"hash":"e723e1ac12a0b072aac61bd1618f6996df5be8ba","isMergeCommit":false,"messageTitle":"Update UserGuide.md","messageBody":"","fileTypesAndContributionMap":{"docs":{"insertions":1,"deletions":1}}},{"hash":"09fe2963396b0a85f873b7ebcb9606870e1837da","isMergeCommit":false,"messageTitle":"Update UserGuide.md","messageBody":"","fileTypesAndContributionMap":{"docs":{"insertions":1,"deletions":1}}},{"hash":"cf0e41fa6bffc7714876426d170173742ab4a272","isMergeCommit":false,"messageTitle":"Update README.md","messageBody":"","fileTypesAndContributionMap":{"docs":{"insertions":2,"deletions":1}}},{"hash":"c48d8ed61db54cd2d354480df8f08226bfcfd00d","isMergeCommit":true,"messageTitle":"Merge pull request #245 from luna-ortus-cor/branch-update-user-guide-v1.5","messageBody":"Branch update user guide v1.5","fileTypesAndContributionMap":{}}]},{"date":"2025-04-02","commitResults":[{"hash":"98f328c8970dc5321d8ed09755e614168fe74dbe","isMergeCommit":false,"messageTitle":"Update DeveloperGuide.md","messageBody":"","fileTypesAndContributionMap":{"docs":{"insertions":2,"deletions":1}}}]},{"date":"2025-04-03","commitResults":[{"hash":"63c3f9e1ca8af3ebff1b0abdfe0cc89a8cc4f16f","isMergeCommit":true,"messageTitle":"Merge pull request #279 from luna-ortus-cor/branch-update-developer-guide","messageBody":"Update DeveloperGuide.md","fileTypesAndContributionMap":{}}]}],"kai824":[{"date":"2025-02-27","commitResults":[{"hash":"d3216070c01cf76df0a37644442b45aaab198743","isMergeCommit":true,"messageTitle":"Merge pull request #5 from samuelneo/codecov-config","messageBody":"Add Codecov configuration","fileTypesAndContributionMap":{}},{"hash":"4d2e5587e5cf9647752af4f1646f06493225d658","isMergeCommit":false,"messageTitle":"Update about us","messageBody":"","fileTypesAndContributionMap":{"docs":{"insertions":5,"deletions":5}}},{"hash":"d873507d9986e51db0c42d94fb8a14990147b846","isMergeCommit":true,"messageTitle":"Merge pull request #25 from h-b-k-nishi/update-aboutus","messageBody":"Update AboutUs to include Hibiki","fileTypesAndContributionMap":{}},{"hash":"99b323cf806003c43d2809557391616b873162c3","isMergeCommit":false,"messageTitle":"Add portfolio empty file","messageBody":"","fileTypesAndContributionMap":{"docs":{"insertions":1,"deletions":0}}}]},{"date":"2025-03-02","commitResults":[{"hash":"981d14f7dadfe5356ac094f2c1b6796b46b8b56b","isMergeCommit":false,"messageTitle":"Add user stories to developer guide","messageBody":"","fileTypesAndContributionMap":{"docs":{"insertions":24,"deletions":6}}}]},{"date":"2025-03-03","commitResults":[{"hash":"deceeed929e516b8754783154db058eed89a3926","isMergeCommit":true,"messageTitle":"Merge pull request #34 from kai824/update-dev-guide","messageBody":"Update user stories in developer guide","fileTypesAndContributionMap":{}}]},{"date":"2025-03-06","commitResults":[{"hash":"61bb6e538b282689de69e95506364a08a976219f","isMergeCommit":true,"messageTitle":"Merge pull request #36 from kai824/add-ui-mockup","messageBody":"Update Ui mockup","fileTypesAndContributionMap":{}}]},{"date":"2025-03-12","commitResults":[{"hash":"65ce430902c77b403e050c5f582d62c6a411342c","isMergeCommit":false,"messageTitle":"Add command to remove attribute (#60)","messageBody":"* Add code structure for remove attribute command\n\n* Implement attribute removal\n\n* Refactor command to use Name to check matching name\n\n* Update attribute name check to be case insensitive\n\n* Fix checkstyle issues\n\n* Update test to reflect updated logic\n\n* Modify remove-attribute to remove person by index\n\n* Handle removing multiple attributes\n\n* Update usage instruction\n\n* Fix coding style issues","fileTypesAndContributionMap":{"functional-code":{"insertions":151,"deletions":1}}}]},{"date":"2025-03-13","commitResults":[{"hash":"8b7fc2069a4e5e67503a846b136f90819977d2f0","isMergeCommit":false,"messageTitle":"Fix javadoc (#68)","messageBody":"","fileTypesAndContributionMap":{"functional-code":{"insertions":4,"deletions":0}}}]},{"date":"2025-03-15","commitResults":[{"hash":"4858d5fef0acb92b92cf268baa5832a504865844","isMergeCommit":false,"messageTitle":"Update user guide for remove-attribute command (#73)","messageBody":"* Update user guide\n\n* Add ellipsis","fileTypesAndContributionMap":{"docs":{"insertions":15,"deletions":0}}}]},{"date":"2025-03-18","commitResults":[{"hash":"8ebc8bd2d7d518f4daef3710065fe8e3b9664151","isMergeCommit":false,"messageTitle":"Update add command (#81)","messageBody":"* Add functionality to have attributes when adding new Person\n\n* Reject duplicate attributes\n\n* Update tests for AddCommandParser\n\n* Update parserutil to check for different case duplicates\n\n* Update add command help message","fileTypesAndContributionMap":{"functional-code":{"insertions":16,"deletions":6},"test-code":{"insertions":57,"deletions":5}}},{"hash":"53bfa8ab8812cd4f8e1349291a2d93ca2ca1e9f8","isMergeCommit":false,"messageTitle":"Raise exception if data file has duplicate attributes (#82)","messageBody":"","fileTypesAndContributionMap":{"functional-code":{"insertions":6,"deletions":0}}},{"hash":"58ab31f1c1f4cdfaa7d03d97ec11dff30b074e56","isMergeCommit":false,"messageTitle":"Update add command user guide (#83)","messageBody":"","fileTypesAndContributionMap":{"docs":{"insertions":4,"deletions":4}}}]},{"date":"2025-03-20","commitResults":[{"hash":"1c7c480ac9649247d3aaf4c0b9cc220ca35d203f","isMergeCommit":false,"messageTitle":"Update help command URL","messageBody":"","fileTypesAndContributionMap":{"functional-code":{"insertions":1,"deletions":1}}},{"hash":"9051a6a267e73d594a741c16fb51c1db3d995256","isMergeCommit":false,"messageTitle":"Update app name on developer guide","messageBody":"","fileTypesAndContributionMap":{"docs":{"insertions":1,"deletions":1}}},{"hash":"273034e99a617d57a20e2d7ff615e64fb8bb91b3","isMergeCommit":true,"messageTitle":"Update help command URL (#126)","messageBody":"* Update help command URL\n\n* Update app name on developer guide","tags":["v1.3"],"fileTypesAndContributionMap":{}}]},{"date":"2025-03-25","commitResults":[{"hash":"ece93436589e387d26f9cd7aaa79c26d00c88ba4","isMergeCommit":false,"messageTitle":"Add stub for Undo command","messageBody":"","fileTypesAndContributionMap":{"functional-code":{"insertions":22,"deletions":0}}},{"hash":"9d783b027880fe5d5fdf8730549a45a9f5a50888","isMergeCommit":false,"messageTitle":"Implement Undo with a stack","messageBody":"","fileTypesAndContributionMap":{"functional-code":{"insertions":48,"deletions":3}}},{"hash":"e4090e225a35c96082b7ed5e74dbefbac86b28df","isMergeCommit":false,"messageTitle":"Update EditCommand to edit on new Person instead","messageBody":"","fileTypesAndContributionMap":{"functional-code":{"insertions":8,"deletions":4}}},{"hash":"65aa9d686dbd4c1889762ab117d25914d82908a7","isMergeCommit":false,"messageTitle":"Ignore non-changing states when loading last state","messageBody":"","fileTypesAndContributionMap":{"functional-code":{"insertions":5,"deletions":1}}},{"hash":"ebe9cae95559aa91a7bb5180d3ce9efee4a30a73","isMergeCommit":false,"messageTitle":"Add tests","messageBody":"","fileTypesAndContributionMap":{"test-code":{"insertions":212,"deletions":0}}},{"hash":"be9849055411eb644391176ae0baef74f366f651","isMergeCommit":false,"messageTitle":"Remove unnecessary check","messageBody":"Because of how ModelManager ignores equivalent previous states revertLastState, this check is no longer needed\n","fileTypesAndContributionMap":{"functional-code":{"insertions":1,"deletions":4}}},{"hash":"efb1e89c3739f35e2584d2de3b492f163bba6ca2","isMergeCommit":true,"messageTitle":"Merge pull request #161 from kai824/undo-command-stack","messageBody":"Implement Undo Command using a stack","fileTypesAndContributionMap":{}},{"hash":"a651a2592f26f4408236e76e64505d28297bebdf","isMergeCommit":false,"messageTitle":"Update user guide to reflect Undo","messageBody":"","fileTypesAndContributionMap":{"docs":{"insertions":12,"deletions":0}}},{"hash":"e8f3f201b8bbb129a5c098a591ba41c6928abcad","isMergeCommit":false,"messageTitle":"Update user guide based updates to Undo","messageBody":"","fileTypesAndContributionMap":{"docs":{"insertions":6,"deletions":4}}},{"hash":"d84d48b1cf7fe9e57ee374b310c707dc361d1bca","isMergeCommit":true,"messageTitle":"Merge pull request #156 from kai824/update-user-guide-1.4","messageBody":"Update user guide to reflect Undo","fileTypesAndContributionMap":{}}]},{"date":"2025-03-26","commitResults":[{"hash":"106196f39b4dc9926dd2d7296a137dc5f2cc80e4","isMergeCommit":false,"messageTitle":"Update ModelClassDiagram","messageBody":"","fileTypesAndContributionMap":{"docs":{"insertions":4,"deletions":4}}},{"hash":"c9b9dce433b0810f0e587779e9bd85728e132f5f","isMergeCommit":false,"messageTitle":"Update multiplicity","messageBody":"","fileTypesAndContributionMap":{"docs":{"insertions":1,"deletions":1}}},{"hash":"6f056cbc59899ac1c2a9100fed933d4359586ccb","isMergeCommit":true,"messageTitle":"Merge pull request #167 from kai824/update-class-diagram","messageBody":"Update ModelClassDiagram","fileTypesAndContributionMap":{}},{"hash":"285df329df3d00f96cb13b74eb491343e33b3ba3","isMergeCommit":false,"messageTitle":"Update AddressBook::equals","messageBody":"","fileTypesAndContributionMap":{"functional-code":{"insertions":1,"deletions":1}}},{"hash":"b5b8adde6108728f02d257a5b1e635f101bf724d","isMergeCommit":true,"messageTitle":"Merge pull request #180 from kai824/fix-179","messageBody":"Update AddressBook::equals","fileTypesAndContributionMap":{}}]},{"date":"2025-03-30","commitResults":[{"hash":"f50574aa6ac17802f044434b762f630847d5dae7","isMergeCommit":false,"messageTitle":"Update UndoCommand result","messageBody":"","fileTypesAndContributionMap":{"functional-code":{"insertions":29,"deletions":18},"test-code":{"insertions":4,"deletions":4}}},{"hash":"93b3303d03906f71f3ca44042e1c3cbf5c292271","isMergeCommit":false,"messageTitle":"Update tests","messageBody":"","fileTypesAndContributionMap":{"test-code":{"insertions":39,"deletions":22}}},{"hash":"146f3941e50304a679799e826b9e80f88873f2b3","isMergeCommit":false,"messageTitle":"Clear filters after undo","messageBody":"","fileTypesAndContributionMap":{"functional-code":{"insertions":1,"deletions":0}}},{"hash":"1ac66eee1bc1b934d90d89cf73600dd5a1df1027","isMergeCommit":false,"messageTitle":"Update user guide","messageBody":"","fileTypesAndContributionMap":{"docs":{"insertions":5,"deletions":3}}},{"hash":"c82fa831c6f42067a96573869ed5027a03f7eb19","isMergeCommit":true,"messageTitle":"Merge pull request #211 from kai824/fix-210","messageBody":"Show associated command text when undoing command","fileTypesAndContributionMap":{}}]},{"date":"2025-03-31","commitResults":[{"hash":"ee5b1c44a1e812a8b4b3bc8157f997918e42bb47","isMergeCommit":false,"messageTitle":"Fix logic for updating personList","messageBody":"","fileTypesAndContributionMap":{"functional-code":{"insertions":53,"deletions":4}}},{"hash":"6edbbe7d72b5459e634e295853be0e93a9a977e5","isMergeCommit":false,"messageTitle":"Beautify code","messageBody":"","fileTypesAndContributionMap":{"functional-code":{"insertions":2,"deletions":2}}},{"hash":"07588b3b052d23f6e13ee5cd57b97b708d24773e","isMergeCommit":true,"messageTitle":"Merge pull request #247 from kai824/fix-209","messageBody":"Fix logic for updating personList","fileTypesAndContributionMap":{}},{"hash":"7e85e6049609b3923a13cfb6d613fb7a0b46ee83","isMergeCommit":false,"messageTitle":"Update JsonAdaptedAttribute::getAttributeName","messageBody":"Seems we forgot to update getAttributeName() to return lowercase\nattributeName in the JsonAdaptedAttribute. Now matches the behaviour of Attribute class.\n","fileTypesAndContributionMap":{"functional-code":{"insertions":1,"deletions":1}}},{"hash":"74b674744da0a01cc436c3ed49760212599cf2fc","isMergeCommit":true,"messageTitle":"Merge pull request #248 from kai824/fix-215","messageBody":"Fix validation of duplicate attribute names in JSON data","fileTypesAndContributionMap":{}}]},{"date":"2025-04-01","commitResults":[{"hash":"ae39e58c6e6409a20ac540412424605cc1fc267b","isMergeCommit":false,"messageTitle":"Remove scrolling in PersonListPanel::showLastPerson","messageBody":"","fileTypesAndContributionMap":{"functional-code":{"insertions":13,"deletions":6}}},{"hash":"3e03d214a16fad0f20c3ad8cba1c1d8084eae534","isMergeCommit":true,"messageTitle":"Merge pull request #253 from kai824/fix-252","messageBody":"Stop scrolling to selected Person after every command","fileTypesAndContributionMap":{}},{"hash":"68198ddca1ac15958f929a45f69eeab2339b8ece","isMergeCommit":false,"messageTitle":"Add elaboration to Undo in user guide","messageBody":"","fileTypesAndContributionMap":{"docs":{"insertions":13,"deletions":2}}},{"hash":"91cdd95b852dd96b6d80f65828d6d3666689270c","isMergeCommit":false,"messageTitle":"Update user guide","messageBody":"","fileTypesAndContributionMap":{"docs":{"insertions":8,"deletions":9}}},{"hash":"27c36c0234dac46ffbfd50c06f898e141987db78","isMergeCommit":false,"messageTitle":"Use sort-num for graduation year example in user guide","messageBody":"","fileTypesAndContributionMap":{"docs":{"insertions":1,"deletions":1}}}]},{"date":"2025-04-02","commitResults":[{"hash":"27e60a74a8bfde2a2cc915450ab37fa5dd2f50d1","isMergeCommit":true,"messageTitle":"Merge pull request #257 from kai824/fix-255","messageBody":"Update user guide","fileTypesAndContributionMap":{}},{"hash":"f73c314555bf8c2d60e18625aa33a5dd1962856e","isMergeCommit":true,"messageTitle":"Merge pull request #256 from kai824/fix-232","messageBody":"Elaborate more in user guide for `UndoCommand`","fileTypesAndContributionMap":{}},{"hash":"74f01510eb8c1827decba0eb8a85cae953f4c53a","isMergeCommit":false,"messageTitle":"Update developer guide - implementation","messageBody":"","fileTypesAndContributionMap":{"docs":{"insertions":73,"deletions":268}}},{"hash":"813edb8a53e143fff1364c10fd588de5b0204f95","isMergeCommit":false,"messageTitle":"Fix issues highlighted by CI","messageBody":"","fileTypesAndContributionMap":{"docs":{"insertions":3,"deletions":3}}},{"hash":"d69c829449f48b6d18c6776512d03b8ff829ff89","isMergeCommit":false,"messageTitle":"Fix class names","messageBody":"","fileTypesAndContributionMap":{"docs":{"insertions":6,"deletions":6}}},{"hash":"49eae399f34db3bf69cd94b06dec5295c4576075","isMergeCommit":false,"messageTitle":"Remove spaces","messageBody":"","fileTypesAndContributionMap":{"docs":{"insertions":2,"deletions":2}}},{"hash":"d65518de507a86d0706acfb9f63daf9e1c754e80","isMergeCommit":false,"messageTitle":"Modify name validation regex to accept s/o and @","messageBody":"","fileTypesAndContributionMap":{"functional-code":{"insertions":2,"deletions":3}}},{"hash":"4d658fcfe8c76b4ad91cd4b7e12c4605777d1a2a","isMergeCommit":false,"messageTitle":"Update tests","messageBody":"","fileTypesAndContributionMap":{"test-code":{"insertions":6,"deletions":2}}},{"hash":"3fe415a40160ed438092196317b494a11c373fd0","isMergeCommit":true,"messageTitle":"Merge pull request #271 from kai824/fix-254","messageBody":"Update developer guide - implementation","fileTypesAndContributionMap":{}},{"hash":"4f6fb58701f9f21381edafa5f124fc42be126d50","isMergeCommit":false,"messageTitle":"Update MESSAGE_CONSTRAINTS","messageBody":"","fileTypesAndContributionMap":{"functional-code":{"insertions":1,"deletions":1}}},{"hash":"b2817005e1fd06978b1cd8a554e6218fdbb623b9","isMergeCommit":true,"messageTitle":"Merge pull request #274 from kai824/fix-258","messageBody":"Accept / and @ in names","fileTypesAndContributionMap":{}}]}],"h-b-k-nishi":[{"date":"2025-02-27","commitResults":[{"hash":"987a8cf7f581fd10919fb1cb1867c157bcde4df4","isMergeCommit":false,"messageTitle":"Update AboutUs.md","messageBody":"","fileTypesAndContributionMap":{"docs":{"insertions":14,"deletions":6}}},{"hash":"0d57a7b2ba620a33adc24ea85ea469ebf9482add","isMergeCommit":false,"messageTitle":"Add EOF","messageBody":"","fileTypesAndContributionMap":{"docs":{"insertions":1,"deletions":1}}}]},{"date":"2025-03-04","commitResults":[{"hash":"e997e2a502059209fc746a96a15a9e1afdf9a52a","isMergeCommit":false,"messageTitle":"Update the top title of project website","messageBody":"","fileTypesAndContributionMap":{"docs":{"insertions":1,"deletions":1}}},{"hash":"8b15d0c63b8bf0c91b37f33aa4335cc354573f65","isMergeCommit":false,"messageTitle":"Add further non-functional requirements","messageBody":"","fileTypesAndContributionMap":{"docs":{"insertions":7,"deletions":1}}}]},{"date":"2025-03-06","commitResults":[{"hash":"b70184748a421297ba3fa4d9a2650d9c575068e4","isMergeCommit":true,"messageTitle":"Merge pull request #42 from h-b-k-nishi/site-setting","messageBody":"Update the top title of project website","fileTypesAndContributionMap":{}},{"hash":"67b618ee697188175e6cc4cd5a3833407371012e","isMergeCommit":true,"messageTitle":"Merge pull request #45 from h-b-k-nishi/update-dg","messageBody":"Add further non-functional requirements to the Developer Guide","fileTypesAndContributionMap":{}}]},{"date":"2025-03-12","commitResults":[{"hash":"9c3c79ba2717b3c1476a4a57bd49ed4fa61b33b3","isMergeCommit":false,"messageTitle":"Implement FilterCommand class and a necessary predicate class","messageBody":"","fileTypesAndContributionMap":{"functional-code":{"insertions":73,"deletions":0},"test-code":{"insertions":84,"deletions":0}}},{"hash":"2566f68a8586380c3b6292860c4d5d2e1761e6c4","isMergeCommit":false,"messageTitle":"Update the test as per the removal of address","messageBody":"","fileTypesAndContributionMap":{"test-code":{"insertions":3,"deletions":2}}},{"hash":"9c6c475cbcc934f58d029e0c9cb6b58b30f4b56c","isMergeCommit":true,"messageTitle":"Merge branch \u0027master\u0027 into branch-filtercommand","messageBody":"","fileTypesAndContributionMap":{}}]},{"date":"2025-03-13","commitResults":[{"hash":"e6c1d572ede85702d38a2e76c6e80bb4e9cc3aad","isMergeCommit":false,"messageTitle":"Update the test for the case-insensitive name","messageBody":"","fileTypesAndContributionMap":{"test-code":{"insertions":11,"deletions":11}}},{"hash":"53b689c543664cbbb469bf1a192396f0f35e40d4","isMergeCommit":false,"messageTitle":"Add and reorganize javadoc","messageBody":"","fileTypesAndContributionMap":{"functional-code":{"insertions":8,"deletions":2}}},{"hash":"9828240d6c715965339304502bd32c3768a585e0","isMergeCommit":true,"messageTitle":"Merge pull request #65 from h-b-k-nishi/branch-filtercommand","messageBody":"Implement FilterCommand class","fileTypesAndContributionMap":{}}]},{"date":"2025-03-19","commitResults":[{"hash":"f98d2d181f19688e758c5a24b21d483ce8bc323f","isMergeCommit":false,"messageTitle":"Implement FilterCommandParser","messageBody":"","fileTypesAndContributionMap":{"functional-code":{"insertions":52,"deletions":3},"test-code":{"insertions":12,"deletions":12}}},{"hash":"302cf93ae2e6305b07f147175284de0e3c789fc7","isMergeCommit":true,"messageTitle":"Merge branch \u0027master\u0027 into branch-filtercommandparser","messageBody":"","fileTypesAndContributionMap":{}},{"hash":"89d206757928b177965b930c4c0d8642ce194644","isMergeCommit":false,"messageTitle":"Implement half of the necessary tests","messageBody":"","fileTypesAndContributionMap":{"functional-code":{"insertions":22,"deletions":0},"test-code":{"insertions":66,"deletions":0}}},{"hash":"94055ca58f587cf19a89ff7ae3ce71a2370dfc71","isMergeCommit":false,"messageTitle":"Fix a type in error message","messageBody":"","fileTypesAndContributionMap":{"functional-code":{"insertions":1,"deletions":1}}},{"hash":"f17b920865ef833212f00904916597ae1965ec86","isMergeCommit":false,"messageTitle":"Add tests for predicate::equals","messageBody":"","fileTypesAndContributionMap":{"test-code":{"insertions":30,"deletions":0}}},{"hash":"c32d93472fc0e936d4c71a35b85eeab4cee67e4d","isMergeCommit":false,"messageTitle":"Adopt a more reliable method of testing","messageBody":"","fileTypesAndContributionMap":{"test-code":{"insertions":5,"deletions":7}}},{"hash":"f370dae815c727e64ba1c3ce142c644dba991948","isMergeCommit":false,"messageTitle":"Add sufficient tests for FilterCommand.java","messageBody":"","fileTypesAndContributionMap":{"test-code":{"insertions":80,"deletions":0}}},{"hash":"185672aa1689f5a0d5e984a19e543b9ad01bc047","isMergeCommit":true,"messageTitle":"Merge pull request #86 from h-b-k-nishi/branch-filtercommandparser","messageBody":"Integrate FilterCommand into application","fileTypesAndContributionMap":{}},{"hash":"0cd2332185a5af8db7e46a8dd2633e8315c61e62","isMergeCommit":false,"messageTitle":"Introduce variety of error messages","messageBody":"","fileTypesAndContributionMap":{"functional-code":{"insertions":56,"deletions":5},"test-code":{"insertions":1,"deletions":1}}},{"hash":"5f081aaf46ed25fe74dde79fa72df89007371fb0","isMergeCommit":false,"messageTitle":"Add tests for the update","messageBody":"","fileTypesAndContributionMap":{"functional-code":{"insertions":1,"deletions":1},"test-code":{"insertions":50,"deletions":0}}},{"hash":"230684be49b23fc639ca5c903acc820d5da6769f","isMergeCommit":false,"messageTitle":"Reorganize the constants with OOP","messageBody":"","fileTypesAndContributionMap":{"functional-code":{"insertions":5,"deletions":6},"test-code":{"insertions":2,"deletions":2}}},{"hash":"c69ad6f113f910d17eed6797d07635dc8ec59cb8","isMergeCommit":false,"messageTitle":"Add filtering in the user guide","messageBody":"","fileTypesAndContributionMap":{"docs":{"insertions":13,"deletions":0}}},{"hash":"d4cbd9731ea29dcc9814ea66e7707da9bc959b0a","isMergeCommit":false,"messageTitle":"Unify the tense to third person singular","messageBody":"","fileTypesAndContributionMap":{"docs":{"insertions":1,"deletions":1}}},{"hash":"6b9e66eca329781386275d196ce47a3b17ce066c","isMergeCommit":false,"messageTitle":"Implement the specified ver. of predicate","messageBody":"","fileTypesAndContributionMap":{"functional-code":{"insertions":14,"deletions":8},"test-code":{"insertions":7,"deletions":7}}},{"hash":"7bcabe8c1dda7f9b87a796bae07a7b10ccd9e305","isMergeCommit":true,"messageTitle":"Merge pull request #93 from h-b-k-nishi/branch-improve-attributeparser","messageBody":"Improve ParserUtil::parseAttribute","fileTypesAndContributionMap":{}},{"hash":"e18f4ec900bb98257768f20b89e81da7bbc52818","isMergeCommit":false,"messageTitle":"Add sufficiently-strong test cases (hopefully)","messageBody":"","fileTypesAndContributionMap":{"functional-code":{"insertions":1,"deletions":1},"test-code":{"insertions":49,"deletions":2}}},{"hash":"d7f022945f4581852f68f24672123aef3e55bdcb","isMergeCommit":false,"messageTitle":"Fix a grammer","messageBody":"","fileTypesAndContributionMap":{"docs":{"insertions":1,"deletions":1}}},{"hash":"7d02eec9ec2e8c9bebdb413f0942ba4610cdad0b","isMergeCommit":true,"messageTitle":"Merge pull request #94 from h-b-k-nishi/branch-filter-userguide","messageBody":"Add filtering in the user guide","fileTypesAndContributionMap":{}}]},{"date":"2025-03-20","commitResults":[{"hash":"8841c443b898870a6e040544e227553a480b4e72","isMergeCommit":false,"messageTitle":"Add comments to describe the intention","messageBody":"","fileTypesAndContributionMap":{"functional-code":{"insertions":5,"deletions":0}}},{"hash":"16ec65276a42bfa4bf0b2bab973db17e2598d1e8","isMergeCommit":false,"messageTitle":"Update a comment to follow coding style","messageBody":"","fileTypesAndContributionMap":{"functional-code":{"insertions":2,"deletions":1}}},{"hash":"6dd1c33ff6eed7a2d7a2ea841f4b9190e98e51e9","isMergeCommit":false,"messageTitle":"Add assertions","messageBody":"","fileTypesAndContributionMap":{"functional-code":{"insertions":14,"deletions":3},"test-code":{"insertions":30,"deletions":0}}},{"hash":"8b38608fffe2708c830a5d20432fcb171372fa7c","isMergeCommit":false,"messageTitle":"Have Attribute::hashCode() case-insensitive","messageBody":"","fileTypesAndContributionMap":{"functional-code":{"insertions":1,"deletions":1}}},{"hash":"c1a2ec362d2437e965ece10b8e3b6d3a2a33bb19","isMergeCommit":true,"messageTitle":"Resolve merge conflict","messageBody":"","fileTypesAndContributionMap":{}},{"hash":"623b00f9651351157cd2c3114f365763418a5c9d","isMergeCommit":false,"messageTitle":"Fix a bug","messageBody":"","fileTypesAndContributionMap":{"functional-code":{"insertions":1,"deletions":1}}},{"hash":"fdf2e5925bb9d7f90523aa41ce1f810248fa2dd3","isMergeCommit":false,"messageTitle":"Implement warning for duplicates","messageBody":"","fileTypesAndContributionMap":{"functional-code":{"insertions":22,"deletions":7},"test-code":{"insertions":33,"deletions":12}}},{"hash":"949c582607ba0117d94de1c219f36be1ddf26704","isMergeCommit":true,"messageTitle":"Merge pull request #98 from h-b-k-nishi/branch-filter-specification","messageBody":"Specify and improve the behavior of FilterCommand (with a minor improvement in Attribute::hashCode).","fileTypesAndContributionMap":{}},{"hash":"e619d27d8d25a1a5bc629a8b436a8c6cd886c2b1","isMergeCommit":false,"messageTitle":"Update userguide for filter command","messageBody":"","fileTypesAndContributionMap":{"docs":{"insertions":15,"deletions":2}}},{"hash":"2404097e045985405b79a06a6f5503a497236c99","isMergeCommit":false,"messageTitle":"Resolve regression","messageBody":"","fileTypesAndContributionMap":{"functional-code":{"insertions":2,"deletions":2},"test-code":{"insertions":4,"deletions":3}}},{"hash":"3e6065bded4f803000c82bd25b91eb03cd39ab77","isMergeCommit":true,"messageTitle":"Merge pull request #111 from h-b-k-nishi/branch-resolve-regression","messageBody":"Resolve regression","fileTypesAndContributionMap":{}},{"hash":"326d76202dd6d872e032c7d9685e15d744eeeece","isMergeCommit":true,"messageTitle":"Merge pull request #109 from h-b-k-nishi/branch-filter-userguide2","messageBody":"Update userguide for filter command","fileTypesAndContributionMap":{}},{"hash":"677fa1e2f0a1e719b9fdf1b45941b2b35df20ec1","isMergeCommit":false,"messageTitle":"Add error messages for the sort command","messageBody":"","fileTypesAndContributionMap":{"functional-code":{"insertions":32,"deletions":2}}},{"hash":"dc52e04b3e163809ab4be87ebcc993f2983b7c09","isMergeCommit":true,"messageTitle":"Merge pull request #120 from h-b-k-nishi/branch-improve-sort-command","messageBody":"Add error messages for the sort command","fileTypesAndContributionMap":{}},{"hash":"ddefdbf23cfd9828f1700ef92ab286c7e8df6133","isMergeCommit":false,"messageTitle":"Add tests","messageBody":"","fileTypesAndContributionMap":{"test-code":{"insertions":30,"deletions":0}}},{"hash":"5674c44ea1679b15fc778652bea60da59c4d7472","isMergeCommit":true,"messageTitle":"Merge pull request #123 from h-b-k-nishi/branch-improve-sort-command","messageBody":"Add tests","fileTypesAndContributionMap":{}}]},{"date":"2025-03-23","commitResults":[{"hash":"8312a21471861159181f3b8fbcf9d51e714521e3","isMergeCommit":false,"messageTitle":"Implement basic functionalities","messageBody":"","fileTypesAndContributionMap":{"functional-code":{"insertions":123,"deletions":0},"test-code":{"insertions":17,"deletions":0}}},{"hash":"c592dbed46b9791954c8d1d54f01721ed65bc10f","isMergeCommit":false,"messageTitle":"Temporarily confirm the OOP design","messageBody":"","fileTypesAndContributionMap":{"functional-code":{"insertions":84,"deletions":22},"test-code":{"insertions":0,"deletions":5}}},{"hash":"a5e31faff167a3cda52125df4d8a6cb95115c35c","isMergeCommit":false,"messageTitle":"Implement AliasCommand","messageBody":"","fileTypesAndContributionMap":{"functional-code":{"insertions":76,"deletions":10},"test-code":{"insertions":2,"deletions":1}}},{"hash":"2468d02ce58c96d6bc12128f60117e469eb9003e","isMergeCommit":false,"messageTitle":"Implement the parser","messageBody":"","fileTypesAndContributionMap":{"functional-code":{"insertions":54,"deletions":0}}},{"hash":"29cb00142769fddf9d2ab1007b318ef24e3eb8bb","isMergeCommit":false,"messageTitle":"Add tests for AliasMappingList","messageBody":"","fileTypesAndContributionMap":{"test-code":{"insertions":36,"deletions":0}}},{"hash":"ed18752ac6bf7b9428d7028ab919f9f861594c87","isMergeCommit":false,"messageTitle":"Add more tests","messageBody":"","fileTypesAndContributionMap":{"functional-code":{"insertions":12,"deletions":0},"test-code":{"insertions":6,"deletions":0}}},{"hash":"6e0ee7de107d8e815e3e431986a495fa7c62c62e","isMergeCommit":false,"messageTitle":"Add tests for the parser","messageBody":"","fileTypesAndContributionMap":{"functional-code":{"insertions":12,"deletions":1},"test-code":{"insertions":70,"deletions":0}}}]},{"date":"2025-03-24","commitResults":[{"hash":"a7787ee982e8f955af56d4a1e144b4eb5c06a867","isMergeCommit":false,"messageTitle":"Fix bugs found by review","messageBody":"","fileTypesAndContributionMap":{"functional-code":{"insertions":29,"deletions":14}}},{"hash":"6d6aff23f0609ed975326157fee88b2b99ee76f8","isMergeCommit":false,"messageTitle":"Add a minimum integration test","messageBody":"","fileTypesAndContributionMap":{"functional-code":{"insertions":3,"deletions":3},"test-code":{"insertions":44,"deletions":0}}},{"hash":"4d78eb26ae3850071d14d5e70e2ec989fc43f862","isMergeCommit":true,"messageTitle":"Merge pull request #131 from h-b-k-nishi/branch-aliasing","messageBody":"Enable aliasing (attribute name \u003c-\u003e site link)","fileTypesAndContributionMap":{}},{"hash":"e0a7fba80ebc111c583441a6e45707c5b9312f57","isMergeCommit":false,"messageTitle":"Implement JsonAdaptedAliasMapping","messageBody":"","fileTypesAndContributionMap":{"functional-code":{"insertions":59,"deletions":1}}},{"hash":"bb4700c14de3ecf2e1895e1a3f080cf8b6e1159b","isMergeCommit":false,"messageTitle":"Add site link to JsonAdaptedAttribute with tests","messageBody":"","fileTypesAndContributionMap":{"functional-code":{"insertions":19,"deletions":2},"test-code":{"insertions":29,"deletions":2}}},{"hash":"d64a6527db39017af1e1fdc272857708a9288cdb","isMergeCommit":false,"messageTitle":"Implement filtering with ‘closest’ names \u0026 values","messageBody":"","fileTypesAndContributionMap":{"functional-code":{"insertions":105,"deletions":9},"test-code":{"insertions":19,"deletions":13}}},{"hash":"c5e18ed516b674863e87e6dc98ce23178eeeaa55","isMergeCommit":true,"messageTitle":"Merge pull request #135 from h-b-k-nishi/branch-aliasing-storage","messageBody":"Support the logging for aliasing with storage","fileTypesAndContributionMap":{}},{"hash":"d099d60e083a1a451c0c8c5243b270c1d8e92109","isMergeCommit":false,"messageTitle":"Fix typos","messageBody":"","fileTypesAndContributionMap":{"functional-code":{"insertions":8,"deletions":8}}},{"hash":"f822cfc7ca2df20a2f576a60b3111bc4d5c27dcd","isMergeCommit":false,"messageTitle":"Verify the editDistance on LeetCode","messageBody":"","fileTypesAndContributionMap":{"functional-code":{"insertions":1,"deletions":0}}},{"hash":"c2896c493d548881f96563346f951c515b2bfd0c","isMergeCommit":true,"messageTitle":"Merge pull request #137 from h-b-k-nishi/branch-filter-lcsmatching","messageBody":"Implement filtering with ‘closest’ names \u0026 values, using the edit distance","fileTypesAndContributionMap":{}}]},{"date":"2025-03-26","commitResults":[{"hash":"271931d93df1536a4f28d2062810bee9598b3320","isMergeCommit":false,"messageTitle":"Add ‘filtering-by-similarity’ to UserGuide","messageBody":"","fileTypesAndContributionMap":{"docs":{"insertions":2,"deletions":0}}},{"hash":"67cf0e4023d88e2073796d15b97106a37d9f9d42","isMergeCommit":false,"messageTitle":"Add aliasing to UserGuide","messageBody":"","fileTypesAndContributionMap":{"docs":{"insertions":25,"deletions":0}}},{"hash":"708e79f130e4926fdf8b39a526308b41799df223","isMergeCommit":false,"messageTitle":"Fix a bug in the aliasing command","messageBody":"","fileTypesAndContributionMap":{"functional-code":{"insertions":1,"deletions":0}}},{"hash":"70ef6e29c463d34521d05bc05e5423813f69725b","isMergeCommit":false,"messageTitle":"Add aliasing in the table of summary","messageBody":"","fileTypesAndContributionMap":{"docs":{"insertions":1,"deletions":0}}},{"hash":"827d09d4e5c1501092281e2b6ca3a4a450eed7a7","isMergeCommit":false,"messageTitle":"Revert a mistakenly added content","messageBody":"","fileTypesAndContributionMap":{"docs":{"insertions":0,"deletions":1}}},{"hash":"de86f5a74e816198fa29be4fa5b6553034a32a18","isMergeCommit":false,"messageTitle":"Add aliasing in the table of summary","messageBody":"","fileTypesAndContributionMap":{"docs":{"insertions":1,"deletions":0}}},{"hash":"2f9b464c3ce13ba916dfd2b37282f322667ab6d3","isMergeCommit":true,"messageTitle":"Merge pull request #177 from h-b-k-nishi/branch-alias-reflecting","messageBody":"Fix a bug in the aliasing command","fileTypesAndContributionMap":{}},{"hash":"53372ffe243e52aa20b03f5603dc6e74642c3d0d","isMergeCommit":true,"messageTitle":"Resolve the merge conflict","messageBody":"","fileTypesAndContributionMap":{}},{"hash":"1ce3cfe71f18ce8390e28d212fff5bcd91285ffe","isMergeCommit":true,"messageTitle":"Merge pull request #175 from h-b-k-nishi/branch-aliasing-userguide","messageBody":"Add aliasing to UserGuide","fileTypesAndContributionMap":{}},{"hash":"239390482857c36fe1d548925815f43e37191bea","isMergeCommit":true,"messageTitle":"Merge pull request #173 from h-b-k-nishi/branch-filter-userguide3","messageBody":"Add ‘filtering-by-similarity’ to UserGuide","fileTypesAndContributionMap":{}}]},{"date":"2025-03-27","commitResults":[{"hash":"f591e38ecf991e6ecff0000c8240e04923751a18","isMergeCommit":false,"messageTitle":"Add a sequence diagram for FilterCommand","messageBody":"","fileTypesAndContributionMap":{"docs":{"insertions":84,"deletions":0}}},{"hash":"66c2cdb613e39507279ff7339815ea9f9e25f58b","isMergeCommit":false,"messageTitle":"Add the diagram to DeveloperGuide","messageBody":"","fileTypesAndContributionMap":{"docs":{"insertions":4,"deletions":0}}},{"hash":"8a9d2db47a5fafd06c69dd116483792befee177f","isMergeCommit":false,"messageTitle":"Change the position of diagram","messageBody":"","fileTypesAndContributionMap":{"docs":{"insertions":6,"deletions":4}}},{"hash":"0ff2f04a18081fb529669c4d5f49df7eaed8d5ce","isMergeCommit":true,"messageTitle":"Resolve the merge conflict","messageBody":"","fileTypesAndContributionMap":{}},{"hash":"5115aef03bc019b3a1fc7da39c12ef172fd3c502","isMergeCommit":true,"messageTitle":"Merge pull request #197 from h-b-k-nishi/branch-uml-sequence-diagram","messageBody":"Add a sequence diagram for FilterCommand","fileTypesAndContributionMap":{}},{"hash":"0d581e6670730c2b05ef5fb1aa1e53b0c8db3d12","isMergeCommit":false,"messageTitle":"Fix a bug in sequence diagram","messageBody":"","fileTypesAndContributionMap":{"docs":{"insertions":1,"deletions":1}}},{"hash":"7bbea3b7562203acab611dda252115ad5b9f25f6","isMergeCommit":true,"messageTitle":"Merge pull request #201 from h-b-k-nishi/branch-uml-sequence-diagram","messageBody":"Fix a bug in sequence diagram","fileTypesAndContributionMap":{}}]},{"date":"2025-03-30","commitResults":[{"hash":"06c66f75c31527010e6e5ff6f5bd642e0733be8c","isMergeCommit":false,"messageTitle":"Change the way of removing alias with tests","messageBody":"","fileTypesAndContributionMap":{"functional-code":{"insertions":86,"deletions":24},"test-code":{"insertions":59,"deletions":10}}},{"hash":"4167b45eaa2f2e979b6f60254e45a3797b5fc143","isMergeCommit":false,"messageTitle":"Implement error messages","messageBody":"","fileTypesAndContributionMap":{"functional-code":{"insertions":52,"deletions":4},"test-code":{"insertions":10,"deletions":0}}},{"hash":"513617852a96b2a30ea1e6b64d317a0ab349c1f6","isMergeCommit":false,"messageTitle":"Fix typos","messageBody":"","fileTypesAndContributionMap":{"functional-code":{"insertions":3,"deletions":3}}},{"hash":"a280c639e903fe2b9c8bad20348cce0f0e820804","isMergeCommit":true,"messageTitle":"Merge pull request #206 from h-b-k-nishi/branch-alias-fine-tune","messageBody":"Fine tune the alias command","fileTypesAndContributionMap":{}},{"hash":"e1832f2c24845a044eb1068f623838320948d074","isMergeCommit":false,"messageTitle":"Fix a bug in importing json file","messageBody":"","fileTypesAndContributionMap":{"functional-code":{"insertions":9,"deletions":18},"test-code":{"insertions":5,"deletions":2}}},{"hash":"a3ef8a3039c20b116c2c77a5b2b69376b85fb87c","isMergeCommit":true,"messageTitle":"Merge pull request #207 from h-b-k-nishi/branch-alias-bug-fix","messageBody":"Fix a bug related to importing the JSON file with modified settings for GitHub and LinkedIn.","fileTypesAndContributionMap":{}}]},{"date":"2025-04-01","commitResults":[{"hash":"b8c0e6c8d494940b5ba1873f83df2b5da25ca19b","isMergeCommit":false,"messageTitle":"Remove site links from the json file","messageBody":"","fileTypesAndContributionMap":{"functional-code":{"insertions":2,"deletions":12},"test-code":{"insertions":2,"deletions":2}}},{"hash":"476099c76a2d6db13e5bc06a566c519e826be9d1","isMergeCommit":false,"messageTitle":"Rename aliases to urlSettings in the json file","messageBody":"","fileTypesAndContributionMap":{"functional-code":{"insertions":5,"deletions":5}}},{"hash":"3a82dd44e75db7f28a82b778098309a80ce079b3","isMergeCommit":true,"messageTitle":"Merge pull request #251 from h-b-k-nishi/branch-remove-site-links","messageBody":"Remove site links and rename `aliases` in the json file","fileTypesAndContributionMap":{}}]},{"date":"2025-04-02","commitResults":[{"hash":"3dcdd9b1570032bddbf381aa44ca371c0a9ef94c","isMergeCommit":false,"messageTitle":"Reorder the command summary table","messageBody":"","fileTypesAndContributionMap":{"docs":{"insertions":31,"deletions":35}}},{"hash":"8614e35b6a6342366b5d16ecabc840c154a37fb9","isMergeCommit":false,"messageTitle":"Correct multiplicities","messageBody":"","fileTypesAndContributionMap":{"docs":{"insertions":5,"deletions":5}}},{"hash":"db065458f54144728103cbc93acbb0d69d6a03c4","isMergeCommit":false,"messageTitle":"Implement warnings for auto-correction","messageBody":"","fileTypesAndContributionMap":{"functional-code":{"insertions":197,"deletions":64},"test-code":{"insertions":2,"deletions":2}}},{"hash":"44f0c8d8fa2f620f5b9a5136a4a3a6112a6af89f","isMergeCommit":false,"messageTitle":"Rename methods and add descriptions for dp","messageBody":"","fileTypesAndContributionMap":{"functional-code":{"insertions":24,"deletions":21},"test-code":{"insertions":4,"deletions":4}}},{"hash":"2f008fabf8222b98841328cfbdcecd98fbe33ae7","isMergeCommit":true,"messageTitle":"Merge pull request #265 from h-b-k-nishi/branch-filter-warning","messageBody":"Implement warnings for auto-correction and non-existence of attribute names/values","fileTypesAndContributionMap":{}},{"hash":"ea3e19183be9fcba2816d47d23c95a4d7c714a62","isMergeCommit":true,"messageTitle":"Resolve merge conflict","messageBody":"","fileTypesAndContributionMap":{}},{"hash":"35d839766077dd0171efe947bff4c2a42c7b5e47","isMergeCommit":false,"messageTitle":"Fix a bug and clarify an explanation","messageBody":"","fileTypesAndContributionMap":{"docs":{"insertions":2,"deletions":2}}},{"hash":"c681d4de3b052af0b979b1f77a3a1a2b29e4d5ba","isMergeCommit":true,"messageTitle":"Merge pull request #264 from h-b-k-nishi/branch-update-userguide","messageBody":"Reorder the command summary table and fix some multiplicity issues","fileTypesAndContributionMap":{}},{"hash":"115c4a3335a60e431a94ae3867dab3a26a21e98e","isMergeCommit":false,"messageTitle":"Enable searching by substring","messageBody":"","fileTypesAndContributionMap":{"functional-code":{"insertions":1,"deletions":1},"test-code":{"insertions":1,"deletions":1}}},{"hash":"e3bd8d353cfd6fa83b39da3d4ced17d6c76b7250","isMergeCommit":false,"messageTitle":"Update javadoc","messageBody":"","fileTypesAndContributionMap":{"functional-code":{"insertions":3,"deletions":2}}},{"hash":"2a838d7d32e9e2c3ab7aa232ffd1d950e88b2d79","isMergeCommit":false,"messageTitle":"Update UG","messageBody":"","fileTypesAndContributionMap":{"docs":{"insertions":6,"deletions":5}}},{"hash":"d1155cb658e1a74e44779acebf3aaca093f1038a","isMergeCommit":true,"messageTitle":"Merge pull request #273 from h-b-k-nishi/branch-find-substring","messageBody":"Enable searching by substring","fileTypesAndContributionMap":{}},{"hash":"fdf8c79e262a3c5bf4133ef4d290d2b6ab33c167","isMergeCommit":false,"messageTitle":"Fix a bug in error messages","messageBody":"","fileTypesAndContributionMap":{"functional-code":{"insertions":4,"deletions":4},"test-code":{"insertions":3,"deletions":3}}},{"hash":"71fc49d3a9748ec095731267e18fed712737904f","isMergeCommit":false,"messageTitle":"Fix a typo","messageBody":"","fileTypesAndContributionMap":{"functional-code":{"insertions":1,"deletions":1}}},{"hash":"f2e2e2807a976283d4df60c4e432d6b5b61163f7","isMergeCommit":true,"messageTitle":"Merge pull request #277 from h-b-k-nishi/branch-alias-errormessage","messageBody":"Fix a bug in error messages","fileTypesAndContributionMap":{}}]}],"samuelneo":[{"date":"2025-02-21","commitResults":[{"hash":"9759db6f6e29c44bacec59d774f92feec2189d2a","isMergeCommit":false,"messageTitle":"Add Codecov configuration","messageBody":"","fileTypesAndContributionMap":{"other":{"insertions":9,"deletions":0}}}]},{"date":"2025-02-22","commitResults":[{"hash":"6361e9c35cd8516d3725a5ebc9c4e047e57f7b5d","isMergeCommit":false,"messageTitle":"Tweak Codecov configuration to be more lenient for patches","messageBody":"","fileTypesAndContributionMap":{"other":{"insertions":2,"deletions":3}}},{"hash":"abdcc5b9e1694266bfaf48b38caf67a7373c6c11","isMergeCommit":false,"messageTitle":"Reword comment","messageBody":"","fileTypesAndContributionMap":{"other":{"insertions":1,"deletions":1}}}]},{"date":"2025-02-23","commitResults":[{"hash":"81ee8866abfd79c8547cbacc83042e4e6b82713f","isMergeCommit":false,"messageTitle":"Set Codecov project threshold to 5%","messageBody":"","fileTypesAndContributionMap":{"other":{"insertions":1,"deletions":0}}}]},{"date":"2025-02-27","commitResults":[{"hash":"3980043c95c17aaba424626ee985892d4645b775","isMergeCommit":true,"messageTitle":"Merge pull request #8 from kai824/update-gitignore","messageBody":"Update gitignore","fileTypesAndContributionMap":{}},{"hash":"3711d00afd16703a308a651530ac88b47dfbfd38","isMergeCommit":false,"messageTitle":"Update AboutUs.md to include Samuel","messageBody":"","fileTypesAndContributionMap":{"docs":{"insertions":4,"deletions":4}}}]},{"date":"2025-02-28","commitResults":[{"hash":"04093667bf7858ff1427e71d5a9c56f966bc6dd6","isMergeCommit":false,"messageTitle":"Update glossary","messageBody":"","fileTypesAndContributionMap":{"docs":{"insertions":6,"deletions":2}}},{"hash":"08e2c94fa74513e71d68791130f105317bd61369","isMergeCommit":false,"messageTitle":"Rephrase description of valid name","messageBody":"","fileTypesAndContributionMap":{"docs":{"insertions":1,"deletions":1}}},{"hash":"49f08daa4b64780b7dd0e4fcbace4b0b132b5e08","isMergeCommit":false,"messageTitle":"Update project info in README.md","messageBody":"","fileTypesAndContributionMap":{"docs":{"insertions":5,"deletions":10}}}]},{"date":"2025-03-02","commitResults":[{"hash":"d5b25c9d00e0ddea8c98716eda4ea9cc312561b3","isMergeCommit":true,"messageTitle":"Merge pull request #30 from samuelneo/update-project-info","messageBody":"Update project info in README.md","fileTypesAndContributionMap":{}}]},{"date":"2025-03-03","commitResults":[{"hash":"af1f673e6fc26724933cbd97b28b594eaadaa986","isMergeCommit":false,"messageTitle":"Fix checkstyle to support lambda-style switch","messageBody":"","fileTypesAndContributionMap":{"other":{"insertions":6,"deletions":0}}},{"hash":"235b4f2cf8cdfce148d3f8de17da126f07cc3cdb","isMergeCommit":true,"messageTitle":"Merge pull request #38 from samuelneo/fix-switch-checkstyle","messageBody":"Fix checkstyle to support lambda-style switch","fileTypesAndContributionMap":{}}]},{"date":"2025-03-06","commitResults":[{"hash":"2e2a272312e82b9b0292d3dd4da469a921221d5a","isMergeCommit":true,"messageTitle":"Merge branch \u0027master\u0027 into dg-add-glossary","messageBody":"","fileTypesAndContributionMap":{}}]},{"date":"2025-03-07","commitResults":[{"hash":"69b9defd15e03d864677d203c34483b4703daa84","isMergeCommit":false,"messageTitle":"Update glossary","messageBody":"","fileTypesAndContributionMap":{"docs":{"insertions":7,"deletions":2}}},{"hash":"7c03da9dd23b8c9925f23a0b3da9910a059f14c6","isMergeCommit":true,"messageTitle":"Merge branch \u0027master\u0027 into dg-add-glossary","messageBody":"","fileTypesAndContributionMap":{}},{"hash":"42f960cfcce8347e808e4159d2bcd8abdab3cae1","isMergeCommit":true,"messageTitle":"Merge pull request #32 from samuelneo/dg-add-glossary","messageBody":"Update glossary in Developer Guide","fileTypesAndContributionMap":{}}]},{"date":"2025-03-09","commitResults":[{"hash":"fdc33663e1b356beaccb9d923c28c69e76f5a0ab","isMergeCommit":false,"messageTitle":"Update Codecov config","messageBody":"","fileTypesAndContributionMap":{"other":{"insertions":4,"deletions":1}}},{"hash":"859549dfa18d87fc91aeb67b4ab4b3fae0323234","isMergeCommit":false,"messageTitle":"Fix EOF newline","messageBody":"","fileTypesAndContributionMap":{"other":{"insertions":1,"deletions":1}}},{"hash":"2741f1f435171c92956d74028e59863d4af706ab","isMergeCommit":false,"messageTitle":"Add Attribute class","messageBody":"","fileTypesAndContributionMap":{"functional-code":{"insertions":67,"deletions":0}}},{"hash":"2677cbb38a5c7dcffee0788bde703dbb8aa4f8d1","isMergeCommit":false,"messageTitle":"Move attribute package","messageBody":"","fileTypesAndContributionMap":{"other":{"insertions":1,"deletions":1}}},{"hash":"597e7604b10856a0295dba5ec09ba2cff6896712","isMergeCommit":true,"messageTitle":"Merge pull request #53 from samuelneo/fix-codecov-config","messageBody":"Update Codecov config","fileTypesAndContributionMap":{}},{"hash":"d0e5fb57c567736c137d89bc536b995069a04435","isMergeCommit":false,"messageTitle":"Add tests for Attribute","messageBody":"","fileTypesAndContributionMap":{"test-code":{"insertions":106,"deletions":0}}}]},{"date":"2025-03-10","commitResults":[{"hash":"bec3408174431639276b5ad54aab8632e0f7b8cb","isMergeCommit":false,"messageTitle":"Add Attribute to Person, fix regressions, update some tests","messageBody":"","fileTypesAndContributionMap":{"functional-code":{"insertions":45,"deletions":11},"test-code":{"insertions":26,"deletions":3}}},{"hash":"d60377ee35287da7217e3867ae37ebced6be6640","isMergeCommit":false,"messageTitle":"Update storage to support Attribute","messageBody":"","fileTypesAndContributionMap":{"functional-code":{"insertions":72,"deletions":4},"test-code":{"insertions":42,"deletions":19}}},{"hash":"47b5996861c7979ad88974d5afe7444fc2dea2d0","isMergeCommit":false,"messageTitle":"Update UI to support Attributes (preliminary)","messageBody":"","fileTypesAndContributionMap":{"functional-code":{"insertions":9,"deletions":1}}},{"hash":"1a6b5d38055bcdc0ad10de5c96aa785256e647eb","isMergeCommit":true,"messageTitle":"Merge pull request #56 from samuelneo/add-attribute-support","messageBody":"Add attribute support","fileTypesAndContributionMap":{}},{"hash":"ea2cc3eb5c1a844ef7c9115d1598a9e406d9dd56","isMergeCommit":false,"messageTitle":"Beautify UI","messageBody":"","fileTypesAndContributionMap":{"functional-code":{"insertions":11,"deletions":2}}},{"hash":"52ec9e161b389751671a2dc0d23e9ccfd73ffbe2","isMergeCommit":false,"messageTitle":"Update sample data","messageBody":"","fileTypesAndContributionMap":{"functional-code":{"insertions":14,"deletions":7}}},{"hash":"b5501bcef64a689a67b432253984befbc852ad54","isMergeCommit":false,"messageTitle":"Remove unused field","messageBody":"","fileTypesAndContributionMap":{"functional-code":{"insertions":0,"deletions":2}}},{"hash":"632a862ea717915b615dbc8696e90fdda621c174","isMergeCommit":false,"messageTitle":"Remove unused import","messageBody":"","fileTypesAndContributionMap":{"functional-code":{"insertions":0,"deletions":1}}},{"hash":"ace1c90273727b910fe163fb60317d09f9ac572e","isMergeCommit":false,"messageTitle":"Update tags to allow any non-slash characters","messageBody":"","fileTypesAndContributionMap":{"functional-code":{"insertions":6,"deletions":7},"docs":{"insertions":4,"deletions":4},"test-code":{"insertions":12,"deletions":11}}},{"hash":"80b281c2b7ce4fa494bb6fbdf6f0b0fd48d4b98a","isMergeCommit":false,"messageTitle":"Remove unused import","messageBody":"","fileTypesAndContributionMap":{"test-code":{"insertions":0,"deletions":1}}}]},{"date":"2025-03-11","commitResults":[{"hash":"bbae6d9f1d9d1b134e378ad6f57f0ac223deafa3","isMergeCommit":false,"messageTitle":"Disallow equals sign in attributes","messageBody":"","fileTypesAndContributionMap":{"functional-code":{"insertions":2,"deletions":2},"test-code":{"insertions":3,"deletions":2}}},{"hash":"9903cff3f9469f67e4e38aead7d80a87d32c5041","isMergeCommit":true,"messageTitle":"Merge pull request #57 from samuelneo/update-attribute-ui","messageBody":"Update attribute UI","fileTypesAndContributionMap":{}},{"hash":"ab7963bcf0b66dc2b333e7d2e11624e77be57ff3","isMergeCommit":false,"messageTitle":"Remove address","messageBody":"","fileTypesAndContributionMap":{"functional-code":{"insertions":16,"deletions":155},"test-code":{"insertions":55,"deletions":249}}},{"hash":"e54d890f15854380b633a1f59e4fadadbba95624","isMergeCommit":false,"messageTitle":"Remove redundant statements","messageBody":"","fileTypesAndContributionMap":{"functional-code":{"insertions":19,"deletions":23},"test-code":{"insertions":28,"deletions":29}}},{"hash":"4ad25c484e0c52f022bf4cb16ff8f730673437f1","isMergeCommit":false,"messageTitle":"Person.java: Update equals and hash to include attributes","messageBody":"","fileTypesAndContributionMap":{"functional-code":{"insertions":3,"deletions":2}}},{"hash":"238c33bdd5ed6c3df637ba7c152fb6b28519043f","isMergeCommit":false,"messageTitle":"Add support for parsing attributes","messageBody":"","fileTypesAndContributionMap":{"functional-code":{"insertions":42,"deletions":0},"test-code":{"insertions":112,"deletions":0}}},{"hash":"55376002f35a775ae0106ebebacac661ab583b85","isMergeCommit":true,"messageTitle":"Merge pull request #62 from samuelneo/remove-address","messageBody":"Remove address and add attribute parsing support","fileTypesAndContributionMap":{}}]},{"date":"2025-03-16","commitResults":[{"hash":"437adf7196a51831b550ec217e572b39af969fda","isMergeCommit":false,"messageTitle":"Remove address from user guide and rename AB3 to TalentFolio","messageBody":"","fileTypesAndContributionMap":{"docs":{"insertions":18,"deletions":18}}},{"hash":"908eac8bdaa3926a7a7c0587ca3d4202caf9a27d","isMergeCommit":false,"messageTitle":"Rename contact to candidate and address book to database","messageBody":"","fileTypesAndContributionMap":{"docs":{"insertions":13,"deletions":13}}},{"hash":"a25897f015c185f73b941113220abf58e6aa0935","isMergeCommit":true,"messageTitle":"Merge pull request #76 from samuelneo/user-guide-remove-address","messageBody":"Remove address from user guide","fileTypesAndContributionMap":{}}]},{"date":"2025-03-17","commitResults":[{"hash":"68b83bddab3548df5d73c68f44bab15b1519c637","isMergeCommit":false,"messageTitle":"Change font family to Inter","messageBody":"","fileTypesAndContributionMap":{"functional-code":{"insertions":12,"deletions":12}}},{"hash":"e4ae221d4422c766f73b4bf388b28d200510d2ad","isMergeCommit":false,"messageTitle":"Increase tag and attribute font size slightly","messageBody":"","fileTypesAndContributionMap":{"functional-code":{"insertions":7,"deletions":7}}},{"hash":"66457d0293f45c43a342fbea0045ac8ec6844f94","isMergeCommit":false,"messageTitle":"Change person card UI, increase default window height","messageBody":"","fileTypesAndContributionMap":{"functional-code":{"insertions":17,"deletions":13}}},{"hash":"d54827bb42fbf905379798ad53f1f9012408d275","isMergeCommit":false,"messageTitle":"Rename window title","messageBody":"","fileTypesAndContributionMap":{"functional-code":{"insertions":1,"deletions":1}}},{"hash":"1c08ce467b42f41129c07b384f943d7a700d0a12","isMergeCommit":false,"messageTitle":"Change person selection UI","messageBody":"","fileTypesAndContributionMap":{"functional-code":{"insertions":3,"deletions":9}}},{"hash":"febfe956b6850f65449c829fb67f6d78de9097a7","isMergeCommit":false,"messageTitle":"Increase tag and attribute vertical padding","messageBody":"","fileTypesAndContributionMap":{"functional-code":{"insertions":10,"deletions":10}}},{"hash":"e9c04f81c0ec90104051f573392c84ec1556133b","isMergeCommit":false,"messageTitle":"Add phone and email emojis","messageBody":"","fileTypesAndContributionMap":{"functional-code":{"insertions":2,"deletions":2}}},{"hash":"f1060761b53d6e9e48d076831f2b7f0fae9c6f7e","isMergeCommit":false,"messageTitle":"Change background colour and card selection colour","messageBody":"","fileTypesAndContributionMap":{"functional-code":{"insertions":29,"deletions":29}}},{"hash":"7e8e42b521022573e0f87a1144072ba7e0af6b78","isMergeCommit":false,"messageTitle":"Darken menu colour","messageBody":"","fileTypesAndContributionMap":{"functional-code":{"insertions":2,"deletions":2}}}]},{"date":"2025-03-18","commitResults":[{"hash":"66de482b7ccce0e02a638a3ab3fbfecfb0d7d86c","isMergeCommit":true,"messageTitle":"Merge pull request #78 from samuelneo/tweak-ui","messageBody":"Tweak UI","fileTypesAndContributionMap":{}}]},{"date":"2025-03-19","commitResults":[{"hash":"01530e832f4986efd0d5471ffd515838077107f9","isMergeCommit":false,"messageTitle":"Refactor attribute name","messageBody":"","fileTypesAndContributionMap":{"functional-code":{"insertions":35,"deletions":8}}},{"hash":"e2e368bdcfee7c2d2642896d35030697bdc99123","isMergeCommit":false,"messageTitle":"Fix background colour","messageBody":"","fileTypesAndContributionMap":{"functional-code":{"insertions":4,"deletions":4}}},{"hash":"f3141608ca0af4ba63c6b93533cf3675385bae1d","isMergeCommit":false,"messageTitle":"Add error message for case-insensitivity","messageBody":"","fileTypesAndContributionMap":{"functional-code":{"insertions":11,"deletions":0}}}]},{"date":"2025-03-20","commitResults":[{"hash":"e7d3160f872d3f3bb6060fee02e45320c17d21eb","isMergeCommit":true,"messageTitle":"Merge pull request #101 from samuelneo/refactor-attribute-name","messageBody":"Refactor attribute name, fix UI, improve error message clarity","fileTypesAndContributionMap":{}},{"hash":"ddc27027abdadd2b53625ed7ed2d0c46a292334a","isMergeCommit":true,"messageTitle":"Merge pull request #103 from luna-ortus-cor/branch-update-edit-command","messageBody":"Add edit command","fileTypesAndContributionMap":{}},{"hash":"878250f1b28f81efa6cd11f465cc8ff5fd501080","isMergeCommit":true,"messageTitle":"Merge pull request #105 from luna-ortus-cor/branch-update-user-guide-edit-command","messageBody":"Update edit command in user guide","fileTypesAndContributionMap":{}},{"hash":"de0ab9e96c2a4f8207e6892c86139f577d68d770","isMergeCommit":false,"messageTitle":"Fix errors","messageBody":"","fileTypesAndContributionMap":{"functional-code":{"insertions":2,"deletions":2},"test-code":{"insertions":5,"deletions":3}}},{"hash":"0b69681b78e031d1ec9172242ea7815304cefc42","isMergeCommit":false,"messageTitle":"Fix EditCommand::MESSAGE_USAGE formatting","messageBody":"","fileTypesAndContributionMap":{"functional-code":{"insertions":5,"deletions":5}}},{"hash":"b41329d1e5799d8278e407b8264672377d0e19ee","isMergeCommit":false,"messageTitle":"Fix edit command issues in user guide","messageBody":"","fileTypesAndContributionMap":{"docs":{"insertions":8,"deletions":5}}},{"hash":"bd831a1c00f86a3e6fbc235a3e6fe5c623ade448","isMergeCommit":true,"messageTitle":"Resolve merge conflicts","messageBody":"","fileTypesAndContributionMap":{}},{"hash":"a2fb7102ff40f6b2f595ca72a9bf00d6e5419b1e","isMergeCommit":false,"messageTitle":"Fix spacing issues","messageBody":"","fileTypesAndContributionMap":{"docs":{"insertions":5,"deletions":5}}},{"hash":"77933e451f6d1ded34aa4bd24e3d6828edd70055","isMergeCommit":false,"messageTitle":"Fix sort bug","messageBody":"","fileTypesAndContributionMap":{"functional-code":{"insertions":0,"deletions":2},"test-code":{"insertions":1,"deletions":1}}},{"hash":"872b5e3765a65110418b07a811f27c978a097376","isMergeCommit":false,"messageTitle":"Remove add attribute and remove attribute sections from user guide","messageBody":"","fileTypesAndContributionMap":{"docs":{"insertions":0,"deletions":29}}},{"hash":"45e6e3137f8a3ad327dca457d97b09308a19e4ce","isMergeCommit":false,"messageTitle":"Remove AttributeRemoveCommand","messageBody":"","fileTypesAndContributionMap":{"functional-code":{"insertions":0,"deletions":117}}},{"hash":"4a6db38342543d61ff0e55fece50195e3fd8af52","isMergeCommit":false,"messageTitle":"Include attributes in messages describing a person","messageBody":"","fileTypesAndContributionMap":{"functional-code":{"insertions":10,"deletions":3}}},{"hash":"cbf7ce78870b93580dc54820e89931a1c5a5474b","isMergeCommit":true,"messageTitle":"Merge pull request #115 from samuelneo/fix-misc-edit-command","messageBody":"Fix misc edit command","fileTypesAndContributionMap":{}},{"hash":"16194fed2189001d825b34101390ae39a539877f","isMergeCommit":false,"messageTitle":"Add filter and sort examples to quick start","messageBody":"","fileTypesAndContributionMap":{"docs":{"insertions":4,"deletions":0}}},{"hash":"3ebe31a3130ba560d94ce9a85141e02b83899cf5","isMergeCommit":true,"messageTitle":"Merge pull request #119 from samuelneo/patch-user-guide-quick-start","messageBody":"Add filter and sort examples to quick start","fileTypesAndContributionMap":{}},{"hash":"088fea595075636601be5fd34df421955ec41a86","isMergeCommit":false,"messageTitle":"Fix command summary in user guide","messageBody":"","fileTypesAndContributionMap":{"docs":{"insertions":8,"deletions":8}}},{"hash":"7f96ce14dee5eca71d71757f48ad302180b051c1","isMergeCommit":false,"messageTitle":"Standardise PHONE_NUMBER","messageBody":"","fileTypesAndContributionMap":{"docs":{"insertions":2,"deletions":2}}},{"hash":"917f2b21071e243c3030ca93d2a7e13c41ba7f3b","isMergeCommit":true,"messageTitle":"Merge pull request #124 from samuelneo/patch-user-guide-command-summary","messageBody":"Fix command summary in user guide","fileTypesAndContributionMap":{}}]},{"date":"2025-03-23","commitResults":[{"hash":"70846fa784168bdcf50247c3f0e7553a4011b827","isMergeCommit":false,"messageTitle":"Add JsonAdaptedAttribute to storage PUML","messageBody":"","fileTypesAndContributionMap":{"docs":{"insertions":2,"deletions":0}}}]},{"date":"2025-03-24","commitResults":[{"hash":"d79a8200948897329ddd1b336ccf68eaf9f1ec76","isMergeCommit":false,"messageTitle":"Add JsonAdaptedAliasMapping to storage PUML","messageBody":"","fileTypesAndContributionMap":{"docs":{"insertions":2,"deletions":0}}},{"hash":"41a058ff1d83a064a9d71dcd998d1e9561157f1b","isMergeCommit":true,"messageTitle":"Merge pull request #130 from samuelneo/update-storage-puml","messageBody":"Add JsonAdaptedAttribute to storage PUML","fileTypesAndContributionMap":{}},{"hash":"7c7ff6f8a2875788c74afbbac21f2496ccb2a5b4","isMergeCommit":false,"messageTitle":"Enable assertions","messageBody":"","fileTypesAndContributionMap":{"other":{"insertions":4,"deletions":0}}},{"hash":"b129b5045e72ec78f1d601b153969af59e306bbb","isMergeCommit":true,"messageTitle":"Merge pull request #140 from samuelneo/enable-assertions","messageBody":"Enable assertions","fileTypesAndContributionMap":{}}]},{"date":"2025-03-25","commitResults":[{"hash":"75bb5e124f29b37722150f274f6977ff945d98fe","isMergeCommit":false,"messageTitle":"Add barebones PersonDetailsPanel","messageBody":"","fileTypesAndContributionMap":{"functional-code":{"insertions":50,"deletions":6}}},{"hash":"4d92e5d19793d099b713ba59828b462a5c32ceaa","isMergeCommit":false,"messageTitle":"Increase default window size","messageBody":"","fileTypesAndContributionMap":{"functional-code":{"insertions":2,"deletions":2}}},{"hash":"96bcbaa0d501846e70d3847331655ee03ec1e03e","isMergeCommit":false,"messageTitle":"Implement Person details functionality","messageBody":"","fileTypesAndContributionMap":{"functional-code":{"insertions":171,"deletions":3}}},{"hash":"3d3c04f72aea9acd4f02a2b70c4bd3da2165b79f","isMergeCommit":false,"messageTitle":"Distinguish site attributes in UI and implement copying in details","messageBody":"","fileTypesAndContributionMap":{"functional-code":{"insertions":56,"deletions":39}}},{"hash":"761ff7260ada01dc338525e80017f0455fe595ed","isMergeCommit":false,"messageTitle":"Change onClick to open link instead of copying","messageBody":"","fileTypesAndContributionMap":{"functional-code":{"insertions":26,"deletions":7}}},{"hash":"95615344041a4d5cd7ef029af6fa514757b9d7e9","isMergeCommit":false,"messageTitle":"Fix checkstyle violations","messageBody":"","fileTypesAndContributionMap":{"functional-code":{"insertions":25,"deletions":28}}},{"hash":"4bb3d5cadf7bc2e6ecbc03f10c7231b0c8ebb0ef","isMergeCommit":false,"messageTitle":"Fix CI violations","messageBody":"","fileTypesAndContributionMap":{"functional-code":{"insertions":3,"deletions":3},"docs":{"insertions":1,"deletions":1}}},{"hash":"929c0d4810e96e908abd6ebe22f13257a234a73e","isMergeCommit":true,"messageTitle":"Merge pull request #144 from samuelneo/add-user-details-panel","messageBody":"Add user details panel","fileTypesAndContributionMap":{}},{"hash":"d1b7a07b0a88e17b998537eb627f860f8c0f1cc4","isMergeCommit":false,"messageTitle":"Add show command","messageBody":"","fileTypesAndContributionMap":{"functional-code":{"insertions":143,"deletions":12},"test-code":{"insertions":9,"deletions":7}}},{"hash":"561ca23bb805c853e207e980cf0f907d6c70647b","isMergeCommit":false,"messageTitle":"Adjust placeholder text","messageBody":"","fileTypesAndContributionMap":{"functional-code":{"insertions":9,"deletions":2}}},{"hash":"69657f1611fa0f930de85e7bcf223a535f73bcbe","isMergeCommit":false,"messageTitle":"Refactor CommandResult to provide factory methods","messageBody":"","fileTypesAndContributionMap":{"functional-code":{"insertions":28,"deletions":14},"test-code":{"insertions":6,"deletions":9}}},{"hash":"0469ec1067fcfdf10a9db50e173a8ef43b3d6785","isMergeCommit":true,"messageTitle":"Merge pull request #153 from samuelneo/add-show-command","messageBody":"Add show command","fileTypesAndContributionMap":{}},{"hash":"65afb69937c2185457a3f9048ed27aa6a515ab8a","isMergeCommit":false,"messageTitle":"Update sample data","messageBody":"","fileTypesAndContributionMap":{"functional-code":{"insertions":11,"deletions":10}}},{"hash":"1b85596ef408fca29a367ed6ef5cf154153d9534","isMergeCommit":false,"messageTitle":"Make details panel scrollable","messageBody":"","fileTypesAndContributionMap":{"functional-code":{"insertions":12,"deletions":2}}},{"hash":"827f155f017013bd0e35298793016bdf0f5ea002","isMergeCommit":false,"messageTitle":"Tweak UI","messageBody":"","fileTypesAndContributionMap":{"functional-code":{"insertions":17,"deletions":8}}}]},{"date":"2025-03-26","commitResults":[{"hash":"0085a739e3c5e9253cf35b885a05ec570ce74547","isMergeCommit":false,"messageTitle":"Change Attribute::compareTo to be case-insensitive","messageBody":"","fileTypesAndContributionMap":{"functional-code":{"insertions":1,"deletions":1}}},{"hash":"84977fac5b0d2a877e7f0cb509186c4995d37bab","isMergeCommit":true,"messageTitle":"Merge pull request #162 from samuelneo/further-tweak-ui","messageBody":"Further tweak UI","fileTypesAndContributionMap":{}},{"hash":"6bf383d8e869afbb7aa5eced05ebf9df511ec113","isMergeCommit":true,"messageTitle":"Merge pull request #165 from luna-ortus-cor/branch-update-user-guide-command-navigation","messageBody":"Update user guide for command navigation","fileTypesAndContributionMap":{}},{"hash":"ce70c2066169c3be37a1fa52dd3ce0b4c966d4ea","isMergeCommit":false,"messageTitle":"Fix tense consistency","messageBody":"","fileTypesAndContributionMap":{"docs":{"insertions":1,"deletions":1}}},{"hash":"608faae34f2f59d925415811fe405248b5d04362","isMergeCommit":false,"messageTitle":"Update formatting for navigating command history","messageBody":"","fileTypesAndContributionMap":{"docs":{"insertions":14,"deletions":11}}},{"hash":"dd6d4b0529c3f3f12ebe771f85e1c03c0e7cc6e0","isMergeCommit":false,"messageTitle":"Add show command to user guide","messageBody":"","fileTypesAndContributionMap":{"docs":{"insertions":12,"deletions":0}}},{"hash":"f4d406d9af4f951c548c16607f98e89bd18ed1c9","isMergeCommit":true,"messageTitle":"Merge pull request #181 from samuelneo/show-command-user-guide","messageBody":"Show command user guide","fileTypesAndContributionMap":{}},{"hash":"e5392a984e4d292693750786ad5f88edd18f62f1","isMergeCommit":false,"messageTitle":"Change help command to have clickable link","messageBody":"","fileTypesAndContributionMap":{"functional-code":{"insertions":69,"deletions":51}}},{"hash":"48170c60d677ef0f67f57f20127aff9215716d4a","isMergeCommit":false,"messageTitle":"Make clickable attributes blue","messageBody":"","fileTypesAndContributionMap":{"functional-code":{"insertions":29,"deletions":27}}},{"hash":"afaa26759ee9d89fae171d38672a620c22fd9db7","isMergeCommit":false,"messageTitle":"Update areas that referenced AB3","messageBody":"","fileTypesAndContributionMap":{"docs":{"insertions":14,"deletions":14}}},{"hash":"ce8ffcae6a9e19fb67b6a0902fa9675af9730cc8","isMergeCommit":false,"messageTitle":"Fix CI violations","messageBody":"","fileTypesAndContributionMap":{"functional-code":{"insertions":1,"deletions":7}}},{"hash":"46d284f26067bcc4eecd8a1eeee842137760da79","isMergeCommit":false,"messageTitle":"Add ShowCommandTest and update CommandResultTest","messageBody":"","fileTypesAndContributionMap":{"functional-code":{"insertions":1,"deletions":0},"test-code":{"insertions":151,"deletions":10}}},{"hash":"35534f0f2bbb88670c14dcc0055faaf2425d6c8b","isMergeCommit":false,"messageTitle":"Add ShowCommandParserTest","messageBody":"","fileTypesAndContributionMap":{"test-code":{"insertions":34,"deletions":2}}},{"hash":"68b884cb5b8b50c3118635d03a0172f4767214a9","isMergeCommit":false,"messageTitle":"Update AddressBookParserTest","messageBody":"","fileTypesAndContributionMap":{"test-code":{"insertions":9,"deletions":0}}},{"hash":"c1e08733fa6e325c3ba334d9a5b59465b7c0cb53","isMergeCommit":true,"messageTitle":"Merge pull request #183 from samuelneo/update-ui-screenshots","messageBody":"Update UI screenshots","fileTypesAndContributionMap":{}},{"hash":"e8765daa2bc46b138eba624aa9572e264c30d326","isMergeCommit":true,"messageTitle":"Merge pull request #184 from samuelneo/add-show-command-tests","messageBody":"Add show command tests","fileTypesAndContributionMap":{}},{"hash":"528ad661a1a1d08214d417b8fac05bada3c3076d","isMergeCommit":false,"messageTitle":"Change attribute colors, fix partially alias bug","messageBody":"","fileTypesAndContributionMap":{"functional-code":{"insertions":13,"deletions":10}}}]},{"date":"2025-03-27","commitResults":[{"hash":"729d8d40d10b44110dfc94943049a2d90e8191aa","isMergeCommit":false,"messageTitle":"Refactor DarkTheme.css","messageBody":"","fileTypesAndContributionMap":{"functional-code":{"insertions":42,"deletions":37}}},{"hash":"8531660b5e6832ae1de57d325ada3d499ccf117b","isMergeCommit":true,"messageTitle":"Merge pull request #188 from samuelneo/change-attribute-colors","messageBody":"Change attribute colors and partially fix alias","fileTypesAndContributionMap":{}},{"hash":"60e288952d5975ff4294fc2412f1f7c1c4b19f0d","isMergeCommit":false,"messageTitle":"Update Ui.png","messageBody":"","fileTypesAndContributionMap":{"functional-code":{"insertions":2,"deletions":0}}},{"hash":"f9315999e75ef943ff2aa80998d110b473a38217","isMergeCommit":false,"messageTitle":"Fix command format for `link`","messageBody":"","fileTypesAndContributionMap":{"docs":{"insertions":1,"deletions":1}}},{"hash":"6569b76e54c773408b714d8701f4659204ac9414","isMergeCommit":true,"messageTitle":"Merge pull request #195 from samuelneo/fix-ui-png","messageBody":"Update Ui.png","fileTypesAndContributionMap":{}},{"hash":"f17bd3cbb9b47b7cbd1f3908d5770dca86074f24","isMergeCommit":false,"messageTitle":"Update UiClassDiagram.puml to include new classes","messageBody":"","fileTypesAndContributionMap":{"docs":{"insertions":8,"deletions":0}}},{"hash":"004dda78297410275d1a0706768c09c146a1ba4b","isMergeCommit":false,"messageTitle":"Split sort sequence diagrams into multiple diagrams","messageBody":"","fileTypesAndContributionMap":{"docs":{"insertions":106,"deletions":72}}},{"hash":"286adb5d72590984d0c47b1b08a51c6fb2a316b6","isMergeCommit":false,"messageTitle":"Add model component to main sequence diagrams","messageBody":"","fileTypesAndContributionMap":{"docs":{"insertions":14,"deletions":6}}},{"hash":"da99d08b0fcb4a181d00fe040faf10d50b8e0f2b","isMergeCommit":true,"messageTitle":"Merge pull request #199 from samuelneo/update-uiclassdiagram","messageBody":"Update UiClassDiagram.puml to include new classes","tags":["v1.4"],"fileTypesAndContributionMap":{}}]},{"date":"2025-03-31","commitResults":[{"hash":"693e1a493508e513cc9cb5680bdb0df3e5977924","isMergeCommit":false,"messageTitle":"Fix emojis","messageBody":"","fileTypesAndContributionMap":{"functional-code":{"insertions":20,"deletions":2}}},{"hash":"73453759ab4cc86eab4434de45328a6250a36d58","isMergeCommit":false,"messageTitle":"Fix grammar","messageBody":"","fileTypesAndContributionMap":{"functional-code":{"insertions":1,"deletions":1}}}]},{"date":"2025-04-01","commitResults":[{"hash":"58bc7e4cb1b228c8713be1aa8a6367b009065f19","isMergeCommit":false,"messageTitle":"Support Linux users clicking on links","messageBody":"","fileTypesAndContributionMap":{"functional-code":{"insertions":50,"deletions":33}}},{"hash":"5def51688840b8e6571495696c497ef497408967","isMergeCommit":false,"messageTitle":"Update user guide","messageBody":"","fileTypesAndContributionMap":{"docs":{"insertions":15,"deletions":11}}},{"hash":"283293f5900320575004050c513ba0b880d0bce8","isMergeCommit":true,"messageTitle":"Merge pull request #250 from samuelneo/fix-linux-compatibility","messageBody":"Fix linux compatibility","fileTypesAndContributionMap":{}}]},{"date":"2025-04-02","commitResults":[{"hash":"49e368ab04a24d8ec69394c7939f3624a20c8d4d","isMergeCommit":false,"messageTitle":"Update user guide","messageBody":"","fileTypesAndContributionMap":{"docs":{"insertions":54,"deletions":47}}},{"hash":"1af238240ec1ce6a1c17e83882cfe6e61b188b61","isMergeCommit":false,"messageTitle":"Update codecov.yml","messageBody":"(cherry picked from commit 70c6d960c0c18137b89f6b3c357a254169965108)\n","fileTypesAndContributionMap":{"other":{"insertions":3,"deletions":2}}},{"hash":"ab3bdec79026d623f3c0fd9c55afa283450aa65d","isMergeCommit":true,"messageTitle":"Merge pull request #262 from samuelneo/update-user-guide-v1.5","messageBody":"Update user guide","fileTypesAndContributionMap":{}},{"hash":"7bc4e1d36353a3d6cea7e2f5c41a0f1d2a6189ef","isMergeCommit":false,"messageTitle":"Replace instances of degree with major","messageBody":"","fileTypesAndContributionMap":{"functional-code":{"insertions":6,"deletions":6},"test-code":{"insertions":11,"deletions":11}}},{"hash":"c61581de75fb3f9c8ece5a2ff9b54c5d6bdd4bcf","isMergeCommit":false,"messageTitle":"Update codecov.yml","messageBody":"","fileTypesAndContributionMap":{"other":{"insertions":1,"deletions":0}}},{"hash":"8f7cb5ae171e68acc3261ba7d6ebd66c324e85f2","isMergeCommit":true,"messageTitle":"Merge pull request #275 from samuelneo/fix-user-guide-inconsistencies","messageBody":"Replace instances of degree with major","fileTypesAndContributionMap":{}}]}]},"authorFileTypeContributionMap":{"OvOtter":{"docs":253,"functional-code":513,"test-code":166},"luna-ortus-cor":{"docs":92,"functional-code":211,"test-code":46},"kai824":{"docs":135,"functional-code":204,"test-code":287},"h-b-k-nishi":{"docs":144,"functional-code":998,"test-code":704},"samuelneo":{"docs":174,"functional-code":892,"test-code":559,"other":24}},"authorContributionVariance":{"OvOtter":23474.91,"luna-ortus-cor":2361.0732,"kai824":6419.325,"h-b-k-nishi":20814.336,"samuelneo":31770.08},"authorDisplayNameMap":{"OvOtter":"CS2103T-T10-1 SHEN..IHAN","luna-ortus-cor":"CS2103T-T10-1 RUSS.. HNG","kai824":"CS2103T-T10-1 TAN .. KAI","h-b-k-nishi":"CS2103T-T10-1 NISH..BIKI","samuelneo":"CS2103T-T10-1 NEO ..MUEL"}}
