{"authorDailyContributionsMap":{"OvOtter":[{"date":"2025-02-27","commitResults":[{"hash":"6fb294cb98d6051ba0265cba0eeab55d9e18b269","isMergeCommit":false,"messageTitle":"Update AboutUs","messageBody":"","fileTypesAndContributionMap":{"docs":{"insertions":13,"deletions":13}}},{"hash":"74df42ca51fd3b19d080c7e47881465a31a269d2","isMergeCommit":true,"messageTitle":"Merge branch \u0027master\u0027 into branch-photo","messageBody":"","fileTypesAndContributionMap":{}},{"hash":"12fa0df888bb11565eb90fa402b90147777fde93","isMergeCommit":true,"messageTitle":"Merge pull request #28 from OvOtter/branch-photo","messageBody":"Update Zihan into AboutUs","fileTypesAndContributionMap":{}}]},{"date":"2025-03-05","commitResults":[{"hash":"95ce4fee0ca9fde9a68e50620baf104dc49700fb","isMergeCommit":false,"messageTitle":"Update AboutUs.md","messageBody":"","fileTypesAndContributionMap":{"docs":{"insertions":1,"deletions":1}}},{"hash":"6356cea15fbb89bd227915d8d9b20875c3a8f240","isMergeCommit":false,"messageTitle":"Revert \"Update AboutUs.md\"","messageBody":"This reverts commit 95ce4fee0ca9fde9a68e50620baf104dc49700fb.\n","fileTypesAndContributionMap":{"docs":{"insertions":1,"deletions":1}}},{"hash":"b7bedf2ab1ca925b1cca078bdf563cce6170ef1b","isMergeCommit":false,"messageTitle":"Update AboutUs.md","messageBody":"","fileTypesAndContributionMap":{"docs":{"insertions":1,"deletions":1}}},{"hash":"e723515c43ab1dc77c617e8fa118f3b57b0dbbc9","isMergeCommit":true,"messageTitle":"Merge pull request #46 from OvOtter/branch-photo","messageBody":"Rename Zihan\u0027s photo","fileTypesAndContributionMap":{}}]},{"date":"2025-03-07","commitResults":[{"hash":"82983e00ac25c5bfd3c978968e5a2e716d76c2df","isMergeCommit":true,"messageTitle":"Merge branch \u0027master\u0027 of https://github.com/OvOtter/tp","messageBody":"","fileTypesAndContributionMap":{}},{"hash":"24f6cb49c67298b0a9b92d2f31a294417788e2fc","isMergeCommit":false,"messageTitle":"Update link for CI Status","messageBody":"","fileTypesAndContributionMap":{"docs":{"insertions":1,"deletions":1}}},{"hash":"b9013e1651ad4e0509f6ba62f862c38dc91af3cc","isMergeCommit":false,"messageTitle":"Add use case","messageBody":"","fileTypesAndContributionMap":{"docs":{"insertions":108,"deletions":100}}},{"hash":"266df0576b09438f4b00089c74e75a8d4c305e4d","isMergeCommit":false,"messageTitle":"Add use case","messageBody":"","fileTypesAndContributionMap":{"docs":{"insertions":1,"deletions":0}}},{"hash":"7a54806f00ed976b07951e66991c0cb5d5e59482","isMergeCommit":false,"messageTitle":"Reformat pointers","messageBody":"","fileTypesAndContributionMap":{"docs":{"insertions":10,"deletions":11}}},{"hash":"8fc8d6655a571a9d8d59f472f12e39149ec40a58","isMergeCommit":false,"messageTitle":"Fix formatting error","messageBody":"","fileTypesAndContributionMap":{"docs":{"insertions":1,"deletions":1}}},{"hash":"a2edc4bff03ffee2bcc470aad290625a0de57131","isMergeCommit":false,"messageTitle":"Change - to *","messageBody":"","fileTypesAndContributionMap":{"docs":{"insertions":88,"deletions":88}}},{"hash":"ced67178406931e61aa79c76e54a421b4fb5c2c0","isMergeCommit":true,"messageTitle":"Merge pull request #48 from OvOtter/badge","messageBody":"Update GitHub Actions build status badge","fileTypesAndContributionMap":{}},{"hash":"8d8edecef572072dd7f10f8bd1035895220b1a34","isMergeCommit":true,"messageTitle":"Merge pull request #50 from OvOtter/dg","messageBody":"Update use caes in Developer Guide","fileTypesAndContributionMap":{}}]},{"date":"2025-03-09","commitResults":[{"hash":"334b6038af66b4a676377ecf5c29049a8e675516","isMergeCommit":true,"messageTitle":"Merge branch \u0027master\u0027 of https://github.com/OvOtter/tp","messageBody":"","fileTypesAndContributionMap":{}}]},{"date":"2025-03-13","commitResults":[{"hash":"0fd6c3c14b2f6aa498e442d5fb14a6ebb8da6f78","isMergeCommit":false,"messageTitle":"Fix errors with Developer Guide","messageBody":"","fileTypesAndContributionMap":{"docs":{"insertions":3,"deletions":5}}},{"hash":"24ff945fd7b18043cc8297535e6a3d9b13d2a5e5","isMergeCommit":true,"messageTitle":"Merge pull request #72 from OvOtter/edit-developer-guide","messageBody":"Edit developer guide","fileTypesAndContributionMap":{}}]}],"luna-ortus-cor":[{"date":"2025-02-27","commitResults":[{"hash":"bd57ccb12f96e0a959292b8bf417150877abcbf0","isMergeCommit":false,"messageTitle":"Add russell about us","messageBody":"","fileTypesAndContributionMap":{"docs":{"insertions":6,"deletions":6}}},{"hash":"40ce265350a90bd5e435f78528ba2e3cee4f4721","isMergeCommit":true,"messageTitle":"Merge pull request #26 from AY2425S2-CS2103T-T10-1/branch-update-aboutus-russell","messageBody":"Add russell about us","fileTypesAndContributionMap":{}},{"hash":"d70f720f87861e70a9f130a56b002b4e9ba2a630","isMergeCommit":true,"messageTitle":"Merge pull request #27 from samuelneo/update-aboutus-samuel","messageBody":"Update AboutUs.md to include Samuel","fileTypesAndContributionMap":{}},{"hash":"54a1e62242102045a4d8503d0723849afbb358b0","isMergeCommit":true,"messageTitle":"Merge pull request #23 from kai824/update-description","messageBody":"Update about us to include Yi Kai","fileTypesAndContributionMap":{}}]},{"date":"2025-03-04","commitResults":[{"hash":"ab645423ffaff1306e6ea4fef83eb30f9877d5e4","isMergeCommit":false,"messageTitle":"Update original source code acknowledgement","messageBody":"","fileTypesAndContributionMap":{"docs":{"insertions":2,"deletions":0}}},{"hash":"3a100d85327069a46bdad4291d7e5ab3613e6acd","isMergeCommit":false,"messageTitle":"Update developer guide with target user profile and value proposition","messageBody":"","fileTypesAndContributionMap":{"docs":{"insertions":3,"deletions":3}}}]},{"date":"2025-03-06","commitResults":[{"hash":"a20d19de1554564031b4088e3d2f3593b86bc8cf","isMergeCommit":true,"messageTitle":"Merge pull request #39 from luna-ortus-cor/branch-update-original-source-code-acknowledgement","messageBody":"Update original source code acknowledgement","fileTypesAndContributionMap":{}},{"hash":"020132f12d306414e5f1d767496f92f72915aa1e","isMergeCommit":true,"messageTitle":"Merge pull request #41 from luna-ortus-cor/branch-update-developer-guide-target-user-profile-value-proposition","messageBody":"Branch update developer guide target user profile value proposition","fileTypesAndContributionMap":{}}]},{"date":"2025-03-13","commitResults":[{"hash":"6b83b7027cb10ac4a8d963ab626e2fd605ba9563","isMergeCommit":false,"messageTitle":"Update user guide for add attribute","messageBody":"","fileTypesAndContributionMap":{"docs":{"insertions":14,"deletions":0}}},{"hash":"39c6fea175e49ac3660cbf07002a6c2df6acbc7d","isMergeCommit":true,"messageTitle":"Merge pull request #70 from luna-ortus-cor/branch-update-user-guide-add-attribute","messageBody":"Update user guide for add attribute","fileTypesAndContributionMap":{}}]}],"kai824":[{"date":"2025-02-27","commitResults":[{"hash":"d3216070c01cf76df0a37644442b45aaab198743","isMergeCommit":true,"messageTitle":"Merge pull request #5 from samuelneo/codecov-config","messageBody":"Add Codecov configuration","fileTypesAndContributionMap":{}},{"hash":"4d2e5587e5cf9647752af4f1646f06493225d658","isMergeCommit":false,"messageTitle":"Update about us","messageBody":"","fileTypesAndContributionMap":{"docs":{"insertions":5,"deletions":5}}},{"hash":"d873507d9986e51db0c42d94fb8a14990147b846","isMergeCommit":true,"messageTitle":"Merge pull request #25 from h-b-k-nishi/update-aboutus","messageBody":"Update AboutUs to include Hibiki","fileTypesAndContributionMap":{}},{"hash":"99b323cf806003c43d2809557391616b873162c3","isMergeCommit":false,"messageTitle":"Add portfolio empty file","messageBody":"","fileTypesAndContributionMap":{"docs":{"insertions":1,"deletions":0}}}]},{"date":"2025-03-02","commitResults":[{"hash":"981d14f7dadfe5356ac094f2c1b6796b46b8b56b","isMergeCommit":false,"messageTitle":"Add user stories to developer guide","messageBody":"","fileTypesAndContributionMap":{"docs":{"insertions":24,"deletions":6}}}]},{"date":"2025-03-03","commitResults":[{"hash":"deceeed929e516b8754783154db058eed89a3926","isMergeCommit":true,"messageTitle":"Merge pull request #34 from kai824/update-dev-guide","messageBody":"Update user stories in developer guide","fileTypesAndContributionMap":{}}]},{"date":"2025-03-06","commitResults":[{"hash":"61bb6e538b282689de69e95506364a08a976219f","isMergeCommit":true,"messageTitle":"Merge pull request #36 from kai824/add-ui-mockup","messageBody":"Update Ui mockup","fileTypesAndContributionMap":{}}]},{"date":"2025-03-12","commitResults":[{"hash":"65ce430902c77b403e050c5f582d62c6a411342c","isMergeCommit":false,"messageTitle":"Add command to remove attribute (#60)","messageBody":"* Add code structure for remove attribute command\n\n* Implement attribute removal\n\n* Refactor command to use Name to check matching name\n\n* Update attribute name check to be case insensitive\n\n* Fix checkstyle issues\n\n* Update test to reflect updated logic\n\n* Modify remove-attribute to remove person by index\n\n* Handle removing multiple attributes\n\n* Update usage instruction\n\n* Fix coding style issues","fileTypesAndContributionMap":{"functional-code":{"insertions":151,"deletions":1}}}]},{"date":"2025-03-13","commitResults":[{"hash":"8b7fc2069a4e5e67503a846b136f90819977d2f0","isMergeCommit":false,"messageTitle":"Fix javadoc (#68)","messageBody":"","fileTypesAndContributionMap":{"functional-code":{"insertions":4,"deletions":0}}}]},{"date":"2025-03-15","commitResults":[{"hash":"4858d5fef0acb92b92cf268baa5832a504865844","isMergeCommit":false,"messageTitle":"Update user guide for remove-attribute command (#73)","messageBody":"* Update user guide\n\n* Add ellipsis","fileTypesAndContributionMap":{"docs":{"insertions":15,"deletions":0}}}]}],"h-b-k-nishi":[{"date":"2025-02-27","commitResults":[{"hash":"987a8cf7f581fd10919fb1cb1867c157bcde4df4","isMergeCommit":false,"messageTitle":"Update AboutUs.md","messageBody":"","fileTypesAndContributionMap":{"docs":{"insertions":14,"deletions":6}}},{"hash":"0d57a7b2ba620a33adc24ea85ea469ebf9482add","isMergeCommit":false,"messageTitle":"Add EOF","messageBody":"","fileTypesAndContributionMap":{"docs":{"insertions":1,"deletions":1}}}]},{"date":"2025-03-04","commitResults":[{"hash":"e997e2a502059209fc746a96a15a9e1afdf9a52a","isMergeCommit":false,"messageTitle":"Update the top title of project website","messageBody":"","fileTypesAndContributionMap":{"docs":{"insertions":1,"deletions":1}}},{"hash":"8b15d0c63b8bf0c91b37f33aa4335cc354573f65","isMergeCommit":false,"messageTitle":"Add further non-functional requirements","messageBody":"","fileTypesAndContributionMap":{"docs":{"insertions":7,"deletions":1}}}]},{"date":"2025-03-06","commitResults":[{"hash":"b70184748a421297ba3fa4d9a2650d9c575068e4","isMergeCommit":true,"messageTitle":"Merge pull request #42 from h-b-k-nishi/site-setting","messageBody":"Update the top title of project website","fileTypesAndContributionMap":{}},{"hash":"67b618ee697188175e6cc4cd5a3833407371012e","isMergeCommit":true,"messageTitle":"Merge pull request #45 from h-b-k-nishi/update-dg","messageBody":"Add further non-functional requirements to the Developer Guide","fileTypesAndContributionMap":{}}]},{"date":"2025-03-12","commitResults":[{"hash":"9c3c79ba2717b3c1476a4a57bd49ed4fa61b33b3","isMergeCommit":false,"messageTitle":"Implement FilterCommand class and a necessary predicate class","messageBody":"","fileTypesAndContributionMap":{"functional-code":{"insertions":73,"deletions":0},"test-code":{"insertions":84,"deletions":0}}},{"hash":"2566f68a8586380c3b6292860c4d5d2e1761e6c4","isMergeCommit":false,"messageTitle":"Update the test as per the removal of address","messageBody":"","fileTypesAndContributionMap":{"test-code":{"insertions":3,"deletions":2}}},{"hash":"9c6c475cbcc934f58d029e0c9cb6b58b30f4b56c","isMergeCommit":true,"messageTitle":"Merge branch \u0027master\u0027 into branch-filtercommand","messageBody":"","fileTypesAndContributionMap":{}}]},{"date":"2025-03-13","commitResults":[{"hash":"e6c1d572ede85702d38a2e76c6e80bb4e9cc3aad","isMergeCommit":false,"messageTitle":"Update the test for the case-insensitive name","messageBody":"","fileTypesAndContributionMap":{"test-code":{"insertions":11,"deletions":11}}},{"hash":"53b689c543664cbbb469bf1a192396f0f35e40d4","isMergeCommit":false,"messageTitle":"Add and reorganize javadoc","messageBody":"","fileTypesAndContributionMap":{"functional-code":{"insertions":8,"deletions":2}}},{"hash":"9828240d6c715965339304502bd32c3768a585e0","isMergeCommit":true,"messageTitle":"Merge pull request #65 from h-b-k-nishi/branch-filtercommand","messageBody":"Implement FilterCommand class","fileTypesAndContributionMap":{}}]}],"samuelneo":[{"date":"2025-02-21","commitResults":[{"hash":"9759db6f6e29c44bacec59d774f92feec2189d2a","isMergeCommit":false,"messageTitle":"Add Codecov configuration","messageBody":"","fileTypesAndContributionMap":{"other":{"insertions":9,"deletions":0}}}]},{"date":"2025-02-22","commitResults":[{"hash":"6361e9c35cd8516d3725a5ebc9c4e047e57f7b5d","isMergeCommit":false,"messageTitle":"Tweak Codecov configuration to be more lenient for patches","messageBody":"","fileTypesAndContributionMap":{"other":{"insertions":2,"deletions":3}}},{"hash":"abdcc5b9e1694266bfaf48b38caf67a7373c6c11","isMergeCommit":false,"messageTitle":"Reword comment","messageBody":"","fileTypesAndContributionMap":{"other":{"insertions":1,"deletions":1}}}]},{"date":"2025-02-23","commitResults":[{"hash":"81ee8866abfd79c8547cbacc83042e4e6b82713f","isMergeCommit":false,"messageTitle":"Set Codecov project threshold to 5%","messageBody":"","fileTypesAndContributionMap":{"other":{"insertions":1,"deletions":0}}}]},{"date":"2025-02-27","commitResults":[{"hash":"3980043c95c17aaba424626ee985892d4645b775","isMergeCommit":true,"messageTitle":"Merge pull request #8 from kai824/update-gitignore","messageBody":"Update gitignore","fileTypesAndContributionMap":{}},{"hash":"3711d00afd16703a308a651530ac88b47dfbfd38","isMergeCommit":false,"messageTitle":"Update AboutUs.md to include Samuel","messageBody":"","fileTypesAndContributionMap":{"docs":{"insertions":4,"deletions":4}}}]},{"date":"2025-02-28","commitResults":[{"hash":"04093667bf7858ff1427e71d5a9c56f966bc6dd6","isMergeCommit":false,"messageTitle":"Update glossary","messageBody":"","fileTypesAndContributionMap":{"docs":{"insertions":6,"deletions":2}}},{"hash":"08e2c94fa74513e71d68791130f105317bd61369","isMergeCommit":false,"messageTitle":"Rephrase description of valid name","messageBody":"","fileTypesAndContributionMap":{"docs":{"insertions":1,"deletions":1}}},{"hash":"49f08daa4b64780b7dd0e4fcbace4b0b132b5e08","isMergeCommit":false,"messageTitle":"Update project info in README.md","messageBody":"","fileTypesAndContributionMap":{"docs":{"insertions":5,"deletions":10}}}]},{"date":"2025-03-02","commitResults":[{"hash":"d5b25c9d00e0ddea8c98716eda4ea9cc312561b3","isMergeCommit":true,"messageTitle":"Merge pull request #30 from samuelneo/update-project-info","messageBody":"Update project info in README.md","fileTypesAndContributionMap":{}}]},{"date":"2025-03-03","commitResults":[{"hash":"af1f673e6fc26724933cbd97b28b594eaadaa986","isMergeCommit":false,"messageTitle":"Fix checkstyle to support lambda-style switch","messageBody":"","fileTypesAndContributionMap":{"other":{"insertions":6,"deletions":0}}},{"hash":"235b4f2cf8cdfce148d3f8de17da126f07cc3cdb","isMergeCommit":true,"messageTitle":"Merge pull request #38 from samuelneo/fix-switch-checkstyle","messageBody":"Fix checkstyle to support lambda-style switch","fileTypesAndContributionMap":{}}]},{"date":"2025-03-06","commitResults":[{"hash":"2e2a272312e82b9b0292d3dd4da469a921221d5a","isMergeCommit":true,"messageTitle":"Merge branch \u0027master\u0027 into dg-add-glossary","messageBody":"","fileTypesAndContributionMap":{}}]},{"date":"2025-03-07","commitResults":[{"hash":"69b9defd15e03d864677d203c34483b4703daa84","isMergeCommit":false,"messageTitle":"Update glossary","messageBody":"","fileTypesAndContributionMap":{"docs":{"insertions":7,"deletions":2}}},{"hash":"7c03da9dd23b8c9925f23a0b3da9910a059f14c6","isMergeCommit":true,"messageTitle":"Merge branch \u0027master\u0027 into dg-add-glossary","messageBody":"","fileTypesAndContributionMap":{}},{"hash":"42f960cfcce8347e808e4159d2bcd8abdab3cae1","isMergeCommit":true,"messageTitle":"Merge pull request #32 from samuelneo/dg-add-glossary","messageBody":"Update glossary in Developer Guide","fileTypesAndContributionMap":{}}]},{"date":"2025-03-09","commitResults":[{"hash":"fdc33663e1b356beaccb9d923c28c69e76f5a0ab","isMergeCommit":false,"messageTitle":"Update Codecov config","messageBody":"","fileTypesAndContributionMap":{"other":{"insertions":4,"deletions":1}}},{"hash":"859549dfa18d87fc91aeb67b4ab4b3fae0323234","isMergeCommit":false,"messageTitle":"Fix EOF newline","messageBody":"","fileTypesAndContributionMap":{"other":{"insertions":1,"deletions":1}}},{"hash":"2741f1f435171c92956d74028e59863d4af706ab","isMergeCommit":false,"messageTitle":"Add Attribute class","messageBody":"","fileTypesAndContributionMap":{"functional-code":{"insertions":67,"deletions":0}}},{"hash":"2677cbb38a5c7dcffee0788bde703dbb8aa4f8d1","isMergeCommit":false,"messageTitle":"Move attribute package","messageBody":"","fileTypesAndContributionMap":{"other":{"insertions":1,"deletions":1}}},{"hash":"597e7604b10856a0295dba5ec09ba2cff6896712","isMergeCommit":true,"messageTitle":"Merge pull request #53 from samuelneo/fix-codecov-config","messageBody":"Update Codecov config","fileTypesAndContributionMap":{}},{"hash":"d0e5fb57c567736c137d89bc536b995069a04435","isMergeCommit":false,"messageTitle":"Add tests for Attribute","messageBody":"","fileTypesAndContributionMap":{"test-code":{"insertions":106,"deletions":0}}}]},{"date":"2025-03-10","commitResults":[{"hash":"bec3408174431639276b5ad54aab8632e0f7b8cb","isMergeCommit":false,"messageTitle":"Add Attribute to Person, fix regressions, update some tests","messageBody":"","fileTypesAndContributionMap":{"functional-code":{"insertions":45,"deletions":11},"test-code":{"insertions":26,"deletions":3}}},{"hash":"d60377ee35287da7217e3867ae37ebced6be6640","isMergeCommit":false,"messageTitle":"Update storage to support Attribute","messageBody":"","fileTypesAndContributionMap":{"functional-code":{"insertions":72,"deletions":4},"test-code":{"insertions":42,"deletions":19}}},{"hash":"47b5996861c7979ad88974d5afe7444fc2dea2d0","isMergeCommit":false,"messageTitle":"Update UI to support Attributes (preliminary)","messageBody":"","fileTypesAndContributionMap":{"functional-code":{"insertions":9,"deletions":1}}},{"hash":"1a6b5d38055bcdc0ad10de5c96aa785256e647eb","isMergeCommit":true,"messageTitle":"Merge pull request #56 from samuelneo/add-attribute-support","messageBody":"Add attribute support","fileTypesAndContributionMap":{}},{"hash":"ea2cc3eb5c1a844ef7c9115d1598a9e406d9dd56","isMergeCommit":false,"messageTitle":"Beautify UI","messageBody":"","fileTypesAndContributionMap":{"functional-code":{"insertions":11,"deletions":2}}},{"hash":"52ec9e161b389751671a2dc0d23e9ccfd73ffbe2","isMergeCommit":false,"messageTitle":"Update sample data","messageBody":"","fileTypesAndContributionMap":{"functional-code":{"insertions":14,"deletions":7}}},{"hash":"b5501bcef64a689a67b432253984befbc852ad54","isMergeCommit":false,"messageTitle":"Remove unused field","messageBody":"","fileTypesAndContributionMap":{"functional-code":{"insertions":0,"deletions":2}}},{"hash":"632a862ea717915b615dbc8696e90fdda621c174","isMergeCommit":false,"messageTitle":"Remove unused import","messageBody":"","fileTypesAndContributionMap":{"functional-code":{"insertions":0,"deletions":1}}},{"hash":"ace1c90273727b910fe163fb60317d09f9ac572e","isMergeCommit":false,"messageTitle":"Update tags to allow any non-slash characters","messageBody":"","fileTypesAndContributionMap":{"functional-code":{"insertions":6,"deletions":7},"docs":{"insertions":4,"deletions":4},"test-code":{"insertions":12,"deletions":11}}},{"hash":"80b281c2b7ce4fa494bb6fbdf6f0b0fd48d4b98a","isMergeCommit":false,"messageTitle":"Remove unused import","messageBody":"","fileTypesAndContributionMap":{"test-code":{"insertions":0,"deletions":1}}}]},{"date":"2025-03-11","commitResults":[{"hash":"bbae6d9f1d9d1b134e378ad6f57f0ac223deafa3","isMergeCommit":false,"messageTitle":"Disallow equals sign in attributes","messageBody":"","fileTypesAndContributionMap":{"functional-code":{"insertions":2,"deletions":2},"test-code":{"insertions":3,"deletions":2}}},{"hash":"9903cff3f9469f67e4e38aead7d80a87d32c5041","isMergeCommit":true,"messageTitle":"Merge pull request #57 from samuelneo/update-attribute-ui","messageBody":"Update attribute UI","fileTypesAndContributionMap":{}},{"hash":"ab7963bcf0b66dc2b333e7d2e11624e77be57ff3","isMergeCommit":false,"messageTitle":"Remove address","messageBody":"","fileTypesAndContributionMap":{"functional-code":{"insertions":16,"deletions":155},"test-code":{"insertions":55,"deletions":249}}},{"hash":"e54d890f15854380b633a1f59e4fadadbba95624","isMergeCommit":false,"messageTitle":"Remove redundant statements","messageBody":"","fileTypesAndContributionMap":{"functional-code":{"insertions":19,"deletions":23},"test-code":{"insertions":28,"deletions":29}}},{"hash":"4ad25c484e0c52f022bf4cb16ff8f730673437f1","isMergeCommit":false,"messageTitle":"Person.java: Update equals and hash to include attributes","messageBody":"","fileTypesAndContributionMap":{"functional-code":{"insertions":3,"deletions":2}}},{"hash":"238c33bdd5ed6c3df637ba7c152fb6b28519043f","isMergeCommit":false,"messageTitle":"Add support for parsing attributes","messageBody":"","fileTypesAndContributionMap":{"functional-code":{"insertions":42,"deletions":0},"test-code":{"insertions":112,"deletions":0}}},{"hash":"55376002f35a775ae0106ebebacac661ab583b85","isMergeCommit":true,"messageTitle":"Merge pull request #62 from samuelneo/remove-address","messageBody":"Remove address and add attribute parsing support","fileTypesAndContributionMap":{}}]}]},"authorFileTypeContributionMap":{"OvOtter":{"docs":24,"functional-code":0,"test-code":0},"luna-ortus-cor":{"docs":23,"functional-code":0,"test-code":0},"kai824":{"docs":45,"functional-code":155,"test-code":0},"h-b-k-nishi":{"docs":22,"functional-code":79,"test-code":85},"samuelneo":{"docs":24,"functional-code":272,"test-code":363,"other":18}},"authorContributionVariance":{"OvOtter":6959.6367,"luna-ortus-cor":15.379961,"kai824":974.431,"h-b-k-nishi":1114.4047,"samuelneo":26495.787},"authorDisplayNameMap":{"OvOtter":"CS2103T-T10-1 SHEN..IHAN","luna-ortus-cor":"CS2103T-T10-1 RUSS.. HNG","kai824":"CS2103T-T10-1 TAN .. KAI","h-b-k-nishi":"CS2103T-T10-1 NISH..BIKI","samuelneo":"CS2103T-T10-1 NEO ..MUEL"}}
