[{"path":"README.md","fileType":"docs","lines":[{"lineNumber":1,"author":{"gitId":"NhatMinh0208"},"content":"# CraftConnect","lastModifiedDate":"2025-03-06","isFullCredit":false},{"lineNumber":2,"author":{"gitId":"NhatMinh0208"},"content":"","lastModifiedDate":"2025-03-06","isFullCredit":false},{"lineNumber":3,"author":{"gitId":"NhatMinh0208"},"content":"[![CI Status](https://github.com/se-edu/addressbook-level3/workflows/Java%20CI/badge.svg)](https://github.com/AY2425S2-CS2103T-W13-4/tp/actions)","lastModifiedDate":"2025-03-06","isFullCredit":false},{"lineNumber":4,"author":{"gitId":"-"},"content":"","lastModifiedDate":"2020-05-23","isFullCredit":false},{"lineNumber":5,"author":{"gitId":"-"},"content":"![Ui](docs/images/Ui.png)","lastModifiedDate":"2020-05-23","isFullCredit":false},{"lineNumber":6,"author":{"gitId":"-"},"content":"","lastModifiedDate":"2020-05-23","isFullCredit":false},{"lineNumber":7,"author":{"gitId":"NhatMinh0208"},"content":"**CraftConnect is a desktop tool empowering small arts \u0026 crafts hoobyists and businesses.** With CraftConnect, you can keep track of many different suppliers and customers easily, using just your keyboard.","lastModifiedDate":"2025-03-06","isFullCredit":false},{"lineNumber":8,"author":{"gitId":"NhatMinh0208"},"content":"","lastModifiedDate":"2025-03-06","isFullCredit":false},{"lineNumber":9,"author":{"gitId":"NhatMinh0208"},"content":"For the detailed documentation of this project, see the **[CraftConnect Product Website](https://ay2425s2-cs2103t-w13-4.github.io/tp/)**.","lastModifiedDate":"2025-03-06","isFullCredit":false},{"lineNumber":10,"author":{"gitId":"NhatMinh0208"},"content":"","lastModifiedDate":"2025-03-06","isFullCredit":false},{"lineNumber":11,"author":{"gitId":"NhatMinh0208"},"content":"This project is based on the AddressBook-Level3 project created by the [SE-EDU initiative](https://se-education.org).","lastModifiedDate":"2025-03-06","isFullCredit":false}],"authorContributionMap":{"NhatMinh0208":8,"-":3}},{"path":"docs/AboutUs.md","fileType":"docs","lines":[{"lineNumber":1,"author":{"gitId":"-"},"content":"---","lastModifiedDate":"2020-05-23","isFullCredit":false},{"lineNumber":2,"author":{"gitId":"-"},"content":"  layout: default.md","lastModifiedDate":"2023-09-12","isFullCredit":false},{"lineNumber":3,"author":{"gitId":"-"},"content":"  title: \"About Us\"","lastModifiedDate":"2023-09-12","isFullCredit":false},{"lineNumber":4,"author":{"gitId":"-"},"content":"---","lastModifiedDate":"2020-05-23","isFullCredit":false},{"lineNumber":5,"author":{"gitId":"-"},"content":"","lastModifiedDate":"2020-05-23","isFullCredit":false},{"lineNumber":6,"author":{"gitId":"-"},"content":"# About Us","lastModifiedDate":"2023-09-12","isFullCredit":false},{"lineNumber":7,"author":{"gitId":"-"},"content":"","lastModifiedDate":"2023-09-12","isFullCredit":false},{"lineNumber":8,"author":{"gitId":"-"},"content":"We are a team based in the [School of Computing, National University of Singapore](http://www.comp.nus.edu.sg).","lastModifiedDate":"2023-09-12","isFullCredit":false},{"lineNumber":9,"author":{"gitId":"-"},"content":"","lastModifiedDate":"2020-05-23","isFullCredit":false},{"lineNumber":10,"author":{"gitId":"-"},"content":"You can reach us at the email `seer[at]comp.nus.edu.sg`","lastModifiedDate":"2020-06-17","isFullCredit":false},{"lineNumber":11,"author":{"gitId":"-"},"content":"","lastModifiedDate":"2020-06-17","isFullCredit":false},{"lineNumber":12,"author":{"gitId":"-"},"content":"## Project team","lastModifiedDate":"2020-06-07","isFullCredit":false},{"lineNumber":13,"author":{"gitId":"-"},"content":"","lastModifiedDate":"2020-05-23","isFullCredit":false},{"lineNumber":14,"author":{"gitId":"junngithub"},"content":"### Jun Sen","lastModifiedDate":"2025-03-02","isFullCredit":false},{"lineNumber":15,"author":{"gitId":"-"},"content":"","lastModifiedDate":"2020-05-23","isFullCredit":false},{"lineNumber":16,"author":{"gitId":"junngithub"},"content":"\u003cimg src\u003d\"images/junngithub.png\" width\u003d\"200px\"\u003e","lastModifiedDate":"2025-03-02","isFullCredit":false},{"lineNumber":17,"author":{"gitId":"-"},"content":"","lastModifiedDate":"2020-05-23","isFullCredit":false},{"lineNumber":18,"author":{"gitId":"junngithub"},"content":"[[github](https://github.com/junngithub)]","lastModifiedDate":"2025-03-02","isFullCredit":false},{"lineNumber":19,"author":{"gitId":"-"},"content":"[[portfolio](team/johndoe.md)]","lastModifiedDate":"2020-05-23","isFullCredit":false},{"lineNumber":20,"author":{"gitId":"-"},"content":"","lastModifiedDate":"2020-05-23","isFullCredit":false},{"lineNumber":21,"author":{"gitId":"junngithub"},"content":"* Role: Developer","lastModifiedDate":"2025-03-02","isFullCredit":false},{"lineNumber":22,"author":{"gitId":"-"},"content":"","lastModifiedDate":"2020-05-23","isFullCredit":false},{"lineNumber":23,"author":{"gitId":"NhatMinh0208"},"content":"### Nguyen Nhat Minh","lastModifiedDate":"2025-03-02","isFullCredit":false},{"lineNumber":24,"author":{"gitId":"-"},"content":"","lastModifiedDate":"2020-05-23","isFullCredit":false},{"lineNumber":25,"author":{"gitId":"NhatMinh0208"},"content":"\u003cimg src\u003d\"images/nhatminh0208.png\" width\u003d\"200px\"\u003e","lastModifiedDate":"2025-03-02","isFullCredit":false},{"lineNumber":26,"author":{"gitId":"-"},"content":"","lastModifiedDate":"2020-05-23","isFullCredit":false},{"lineNumber":27,"author":{"gitId":"NhatMinh0208"},"content":"[[github](https://github.com/nhatminh0208)]","lastModifiedDate":"2025-03-02","isFullCredit":false},{"lineNumber":28,"author":{"gitId":"-"},"content":"[[portfolio](team/johndoe.md)]","lastModifiedDate":"2020-05-23","isFullCredit":false},{"lineNumber":29,"author":{"gitId":"-"},"content":"","lastModifiedDate":"2020-05-23","isFullCredit":false},{"lineNumber":30,"author":{"gitId":"-"},"content":"* Role: Developer","lastModifiedDate":"2020-05-23","isFullCredit":false},{"lineNumber":31,"author":{"gitId":"-"},"content":"","lastModifiedDate":"2020-05-23","isFullCredit":false},{"lineNumber":32,"author":{"gitId":"kevinlimantoro123"},"content":"### Kevin Limantoro","lastModifiedDate":"2025-03-02","isFullCredit":false},{"lineNumber":33,"author":{"gitId":"-"},"content":"","lastModifiedDate":"2020-05-23","isFullCredit":false},{"lineNumber":34,"author":{"gitId":"kevinlimantoro123"},"content":"\u003cimg src\u003d\"images/kevinlimantoro123.png\" width\u003d\"200px\"\u003e","lastModifiedDate":"2025-03-02","isFullCredit":false},{"lineNumber":35,"author":{"gitId":"-"},"content":"","lastModifiedDate":"2020-05-23","isFullCredit":false},{"lineNumber":36,"author":{"gitId":"-"},"content":"[[homepage](http://www.comp.nus.edu.sg/~damithch)]","lastModifiedDate":"2020-05-23","isFullCredit":false},{"lineNumber":37,"author":{"gitId":"kevinlimantoro123"},"content":"[[github](https://github.com/kevinlimantoro123)]","lastModifiedDate":"2025-03-02","isFullCredit":false},{"lineNumber":38,"author":{"gitId":"-"},"content":"[[portfolio](team/johndoe.md)]","lastModifiedDate":"2020-05-23","isFullCredit":false},{"lineNumber":39,"author":{"gitId":"-"},"content":"","lastModifiedDate":"2020-05-23","isFullCredit":false},{"lineNumber":40,"author":{"gitId":"-"},"content":"* Role: Developer","lastModifiedDate":"2020-05-23","isFullCredit":false},{"lineNumber":41,"author":{"gitId":"-"},"content":"* Responsibilities: UI","lastModifiedDate":"2020-05-23","isFullCredit":false},{"lineNumber":42,"author":{"gitId":"-"},"content":"","lastModifiedDate":"2020-05-23","isFullCredit":false},{"lineNumber":43,"author":{"gitId":"Masunori"},"content":"### Duong Minh Duc","lastModifiedDate":"2025-03-02","isFullCredit":false},{"lineNumber":44,"author":{"gitId":"-"},"content":"","lastModifiedDate":"2020-05-23","isFullCredit":false},{"lineNumber":45,"author":{"gitId":"Masunori"},"content":"\u003cimg src\u003d\"images/masunori.png\" width\u003d\"200px\"\u003e","lastModifiedDate":"2025-03-02","isFullCredit":false},{"lineNumber":46,"author":{"gitId":"-"},"content":"","lastModifiedDate":"2020-05-23","isFullCredit":false},{"lineNumber":47,"author":{"gitId":"Masunori"},"content":"[[github](http://github.com/Masunori)]","lastModifiedDate":"2025-03-02","isFullCredit":false},{"lineNumber":48,"author":{"gitId":"-"},"content":"[[portfolio](team/johndoe.md)]","lastModifiedDate":"2020-05-23","isFullCredit":false},{"lineNumber":49,"author":{"gitId":"-"},"content":"","lastModifiedDate":"2020-05-23","isFullCredit":false},{"lineNumber":50,"author":{"gitId":"-"},"content":"* Role: Developer","lastModifiedDate":"2020-05-23","isFullCredit":false},{"lineNumber":51,"author":{"gitId":"-"},"content":"* Responsibilities: UI","lastModifiedDate":"2020-05-23","isFullCredit":false},{"lineNumber":52,"author":{"gitId":"kevinlimantoro123"},"content":"","lastModifiedDate":"2025-03-02","isFullCredit":false}],"authorContributionMap":{"Masunori":3,"junngithub":4,"kevinlimantoro123":4,"NhatMinh0208":3,"-":38}},{"path":"docs/DeveloperGuide.md","fileType":"docs","lines":[{"lineNumber":1,"author":{"gitId":"-"},"content":"---","lastModifiedDate":"2020-05-23","isFullCredit":false},{"lineNumber":2,"author":{"gitId":"-"},"content":"  layout: default.md","lastModifiedDate":"2023-09-12","isFullCredit":false},{"lineNumber":3,"author":{"gitId":"-"},"content":"  title: \"Developer Guide\"","lastModifiedDate":"2023-09-12","isFullCredit":false},{"lineNumber":4,"author":{"gitId":"-"},"content":"  pageNav: 3","lastModifiedDate":"2023-09-12","isFullCredit":false},{"lineNumber":5,"author":{"gitId":"-"},"content":"---","lastModifiedDate":"2020-05-23","isFullCredit":false},{"lineNumber":6,"author":{"gitId":"-"},"content":"","lastModifiedDate":"2023-09-12","isFullCredit":false},{"lineNumber":7,"author":{"gitId":"-"},"content":"# AB-3 Developer Guide","lastModifiedDate":"2023-09-12","isFullCredit":false},{"lineNumber":8,"author":{"gitId":"-"},"content":"","lastModifiedDate":"2023-09-12","isFullCredit":false},{"lineNumber":9,"author":{"gitId":"-"},"content":"\u003c!-- * Table of Contents --\u003e","lastModifiedDate":"2023-09-12","isFullCredit":false},{"lineNumber":10,"author":{"gitId":"-"},"content":"\u003cpage-nav-print /\u003e","lastModifiedDate":"2023-09-12","isFullCredit":false},{"lineNumber":11,"author":{"gitId":"-"},"content":"","lastModifiedDate":"2020-05-23","isFullCredit":false},{"lineNumber":12,"author":{"gitId":"-"},"content":"--------------------------------------------------------------------------------------------------------------------","lastModifiedDate":"2020-05-23","isFullCredit":false},{"lineNumber":13,"author":{"gitId":"-"},"content":"","lastModifiedDate":"2021-07-30","isFullCredit":false},{"lineNumber":14,"author":{"gitId":"-"},"content":"## **Acknowledgements**","lastModifiedDate":"2021-07-30","isFullCredit":false},{"lineNumber":15,"author":{"gitId":"-"},"content":"","lastModifiedDate":"2021-07-30","isFullCredit":false},{"lineNumber":16,"author":{"gitId":"-"},"content":"_{ list here sources of all reused/adapted ideas, code, documentation, and third-party libraries -- include links to the original source as well }_","lastModifiedDate":"2023-09-12","isFullCredit":false},{"lineNumber":17,"author":{"gitId":"-"},"content":"","lastModifiedDate":"2021-07-30","isFullCredit":false},{"lineNumber":18,"author":{"gitId":"-"},"content":"--------------------------------------------------------------------------------------------------------------------","lastModifiedDate":"2021-07-30","isFullCredit":false},{"lineNumber":19,"author":{"gitId":"-"},"content":"","lastModifiedDate":"2020-05-23","isFullCredit":false},{"lineNumber":20,"author":{"gitId":"-"},"content":"## **Setting up, getting started**","lastModifiedDate":"2020-05-23","isFullCredit":false},{"lineNumber":21,"author":{"gitId":"-"},"content":"","lastModifiedDate":"2020-05-23","isFullCredit":false},{"lineNumber":22,"author":{"gitId":"-"},"content":"Refer to the guide [_Setting up and getting started_](SettingUp.md).","lastModifiedDate":"2020-05-23","isFullCredit":false},{"lineNumber":23,"author":{"gitId":"-"},"content":"","lastModifiedDate":"2020-05-23","isFullCredit":false},{"lineNumber":24,"author":{"gitId":"-"},"content":"--------------------------------------------------------------------------------------------------------------------","lastModifiedDate":"2020-05-23","isFullCredit":false},{"lineNumber":25,"author":{"gitId":"-"},"content":"","lastModifiedDate":"2020-05-23","isFullCredit":false},{"lineNumber":26,"author":{"gitId":"-"},"content":"## **Design**","lastModifiedDate":"2020-05-23","isFullCredit":false},{"lineNumber":27,"author":{"gitId":"-"},"content":"","lastModifiedDate":"2020-05-23","isFullCredit":false},{"lineNumber":28,"author":{"gitId":"-"},"content":"### Architecture","lastModifiedDate":"2021-07-31","isFullCredit":false},{"lineNumber":29,"author":{"gitId":"-"},"content":"","lastModifiedDate":"2020-05-23","isFullCredit":false},{"lineNumber":30,"author":{"gitId":"-"},"content":"\u003cpuml src\u003d\"diagrams/ArchitectureDiagram.puml\" width\u003d\"280\" /\u003e","lastModifiedDate":"2023-09-12","isFullCredit":false},{"lineNumber":31,"author":{"gitId":"-"},"content":"","lastModifiedDate":"2020-05-23","isFullCredit":false},{"lineNumber":32,"author":{"gitId":"-"},"content":"The ***Architecture Diagram*** given above explains the high-level design of the App.","lastModifiedDate":"2021-07-31","isFullCredit":false},{"lineNumber":33,"author":{"gitId":"-"},"content":"","lastModifiedDate":"2020-05-23","isFullCredit":false},{"lineNumber":34,"author":{"gitId":"-"},"content":"Given below is a quick overview of main components and how they interact with each other.","lastModifiedDate":"2021-07-31","isFullCredit":false},{"lineNumber":35,"author":{"gitId":"-"},"content":"","lastModifiedDate":"2021-07-31","isFullCredit":false},{"lineNumber":36,"author":{"gitId":"-"},"content":"**Main components of the architecture**","lastModifiedDate":"2021-07-31","isFullCredit":false},{"lineNumber":37,"author":{"gitId":"-"},"content":"","lastModifiedDate":"2020-05-23","isFullCredit":false},{"lineNumber":38,"author":{"gitId":"-"},"content":"**`Main`** (consisting of classes [`Main`](https://github.com/se-edu/addressbook-level3/tree/master/src/main/java/seedu/address/Main.java) and [`MainApp`](https://github.com/se-edu/addressbook-level3/tree/master/src/main/java/seedu/address/MainApp.java)) is in charge of the app launch and shut down.","lastModifiedDate":"2023-09-03","isFullCredit":false},{"lineNumber":39,"author":{"gitId":"-"},"content":"* At app launch, it initializes the other components in the correct sequence, and connects them up with each other.","lastModifiedDate":"2023-09-03","isFullCredit":false},{"lineNumber":40,"author":{"gitId":"-"},"content":"* At shut down, it shuts down the other components and invokes cleanup methods where necessary.","lastModifiedDate":"2023-09-03","isFullCredit":false},{"lineNumber":41,"author":{"gitId":"-"},"content":"","lastModifiedDate":"2020-05-23","isFullCredit":false},{"lineNumber":42,"author":{"gitId":"-"},"content":"The bulk of the app\u0027s work is done by the following four components:","lastModifiedDate":"2023-09-03","isFullCredit":false},{"lineNumber":43,"author":{"gitId":"-"},"content":"","lastModifiedDate":"2020-05-23","isFullCredit":false},{"lineNumber":44,"author":{"gitId":"-"},"content":"* [**`UI`**](#ui-component): The UI of the App.","lastModifiedDate":"2020-05-23","isFullCredit":false},{"lineNumber":45,"author":{"gitId":"-"},"content":"* [**`Logic`**](#logic-component): The command executor.","lastModifiedDate":"2020-05-23","isFullCredit":false},{"lineNumber":46,"author":{"gitId":"-"},"content":"* [**`Model`**](#model-component): Holds the data of the App in memory.","lastModifiedDate":"2020-05-23","isFullCredit":false},{"lineNumber":47,"author":{"gitId":"-"},"content":"* [**`Storage`**](#storage-component): Reads data from, and writes data to, the hard disk.","lastModifiedDate":"2020-05-23","isFullCredit":false},{"lineNumber":48,"author":{"gitId":"-"},"content":"","lastModifiedDate":"2020-05-23","isFullCredit":false},{"lineNumber":49,"author":{"gitId":"-"},"content":"[**`Commons`**](#common-classes) represents a collection of classes used by multiple other components.","lastModifiedDate":"2023-09-03","isFullCredit":false},{"lineNumber":50,"author":{"gitId":"-"},"content":"","lastModifiedDate":"2020-05-23","isFullCredit":false},{"lineNumber":51,"author":{"gitId":"-"},"content":"**How the architecture components interact with each other**","lastModifiedDate":"2020-05-23","isFullCredit":false},{"lineNumber":52,"author":{"gitId":"-"},"content":"","lastModifiedDate":"2020-05-23","isFullCredit":false},{"lineNumber":53,"author":{"gitId":"-"},"content":"The *Sequence Diagram* below shows how the components interact with each other for the scenario where the user issues the command `delete 1`.","lastModifiedDate":"2020-05-23","isFullCredit":false},{"lineNumber":54,"author":{"gitId":"-"},"content":"","lastModifiedDate":"2020-05-23","isFullCredit":false},{"lineNumber":55,"author":{"gitId":"-"},"content":"\u003cpuml src\u003d\"diagrams/ArchitectureSequenceDiagram.puml\" width\u003d\"574\" /\u003e","lastModifiedDate":"2023-09-12","isFullCredit":false},{"lineNumber":56,"author":{"gitId":"-"},"content":"","lastModifiedDate":"2020-05-23","isFullCredit":false},{"lineNumber":57,"author":{"gitId":"-"},"content":"Each of the four main components (also shown in the diagram above),","lastModifiedDate":"2021-07-31","isFullCredit":false},{"lineNumber":58,"author":{"gitId":"-"},"content":"","lastModifiedDate":"2021-07-31","isFullCredit":false},{"lineNumber":59,"author":{"gitId":"-"},"content":"* defines its *API* in an `interface` with the same name as the Component.","lastModifiedDate":"2021-07-31","isFullCredit":false},{"lineNumber":60,"author":{"gitId":"-"},"content":"* implements its functionality using a concrete `{Component Name}Manager` class (which follows the corresponding API `interface` mentioned in the previous point.","lastModifiedDate":"2021-07-31","isFullCredit":false},{"lineNumber":61,"author":{"gitId":"-"},"content":"","lastModifiedDate":"2021-07-31","isFullCredit":false},{"lineNumber":62,"author":{"gitId":"-"},"content":"For example, the `Logic` component defines its API in the `Logic.java` interface and implements its functionality using the `LogicManager.java` class which follows the `Logic` interface. Other components interact with a given component through its interface rather than the concrete class (reason: to prevent outside component\u0027s being coupled to the implementation of a component), as illustrated in the (partial) class diagram below.","lastModifiedDate":"2021-07-31","isFullCredit":false},{"lineNumber":63,"author":{"gitId":"-"},"content":"","lastModifiedDate":"2021-07-31","isFullCredit":false},{"lineNumber":64,"author":{"gitId":"-"},"content":"\u003cpuml src\u003d\"diagrams/ComponentManagers.puml\" width\u003d\"300\" /\u003e","lastModifiedDate":"2023-09-12","isFullCredit":false},{"lineNumber":65,"author":{"gitId":"-"},"content":"","lastModifiedDate":"2021-07-31","isFullCredit":false},{"lineNumber":66,"author":{"gitId":"-"},"content":"The sections below give more details of each component.","lastModifiedDate":"2020-05-23","isFullCredit":false},{"lineNumber":67,"author":{"gitId":"-"},"content":"","lastModifiedDate":"2020-05-23","isFullCredit":false},{"lineNumber":68,"author":{"gitId":"-"},"content":"### UI component","lastModifiedDate":"2020-05-23","isFullCredit":false},{"lineNumber":69,"author":{"gitId":"-"},"content":"","lastModifiedDate":"2020-05-23","isFullCredit":false},{"lineNumber":70,"author":{"gitId":"-"},"content":"The **API** of this component is specified in [`Ui.java`](https://github.com/se-edu/addressbook-level3/tree/master/src/main/java/seedu/address/ui/Ui.java)","lastModifiedDate":"2021-07-31","isFullCredit":false},{"lineNumber":71,"author":{"gitId":"-"},"content":"","lastModifiedDate":"2020-05-23","isFullCredit":false},{"lineNumber":72,"author":{"gitId":"-"},"content":"\u003cpuml src\u003d\"diagrams/UiClassDiagram.puml\" alt\u003d\"Structure of the UI Component\"/\u003e","lastModifiedDate":"2023-09-12","isFullCredit":false},{"lineNumber":73,"author":{"gitId":"-"},"content":"","lastModifiedDate":"2020-05-23","isFullCredit":false},{"lineNumber":74,"author":{"gitId":"-"},"content":"The UI consists of a `MainWindow` that is made up of parts e.g.`CommandBox`, `ResultDisplay`, `PersonListPanel`, `StatusBarFooter` etc. All these, including the `MainWindow`, inherit from the abstract `UiPart` class which captures the commonalities between classes that represent parts of the visible GUI.","lastModifiedDate":"2021-07-31","isFullCredit":false},{"lineNumber":75,"author":{"gitId":"-"},"content":"","lastModifiedDate":"2020-05-23","isFullCredit":false},{"lineNumber":76,"author":{"gitId":"-"},"content":"The `UI` component uses the JavaFx UI framework. The layout of these UI parts are defined in matching `.fxml` files that are in the `src/main/resources/view` folder. For example, the layout of the [`MainWindow`](https://github.com/se-edu/addressbook-level3/tree/master/src/main/java/seedu/address/ui/MainWindow.java) is specified in [`MainWindow.fxml`](https://github.com/se-edu/addressbook-level3/tree/master/src/main/resources/view/MainWindow.fxml)","lastModifiedDate":"2021-07-31","isFullCredit":false},{"lineNumber":77,"author":{"gitId":"-"},"content":"","lastModifiedDate":"2020-05-23","isFullCredit":false},{"lineNumber":78,"author":{"gitId":"-"},"content":"The `UI` component,","lastModifiedDate":"2020-05-23","isFullCredit":false},{"lineNumber":79,"author":{"gitId":"-"},"content":"","lastModifiedDate":"2020-05-23","isFullCredit":false},{"lineNumber":80,"author":{"gitId":"-"},"content":"* executes user commands using the `Logic` component.","lastModifiedDate":"2021-07-31","isFullCredit":false},{"lineNumber":81,"author":{"gitId":"-"},"content":"* listens for changes to `Model` data so that the UI can be updated with the modified data.","lastModifiedDate":"2021-07-31","isFullCredit":false},{"lineNumber":82,"author":{"gitId":"-"},"content":"* keeps a reference to the `Logic` component, because the `UI` relies on the `Logic` to execute commands.","lastModifiedDate":"2021-07-31","isFullCredit":false},{"lineNumber":83,"author":{"gitId":"-"},"content":"* depends on some classes in the `Model` component, as it displays `Person` object residing in the `Model`.","lastModifiedDate":"2021-07-31","isFullCredit":false},{"lineNumber":84,"author":{"gitId":"-"},"content":"","lastModifiedDate":"2020-05-23","isFullCredit":false},{"lineNumber":85,"author":{"gitId":"-"},"content":"### Logic component","lastModifiedDate":"2020-05-23","isFullCredit":false},{"lineNumber":86,"author":{"gitId":"-"},"content":"","lastModifiedDate":"2020-05-23","isFullCredit":false},{"lineNumber":87,"author":{"gitId":"-"},"content":"**API** : [`Logic.java`](https://github.com/se-edu/addressbook-level3/tree/master/src/main/java/seedu/address/logic/Logic.java)","lastModifiedDate":"2021-07-31","isFullCredit":false},{"lineNumber":88,"author":{"gitId":"-"},"content":"","lastModifiedDate":"2020-05-23","isFullCredit":false},{"lineNumber":89,"author":{"gitId":"-"},"content":"Here\u0027s a (partial) class diagram of the `Logic` component:","lastModifiedDate":"2021-07-31","isFullCredit":false},{"lineNumber":90,"author":{"gitId":"-"},"content":"","lastModifiedDate":"2020-05-23","isFullCredit":false},{"lineNumber":91,"author":{"gitId":"-"},"content":"\u003cpuml src\u003d\"diagrams/LogicClassDiagram.puml\" width\u003d\"550\"/\u003e","lastModifiedDate":"2023-09-12","isFullCredit":false},{"lineNumber":92,"author":{"gitId":"-"},"content":"","lastModifiedDate":"2020-05-23","isFullCredit":false},{"lineNumber":93,"author":{"gitId":"-"},"content":"The sequence diagram below illustrates the interactions within the `Logic` component, taking `execute(\"delete 1\")` API call as an example.","lastModifiedDate":"2023-09-03","isFullCredit":false},{"lineNumber":94,"author":{"gitId":"-"},"content":"","lastModifiedDate":"2020-05-23","isFullCredit":false},{"lineNumber":95,"author":{"gitId":"-"},"content":"\u003cpuml src\u003d\"diagrams/DeleteSequenceDiagram.puml\" alt\u003d\"Interactions Inside the Logic Component for the `delete 1` Command\" /\u003e","lastModifiedDate":"2023-09-12","isFullCredit":false},{"lineNumber":96,"author":{"gitId":"-"},"content":"","lastModifiedDate":"2023-09-12","isFullCredit":false},{"lineNumber":97,"author":{"gitId":"-"},"content":"\u003cbox type\u003d\"info\" seamless\u003e","lastModifiedDate":"2023-09-12","isFullCredit":false},{"lineNumber":98,"author":{"gitId":"-"},"content":"","lastModifiedDate":"2020-05-23","isFullCredit":false},{"lineNumber":99,"author":{"gitId":"-"},"content":"**Note:** The lifeline for `DeleteCommandParser` should end at the destroy marker (X) but due to a limitation of PlantUML, the lifeline continues till the end of diagram.","lastModifiedDate":"2023-09-12","isFullCredit":false},{"lineNumber":100,"author":{"gitId":"-"},"content":"\u003c/box\u003e","lastModifiedDate":"2023-09-12","isFullCredit":false},{"lineNumber":101,"author":{"gitId":"-"},"content":"","lastModifiedDate":"2020-05-23","isFullCredit":false},{"lineNumber":102,"author":{"gitId":"-"},"content":"How the `Logic` component works:","lastModifiedDate":"2023-09-03","isFullCredit":false},{"lineNumber":103,"author":{"gitId":"-"},"content":"","lastModifiedDate":"2023-09-03","isFullCredit":false},{"lineNumber":104,"author":{"gitId":"-"},"content":"1. When `Logic` is called upon to execute a command, it is passed to an `AddressBookParser` object which in turn creates a parser that matches the command (e.g., `DeleteCommandParser`) and uses it to parse the command.","lastModifiedDate":"2023-09-03","isFullCredit":false},{"lineNumber":105,"author":{"gitId":"-"},"content":"1. This results in a `Command` object (more precisely, an object of one of its subclasses e.g., `DeleteCommand`) which is executed by the `LogicManager`.","lastModifiedDate":"2023-09-03","isFullCredit":false},{"lineNumber":106,"author":{"gitId":"-"},"content":"1. The command can communicate with the `Model` when it is executed (e.g. to delete a person).\u003cbr\u003e","lastModifiedDate":"2024-02-09","isFullCredit":false},{"lineNumber":107,"author":{"gitId":"-"},"content":"   Note that although this is shown as a single step in the diagram above (for simplicity), in the code it can take several interactions (between the command object and the `Model`) to achieve.","lastModifiedDate":"2024-02-09","isFullCredit":false},{"lineNumber":108,"author":{"gitId":"-"},"content":"1. The result of the command execution is encapsulated as a `CommandResult` object which is returned back from `Logic`.","lastModifiedDate":"2023-09-03","isFullCredit":false},{"lineNumber":109,"author":{"gitId":"-"},"content":"","lastModifiedDate":"2023-09-03","isFullCredit":false},{"lineNumber":110,"author":{"gitId":"-"},"content":"Here are the other classes in `Logic` (omitted from the class diagram above) that are used for parsing a user command:","lastModifiedDate":"2021-07-31","isFullCredit":false},{"lineNumber":111,"author":{"gitId":"-"},"content":"","lastModifiedDate":"2021-07-31","isFullCredit":false},{"lineNumber":112,"author":{"gitId":"-"},"content":"\u003cpuml src\u003d\"diagrams/ParserClasses.puml\" width\u003d\"600\"/\u003e","lastModifiedDate":"2023-09-12","isFullCredit":false},{"lineNumber":113,"author":{"gitId":"-"},"content":"","lastModifiedDate":"2020-05-23","isFullCredit":false},{"lineNumber":114,"author":{"gitId":"-"},"content":"How the parsing works:","lastModifiedDate":"2021-07-31","isFullCredit":false},{"lineNumber":115,"author":{"gitId":"-"},"content":"* When called upon to parse a user command, the `AddressBookParser` class creates an `XYZCommandParser` (`XYZ` is a placeholder for the specific command name e.g., `AddCommandParser`) which uses the other classes shown above to parse the user command and create a `XYZCommand` object (e.g., `AddCommand`) which the `AddressBookParser` returns back as a `Command` object.","lastModifiedDate":"2021-07-31","isFullCredit":false},{"lineNumber":116,"author":{"gitId":"-"},"content":"* All `XYZCommandParser` classes (e.g., `AddCommandParser`, `DeleteCommandParser`, ...) inherit from the `Parser` interface so that they can be treated similarly where possible e.g, during testing.","lastModifiedDate":"2021-07-31","isFullCredit":false},{"lineNumber":117,"author":{"gitId":"-"},"content":"","lastModifiedDate":"2020-05-23","isFullCredit":false},{"lineNumber":118,"author":{"gitId":"-"},"content":"### Model component","lastModifiedDate":"2021-07-31","isFullCredit":false},{"lineNumber":119,"author":{"gitId":"-"},"content":"**API** : [`Model.java`](https://github.com/se-edu/addressbook-level3/tree/master/src/main/java/seedu/address/model/Model.java)","lastModifiedDate":"2020-05-23","isFullCredit":false},{"lineNumber":120,"author":{"gitId":"-"},"content":"","lastModifiedDate":"2020-05-23","isFullCredit":false},{"lineNumber":121,"author":{"gitId":"-"},"content":"\u003cpuml src\u003d\"diagrams/ModelClassDiagram.puml\" width\u003d\"450\" /\u003e","lastModifiedDate":"2023-09-12","isFullCredit":false},{"lineNumber":122,"author":{"gitId":"-"},"content":"","lastModifiedDate":"2020-05-23","isFullCredit":false},{"lineNumber":123,"author":{"gitId":"-"},"content":"","lastModifiedDate":"2020-05-23","isFullCredit":false},{"lineNumber":124,"author":{"gitId":"-"},"content":"The `Model` component,","lastModifiedDate":"2021-07-31","isFullCredit":false},{"lineNumber":125,"author":{"gitId":"-"},"content":"","lastModifiedDate":"2020-05-23","isFullCredit":false},{"lineNumber":126,"author":{"gitId":"-"},"content":"* stores the address book data i.e., all `Person` objects (which are contained in a `UniquePersonList` object).","lastModifiedDate":"2021-07-31","isFullCredit":false},{"lineNumber":127,"author":{"gitId":"-"},"content":"* stores the currently \u0027selected\u0027 `Person` objects (e.g., results of a search query) as a separate _filtered_ list which is exposed to outsiders as an unmodifiable `ObservableList\u003cPerson\u003e` that can be \u0027observed\u0027 e.g. the UI can be bound to this list so that the UI automatically updates when the data in the list change.","lastModifiedDate":"2021-07-31","isFullCredit":false},{"lineNumber":128,"author":{"gitId":"-"},"content":"* stores a `UserPref` object that represents the user’s preferences. This is exposed to the outside as a `ReadOnlyUserPref` objects.","lastModifiedDate":"2021-07-31","isFullCredit":false},{"lineNumber":129,"author":{"gitId":"-"},"content":"* does not depend on any of the other three components (as the `Model` represents data entities of the domain, they should make sense on their own without depending on other components)","lastModifiedDate":"2021-07-31","isFullCredit":false},{"lineNumber":130,"author":{"gitId":"-"},"content":"","lastModifiedDate":"2021-07-31","isFullCredit":false},{"lineNumber":131,"author":{"gitId":"-"},"content":"\u003cbox type\u003d\"info\" seamless\u003e","lastModifiedDate":"2023-09-12","isFullCredit":false},{"lineNumber":132,"author":{"gitId":"-"},"content":"","lastModifiedDate":"2023-09-12","isFullCredit":false},{"lineNumber":133,"author":{"gitId":"-"},"content":"**Note:** An alternative (arguably, a more OOP) model is given below. It has a `Tag` list in the `AddressBook`, which `Person` references. This allows `AddressBook` to only require one `Tag` object per unique tag, instead of each `Person` needing their own `Tag` objects.\u003cbr\u003e","lastModifiedDate":"2023-09-12","isFullCredit":false},{"lineNumber":134,"author":{"gitId":"-"},"content":"","lastModifiedDate":"2021-07-31","isFullCredit":false},{"lineNumber":135,"author":{"gitId":"-"},"content":"\u003cpuml src\u003d\"diagrams/BetterModelClassDiagram.puml\" width\u003d\"450\" /\u003e","lastModifiedDate":"2023-09-12","isFullCredit":false},{"lineNumber":136,"author":{"gitId":"-"},"content":"","lastModifiedDate":"2020-05-23","isFullCredit":false},{"lineNumber":137,"author":{"gitId":"-"},"content":"\u003c/box\u003e","lastModifiedDate":"2023-09-12","isFullCredit":false},{"lineNumber":138,"author":{"gitId":"-"},"content":"","lastModifiedDate":"2020-05-23","isFullCredit":false},{"lineNumber":139,"author":{"gitId":"-"},"content":"","lastModifiedDate":"2020-05-23","isFullCredit":false},{"lineNumber":140,"author":{"gitId":"-"},"content":"### Storage component","lastModifiedDate":"2020-05-23","isFullCredit":false},{"lineNumber":141,"author":{"gitId":"-"},"content":"","lastModifiedDate":"2020-05-23","isFullCredit":false},{"lineNumber":142,"author":{"gitId":"-"},"content":"**API** : [`Storage.java`](https://github.com/se-edu/addressbook-level3/tree/master/src/main/java/seedu/address/storage/Storage.java)","lastModifiedDate":"2020-05-23","isFullCredit":false},{"lineNumber":143,"author":{"gitId":"-"},"content":"","lastModifiedDate":"2020-05-23","isFullCredit":false},{"lineNumber":144,"author":{"gitId":"-"},"content":"\u003cpuml src\u003d\"diagrams/StorageClassDiagram.puml\" width\u003d\"550\" /\u003e","lastModifiedDate":"2023-09-12","isFullCredit":false},{"lineNumber":145,"author":{"gitId":"-"},"content":"","lastModifiedDate":"2021-07-31","isFullCredit":false},{"lineNumber":146,"author":{"gitId":"-"},"content":"The `Storage` component,","lastModifiedDate":"2020-05-23","isFullCredit":false},{"lineNumber":147,"author":{"gitId":"-"},"content":"* can save both address book data and user preference data in JSON format, and read them back into corresponding objects.","lastModifiedDate":"2023-09-03","isFullCredit":false},{"lineNumber":148,"author":{"gitId":"-"},"content":"* inherits from both `AddressBookStorage` and `UserPrefStorage`, which means it can be treated as either one (if only the functionality of only one is needed).","lastModifiedDate":"2021-07-31","isFullCredit":false},{"lineNumber":149,"author":{"gitId":"-"},"content":"* depends on some classes in the `Model` component (because the `Storage` component\u0027s job is to save/retrieve objects that belong to the `Model`)","lastModifiedDate":"2021-07-21","isFullCredit":false},{"lineNumber":150,"author":{"gitId":"-"},"content":"","lastModifiedDate":"2020-05-23","isFullCredit":false},{"lineNumber":151,"author":{"gitId":"-"},"content":"### Common classes","lastModifiedDate":"2020-05-23","isFullCredit":false},{"lineNumber":152,"author":{"gitId":"-"},"content":"","lastModifiedDate":"2020-05-23","isFullCredit":false},{"lineNumber":153,"author":{"gitId":"-"},"content":"Classes used by multiple components are in the `seedu.address.commons` package.","lastModifiedDate":"2024-07-17","isFullCredit":false},{"lineNumber":154,"author":{"gitId":"-"},"content":"","lastModifiedDate":"2020-05-23","isFullCredit":false},{"lineNumber":155,"author":{"gitId":"-"},"content":"--------------------------------------------------------------------------------------------------------------------","lastModifiedDate":"2020-05-23","isFullCredit":false},{"lineNumber":156,"author":{"gitId":"-"},"content":"","lastModifiedDate":"2020-05-23","isFullCredit":false},{"lineNumber":157,"author":{"gitId":"-"},"content":"## **Implementation**","lastModifiedDate":"2020-05-23","isFullCredit":false},{"lineNumber":158,"author":{"gitId":"-"},"content":"","lastModifiedDate":"2020-05-23","isFullCredit":false},{"lineNumber":159,"author":{"gitId":"-"},"content":"This section describes some noteworthy details on how certain features are implemented.","lastModifiedDate":"2020-05-23","isFullCredit":false},{"lineNumber":160,"author":{"gitId":"-"},"content":"","lastModifiedDate":"2020-05-23","isFullCredit":false},{"lineNumber":161,"author":{"gitId":"-"},"content":"### \\[Proposed\\] Undo/redo feature","lastModifiedDate":"2020-06-07","isFullCredit":false},{"lineNumber":162,"author":{"gitId":"-"},"content":"","lastModifiedDate":"2020-05-23","isFullCredit":false},{"lineNumber":163,"author":{"gitId":"-"},"content":"#### Proposed Implementation","lastModifiedDate":"2020-05-23","isFullCredit":false},{"lineNumber":164,"author":{"gitId":"-"},"content":"","lastModifiedDate":"2020-05-23","isFullCredit":false},{"lineNumber":165,"author":{"gitId":"-"},"content":"The proposed undo/redo mechanism is facilitated by `VersionedAddressBook`. It extends `AddressBook` with an undo/redo history, stored internally as an `addressBookStateList` and `currentStatePointer`. Additionally, it implements the following operations:","lastModifiedDate":"2020-05-23","isFullCredit":false},{"lineNumber":166,"author":{"gitId":"-"},"content":"","lastModifiedDate":"2020-05-23","isFullCredit":false},{"lineNumber":167,"author":{"gitId":"-"},"content":"* `VersionedAddressBook#commit()` — Saves the current address book state in its history.","lastModifiedDate":"2020-05-23","isFullCredit":false},{"lineNumber":168,"author":{"gitId":"-"},"content":"* `VersionedAddressBook#undo()` — Restores the previous address book state from its history.","lastModifiedDate":"2020-05-23","isFullCredit":false},{"lineNumber":169,"author":{"gitId":"-"},"content":"* `VersionedAddressBook#redo()` — Restores a previously undone address book state from its history.","lastModifiedDate":"2020-05-23","isFullCredit":false},{"lineNumber":170,"author":{"gitId":"-"},"content":"","lastModifiedDate":"2020-05-23","isFullCredit":false},{"lineNumber":171,"author":{"gitId":"-"},"content":"These operations are exposed in the `Model` interface as `Model#commitAddressBook()`, `Model#undoAddressBook()` and `Model#redoAddressBook()` respectively.","lastModifiedDate":"2020-05-23","isFullCredit":false},{"lineNumber":172,"author":{"gitId":"-"},"content":"","lastModifiedDate":"2020-05-23","isFullCredit":false},{"lineNumber":173,"author":{"gitId":"-"},"content":"Given below is an example usage scenario and how the undo/redo mechanism behaves at each step.","lastModifiedDate":"2020-05-23","isFullCredit":false},{"lineNumber":174,"author":{"gitId":"-"},"content":"","lastModifiedDate":"2020-05-23","isFullCredit":false},{"lineNumber":175,"author":{"gitId":"-"},"content":"Step 1. The user launches the application for the first time. The `VersionedAddressBook` will be initialized with the initial address book state, and the `currentStatePointer` pointing to that single address book state.","lastModifiedDate":"2020-05-23","isFullCredit":false},{"lineNumber":176,"author":{"gitId":"-"},"content":"","lastModifiedDate":"2020-05-23","isFullCredit":false},{"lineNumber":177,"author":{"gitId":"-"},"content":"\u003cpuml src\u003d\"diagrams/UndoRedoState0.puml\" alt\u003d\"UndoRedoState0\" /\u003e","lastModifiedDate":"2023-09-12","isFullCredit":false},{"lineNumber":178,"author":{"gitId":"-"},"content":"","lastModifiedDate":"2020-05-23","isFullCredit":false},{"lineNumber":179,"author":{"gitId":"-"},"content":"Step 2. The user executes `delete 5` command to delete the 5th person in the address book. The `delete` command calls `Model#commitAddressBook()`, causing the modified state of the address book after the `delete 5` command executes to be saved in the `addressBookStateList`, and the `currentStatePointer` is shifted to the newly inserted address book state.","lastModifiedDate":"2020-05-23","isFullCredit":false},{"lineNumber":180,"author":{"gitId":"-"},"content":"","lastModifiedDate":"2020-05-23","isFullCredit":false},{"lineNumber":181,"author":{"gitId":"-"},"content":"\u003cpuml src\u003d\"diagrams/UndoRedoState1.puml\" alt\u003d\"UndoRedoState1\" /\u003e","lastModifiedDate":"2023-09-12","isFullCredit":false},{"lineNumber":182,"author":{"gitId":"-"},"content":"","lastModifiedDate":"2020-05-23","isFullCredit":false},{"lineNumber":183,"author":{"gitId":"-"},"content":"Step 3. The user executes `add n/David …​` to add a new person. The `add` command also calls `Model#commitAddressBook()`, causing another modified address book state to be saved into the `addressBookStateList`.","lastModifiedDate":"2020-05-23","isFullCredit":false},{"lineNumber":184,"author":{"gitId":"-"},"content":"","lastModifiedDate":"2020-05-23","isFullCredit":false},{"lineNumber":185,"author":{"gitId":"-"},"content":"\u003cpuml src\u003d\"diagrams/UndoRedoState2.puml\" alt\u003d\"UndoRedoState2\" /\u003e","lastModifiedDate":"2023-09-12","isFullCredit":false},{"lineNumber":186,"author":{"gitId":"-"},"content":"","lastModifiedDate":"2020-05-23","isFullCredit":false},{"lineNumber":187,"author":{"gitId":"-"},"content":"\u003cbox type\u003d\"info\" seamless\u003e","lastModifiedDate":"2023-09-12","isFullCredit":false},{"lineNumber":188,"author":{"gitId":"-"},"content":"","lastModifiedDate":"2020-05-23","isFullCredit":false},{"lineNumber":189,"author":{"gitId":"-"},"content":"**Note:** If a command fails its execution, it will not call `Model#commitAddressBook()`, so the address book state will not be saved into the `addressBookStateList`.","lastModifiedDate":"2023-09-12","isFullCredit":false},{"lineNumber":190,"author":{"gitId":"-"},"content":"","lastModifiedDate":"2023-09-12","isFullCredit":false},{"lineNumber":191,"author":{"gitId":"-"},"content":"\u003c/box\u003e","lastModifiedDate":"2023-09-12","isFullCredit":false},{"lineNumber":192,"author":{"gitId":"-"},"content":"","lastModifiedDate":"2020-05-23","isFullCredit":false},{"lineNumber":193,"author":{"gitId":"-"},"content":"Step 4. The user now decides that adding the person was a mistake, and decides to undo that action by executing the `undo` command. The `undo` command will call `Model#undoAddressBook()`, which will shift the `currentStatePointer` once to the left, pointing it to the previous address book state, and restores the address book to that state.","lastModifiedDate":"2020-05-23","isFullCredit":false},{"lineNumber":194,"author":{"gitId":"-"},"content":"","lastModifiedDate":"2020-05-23","isFullCredit":false},{"lineNumber":195,"author":{"gitId":"-"},"content":"\u003cpuml src\u003d\"diagrams/UndoRedoState3.puml\" alt\u003d\"UndoRedoState3\" /\u003e","lastModifiedDate":"2023-09-12","isFullCredit":false},{"lineNumber":196,"author":{"gitId":"-"},"content":"","lastModifiedDate":"2023-09-12","isFullCredit":false},{"lineNumber":197,"author":{"gitId":"-"},"content":"","lastModifiedDate":"2023-09-12","isFullCredit":false},{"lineNumber":198,"author":{"gitId":"-"},"content":"\u003cbox type\u003d\"info\" seamless\u003e","lastModifiedDate":"2023-09-12","isFullCredit":false},{"lineNumber":199,"author":{"gitId":"-"},"content":"","lastModifiedDate":"2020-05-23","isFullCredit":false},{"lineNumber":200,"author":{"gitId":"-"},"content":"**Note:** If the `currentStatePointer` is at index 0, pointing to the initial AddressBook state, then there are no previous AddressBook states to restore. The `undo` command uses `Model#canUndoAddressBook()` to check if this is the case. If so, it will return an error to the user rather","lastModifiedDate":"2023-09-12","isFullCredit":false},{"lineNumber":201,"author":{"gitId":"-"},"content":"than attempting to perform the undo.","lastModifiedDate":"2020-05-23","isFullCredit":false},{"lineNumber":202,"author":{"gitId":"-"},"content":"","lastModifiedDate":"2020-05-23","isFullCredit":false},{"lineNumber":203,"author":{"gitId":"-"},"content":"\u003c/box\u003e","lastModifiedDate":"2023-09-12","isFullCredit":false},{"lineNumber":204,"author":{"gitId":"-"},"content":"","lastModifiedDate":"2020-05-23","isFullCredit":false},{"lineNumber":205,"author":{"gitId":"-"},"content":"The following sequence diagram shows how an undo operation goes through the `Logic` component:","lastModifiedDate":"2024-02-09","isFullCredit":false},{"lineNumber":206,"author":{"gitId":"-"},"content":"","lastModifiedDate":"2020-05-23","isFullCredit":false},{"lineNumber":207,"author":{"gitId":"-"},"content":"\u003cpuml src\u003d\"diagrams/UndoSequenceDiagram-Logic.puml\" alt\u003d\"UndoSequenceDiagram-Logic\" /\u003e","lastModifiedDate":"2023-09-12","isFullCredit":false},{"lineNumber":208,"author":{"gitId":"-"},"content":"","lastModifiedDate":"2020-05-23","isFullCredit":false},{"lineNumber":209,"author":{"gitId":"-"},"content":"\u003cbox type\u003d\"info\" seamless\u003e","lastModifiedDate":"2023-09-12","isFullCredit":false},{"lineNumber":210,"author":{"gitId":"-"},"content":"","lastModifiedDate":"2020-05-23","isFullCredit":false},{"lineNumber":211,"author":{"gitId":"-"},"content":"**Note:** The lifeline for `UndoCommand` should end at the destroy marker (X) but due to a limitation of PlantUML, the lifeline reaches the end of diagram.","lastModifiedDate":"2023-09-12","isFullCredit":false},{"lineNumber":212,"author":{"gitId":"-"},"content":"","lastModifiedDate":"2023-09-12","isFullCredit":false},{"lineNumber":213,"author":{"gitId":"-"},"content":"\u003c/box\u003e","lastModifiedDate":"2023-09-12","isFullCredit":false},{"lineNumber":214,"author":{"gitId":"-"},"content":"","lastModifiedDate":"2020-05-23","isFullCredit":false},{"lineNumber":215,"author":{"gitId":"-"},"content":"Similarly, how an undo operation goes through the `Model` component is shown below:","lastModifiedDate":"2024-02-09","isFullCredit":false},{"lineNumber":216,"author":{"gitId":"-"},"content":"","lastModifiedDate":"2024-02-09","isFullCredit":false},{"lineNumber":217,"author":{"gitId":"-"},"content":"\u003cpuml src\u003d\"diagrams/UndoSequenceDiagram-Model.puml\" alt\u003d\"UndoSequenceDiagram-Model\" /\u003e","lastModifiedDate":"2023-09-12","isFullCredit":false},{"lineNumber":218,"author":{"gitId":"-"},"content":"","lastModifiedDate":"2024-02-09","isFullCredit":false},{"lineNumber":219,"author":{"gitId":"-"},"content":"The `redo` command does the opposite — it calls `Model#redoAddressBook()`, which shifts the `currentStatePointer` once to the right, pointing to the previously undone state, and restores the address book to that state.","lastModifiedDate":"2020-05-23","isFullCredit":false},{"lineNumber":220,"author":{"gitId":"-"},"content":"","lastModifiedDate":"2020-05-23","isFullCredit":false},{"lineNumber":221,"author":{"gitId":"-"},"content":"\u003cbox type\u003d\"info\" seamless\u003e","lastModifiedDate":"2023-09-12","isFullCredit":false},{"lineNumber":222,"author":{"gitId":"-"},"content":"","lastModifiedDate":"2023-09-12","isFullCredit":false},{"lineNumber":223,"author":{"gitId":"-"},"content":"**Note:** If the `currentStatePointer` is at index `addressBookStateList.size() - 1`, pointing to the latest address book state, then there are no undone AddressBook states to restore. The `redo` command uses `Model#canRedoAddressBook()` to check if this is the case. If so, it will return an error to the user rather than attempting to perform the redo.","lastModifiedDate":"2023-09-12","isFullCredit":false},{"lineNumber":224,"author":{"gitId":"-"},"content":"","lastModifiedDate":"2020-05-23","isFullCredit":false},{"lineNumber":225,"author":{"gitId":"-"},"content":"\u003c/box\u003e","lastModifiedDate":"2023-09-12","isFullCredit":false},{"lineNumber":226,"author":{"gitId":"-"},"content":"","lastModifiedDate":"2020-05-23","isFullCredit":false},{"lineNumber":227,"author":{"gitId":"-"},"content":"Step 5. The user then decides to execute the command `list`. Commands that do not modify the address book, such as `list`, will usually not call `Model#commitAddressBook()`, `Model#undoAddressBook()` or `Model#redoAddressBook()`. Thus, the `addressBookStateList` remains unchanged.","lastModifiedDate":"2020-05-23","isFullCredit":false},{"lineNumber":228,"author":{"gitId":"-"},"content":"","lastModifiedDate":"2020-05-23","isFullCredit":false},{"lineNumber":229,"author":{"gitId":"-"},"content":"\u003cpuml src\u003d\"diagrams/UndoRedoState4.puml\" alt\u003d\"UndoRedoState4\" /\u003e","lastModifiedDate":"2023-09-12","isFullCredit":false},{"lineNumber":230,"author":{"gitId":"-"},"content":"","lastModifiedDate":"2020-05-23","isFullCredit":false},{"lineNumber":231,"author":{"gitId":"-"},"content":"Step 6. The user executes `clear`, which calls `Model#commitAddressBook()`. Since the `currentStatePointer` is not pointing at the end of the `addressBookStateList`, all address book states after the `currentStatePointer` will be purged. Reason: It no longer makes sense to redo the `add n/David …​` command. This is the behavior that most modern desktop applications follow.","lastModifiedDate":"2020-05-23","isFullCredit":false},{"lineNumber":232,"author":{"gitId":"-"},"content":"","lastModifiedDate":"2020-05-23","isFullCredit":false},{"lineNumber":233,"author":{"gitId":"-"},"content":"\u003cpuml src\u003d\"diagrams/UndoRedoState5.puml\" alt\u003d\"UndoRedoState5\" /\u003e","lastModifiedDate":"2023-09-12","isFullCredit":false},{"lineNumber":234,"author":{"gitId":"-"},"content":"","lastModifiedDate":"2020-05-23","isFullCredit":false},{"lineNumber":235,"author":{"gitId":"-"},"content":"The following activity diagram summarizes what happens when a user executes a new command:","lastModifiedDate":"2020-05-23","isFullCredit":false},{"lineNumber":236,"author":{"gitId":"-"},"content":"","lastModifiedDate":"2020-05-23","isFullCredit":false},{"lineNumber":237,"author":{"gitId":"-"},"content":"\u003cpuml src\u003d\"diagrams/CommitActivityDiagram.puml\" width\u003d\"250\" /\u003e","lastModifiedDate":"2023-09-12","isFullCredit":false},{"lineNumber":238,"author":{"gitId":"-"},"content":"","lastModifiedDate":"2020-05-23","isFullCredit":false},{"lineNumber":239,"author":{"gitId":"-"},"content":"#### Design considerations:","lastModifiedDate":"2021-07-31","isFullCredit":false},{"lineNumber":240,"author":{"gitId":"-"},"content":"","lastModifiedDate":"2020-05-23","isFullCredit":false},{"lineNumber":241,"author":{"gitId":"-"},"content":"**Aspect: How undo \u0026 redo executes:**","lastModifiedDate":"2021-07-31","isFullCredit":false},{"lineNumber":242,"author":{"gitId":"-"},"content":"","lastModifiedDate":"2020-05-23","isFullCredit":false},{"lineNumber":243,"author":{"gitId":"-"},"content":"* **Alternative 1 (current choice):** Saves the entire address book.","lastModifiedDate":"2020-05-23","isFullCredit":false},{"lineNumber":244,"author":{"gitId":"-"},"content":"  * Pros: Easy to implement.","lastModifiedDate":"2020-05-23","isFullCredit":false},{"lineNumber":245,"author":{"gitId":"-"},"content":"  * Cons: May have performance issues in terms of memory usage.","lastModifiedDate":"2020-05-23","isFullCredit":false},{"lineNumber":246,"author":{"gitId":"-"},"content":"","lastModifiedDate":"2020-05-23","isFullCredit":false},{"lineNumber":247,"author":{"gitId":"-"},"content":"* **Alternative 2:** Individual command knows how to undo/redo by","lastModifiedDate":"2020-05-23","isFullCredit":false},{"lineNumber":248,"author":{"gitId":"-"},"content":"  itself.","lastModifiedDate":"2020-05-23","isFullCredit":false},{"lineNumber":249,"author":{"gitId":"-"},"content":"  * Pros: Will use less memory (e.g. for `delete`, just save the person being deleted).","lastModifiedDate":"2020-05-23","isFullCredit":false},{"lineNumber":250,"author":{"gitId":"-"},"content":"  * Cons: We must ensure that the implementation of each individual command are correct.","lastModifiedDate":"2020-05-23","isFullCredit":false},{"lineNumber":251,"author":{"gitId":"-"},"content":"","lastModifiedDate":"2020-05-23","isFullCredit":false},{"lineNumber":252,"author":{"gitId":"-"},"content":"_{more aspects and alternatives to be added}_","lastModifiedDate":"2020-05-23","isFullCredit":false},{"lineNumber":253,"author":{"gitId":"-"},"content":"","lastModifiedDate":"2020-05-23","isFullCredit":false},{"lineNumber":254,"author":{"gitId":"-"},"content":"### \\[Proposed\\] Data archiving","lastModifiedDate":"2020-05-23","isFullCredit":false},{"lineNumber":255,"author":{"gitId":"-"},"content":"","lastModifiedDate":"2020-05-23","isFullCredit":false},{"lineNumber":256,"author":{"gitId":"-"},"content":"_{Explain here how the data archiving feature will be implemented}_","lastModifiedDate":"2020-05-23","isFullCredit":false},{"lineNumber":257,"author":{"gitId":"-"},"content":"","lastModifiedDate":"2020-05-23","isFullCredit":false},{"lineNumber":258,"author":{"gitId":"-"},"content":"","lastModifiedDate":"2020-05-23","isFullCredit":false},{"lineNumber":259,"author":{"gitId":"-"},"content":"--------------------------------------------------------------------------------------------------------------------","lastModifiedDate":"2020-05-23","isFullCredit":false},{"lineNumber":260,"author":{"gitId":"-"},"content":"","lastModifiedDate":"2020-05-23","isFullCredit":false},{"lineNumber":261,"author":{"gitId":"-"},"content":"## **Documentation, logging, testing, configuration, dev-ops**","lastModifiedDate":"2020-06-07","isFullCredit":false},{"lineNumber":262,"author":{"gitId":"-"},"content":"","lastModifiedDate":"2020-05-23","isFullCredit":false},{"lineNumber":263,"author":{"gitId":"-"},"content":"* [Documentation guide](Documentation.md)","lastModifiedDate":"2020-06-07","isFullCredit":false},{"lineNumber":264,"author":{"gitId":"-"},"content":"* [Testing guide](Testing.md)","lastModifiedDate":"2020-06-07","isFullCredit":false},{"lineNumber":265,"author":{"gitId":"-"},"content":"* [Logging guide](Logging.md)","lastModifiedDate":"2020-06-07","isFullCredit":false},{"lineNumber":266,"author":{"gitId":"-"},"content":"* [Configuration guide](Configuration.md)","lastModifiedDate":"2020-06-07","isFullCredit":false},{"lineNumber":267,"author":{"gitId":"-"},"content":"* [DevOps guide](DevOps.md)","lastModifiedDate":"2020-06-07","isFullCredit":false},{"lineNumber":268,"author":{"gitId":"-"},"content":"","lastModifiedDate":"2020-05-23","isFullCredit":false},{"lineNumber":269,"author":{"gitId":"-"},"content":"--------------------------------------------------------------------------------------------------------------------","lastModifiedDate":"2020-05-23","isFullCredit":false},{"lineNumber":270,"author":{"gitId":"-"},"content":"","lastModifiedDate":"2020-05-23","isFullCredit":false},{"lineNumber":271,"author":{"gitId":"-"},"content":"## **Appendix: Requirements**","lastModifiedDate":"2020-05-23","isFullCredit":false},{"lineNumber":272,"author":{"gitId":"-"},"content":"","lastModifiedDate":"2020-05-23","isFullCredit":false},{"lineNumber":273,"author":{"gitId":"-"},"content":"### Product scope","lastModifiedDate":"2020-05-23","isFullCredit":false},{"lineNumber":274,"author":{"gitId":"-"},"content":"","lastModifiedDate":"2020-05-23","isFullCredit":false},{"lineNumber":275,"author":{"gitId":"-"},"content":"**Target user profile**:","lastModifiedDate":"2020-05-23","isFullCredit":false},{"lineNumber":276,"author":{"gitId":"-"},"content":"","lastModifiedDate":"2020-05-23","isFullCredit":false},{"lineNumber":277,"author":{"gitId":"-"},"content":"* has a need to manage a significant number of contacts","lastModifiedDate":"2020-05-23","isFullCredit":false},{"lineNumber":278,"author":{"gitId":"-"},"content":"* prefer desktop apps over other types","lastModifiedDate":"2020-05-23","isFullCredit":false},{"lineNumber":279,"author":{"gitId":"-"},"content":"* can type fast","lastModifiedDate":"2020-05-23","isFullCredit":false},{"lineNumber":280,"author":{"gitId":"-"},"content":"* prefers typing to mouse interactions","lastModifiedDate":"2020-05-26","isFullCredit":false},{"lineNumber":281,"author":{"gitId":"-"},"content":"* is reasonably comfortable using CLI apps","lastModifiedDate":"2020-05-23","isFullCredit":false},{"lineNumber":282,"author":{"gitId":"-"},"content":"","lastModifiedDate":"2020-05-23","isFullCredit":false},{"lineNumber":283,"author":{"gitId":"-"},"content":"**Value proposition**: manage contacts faster than a typical mouse/GUI driven app","lastModifiedDate":"2020-05-23","isFullCredit":false},{"lineNumber":284,"author":{"gitId":"-"},"content":"","lastModifiedDate":"2020-05-23","isFullCredit":false},{"lineNumber":285,"author":{"gitId":"-"},"content":"","lastModifiedDate":"2020-05-23","isFullCredit":false},{"lineNumber":286,"author":{"gitId":"-"},"content":"### User stories","lastModifiedDate":"2020-06-07","isFullCredit":false},{"lineNumber":287,"author":{"gitId":"-"},"content":"","lastModifiedDate":"2020-05-23","isFullCredit":false},{"lineNumber":288,"author":{"gitId":"-"},"content":"Priorities: High (must have) - `* * *`, Medium (nice to have) - `* *`, Low (unlikely to have) - `*`","lastModifiedDate":"2020-05-23","isFullCredit":false},{"lineNumber":289,"author":{"gitId":"-"},"content":"","lastModifiedDate":"2020-05-23","isFullCredit":false},{"lineNumber":290,"author":{"gitId":"-"},"content":"| Priority | As a …​                                    | I want to …​                 | So that I can…​                                                        |","lastModifiedDate":"2020-05-23","isFullCredit":false},{"lineNumber":291,"author":{"gitId":"-"},"content":"|----------|--------------------------------------------|------------------------------|------------------------------------------------------------------------|","lastModifiedDate":"2023-09-12","isFullCredit":false},{"lineNumber":292,"author":{"gitId":"-"},"content":"| `* * *`  | new user                                   | see usage instructions       | refer to instructions when I forget how to use the App                 |","lastModifiedDate":"2020-05-23","isFullCredit":false},{"lineNumber":293,"author":{"gitId":"-"},"content":"| `* * *`  | user                                       | add a new person             |                                                                        |","lastModifiedDate":"2020-05-23","isFullCredit":false},{"lineNumber":294,"author":{"gitId":"-"},"content":"| `* * *`  | user                                       | delete a person              | remove entries that I no longer need                                   |","lastModifiedDate":"2020-05-23","isFullCredit":false},{"lineNumber":295,"author":{"gitId":"-"},"content":"| `* * *`  | user                                       | find a person by name        | locate details of persons without having to go through the entire list |","lastModifiedDate":"2020-05-23","isFullCredit":false},{"lineNumber":296,"author":{"gitId":"-"},"content":"| `* *`    | user                                       | hide private contact details | minimize chance of someone else seeing them by accident                |","lastModifiedDate":"2020-05-23","isFullCredit":false},{"lineNumber":297,"author":{"gitId":"-"},"content":"| `*`      | user with many persons in the address book | sort persons by name         | locate a person easily                                                 |","lastModifiedDate":"2020-05-23","isFullCredit":false},{"lineNumber":298,"author":{"gitId":"-"},"content":"","lastModifiedDate":"2020-05-23","isFullCredit":false},{"lineNumber":299,"author":{"gitId":"-"},"content":"*{More to be added}*","lastModifiedDate":"2020-05-23","isFullCredit":false},{"lineNumber":300,"author":{"gitId":"-"},"content":"","lastModifiedDate":"2020-05-23","isFullCredit":false},{"lineNumber":301,"author":{"gitId":"-"},"content":"### Use cases","lastModifiedDate":"2020-06-07","isFullCredit":false},{"lineNumber":302,"author":{"gitId":"-"},"content":"","lastModifiedDate":"2020-05-23","isFullCredit":false},{"lineNumber":303,"author":{"gitId":"kevinlimantoro123"},"content":"(For all use cases below, the **System** is `CraftConnect` and the **Actor** is the `user`, unless specified otherwise)","lastModifiedDate":"2025-03-07","isFullCredit":false},{"lineNumber":304,"author":{"gitId":"-"},"content":"","lastModifiedDate":"2020-05-23","isFullCredit":false},{"lineNumber":305,"author":{"gitId":"kevinlimantoro123"},"content":"**Use case: Delete a contact by common attribute (e.g., `Name`, `Email`, `Index`)**","lastModifiedDate":"2025-03-07","isFullCredit":false},{"lineNumber":306,"author":{"gitId":"-"},"content":"","lastModifiedDate":"2020-05-23","isFullCredit":false},{"lineNumber":307,"author":{"gitId":"-"},"content":"**MSS**","lastModifiedDate":"2020-05-23","isFullCredit":false},{"lineNumber":308,"author":{"gitId":"-"},"content":"","lastModifiedDate":"2020-05-23","isFullCredit":false},{"lineNumber":309,"author":{"gitId":"kevinlimantoro123"},"content":"1.  User requests to list persons.","lastModifiedDate":"2025-03-07","isFullCredit":false},{"lineNumber":310,"author":{"gitId":"kevinlimantoro123"},"content":"2.  CraftConnect displays a list of contacts.","lastModifiedDate":"2025-03-07","isFullCredit":false},{"lineNumber":311,"author":{"gitId":"kevinlimantoro123"},"content":"3.  User requests to delete a contact by inputting the contact’s attribute (`Name`, `Email`, `Index`).","lastModifiedDate":"2025-03-07","isFullCredit":false},{"lineNumber":312,"author":{"gitId":"kevinlimantoro123"},"content":"4.  CraftConnect deletes the specified contact.","lastModifiedDate":"2025-03-07","isFullCredit":false},{"lineNumber":313,"author":{"gitId":"-"},"content":"","lastModifiedDate":"2020-05-23","isFullCredit":false},{"lineNumber":314,"author":{"gitId":"-"},"content":"    Use case ends.","lastModifiedDate":"2020-05-23","isFullCredit":false},{"lineNumber":315,"author":{"gitId":"-"},"content":"","lastModifiedDate":"2020-05-23","isFullCredit":false},{"lineNumber":316,"author":{"gitId":"-"},"content":"**Extensions**","lastModifiedDate":"2020-05-23","isFullCredit":false},{"lineNumber":317,"author":{"gitId":"-"},"content":"","lastModifiedDate":"2020-05-23","isFullCredit":false},{"lineNumber":318,"author":{"gitId":"-"},"content":"* 2a. The list is empty.","lastModifiedDate":"2020-05-23","isFullCredit":false},{"lineNumber":319,"author":{"gitId":"-"},"content":"","lastModifiedDate":"2020-05-23","isFullCredit":false},{"lineNumber":320,"author":{"gitId":"-"},"content":"  Use case ends.","lastModifiedDate":"2020-05-23","isFullCredit":false},{"lineNumber":321,"author":{"gitId":"-"},"content":"","lastModifiedDate":"2020-05-23","isFullCredit":false},{"lineNumber":322,"author":{"gitId":"kevinlimantoro123"},"content":"* 3a. The inputted common attribute is invalid as it does not correspond to a valid attribute within CraftConnect.","lastModifiedDate":"2025-03-07","isFullCredit":false},{"lineNumber":323,"author":{"gitId":"-"},"content":"","lastModifiedDate":"2020-05-23","isFullCredit":false},{"lineNumber":324,"author":{"gitId":"kevinlimantoro123"},"content":"    * 3a1. CraftConnect shows an error message and informs the user of the constraints of the invalid attributes.","lastModifiedDate":"2025-03-07","isFullCredit":false},{"lineNumber":325,"author":{"gitId":"-"},"content":"","lastModifiedDate":"2020-05-23","isFullCredit":false},{"lineNumber":326,"author":{"gitId":"kevinlimantoro123"},"content":"      Use case resumes at step 3.","lastModifiedDate":"2025-03-07","isFullCredit":false},{"lineNumber":327,"author":{"gitId":"kevinlimantoro123"},"content":"  ","lastModifiedDate":"2025-03-07","isFullCredit":false},{"lineNumber":328,"author":{"gitId":"kevinlimantoro123"},"content":"* 3b. The inputted common attribute is a name and has multiple contacts with the same name","lastModifiedDate":"2025-03-07","isFullCredit":false},{"lineNumber":329,"author":{"gitId":"kevinlimantoro123"},"content":"","lastModifiedDate":"2025-03-07","isFullCredit":false},{"lineNumber":330,"author":{"gitId":"kevinlimantoro123"},"content":"    * 3b1. CraftConnect shows the full detailed list of contacts with same name and prompts user to select which user to delete","lastModifiedDate":"2025-03-07","isFullCredit":false},{"lineNumber":331,"author":{"gitId":"kevinlimantoro123"},"content":"","lastModifiedDate":"2025-03-07","isFullCredit":false},{"lineNumber":332,"author":{"gitId":"kevinlimantoro123"},"content":"      Use case resumes at step 4.","lastModifiedDate":"2025-03-07","isFullCredit":false},{"lineNumber":333,"author":{"gitId":"kevinlimantoro123"},"content":"","lastModifiedDate":"2025-03-07","isFullCredit":false},{"lineNumber":334,"author":{"gitId":"kevinlimantoro123"},"content":"**Use case: Search a contact by common attribute (e.g., `Name`, `Category`)**","lastModifiedDate":"2025-03-07","isFullCredit":false},{"lineNumber":335,"author":{"gitId":"kevinlimantoro123"},"content":"","lastModifiedDate":"2025-03-07","isFullCredit":false},{"lineNumber":336,"author":{"gitId":"kevinlimantoro123"},"content":"**MSS**","lastModifiedDate":"2025-03-07","isFullCredit":false},{"lineNumber":337,"author":{"gitId":"kevinlimantoro123"},"content":"","lastModifiedDate":"2025-03-07","isFullCredit":false},{"lineNumber":338,"author":{"gitId":"kevinlimantoro123"},"content":"1.  User requests to list persons.","lastModifiedDate":"2025-03-07","isFullCredit":false},{"lineNumber":339,"author":{"gitId":"kevinlimantoro123"},"content":"2.  CraftConnect displays a list of contacts.","lastModifiedDate":"2025-03-07","isFullCredit":false},{"lineNumber":340,"author":{"gitId":"kevinlimantoro123"},"content":"3.  User request to view all contacts with the corresponding common attribute (`Name`, `Category`).","lastModifiedDate":"2025-03-07","isFullCredit":false},{"lineNumber":341,"author":{"gitId":"kevinlimantoro123"},"content":"4.  CraftConnect displays all contacts that match the inputted attribute.","lastModifiedDate":"2025-03-07","isFullCredit":false},{"lineNumber":342,"author":{"gitId":"kevinlimantoro123"},"content":"","lastModifiedDate":"2025-03-07","isFullCredit":false},{"lineNumber":343,"author":{"gitId":"kevinlimantoro123"},"content":"    Use case ends.","lastModifiedDate":"2025-03-07","isFullCredit":false},{"lineNumber":344,"author":{"gitId":"kevinlimantoro123"},"content":"","lastModifiedDate":"2025-03-07","isFullCredit":false},{"lineNumber":345,"author":{"gitId":"kevinlimantoro123"},"content":"**Extensions**","lastModifiedDate":"2025-03-07","isFullCredit":false},{"lineNumber":346,"author":{"gitId":"kevinlimantoro123"},"content":"","lastModifiedDate":"2025-03-07","isFullCredit":false},{"lineNumber":347,"author":{"gitId":"kevinlimantoro123"},"content":"* 2a. The list is empty.","lastModifiedDate":"2025-03-07","isFullCredit":false},{"lineNumber":348,"author":{"gitId":"kevinlimantoro123"},"content":"","lastModifiedDate":"2025-03-07","isFullCredit":false},{"lineNumber":349,"author":{"gitId":"kevinlimantoro123"},"content":"  Use case ends.","lastModifiedDate":"2025-03-07","isFullCredit":false},{"lineNumber":350,"author":{"gitId":"kevinlimantoro123"},"content":"","lastModifiedDate":"2025-03-07","isFullCredit":false},{"lineNumber":351,"author":{"gitId":"kevinlimantoro123"},"content":"* 3a. The inputted common attribute is invalid as it does not correspond to a valid attribute within CraftConnect.","lastModifiedDate":"2025-03-07","isFullCredit":false},{"lineNumber":352,"author":{"gitId":"kevinlimantoro123"},"content":"","lastModifiedDate":"2025-03-07","isFullCredit":false},{"lineNumber":353,"author":{"gitId":"kevinlimantoro123"},"content":"    * 3a1. CraftConnect shows an error message and informs the user of the constraints of the invalid attributes.","lastModifiedDate":"2025-03-07","isFullCredit":false},{"lineNumber":354,"author":{"gitId":"kevinlimantoro123"},"content":"","lastModifiedDate":"2025-03-07","isFullCredit":false},{"lineNumber":355,"author":{"gitId":"kevinlimantoro123"},"content":"      Use case resumes at step 3.","lastModifiedDate":"2025-03-07","isFullCredit":false},{"lineNumber":356,"author":{"gitId":"-"},"content":"","lastModifiedDate":"2020-05-23","isFullCredit":false},{"lineNumber":357,"author":{"gitId":"-"},"content":"*{More to be added}*","lastModifiedDate":"2020-05-23","isFullCredit":false},{"lineNumber":358,"author":{"gitId":"-"},"content":"","lastModifiedDate":"2020-05-23","isFullCredit":false},{"lineNumber":359,"author":{"gitId":"-"},"content":"### Non-Functional Requirements","lastModifiedDate":"2020-05-23","isFullCredit":false},{"lineNumber":360,"author":{"gitId":"-"},"content":"","lastModifiedDate":"2020-05-23","isFullCredit":false},{"lineNumber":361,"author":{"gitId":"-"},"content":"1.  Should work on any _mainstream OS_ as long as it has Java `17` or above installed.","lastModifiedDate":"2024-07-11","isFullCredit":false},{"lineNumber":362,"author":{"gitId":"-"},"content":"2.  Should be able to hold up to 1000 persons without a noticeable sluggishness in performance for typical usage.","lastModifiedDate":"2020-05-23","isFullCredit":false},{"lineNumber":363,"author":{"gitId":"-"},"content":"3.  A user with above average typing speed for regular English text (i.e. not code, not system admin commands) should be able to accomplish most of the tasks faster using commands than using the mouse.","lastModifiedDate":"2020-05-23","isFullCredit":false},{"lineNumber":364,"author":{"gitId":"-"},"content":"","lastModifiedDate":"2020-05-23","isFullCredit":false},{"lineNumber":365,"author":{"gitId":"-"},"content":"*{More to be added}*","lastModifiedDate":"2020-05-23","isFullCredit":false},{"lineNumber":366,"author":{"gitId":"-"},"content":"","lastModifiedDate":"2020-05-23","isFullCredit":false},{"lineNumber":367,"author":{"gitId":"-"},"content":"### Glossary","lastModifiedDate":"2020-05-23","isFullCredit":false},{"lineNumber":368,"author":{"gitId":"-"},"content":"","lastModifiedDate":"2020-05-23","isFullCredit":false},{"lineNumber":369,"author":{"gitId":"-"},"content":"* **Mainstream OS**: Windows, Linux, Unix, MacOS","lastModifiedDate":"2024-02-09","isFullCredit":false},{"lineNumber":370,"author":{"gitId":"-"},"content":"* **Private contact detail**: A contact detail that is not meant to be shared with others","lastModifiedDate":"2020-05-23","isFullCredit":false},{"lineNumber":371,"author":{"gitId":"-"},"content":"","lastModifiedDate":"2020-05-23","isFullCredit":false},{"lineNumber":372,"author":{"gitId":"-"},"content":"--------------------------------------------------------------------------------------------------------------------","lastModifiedDate":"2020-05-23","isFullCredit":false},{"lineNumber":373,"author":{"gitId":"-"},"content":"","lastModifiedDate":"2020-05-23","isFullCredit":false},{"lineNumber":374,"author":{"gitId":"-"},"content":"## **Appendix: Instructions for manual testing**","lastModifiedDate":"2020-05-23","isFullCredit":false},{"lineNumber":375,"author":{"gitId":"-"},"content":"","lastModifiedDate":"2020-05-23","isFullCredit":false},{"lineNumber":376,"author":{"gitId":"-"},"content":"Given below are instructions to test the app manually.","lastModifiedDate":"2020-05-23","isFullCredit":false},{"lineNumber":377,"author":{"gitId":"-"},"content":"","lastModifiedDate":"2020-05-23","isFullCredit":false},{"lineNumber":378,"author":{"gitId":"-"},"content":"\u003cbox type\u003d\"info\" seamless\u003e","lastModifiedDate":"2023-09-12","isFullCredit":false},{"lineNumber":379,"author":{"gitId":"-"},"content":"","lastModifiedDate":"2023-09-12","isFullCredit":false},{"lineNumber":380,"author":{"gitId":"-"},"content":"**Note:** These instructions only provide a starting point for testers to work on;","lastModifiedDate":"2023-09-12","isFullCredit":false},{"lineNumber":381,"author":{"gitId":"-"},"content":"testers are expected to do more *exploratory* testing.","lastModifiedDate":"2020-05-23","isFullCredit":false},{"lineNumber":382,"author":{"gitId":"-"},"content":"","lastModifiedDate":"2020-05-23","isFullCredit":false},{"lineNumber":383,"author":{"gitId":"-"},"content":"\u003c/box\u003e","lastModifiedDate":"2023-09-12","isFullCredit":false},{"lineNumber":384,"author":{"gitId":"-"},"content":"","lastModifiedDate":"2020-05-23","isFullCredit":false},{"lineNumber":385,"author":{"gitId":"-"},"content":"### Launch and shutdown","lastModifiedDate":"2020-05-23","isFullCredit":false},{"lineNumber":386,"author":{"gitId":"-"},"content":"","lastModifiedDate":"2020-05-23","isFullCredit":false},{"lineNumber":387,"author":{"gitId":"-"},"content":"1. Initial launch","lastModifiedDate":"2020-05-23","isFullCredit":false},{"lineNumber":388,"author":{"gitId":"-"},"content":"","lastModifiedDate":"2020-05-23","isFullCredit":false},{"lineNumber":389,"author":{"gitId":"-"},"content":"   1. Download the jar file and copy into an empty folder","lastModifiedDate":"2020-05-23","isFullCredit":false},{"lineNumber":390,"author":{"gitId":"-"},"content":"","lastModifiedDate":"2020-05-23","isFullCredit":false},{"lineNumber":391,"author":{"gitId":"-"},"content":"   1. Double-click the jar file Expected: Shows the GUI with a set of sample contacts. The window size may not be optimum.","lastModifiedDate":"2020-05-23","isFullCredit":false},{"lineNumber":392,"author":{"gitId":"-"},"content":"","lastModifiedDate":"2020-05-23","isFullCredit":false},{"lineNumber":393,"author":{"gitId":"-"},"content":"1. Saving window preferences","lastModifiedDate":"2020-05-23","isFullCredit":false},{"lineNumber":394,"author":{"gitId":"-"},"content":"","lastModifiedDate":"2020-05-23","isFullCredit":false},{"lineNumber":395,"author":{"gitId":"-"},"content":"   1. Resize the window to an optimum size. Move the window to a different location. Close the window.","lastModifiedDate":"2020-05-23","isFullCredit":false},{"lineNumber":396,"author":{"gitId":"-"},"content":"","lastModifiedDate":"2020-05-23","isFullCredit":false},{"lineNumber":397,"author":{"gitId":"-"},"content":"   1. Re-launch the app by double-clicking the jar file.\u003cbr\u003e","lastModifiedDate":"2020-05-23","isFullCredit":false},{"lineNumber":398,"author":{"gitId":"-"},"content":"       Expected: The most recent window size and location is retained.","lastModifiedDate":"2020-05-23","isFullCredit":false},{"lineNumber":399,"author":{"gitId":"-"},"content":"","lastModifiedDate":"2020-05-23","isFullCredit":false},{"lineNumber":400,"author":{"gitId":"-"},"content":"1. _{ more test cases …​ }_","lastModifiedDate":"2020-05-23","isFullCredit":false},{"lineNumber":401,"author":{"gitId":"-"},"content":"","lastModifiedDate":"2020-05-23","isFullCredit":false},{"lineNumber":402,"author":{"gitId":"-"},"content":"### Deleting a person","lastModifiedDate":"2020-05-23","isFullCredit":false},{"lineNumber":403,"author":{"gitId":"-"},"content":"","lastModifiedDate":"2020-05-23","isFullCredit":false},{"lineNumber":404,"author":{"gitId":"-"},"content":"1. Deleting a person while all persons are being shown","lastModifiedDate":"2020-05-23","isFullCredit":false},{"lineNumber":405,"author":{"gitId":"-"},"content":"","lastModifiedDate":"2020-05-23","isFullCredit":false},{"lineNumber":406,"author":{"gitId":"-"},"content":"   1. Prerequisites: List all persons using the `list` command. Multiple persons in the list.","lastModifiedDate":"2020-05-23","isFullCredit":false},{"lineNumber":407,"author":{"gitId":"-"},"content":"","lastModifiedDate":"2020-05-23","isFullCredit":false},{"lineNumber":408,"author":{"gitId":"-"},"content":"   1. Test case: `delete 1`\u003cbr\u003e","lastModifiedDate":"2020-05-23","isFullCredit":false},{"lineNumber":409,"author":{"gitId":"-"},"content":"      Expected: First contact is deleted from the list. Details of the deleted contact shown in the status message. Timestamp in the status bar is updated.","lastModifiedDate":"2020-05-23","isFullCredit":false},{"lineNumber":410,"author":{"gitId":"-"},"content":"","lastModifiedDate":"2020-05-23","isFullCredit":false},{"lineNumber":411,"author":{"gitId":"-"},"content":"   1. Test case: `delete 0`\u003cbr\u003e","lastModifiedDate":"2020-05-23","isFullCredit":false},{"lineNumber":412,"author":{"gitId":"-"},"content":"      Expected: No person is deleted. Error details shown in the status message. Status bar remains the same.","lastModifiedDate":"2020-05-23","isFullCredit":false},{"lineNumber":413,"author":{"gitId":"-"},"content":"","lastModifiedDate":"2020-05-23","isFullCredit":false},{"lineNumber":414,"author":{"gitId":"-"},"content":"   1. Other incorrect delete commands to try: `delete`, `delete x`, `...` (where x is larger than the list size)\u003cbr\u003e","lastModifiedDate":"2020-05-23","isFullCredit":false},{"lineNumber":415,"author":{"gitId":"-"},"content":"      Expected: Similar to previous.","lastModifiedDate":"2020-05-23","isFullCredit":false},{"lineNumber":416,"author":{"gitId":"-"},"content":"","lastModifiedDate":"2020-05-23","isFullCredit":false},{"lineNumber":417,"author":{"gitId":"-"},"content":"1. _{ more test cases …​ }_","lastModifiedDate":"2020-05-23","isFullCredit":false},{"lineNumber":418,"author":{"gitId":"-"},"content":"","lastModifiedDate":"2020-05-23","isFullCredit":false},{"lineNumber":419,"author":{"gitId":"-"},"content":"### Saving data","lastModifiedDate":"2020-05-23","isFullCredit":false},{"lineNumber":420,"author":{"gitId":"-"},"content":"","lastModifiedDate":"2020-05-23","isFullCredit":false},{"lineNumber":421,"author":{"gitId":"-"},"content":"1. Dealing with missing/corrupted data files","lastModifiedDate":"2020-05-23","isFullCredit":false},{"lineNumber":422,"author":{"gitId":"-"},"content":"","lastModifiedDate":"2020-05-23","isFullCredit":false},{"lineNumber":423,"author":{"gitId":"-"},"content":"   1. _{explain how to simulate a missing/corrupted file, and the expected behavior}_","lastModifiedDate":"2020-05-23","isFullCredit":false},{"lineNumber":424,"author":{"gitId":"-"},"content":"","lastModifiedDate":"2020-05-23","isFullCredit":false},{"lineNumber":425,"author":{"gitId":"-"},"content":"1. _{ more test cases …​ }_","lastModifiedDate":"2020-05-23","isFullCredit":false}],"authorContributionMap":{"kevinlimantoro123":38,"-":387}},{"path":"docs/index.md","fileType":"docs","lines":[{"lineNumber":1,"author":{"gitId":"-"},"content":"---","lastModifiedDate":"2020-05-23","isFullCredit":false},{"lineNumber":2,"author":{"gitId":"-"},"content":"  layout: default.md","lastModifiedDate":"2023-09-12","isFullCredit":false},{"lineNumber":3,"author":{"gitId":"-"},"content":"  title: \"\"","lastModifiedDate":"2023-09-12","isFullCredit":false},{"lineNumber":4,"author":{"gitId":"-"},"content":"---","lastModifiedDate":"2020-05-23","isFullCredit":false},{"lineNumber":5,"author":{"gitId":"-"},"content":"","lastModifiedDate":"2020-05-23","isFullCredit":false},{"lineNumber":6,"author":{"gitId":"NhatMinh0208"},"content":"# CraftConnect","lastModifiedDate":"2025-03-06","isFullCredit":false},{"lineNumber":7,"author":{"gitId":"-"},"content":"","lastModifiedDate":"2023-09-12","isFullCredit":false},{"lineNumber":8,"author":{"gitId":"NhatMinh0208"},"content":"[![CI Status](https://github.com/se-edu/addressbook-level3/workflows/Java%20CI/badge.svg)](https://github.com/AY2425S2-CS2103T-W13-4/tp/actions)","lastModifiedDate":"2025-03-06","isFullCredit":false},{"lineNumber":9,"author":{"gitId":"NhatMinh0208"},"content":"[![codecov](https://codecov.io/gh/se-edu/addressbook-level3/branch/master/graph/badge.svg)](https://codecov.io/gh/AY2425S2-CS2103T-W13-4/tp)","lastModifiedDate":"2025-03-06","isFullCredit":false},{"lineNumber":10,"author":{"gitId":"-"},"content":"","lastModifiedDate":"2020-05-23","isFullCredit":false},{"lineNumber":11,"author":{"gitId":"-"},"content":"![Ui](images/Ui.png)","lastModifiedDate":"2020-05-23","isFullCredit":false},{"lineNumber":12,"author":{"gitId":"-"},"content":"","lastModifiedDate":"2020-05-23","isFullCredit":false},{"lineNumber":13,"author":{"gitId":"NhatMinh0208"},"content":"**CraftConnect is a desktop tool empowering small arts \u0026 crafts hoobyists and businesses.** With CraftConnect, you can keep track of many different suppliers and customers easily, using just your keyboard.","lastModifiedDate":"2025-03-06","isFullCredit":false},{"lineNumber":14,"author":{"gitId":"-"},"content":"","lastModifiedDate":"2020-05-23","isFullCredit":false},{"lineNumber":15,"author":{"gitId":"NhatMinh0208"},"content":"* If you are interested in using CraftConnect, head over to the [_Quick Start_ section of the **User Guide**](UserGuide.html#quick-start).","lastModifiedDate":"2025-03-06","isFullCredit":false},{"lineNumber":16,"author":{"gitId":"NhatMinh0208"},"content":"* If you are interested about contributing to CraftConnect, the [**Developer Guide**](DeveloperGuide.html) is a good place to start.","lastModifiedDate":"2025-03-06","isFullCredit":false},{"lineNumber":17,"author":{"gitId":"-"},"content":"","lastModifiedDate":"2020-05-23","isFullCredit":false},{"lineNumber":18,"author":{"gitId":"-"},"content":"","lastModifiedDate":"2020-05-23","isFullCredit":false},{"lineNumber":19,"author":{"gitId":"-"},"content":"**Acknowledgements**","lastModifiedDate":"2020-05-23","isFullCredit":false},{"lineNumber":20,"author":{"gitId":"-"},"content":"","lastModifiedDate":"2020-05-23","isFullCredit":false},{"lineNumber":21,"author":{"gitId":"NhatMinh0208"},"content":"This project is based on the AddressBook-Level3 project created by the [SE-EDU initiative](https://se-education.org).","lastModifiedDate":"2025-03-06","isFullCredit":false},{"lineNumber":22,"author":{"gitId":"NhatMinh0208"},"content":"","lastModifiedDate":"2025-03-06","isFullCredit":false},{"lineNumber":23,"author":{"gitId":"-"},"content":"* Libraries used: [JavaFX](https://openjfx.io/), [Jackson](https://github.com/FasterXML/jackson), [JUnit5](https://github.com/junit-team/junit5)","lastModifiedDate":"2020-05-23","isFullCredit":false}],"authorContributionMap":{"NhatMinh0208":8,"-":15}}]
