{"authorDailyContributionsMap":{"sunpterodactyl":[{"date":"2025-03-05","commitResults":[{"hash":"3308eb81dc69dabf8207efd1430d0f19e37b5d5f","isMergeCommit":false,"messageTitle":"Update AboutUs.md","messageBody":"","fileTypesAndContributionMap":{"docs":{"insertions":4,"deletions":4}}},{"hash":"e0f4bf176516e98c89a7999979dc5f4e7ba75465","isMergeCommit":false,"messageTitle":"Delete portfolio link from AboutUs.md","messageBody":"","fileTypesAndContributionMap":{"docs":{"insertions":0,"deletions":1}}}]},{"date":"2025-03-06","commitResults":[{"hash":"e1fbc062f70e873c242253eeffddc7fe1f75f554","isMergeCommit":true,"messageTitle":"Update docs with Sanya\u0027s details","messageBody":"","fileTypesAndContributionMap":{}},{"hash":"2e13af5da70d785357b04c08a1f011d8e0f51f11","isMergeCommit":false,"messageTitle":"Add new line to the end of the file","messageBody":"","fileTypesAndContributionMap":{"docs":{"insertions":1,"deletions":1}}},{"hash":"bd4433919f6d959a2040a9864ccfdcfc1f09fea5","isMergeCommit":false,"messageTitle":"Acknowledge the original source of the code","messageBody":"","fileTypesAndContributionMap":{"docs":{"insertions":2,"deletions":0}}},{"hash":"a19b9ff88020bf11898ebd471ea4d532dbeca19a","isMergeCommit":false,"messageTitle":"Update remaining README.md details to match product","messageBody":"","fileTypesAndContributionMap":{"docs":{"insertions":6,"deletions":6}}},{"hash":"f931f91e72342dfff804dae29bcd64d90cf385c1","isMergeCommit":false,"messageTitle":"Update the Wanted-List in the top navigation bar and home page","messageBody":"","fileTypesAndContributionMap":{"docs":{"insertions":6,"deletions":6}}},{"hash":"d5603c642b1869d8dabf160c921934d9ce8643f9","isMergeCommit":false,"messageTitle":"Change name to correct project name Wanted and remove AB3 details","messageBody":"","fileTypesAndContributionMap":{"docs":{"insertions":3,"deletions":4}}},{"hash":"6c28d55a05607954642486f0812fcb609b1c80c3","isMergeCommit":false,"messageTitle":"Correct project name to Wanted not WantedList","messageBody":"","fileTypesAndContributionMap":{"docs":{"insertions":5,"deletions":5}}}]},{"date":"2025-03-08","commitResults":[{"hash":"241fd9afd9dbb8919b5215b0130d7c49effe459c","isMergeCommit":true,"messageTitle":"Merge pull request #31 from ongxinyii/dev-guide-updates","messageBody":"Update product scope","fileTypesAndContributionMap":{}}]},{"date":"2025-03-13","commitResults":[{"hash":"a06c958b82a7d4261678dab6eda5bed88b540ef7","isMergeCommit":true,"messageTitle":"Merge pull request #47 from yuto1115/add-moneyint","messageBody":"Add MoneyInt class","fileTypesAndContributionMap":{}},{"hash":"bee24f0450888da2de3c1b63f5cc4b7a332f07bf","isMergeCommit":false,"messageTitle":"Create Amount and Date fields for the Loan object","messageBody":"","fileTypesAndContributionMap":{"functional-code":{"insertions":118,"deletions":0}}},{"hash":"1077767cdf9b9817eb453da291b5dc52cda5b6df","isMergeCommit":false,"messageTitle":"Update loan usage","messageBody":"","fileTypesAndContributionMap":{"functional-code":{"insertions":110,"deletions":80},"other":{"insertions":9,"deletions":7}}},{"hash":"8706350de51eba647fba3ee57bd1b9f6504b154d","isMergeCommit":false,"messageTitle":"Update add documentation","messageBody":"","fileTypesAndContributionMap":{"docs":{"insertions":3,"deletions":3}}}]},{"date":"2025-03-14","commitResults":[{"hash":"dc8cd8eee27577128de238e2ac07a219bf0e21eb","isMergeCommit":false,"messageTitle":"Revert loan to utilise Email, Address for future uses","messageBody":"","fileTypesAndContributionMap":{"functional-code":{"insertions":93,"deletions":40},"test-code":{"insertions":51,"deletions":15}}},{"hash":"4cac046207de2786667022ba529caa0ccb4b14fc","isMergeCommit":false,"messageTitle":"Modify MoneyInt exception to unchecked exception and clean up unused code","messageBody":"","fileTypesAndContributionMap":{"functional-code":{"insertions":12,"deletions":5}}},{"hash":"19d16da11969d6a076e8b63a48fe3687d586d623","isMergeCommit":false,"messageTitle":"Add tests","messageBody":"","fileTypesAndContributionMap":{"test-code":{"insertions":128,"deletions":0}}},{"hash":"04d86186dedaf424ccde0f534f6daabb4be65c7e","isMergeCommit":false,"messageTitle":"Fix checkstyle errors","messageBody":"","fileTypesAndContributionMap":{"functional-code":{"insertions":73,"deletions":34},"test-code":{"insertions":8,"deletions":2}}},{"hash":"a148a06cce5c57c528c65020486cfe788bbfabd5","isMergeCommit":false,"messageTitle":"Update Add Command to work around failing tests","messageBody":"","fileTypesAndContributionMap":{"functional-code":{"insertions":11,"deletions":8}}},{"hash":"789514c7a83039f708bcf5b296ce7588eb1af7a3","isMergeCommit":false,"messageTitle":"Small changes to the string representation and construction of the Loan object especially in AddCommand and EditCommand classes","messageBody":"","fileTypesAndContributionMap":{"functional-code":{"insertions":35,"deletions":30},"test-code":{"insertions":134,"deletions":93}}},{"hash":"73e532426e88405844600b79f7eb8061abbf8fef","isMergeCommit":false,"messageTitle":"Fix further checkstyle errors","messageBody":"","fileTypesAndContributionMap":{"functional-code":{"insertions":21,"deletions":5},"test-code":{"insertions":71,"deletions":9}}}]},{"date":"2025-03-16","commitResults":[{"hash":"be0010eb7e3a3edc1d048e533fa672b4a6371eef","isMergeCommit":false,"messageTitle":"Delete duplicate getStringRepresentationWithFixedDecimalPoint method and rename usages","messageBody":"","fileTypesAndContributionMap":{"functional-code":{"insertions":3,"deletions":13}}}]},{"date":"2025-03-17","commitResults":[{"hash":"1dd455678ee40965bd663d899d4feb3ef119975f","isMergeCommit":false,"messageTitle":"Edit loan constructor instances and get methods","messageBody":"","fileTypesAndContributionMap":{"functional-code":{"insertions":24,"deletions":59}}},{"hash":"1ce8ca3f1fff56916de77341b8f9e43674b06d6f","isMergeCommit":false,"messageTitle":"Edit util data","messageBody":"","fileTypesAndContributionMap":{"functional-code":{"insertions":1,"deletions":1},"test-code":{"insertions":11,"deletions":106}}},{"hash":"f0677fb5f78124a87bc7d15d517185b107129b8f","isMergeCommit":false,"messageTitle":"Remove bugs and fix checkstyle errors in tests","messageBody":"","fileTypesAndContributionMap":{"functional-code":{"insertions":31,"deletions":156},"test-code":{"insertions":142,"deletions":306}}},{"hash":"c46558b736a2a070d9092c56eb752dfa8521ec8b","isMergeCommit":false,"messageTitle":"Fix checkstyle errors","messageBody":"","fileTypesAndContributionMap":{"test-code":{"insertions":0,"deletions":1}}},{"hash":"ff43298fddc972a3d7d63f9ad312f0a9904d9c44","isMergeCommit":true,"messageTitle":"Merge pull request #53 from sunpterodactyl/change-loan","messageBody":"Add Amount and Date to Loan Constructor ","fileTypesAndContributionMap":{}}]},{"date":"2025-03-18","commitResults":[{"hash":"4e7d4507cecde1483a65aba2031734dddba17ccb","isMergeCommit":false,"messageTitle":"Disable Find and Edit Command and ignore their respective tests","messageBody":"","fileTypesAndContributionMap":{"functional-code":{"insertions":11,"deletions":1},"test-code":{"insertions":45,"deletions":1}}},{"hash":"92fefa10e1eaa51fb1c4871cb9f20b9366d5aceb","isMergeCommit":false,"messageTitle":"Disable Find and Edit command parsing","messageBody":"","fileTypesAndContributionMap":{"functional-code":{"insertions":9,"deletions":0}}},{"hash":"408b96376a09b75774f36b122b39464c583988f3","isMergeCommit":false,"messageTitle":"Fix checkstyle","messageBody":"","fileTypesAndContributionMap":{"functional-code":{"insertions":0,"deletions":1}}},{"hash":"3470cef3b5954298faa1b1349135d25e3bd9f387","isMergeCommit":false,"messageTitle":"Update test coverage and remove redundant code","messageBody":"","fileTypesAndContributionMap":{"functional-code":{"insertions":0,"deletions":6},"test-code":{"insertions":17,"deletions":0}}},{"hash":"bb528a718407e8bf82c5350dd9d20df4ee7725cd","isMergeCommit":false,"messageTitle":"Remove accidental editcommand import","messageBody":"","fileTypesAndContributionMap":{"test-code":{"insertions":0,"deletions":1}}}]},{"date":"2025-03-20","commitResults":[{"hash":"1b8b3f39cf90a51542d6e4bd3dd18cd782145577","isMergeCommit":true,"messageTitle":"Merge pull request #61 from yuto1115/fix-checkstyle","messageBody":"Fix checkstyle errors","fileTypesAndContributionMap":{}}]},{"date":"2025-03-27","commitResults":[{"hash":"da56222edf94b3d82e5ea675e6b843938098a819","isMergeCommit":false,"messageTitle":"Change equals method and change add command display message","messageBody":"","fileTypesAndContributionMap":{"functional-code":{"insertions":3,"deletions":5}}},{"hash":"fd0e5da25e11717b4e51704dc188394e2cfc5c99","isMergeCommit":false,"messageTitle":"Update tests for same loans that were previously erased","messageBody":"","fileTypesAndContributionMap":{"test-code":{"insertions":16,"deletions":12}}},{"hash":"efe934be5b4931a96f3acd8cc52bc5f5ad3f8ebe","isMergeCommit":false,"messageTitle":"Fix checkstyle import error","messageBody":"","fileTypesAndContributionMap":{"test-code":{"insertions":3,"deletions":1}}},{"hash":"5f75097bf76e4f43dbaf9c1333182f92ffad6423","isMergeCommit":false,"messageTitle":"Implement IncreaseCommand logic and parsing","messageBody":"","fileTypesAndContributionMap":{"functional-code":{"insertions":148,"deletions":0}}},{"hash":"354e47fcac7d7f6aa8e2561e80bd67252dea2df6","isMergeCommit":false,"messageTitle":"Improve logic and add 1 testcase in AddressBookParser","messageBody":"","fileTypesAndContributionMap":{"test-code":{"insertions":8,"deletions":8}}},{"hash":"ad3b113e3aab06208d1346b76b8add88f9297dac","isMergeCommit":false,"messageTitle":"Remove redundant code","messageBody":"","fileTypesAndContributionMap":{"functional-code":{"insertions":0,"deletions":1}}},{"hash":"e2e0690c00c688fcb048bb88dc1da4aa273135b9","isMergeCommit":false,"messageTitle":"Add testcases, todos, and fix checkstyle in AddressBookParserTest","messageBody":"","fileTypesAndContributionMap":{"test-code":{"insertions":76,"deletions":1}}},{"hash":"45ab1436e11343cfb188fe7fa15d1f0cfa975e3b","isMergeCommit":false,"messageTitle":"Add import for CommandTestUtil","messageBody":"","fileTypesAndContributionMap":{"test-code":{"insertions":1,"deletions":0}}},{"hash":"80f855a84d68782b5b633700795c2539b8bd27dc","isMergeCommit":true,"messageTitle":"Merge pull request #87 from yuto1115/purge-addressbook","messageBody":"Change ab3-related names to suit our product","tags":["v1.4"],"fileTypesAndContributionMap":{}}]}],"nikingoda":[{"date":"2025-03-05","commitResults":[{"hash":"5c0cb8d82c0acee8e374b99d7d9a02692f42517d","isMergeCommit":false,"messageTitle":"Update Ngo Duc Anh\u0027s details in AboutUs.md","messageBody":"","fileTypesAndContributionMap":{"docs":{"insertions":4,"deletions":44}}},{"hash":"6ec8a7d1250b4ff059cbb9e7833906d53bc3006a","isMergeCommit":true,"messageTitle":"Merge pull request #22 from nikingoda/nikingoda-details","messageBody":"Update Ngo Duc Anh\u0027s details in AboutUs.md","fileTypesAndContributionMap":{}}]},{"date":"2025-03-13","commitResults":[{"hash":"4b0c16419d0b448a9d0ad876fda160f991bcc62c","isMergeCommit":false,"messageTitle":"Update features in README.md","messageBody":"","fileTypesAndContributionMap":{"docs":{"insertions":7,"deletions":0}}},{"hash":"83dcb5541f971bdc417c91e49d59756b231d6285","isMergeCommit":true,"messageTitle":"Merge pull request #49 from ongxinyii/master","messageBody":"Update order of user stories","fileTypesAndContributionMap":{}}]},{"date":"2025-03-20","commitResults":[{"hash":"23f87d366cf86fd5b199a56e05edc3ad33a98ae2","isMergeCommit":false,"messageTitle":"Add repay command","messageBody":"","fileTypesAndContributionMap":{"functional-code":{"insertions":139,"deletions":0},"test-code":{"insertions":70,"deletions":0}}},{"hash":"7f0203cb644817475b8f1cebff416c399718b904","isMergeCommit":false,"messageTitle":"Restyle code","messageBody":"","fileTypesAndContributionMap":{"functional-code":{"insertions":38,"deletions":22}}},{"hash":"2c604296ef43d7b8ee564e8379e03eeb91d9f777","isMergeCommit":false,"messageTitle":"Reformat code","messageBody":"","fileTypesAndContributionMap":{"functional-code":{"insertions":18,"deletions":3}}},{"hash":"668d78909023c6b85f9d8dc55bbd94297e3abe55","isMergeCommit":false,"messageTitle":"Reformat code","messageBody":"","fileTypesAndContributionMap":{"functional-code":{"insertions":3,"deletions":10}}},{"hash":"91e8e656ded386d682b4f5a2543c1aaabee174b3","isMergeCommit":false,"messageTitle":"Reformat code","messageBody":"","fileTypesAndContributionMap":{"functional-code":{"insertions":10,"deletions":2}}},{"hash":"3bedb986690559d13458c3f487c917751bf7e0a0","isMergeCommit":false,"messageTitle":"Reformat code","messageBody":"","fileTypesAndContributionMap":{"functional-code":{"insertions":6,"deletions":5}}},{"hash":"00b47aeab3e87e0161a7f825472baea163a24675","isMergeCommit":true,"messageTitle":"Merge pull request #63 from yuto1115/fix-command-message","messageBody":"Fix displayed messages of add and repay commands","fileTypesAndContributionMap":{}}]},{"date":"2025-03-27","commitResults":[{"hash":"c66353089da9f53edb175448ed765b242be4a42a","isMergeCommit":false,"messageTitle":"Add sort command","messageBody":"","fileTypesAndContributionMap":{"functional-code":{"insertions":58,"deletions":0}}},{"hash":"ed3110dc8d32960024cd698f9db383773549bdc6","isMergeCommit":true,"messageTitle":"Merge branch \u0027AY2425S2-CS2103T-F11-4:master\u0027 into add-sort-command","messageBody":"","fileTypesAndContributionMap":{}},{"hash":"7c68bb3f8572145cbf4278f5f736ffa7ccb12763","isMergeCommit":false,"messageTitle":"Refactor code","messageBody":"","fileTypesAndContributionMap":{"functional-code":{"insertions":2,"deletions":1}}},{"hash":"c5469661e3b0b0d9a7222c7741e741f692ec739c","isMergeCommit":false,"messageTitle":"Restyle code","messageBody":"","fileTypesAndContributionMap":{"functional-code":{"insertions":6,"deletions":5}}},{"hash":"8dc48e695d3ce89e92a90dfad9394208fd4eb08a","isMergeCommit":false,"messageTitle":"Restyle code","messageBody":"","fileTypesAndContributionMap":{"functional-code":{"insertions":2,"deletions":2}}},{"hash":"2e22672687689d0dd4f962408c6fd401291f4a27","isMergeCommit":false,"messageTitle":"Add test for SortCommand","messageBody":"","fileTypesAndContributionMap":{"test-code":{"insertions":40,"deletions":0}}},{"hash":"933235a97289cc8a5ae697c9974f7674b7fc9c19","isMergeCommit":false,"messageTitle":"Restyle code","messageBody":"","fileTypesAndContributionMap":{"test-code":{"insertions":2,"deletions":2}}},{"hash":"5a062d06035a63a8accf1d2a48aa0bc22d9789d2","isMergeCommit":false,"messageTitle":"Update new feature on README.md","messageBody":"","fileTypesAndContributionMap":{"docs":{"insertions":1,"deletions":0}}},{"hash":"898391056ff3b3879848dcd164a8ac3f0080df19","isMergeCommit":true,"messageTitle":"Merge pull request #80 from sunpterodactyl/enable-add-command","messageBody":"Edit add command to adding a new loan/person","fileTypesAndContributionMap":{}},{"hash":"10c535cda384d15e56ce8237a934661260c39183","isMergeCommit":false,"messageTitle":"Remove unnecessary try-catch block","messageBody":"","fileTypesAndContributionMap":{"functional-code":{"insertions":7,"deletions":12}}}]}],"ongxinyii":[{"date":"2025-03-05","commitResults":[{"hash":"657eabc1ca87691e94375785d21bfeed547f3e73","isMergeCommit":false,"messageTitle":"Update AboutUs to include Xinyi\u0027s details","messageBody":"","fileTypesAndContributionMap":{"docs":{"insertions":4,"deletions":3}}}]},{"date":"2025-03-06","commitResults":[{"hash":"39ee39611ffe22d1a68b6b912f29d7cd2dc4fff6","isMergeCommit":true,"messageTitle":"Merge branch \u0027master\u0027 into about-us","messageBody":"# Conflicts:\n#\tdocs/AboutUs.md\n","fileTypesAndContributionMap":{}},{"hash":"0a9d862cf9fe93383398759337ed581059f18231","isMergeCommit":false,"messageTitle":"Update user stories","messageBody":"","fileTypesAndContributionMap":{"docs":{"insertions":39,"deletions":10}}},{"hash":"3b6f8e625eb8fe65cba6051b32fe2fd594208874","isMergeCommit":false,"messageTitle":"Update use cases","messageBody":"","fileTypesAndContributionMap":{"docs":{"insertions":49,"deletions":12}}},{"hash":"f19fb80869dd93c4632fb10d74d7b9f75b06eca0","isMergeCommit":false,"messageTitle":"Update NFR and Glossary","messageBody":"","fileTypesAndContributionMap":{"docs":{"insertions":26,"deletions":1}}}]},{"date":"2025-03-08","commitResults":[{"hash":"cd9f93ecc6a12e2db9405960e3ae3bf1db293e0b","isMergeCommit":false,"messageTitle":"Update product scope","messageBody":"","fileTypesAndContributionMap":{"docs":{"insertions":3,"deletions":4}}}]},{"date":"2025-03-13","commitResults":[{"hash":"4941616c4881e8554071522177c4b51c9d6f054d","isMergeCommit":false,"messageTitle":"Update order of user stories","messageBody":"","fileTypesAndContributionMap":{"docs":{"insertions":9,"deletions":10}}}]},{"date":"2025-03-18","commitResults":[{"hash":"2158af4a153d706acbe8ef523c7dccdaa8cda1c8","isMergeCommit":true,"messageTitle":"Merge branch \u0027master\u0027 of https://github.com/AY2425S2-CS2103T-F11-4/tp","messageBody":"","fileTypesAndContributionMap":{}},{"hash":"6919ef1604c207d1075830dff836be7f23a0838a","isMergeCommit":true,"messageTitle":"Merge pull request #50 from nikingoda/update-documentation","messageBody":"Update list of features in README.md","fileTypesAndContributionMap":{}}]},{"date":"2025-03-19","commitResults":[{"hash":"d1007d3f92276c00053c31e227e7fbf9ac6ab93a","isMergeCommit":false,"messageTitle":"Update ui to reflect changes to loan","messageBody":"","fileTypesAndContributionMap":{"functional-code":{"insertions":22,"deletions":22},"other":{"insertions":11,"deletions":11},"test-code":{"insertions":1,"deletions":1}}}]},{"date":"2025-03-20","commitResults":[{"hash":"41d83f32e60f372db6734d04461cfd6c30f39bfa","isMergeCommit":false,"messageTitle":"Fix build errors","messageBody":"","fileTypesAndContributionMap":{"functional-code":{"insertions":0,"deletions":3}}},{"hash":"a82a6a3ef919327a53b615281246e143e5251090","isMergeCommit":true,"messageTitle":"Merge pull request #57 from ongxinyii/ui_changes","messageBody":"Modify LoanListCard in UI","fileTypesAndContributionMap":{}}]},{"date":"2025-03-26","commitResults":[{"hash":"7054decc9db85dce00ce9db8e60bf11f1ac89584","isMergeCommit":true,"messageTitle":"Merge pull request #77 from changjy81/restructure-loan-model","messageBody":"Restructure loan model","fileTypesAndContributionMap":{}}]},{"date":"2025-03-27","commitResults":[{"hash":"4e512c9da900ce9357dec793cbd2fbafb54be7c7","isMergeCommit":false,"messageTitle":"Change format of GUI","messageBody":"","fileTypesAndContributionMap":{"functional-code":{"insertions":107,"deletions":86},"test-code":{"insertions":1,"deletions":1}}},{"hash":"ef06afa2ffcd7953dbf7d1cee66dede423af67af","isMergeCommit":true,"messageTitle":"Merge branch \u0027master\u0027 into ui_changes","messageBody":"","fileTypesAndContributionMap":{}},{"hash":"b128299d80749868474b114a123895e76c0c03f1","isMergeCommit":false,"messageTitle":"Update LoanCard.java","messageBody":"","fileTypesAndContributionMap":{"functional-code":{"insertions":1,"deletions":1}}}]}],"yuto1115":[{"date":"2025-03-05","commitResults":[{"hash":"ed28b21e90f851e4c440019daafbd6e01b4af6ca","isMergeCommit":false,"messageTitle":"Add Yuto\u0027s section in the AboutUs page","messageBody":"","fileTypesAndContributionMap":{"docs":{"insertions":6,"deletions":6}}}]},{"date":"2025-03-06","commitResults":[{"hash":"83e91a1796f6accaa9c4e0574ad70b6e11702e31","isMergeCommit":true,"messageTitle":"Merge branch \u0027master\u0027 into add-yuto-aboutus","messageBody":"# Conflicts:\n#\tdocs/AboutUs.md\n","fileTypesAndContributionMap":{}}]},{"date":"2025-03-11","commitResults":[{"hash":"cd7d136acd4f11cc210c96579d8a5acd9438fe5b","isMergeCommit":false,"messageTitle":"Add a new class to handle dates","messageBody":"","fileTypesAndContributionMap":{"functional-code":{"insertions":55,"deletions":0},"test-code":{"insertions":45,"deletions":0}}},{"hash":"65753efc52307e3bb45dec4df7ec377edeca56a5","isMergeCommit":false,"messageTitle":"Add a date parser in ParserUtil","messageBody":"","fileTypesAndContributionMap":{"functional-code":{"insertions":14,"deletions":0},"test-code":{"insertions":20,"deletions":0}}}]},{"date":"2025-03-12","commitResults":[{"hash":"ba84552bca67f59f9166d3c3e00605aad9996af8","isMergeCommit":false,"messageTitle":"Move Index and Date classes to the commons.core.datatypes package","messageBody":"","fileTypesAndContributionMap":{"functional-code":{"insertions":6,"deletions":6},"other":{"insertions":4,"deletions":4},"test-code":{"insertions":7,"deletions":7}}}]},{"date":"2025-03-13","commitResults":[{"hash":"d6cfaea9959be22f097f2e2be30836390b0049b6","isMergeCommit":false,"messageTitle":"Add MoneyInt class","messageBody":"","fileTypesAndContributionMap":{"functional-code":{"insertions":82,"deletions":0},"test-code":{"insertions":71,"deletions":0}}},{"hash":"b7cab34fb1dc23491ab4bd04adf591948ab640d3","isMergeCommit":false,"messageTitle":"Fix checkstyle errors","messageBody":"","fileTypesAndContributionMap":{"functional-code":{"insertions":3,"deletions":3}}}]},{"date":"2025-03-20","commitResults":[{"hash":"2128e1c3bae9d4e6d6884e89cc708117596f3ee0","isMergeCommit":true,"messageTitle":"Merge pull request #59 from nikingoda/add-repay-command","messageBody":"Add Repay Command","fileTypesAndContributionMap":{}},{"hash":"a0086e2c38208be1daa8ce892e20854bae6f671a","isMergeCommit":false,"messageTitle":"Fix checkstyle errors","messageBody":"","fileTypesAndContributionMap":{"test-code":{"insertions":8,"deletions":7}}},{"hash":"9d2a6506e3c37252c22b2e3b77242bbf8971aed1","isMergeCommit":false,"messageTitle":"Fix displayed messages of add and repay commands","messageBody":"","fileTypesAndContributionMap":{"functional-code":{"insertions":6,"deletions":6}}},{"hash":"e2f430b40a37c825632616fd026ba1dbd704d7ec","isMergeCommit":true,"messageTitle":"Merge pull request #64 from changjy81/rename-json-files","messageBody":"Rename addressbook.json data files to loanbook.json","tags":["v1.3"],"fileTypesAndContributionMap":{}}]},{"date":"2025-03-25","commitResults":[{"hash":"1bcb2f1ac13448be67ae48e14fc785f831251201","isMergeCommit":true,"messageTitle":"Merge pull request #71 from changjy81/change-help-link","messageBody":"Change link shown in help window","fileTypesAndContributionMap":{}}]},{"date":"2025-03-27","commitResults":[{"hash":"de0a24e56a24f21cdf678e0f54a8e93bd0d9c8bf","isMergeCommit":false,"messageTitle":"Change ab3-related names to suit our product","messageBody":"","fileTypesAndContributionMap":{"functional-code":{"insertions":85,"deletions":85},"other":{"insertions":35,"deletions":35},"test-code":{"insertions":104,"deletions":104}}}]},{"date":"2025-03-29","commitResults":[{"hash":"96bf9fc145c2b169d932b995d20e2c97fa6371fa","isMergeCommit":false,"messageTitle":"Enable Java assertions","messageBody":"","fileTypesAndContributionMap":{"other":{"insertions":4,"deletions":0}}}]}],"changjy81":[{"date":"2025-02-21","commitResults":[{"hash":"f874de9ec6c3c2b870da459e7bff926a386c320a","isMergeCommit":true,"messageTitle":"Merge remote-tracking branch \u0027origin/switch-docs-to-markbind\u0027","messageBody":"","fileTypesAndContributionMap":{}},{"hash":"c11051e38f5fa47f1e14e63181932ff9fc9b50df","isMergeCommit":true,"messageTitle":"Merge pull request #3 from changjy81/master","messageBody":"Merge MarkBind docs branch into master","fileTypesAndContributionMap":{}},{"hash":"030105eec5cc9bc38da9d876c11a94c78050303c","isMergeCommit":false,"messageTitle":"Update site configs with project name","messageBody":"","fileTypesAndContributionMap":{"docs":{"insertions":1,"deletions":1}}},{"hash":"3dd5b532fb22c9f2e42fd6176566fd3e0b87c31b","isMergeCommit":true,"messageTitle":"Merge pull request #4 from changjy81/master","messageBody":"Update site configs with project name","fileTypesAndContributionMap":{}}]},{"date":"2025-03-05","commitResults":[{"hash":"da6c3273c814cbf7e9ebde0c3849ed77fa457462","isMergeCommit":true,"messageTitle":"Merge pull request #13 from yuto1115/add-yuto-photo","messageBody":"Add Yuto\u0027s photo","fileTypesAndContributionMap":{}},{"hash":"eb19a8f9b90504d8d3d620fc3e7b76cc5e8c2d23","isMergeCommit":false,"messageTitle":"Update AboutUs page with Jia Yang\u0027s information","messageBody":"","fileTypesAndContributionMap":{"docs":{"insertions":4,"deletions":47}}},{"hash":"afc4d63ca2ad57ef3c38da7482379282fdcd074b","isMergeCommit":true,"messageTitle":"Merge branch \u0027master\u0027 into update-AboutUs","messageBody":"# Conflicts:\n#\tdocs/AboutUs.md\n","fileTypesAndContributionMap":{}},{"hash":"1ef99e50ac652a577f80eea6a05b965957ff1d71","isMergeCommit":false,"messageTitle":"Add newline to EOF","messageBody":"","fileTypesAndContributionMap":{"docs":{"insertions":1,"deletions":1}}},{"hash":"24dce7e32fdba50750838cc242386d27af69ba0a","isMergeCommit":true,"messageTitle":"Merge pull request #18 from changjy81/update-AboutUs","messageBody":"Update AboutUs page with Jia Yang\u0027s details","fileTypesAndContributionMap":{}}]},{"date":"2025-03-06","commitResults":[{"hash":"cfee55ec66e29e57a9063b0c27d58ab8b483084e","isMergeCommit":true,"messageTitle":"Merge pull request #17 from yuto1115/add-yuto-aboutus","messageBody":"Add Yuto\u0027s details onto AboutUs page","fileTypesAndContributionMap":{}},{"hash":"1e4d9acadae2e53e4ff4c89295b620337d30a628","isMergeCommit":true,"messageTitle":"Merge pull request #23 from ongxinyii/about-us","messageBody":"Update AboutUs to include Xinyi\u0027s details","fileTypesAndContributionMap":{}},{"hash":"b7b90eadab8e3d79a75f72a1d6366fbdf918ecc9","isMergeCommit":true,"messageTitle":"Merge pull request #16 from sunpterodactyl/sunpterodactyl-update-AboutUs","messageBody":"Update AboutUs.md with Sanya\u0027s details","fileTypesAndContributionMap":{}},{"hash":"e173e8f39dbd952230dcad579776007cce7cbe80","isMergeCommit":true,"messageTitle":"Merge pull request #26 from sunpterodactyl/update-README","messageBody":"Update README.md with WantedList details","fileTypesAndContributionMap":{}},{"hash":"76b75aecc73331fbdc5c3b18eb3981b17c406af4","isMergeCommit":true,"messageTitle":"Merge pull request #29 from sunpterodactyl/update-site","messageBody":"Update project name Wanted in the top navigation bar and home page","fileTypesAndContributionMap":{}},{"hash":"9645cb9232843943603f78a85ab0e3bc0bd29036","isMergeCommit":true,"messageTitle":"Merge pull request #30 from ongxinyii/dev-guide-updates","messageBody":"Update the DG to include user stories, use cases, NFR and glossary","fileTypesAndContributionMap":{}}]},{"date":"2025-03-10","commitResults":[{"hash":"de573708d773649b87065f8281ee54807daa6234","isMergeCommit":false,"messageTitle":"Rename project package and class names","messageBody":"","fileTypesAndContributionMap":{"functional-code":{"insertions":366,"deletions":368},"other":{"insertions":1036,"deletions":1043},"docs":{"insertions":3,"deletions":3},"test-code":{"insertions":288,"deletions":288}}},{"hash":"668bf8d1560bc935f9e08bbeee1c534a0d725b19","isMergeCommit":false,"messageTitle":"Fix checkstyle of imports","messageBody":"","fileTypesAndContributionMap":{"functional-code":{"insertions":14,"deletions":5},"test-code":{"insertions":6,"deletions":3}}},{"hash":"db8f269c117a443cd018fee7106c0040c64bddf4","isMergeCommit":true,"messageTitle":"Merge pull request #37 from changjy81/refactor-codebase","messageBody":"Rename project package and class names\nFailing test cases to be fixed later","fileTypesAndContributionMap":{}},{"hash":"99fbdb5601c73198f51c9f9d8129b05e201321fa","isMergeCommit":false,"messageTitle":"Fix broken classpath in fxml file used in testing","messageBody":"","fileTypesAndContributionMap":{"test-code":{"insertions":1,"deletions":1}}},{"hash":"31e90a60fe4cc9a0bbb55259fd35c71575014485","isMergeCommit":true,"messageTitle":"Merge pull request #42 from changjy81/fix_tests","messageBody":"Fix test cases failed due to filepath issues from refactoring","fileTypesAndContributionMap":{}}]},{"date":"2025-03-11","commitResults":[{"hash":"30e5ee3b6502cdfcf146f16204a95efef543f00b","isMergeCommit":true,"messageTitle":"Merge pull request #44 from yuto1115/add-date-handler","messageBody":"Add date handler","fileTypesAndContributionMap":{}}]},{"date":"2025-03-16","commitResults":[{"hash":"f61c4f84410004171d321fea6d942dd08706edc3","isMergeCommit":true,"messageTitle":"Merge pull request #52 from sunpterodactyl/update-documentation","messageBody":"Update add documentation","fileTypesAndContributionMap":{}}]},{"date":"2025-03-18","commitResults":[{"hash":"3d1a8505a529ca67b35dfc9dd0df37302d822402","isMergeCommit":true,"messageTitle":"Merge pull request #55 from sunpterodactyl/disable-unecessary-commands","messageBody":"Disable unecessary commands(find and edit)","fileTypesAndContributionMap":{}}]},{"date":"2025-03-20","commitResults":[{"hash":"fb3d358159549ba92f4f01e34aecee023f3ff28f","isMergeCommit":false,"messageTitle":"Rename addressbook.json data files to loanbook.json","messageBody":"","fileTypesAndContributionMap":{"functional-code":{"insertions":1,"deletions":1},"docs":{"insertions":1,"deletions":1},"test-code":{"insertions":9,"deletions":9}}}]},{"date":"2025-03-24","commitResults":[{"hash":"f40fd548f34140695e24a6b2e7e1525ab20b9600","isMergeCommit":false,"messageTitle":"Change link shown in help window","messageBody":"","fileTypesAndContributionMap":{"functional-code":{"insertions":1,"deletions":1}}},{"hash":"e07233e71065545e800e79a07a9454c831d14c70","isMergeCommit":false,"messageTitle":"Add initial value to Amount in Loan","messageBody":"The loans currently do not track their starting values and are\ndeleted when fully repaid. This does not allow for checking\nrepaid loans in the past.\n\nLet\u0027s add the initial amount to the Amount model so that it can be\ntracked, printed and handled appropriately.\n","fileTypesAndContributionMap":{"functional-code":{"insertions":66,"deletions":29},"test-code":{"insertions":2,"deletions":1}}}]},{"date":"2025-03-26","commitResults":[{"hash":"aee2525559814542bfc2b3f418cc3fe54770b596","isMergeCommit":false,"messageTitle":"Restructure Loan class and add Loan methods","messageBody":"","fileTypesAndContributionMap":{"functional-code":{"insertions":109,"deletions":39}}},{"hash":"798a7d59abb0eb9af0897f5c529889642baaff63","isMergeCommit":false,"messageTitle":"Fix test cases","messageBody":"More needs to be done in the future. Date fields should be removed\nentirely from all tests instead of being \"disabled\".\n","fileTypesAndContributionMap":{"functional-code":{"insertions":19,"deletions":26},"test-code":{"insertions":15,"deletions":28}}},{"hash":"a3c869da0d997b3147a98a2d927c016e4a0dc0f0","isMergeCommit":false,"messageTitle":"Remove unused imports","messageBody":"","fileTypesAndContributionMap":{"functional-code":{"insertions":0,"deletions":3}}},{"hash":"2a4c8bc3c68815eb36f423f52a48210a10c7b3e1","isMergeCommit":false,"messageTitle":"Remove unused imports in test classes","messageBody":"","fileTypesAndContributionMap":{"test-code":{"insertions":0,"deletions":2}}},{"hash":"3e2e22ebfbc965f99f4f82aa847823f53c3a1c05","isMergeCommit":false,"messageTitle":"Remove obsolete toStringWithInitialAmount method in Amount","messageBody":"","fileTypesAndContributionMap":{"functional-code":{"insertions":1,"deletions":9}}},{"hash":"ecb37cb79c0a258fc99f2388872d72467ab9ec9d","isMergeCommit":false,"messageTitle":"Add test cases to cover new logic in MoneyInt and Amount","messageBody":"","fileTypesAndContributionMap":{"test-code":{"insertions":44,"deletions":1}}}]},{"date":"2025-03-27","commitResults":[{"hash":"1a055f3bbc9e9f3d85c3bdc43d8452fb43d5af9d","isMergeCommit":true,"messageTitle":"Merge pull request #79 from ongxinyii/ui_changes","messageBody":"Style GUI","fileTypesAndContributionMap":{}},{"hash":"fe1137788ac0f0633fab0eb2cd6e499fab26929c","isMergeCommit":true,"messageTitle":"Merge pull request #83 from nikingoda/add-sort-command","messageBody":"Add sort command","fileTypesAndContributionMap":{}},{"hash":"8808dee527843f4925e2723c8c5ffa7d82ee3fe3","isMergeCommit":true,"messageTitle":"Merge pull request #84 from nikingoda/update-documentation","messageBody":"Update new feature on README.md","fileTypesAndContributionMap":{}},{"hash":"265fb4f7bb5d1bf796d144f9b26a542af6c9d67a","isMergeCommit":true,"messageTitle":"Merge pull request #86 from sunpterodactyl/new-add-command","messageBody":"New increase command","fileTypesAndContributionMap":{}}]},{"date":"2025-03-29","commitResults":[{"hash":"254b775757c73c5d33b64ceb39735c6efa949305","isMergeCommit":true,"messageTitle":"Merge pull request #90 from yuto1115/enable-assertion","messageBody":"Enable Java assertions","fileTypesAndContributionMap":{}}]}]},"authorFileTypeContributionMap":{"sunpterodactyl":{"docs":20,"functional-code":445,"test-code":570},"nikingoda":{"docs":12,"functional-code":200,"test-code":95},"ongxinyii":{"docs":116,"functional-code":135,"test-code":1},"yuto1115":{"docs":5,"functional-code":230,"test-code":277,"other":4},"changjy81":{"docs":9,"functional-code":893,"test-code":697,"other":2}},"authorContributionVariance":{"sunpterodactyl":40682.125,"nikingoda":3267.371,"ongxinyii":1553.6494,"yuto1115":6159.5024,"changjy81":308672.44},"authorDisplayNameMap":{"sunpterodactyl":"CS2103T-F11-4 SANY..HAVI","nikingoda":"CS2103T-F11-4 NGO .. ANH","ongxinyii":"CS2103T-F11-4 ONG ..INYI","yuto1115":"CS2103T-F11-4 WATA..YUTO","changjy81":"CS2103T-F11-4 CHAN..YANG"}}
